"";"data";"hora";"natureza_acidente";"situacao";"bairro";"endereco";"numero";"detalhe_endereco_acidente";"complemento";"bairro_cruzamento";"num_semaforo";"sentido_via";"tipo";"auto";"moto";"ciclom";"ciclista";"pedestre";"onibus";"caminhao";"viatura";"outros";"vitimas";"vitimasfatais";"acidente_verificado";"tempo_clima";"situacao_semaforo";"sinalizacao";"condicao_via";"conservacao_via";"ponto_controle";"situacao_placa";"velocidade_max_via";"mao_direcao";"divisao_via1";"divisao_via2";"divisao_via3"
"471";2020-01-16;"10:20:00";"SEM VÍTIMA";"FINALIZADA";"BONGI";"AV ENGENHEIRO ABDIAS DE CARVALHO";"";"AV GENERAL SAN MARTIN";"LADO OPOSTO FUNASE";"BONGI";"58";"CIDADE";"COLISÃO TRASEIRA";2;"0";"0";"0";"0";"0";"0";"0";"0";"0";"0";"Cruzamento";"Bom";"Sem defeito";"Perfeito estado";"Seca";"Perfeito estado";"Agente";"Outras";"";"Única";"Faixa seccionada";"";""
"472";2020-01-16;"10:52:00";"SEM VÍTIMA";"FINALIZADA";"TORRÕES";"AV BICENTENARIO DA REVOLUCAO FRANCESA";"35";"";"";"TORRÕES";NA;"SUBURBIO";"COLISÃO TRASEIRA";1;"1";"0";"0";"0";"0";"0";"0";"0";"0";"0";"Longo da via";"Bom";"Não existe";"Incompleta";"Seca";"Perfeito estado";"Não existe";"Não há placas";"";"Dupla";"Não existe";"";""
"473";2020-01-16;"11:08:00";"SEM VÍTIMA";"FINALIZADA";"MADALENA";"RUA BENFICA";"997";"";"EM FRENTE A BOSCH SERVICE";"MADALENA";NA;"CIDADE";"ABALROAMENTO LONGITUDINAL";2;"0";"0";"0";"0";"0";"0";"0";"0";"0";"0";"Longo da via";"Bom";"Não existe";"Perfeito estado";"Seca";"Perfeito estado";"Não existe";"R-6a";"";"Única";"Não existe";"";""
"474";2020-01-16;"11:39:00";"SEM VÍTIMA";"FINALIZADA";"MADALENA";"AV VISCONDE DE ALBUQUERQUE";"457";"RUA BARTOLOMEU DE GUSMAO";"PADARIA ENGENHO MADALENA";"MADALENA";NA;"SUBURBIO";"ABALROAMENTO TRANSVERSAL";2;"0";"0";"0";"0";"0";"0";"0";"0";"0";"0";"Cruzamento";"Bom";"Não existe";"Perfeito estado";"Seca";"Perfeito estado";"Não existe";"Placas Pare";"";"Única";"Faixa contínua";"Faixa seccionada";""
"475";2020-01-16;"11:52:00";"SEM VÍTIMA";"FINALIZADA";"BOMBA DO HEMETÉRIO";"RUA PROFESSOR JOSE AMARINO DOS REIS";"427";"RUA CHA DE ALEGRIA";"";"BOMBA DO HEMETÉRIO";NA;"SUBURBIO";"CHOQUE VEÍCULO PARADO";1;"1";"0";"0";"0";"1";"0";"0";"0";"0";"0";"Cruzamento";"Bom";"Não existe";"Perfeito estado";"Seca";"Perfeito estado";"Outros";"R-6a";"";"Dupla";"Não existe";"";""
"476";2020-01-16;"12:39:00";"COM VÍTIMA";"FINALIZADA";"TEJIPIÓ";"AV DR JOSE RUFINO";"248";"";"EM FRENTE AO CARTORIO DE TEJIPIO";"TEJIPIÓ";"411";"SUBURBIO";"ABALROAMENTO TRANSVERSAL";1;"1";"0";"0";"0";"0";"0";"0";"0";"1";"0";"Longo da via";"Bom";"Sem defeito";"Perfeito estado";"Seca";"Perfeito estado";"Faixa de pedestre";"";"";"Dupla";"";"";""
"477";2020-01-16;"13:16:00";"SEM VÍTIMA";"FINALIZADA";"ILHA DO LEITE";"RUA FRANCISCO ALVES";"408";"";"HOSP. UNIMED - BEIRA RIO";"ILHA DO LEITE";NA;"SUBURBIO";"COLISÃO TRASEIRA";2;"0";"0";"0";"0";"0";"0";"0";"0";"0";"0";"Longo da via";"Bom";"Não existe";"Perfeito estado";"Seca";"Perfeito estado";"";"";"";"Dupla";"Faixa contínua";"";""
"478";2020-01-16;"13:36:00";"SEM VÍTIMA";"PENDENTE";"MADALENA";"RUA JOSE OSORIO";"";"";"EM FRENTE AO RM EXPRESS";"MADALENA";NA;"";"COLISÃO";2;"1";"0";"0";"0";"0";"0";"0";"0";"0";"0";"";"";"";"";"";"";"";"";"";"";"";"";""
"479";2020-01-16;"13:36:00";"SEM VÍTIMA";"FINALIZADA";"BOA VIAGEM";"AV BOA VIAGEM";"3114";"";"EM FRENTE AO HOTEL JANGADEIRO";"BOA VIAGEM";"555";"CIDADE";"COLISÃO TRASEIRA";2;"0";"0";"0";"0";"0";"0";"0";"0";"0";"0";"Longo da via";"Bom";"Sem defeito";"Perfeito estado";"Seca";"Perfeito estado";"Faixa de pedestre";"Outras";"";"Única";"Faixa contínua";"Faixa seccionada";""
"480";2020-01-16;"13:52:00";"SEM VÍTIMA";"FINALIZADA";"ESTÂNCIA";"RUA JOSE GOMES DE MOURA";"816";"";"AO LADO DA CASA DO PORTA PALETES";"ESTÂNCIA";NA;"SUBURBIO";"ABALROAMENTO LONGITUDINAL";1;"0";"0";"0";"0";"1";"0";"0";"0";"0";"0";"Longo da via";"Bom";"Não existe";"Incompleta";"Seca";"Perfeito estado";"Não existe";"Não há placas";"";"Única";"Não existe";"";""
"481";2020-01-16;"14:31:00";"SEM VÍTIMA";"FINALIZADA";"DERBY";"AV GOVERNADOR AGAMENON MAGALHAES";"";"AV GOVERNADOR CARLOS DE LIMA CAVALCANTI";"SEMÁFORO";"DERBY";"75";"";"COLISÃO TRASEIRA";3;"0";"0";"0";"0";"0";"0";"0";"0";"0";"0";"Cruzamento";"Bom";"Sem defeito";"Perfeito estado";"Seca";"Perfeito estado";"";"";"60 km/h";"Dupla";"Canal";"";""
"482";2020-01-16;"15:28:00";"SEM VÍTIMA";"FINALIZADA";"VÁRZEA";"AV JOAQUIM RIBEIRO";"";"";"UPA CAXANGÁ";"VÁRZEA";"281";"SUBURBIO";"ABALROAMENTO LONGITUDINAL";2;"0";"0";"0";"0";"0";"0";"0";"0";"0";"0";"Longo da via";"Bom";"Sem defeito";"Perfeito estado";"Seca";"Perfeito estado";"Agente";"Outras";"";"Dupla";"Faixa contínua";"Faixa seccionada";"Canteiro central"
"483";2020-01-16;"15:30:00";"SEM VÍTIMA";"FINALIZADA";"ESPINHEIRO";"RUA QUARENTA E OITO";"97";"";"EM FRENTE AO Nº 97";"ESPINHEIRO";NA;"";"COLISÃO TRASEIRA";2;"0";"0";"0";"0";"0";"0";"0";"0";"0";"0";"Longo da via";"Bom";"Não existe";"Perfeito estado";"Seca";"Perfeito estado";"Faixa de pedestre";"Outras";"";"Única";"Faixa contínua";"";""
"484";2020-01-16;"15:43:00";"SEM VÍTIMA";"FINALIZADA";"";"AV GOVERNADOR AGAMENON MAGALHAES";"";"";"SOB O SEMÁFORO Nº 173- SENTIDO BOA VIAGEM";"";"173";"";"COLISÃO TRASEIRA";2;"0";"0";"0";"0";"0";"0";"0";"0";"0";"0";"Longo da via";"Bom";"Sem defeito";"Perfeito estado";"Seca";"Perfeito estado";"Faixa de pedestre";"Não há placas";"60 km/h";"Dupla";"Faixa contínua";"";""
"485";2020-01-16;"16:08:00";"SEM VÍTIMA";"FINALIZADA";"IPUTINGA";"RUA MINISTRO JOAO ALBERTO";"";"";"AO LADO DO SHOPPING DOS COLCHÕES";"IPUTINGA";"231";"SUBURBIO";"COLISÃO TRASEIRA";1;"0";"0";"0";"0";"1";"0";"0";"0";"0";"0";"Longo da via";"Bom";"Sem defeito";"Incompleta";"Seca";"Perfeito estado";"Faixa de pedestre";"R-6a";"";"Única";"Faixa contínua";"";""
"486";2020-01-16;"16:35:00";"SEM VÍTIMA";"FINALIZADA";"BOA VIAGEM";"AV CONSELHEIRO AGUIAR";"4880";"";"EM FRENTE A GALERIA PRAIA SUL";"BOA VIAGEM";NA;"CIDADE";"COLISÃO TRASEIRA";3;"0";"0";"0";"0";"0";"0";"0";"0";"0";"0";"Longo da via";"Bom";"Não existe";"Perfeito estado";"Seca";"Perfeito estado";"Não existe";"Outras";"60 km/h";"Única";"Faixa seccionada";"";""
"487";2020-01-16;"17:06:00";"SEM VÍTIMA";"FINALIZADA";"ILHA DO LEITE";"RUA SENADOR JOSE HENRIQUE";"224";"AV GOVERNADOR AGAMENON MAGALHAES";"EM FRENTE AO RESIDENCIAL ISAAC NEWTON";"ILHA DO LEITE";NA;"SUBURBIO";"COLISÃO TRASEIRA";2;"0";"0";"0";"0";"0";"0";"0";"0";"0";"0";"Longo da via";"Bom";"Não existe";"Perfeito estado";"Seca";"Perfeito estado";"Faixa de pedestre";"R-6b";"30 km/h";"Única";"Faixa seccionada";"";""
"488";2020-01-16;"17:08:00";"SEM VÍTIMA";"FINALIZADA";"ESPINHEIRO";"RUA DO ESPINHEIRO";"";"AV JOAO DE BARROS";"";"ESPINHEIRO";"89";"";"COLISÃO TRASEIRA";1;"1";"0";"0";"0";"0";"0";"0";"0";"0";"0";"Longo da via";"Bom";"Sem defeito";"Perfeito estado";"Seca";"Perfeito estado";"Faixa de pedestre";"Outras";"";"Única";"Faixa contínua";"";""
"489";2020-01-16;"17:26:00";"COM VÍTIMA";"EQUIPE EM DESLOCAMENTO";"MACAXEIRA";"RUA CORONEL JOAO BATISTA DO REGO BARROS";"";"";"EM FRENTE A ENTRADA DO PARQUE DA MACAXEIRA";"MACAXEIRA";NA;"CIDADE";"ABALROAMENTO LONGITUDINAL";1;"1";"0";"0";"0";"0";"0";"0";"0";"1";"0";"Longo da via";"Bom";"Não existe";"Perfeito estado";"Seca";"Perfeito estado";"Não existe";"Não há placas";"";"Dupla";"Não existe";"";""
"490";2020-01-16;"17:31:00";"SEM VÍTIMA";"FINALIZADA";"AFOGADOS";"RUA SAO MIGUEL";"41";"EST DOS REMEDIOS";"VIDRAÇARIA DIAMANTE LADO OPOSTO";"AFOGADOS";"53";"SUBURBIO";"ABALROAMENTO LONGITUDINAL";1;"0";"0";"0";"0";"0";"1";"0";"0";"0";"0";"Longo da via";"Bom";"Sem defeito";"Perfeito estado";"Seca";"Perfeito estado";"Faixa de pedestre";"Outras";"";"Dupla";"Faixa seccionada";"";""
"491";2020-01-16;"18:12:00";"SEM VÍTIMA";"FINALIZADA";"PRADO";"EST DOS REMEDIOS";"2056";"AV ENGENHEIRO ABDIAS DE CARVALHO";"BOB´S";"PRADO";"52";"CIDADE";"COLISÃO TRASEIRA";2;"0";"0";"0";"0";"0";"0";"0";"0";"0";"0";"Longo da via";"Bom";"Sem defeito";"Perfeito estado";"Seca";"Perfeito estado";"Faixa de pedestre";"Outras";"";"Única";"Faixa contínua";"Faixa seccionada";""
"492";2020-01-16;"18:50:00";"COM VÍTIMA";"FINALIZADA";"PINA";"AVENIDA CELSO FURTADO (VIA MANGUE)";"";"";"SNT BOA VIAGEM / AO LADO DO CAMPO DA AVIAÇÃO / APÓS O RIO MAR";"PINA";NA;"CIDADE";"CHOQUE OBJETO FIXO";1;"0";"0";"0";"0";"0";"0";"0";"0";"1";"0";"Longo da via";"Bom";"Não existe";"Ilegível";"Seca";"Mal iluminada";"Não existe";"Não há placas";"60 km/h";"Dupla";"Canteiro central";"";""
"493";2020-01-16;"20:23:00";"SEM VÍTIMA";"CANCELADA";"CAMPO GRANDE";"EST DE BELEM";"";"RUA GONCALVES DIAS";"SEMÁFORO 458";"CAMPO GRANDE";NA;"";"COLISÃO";2;"0";"0";"0";"0";"0";"0";"0";"0";"0";"0";"";"";"";"";"";"";"";"";"";"";"";"";""
"494";2020-01-17;"00:32:00";"SEM VÍTIMA";"FINALIZADA";"BOA VIAGEM";"RUA VISCONDE DE JEQUITINHONHA";"";"";"AO LADO DO RECIFE FLAT HOTEL";"BOA VIAGEM";NA;"SUBURBIO";"CHOQUE VEÍCULO PARADO";2;"0";"0";"0";"0";"0";"0";"0";"0";"0";"0";"Longo da via";"Bom";"Não existe";"Perfeito estado";"Seca";"Perfeito estado";"Não existe";"Não há placas";"";"Única";"Faixa contínua";"";""
"495";2020-01-17;"00:52:00";"SEM VÍTIMA";"CANCELADA";"TORRÕES";"AV ENGENHEIRO ABDIAS DE CARVALHO";"";"";"EM FRENTE A BLT";"TORRÕES";NA;"";"COLISÃO";2;"0";"0";"0";"0";"0";"0";"0";"0";"0";"0";"";"";"";"";"";"";"";"";"";"";"";"";""
"496";2020-01-17;"01:01:00";"SEM VÍTIMA";"FINALIZADA";"PINA";"AV CONSELHEIRO AGUIAR";"";"RUA PEREIRA DA COSTA";"";"PINA";"140";"CIDADE";"ABALROAMENTO TRANSVERSAL";2;"0";"0";"0";"0";"0";"0";"0";"0";"0";"0";"Cruzamento";"Bom";"Intermitente";"Perfeito estado";"Seca";"Perfeito estado";"Faixa de pedestre";"";"";"Única";"Faixa seccionada";"";""
"497";2020-01-17;"01:36:00";"SEM VÍTIMA";"FINALIZADA";"SANTO AMARO";"AV CRUZ CABUGA";"";"RUA DOS CASADOS";"";"SANTO AMARO";"202";"CIDADE";"COLISÃO TRASEIRA";2;"0";"0";"0";"0";"0";"0";"0";"0";"0";"0";"Cruzamento";"Bom";"Sem defeito";"Perfeito estado";"Seca";"Perfeito estado";"Faixa de retenção";"Não há placas";"60 km/h";"Dupla";"Faixa contínua";"";""
"498";2020-01-17;"02:26:00";"SEM VÍTIMA";"FINALIZADA";"BOA VIAGEM";"RUA PROFESSOR AUGUSTO LINS E SILVA";"481";"";"ED. FLÁVIA HELENA";"BOA VIAGEM";NA;"CIDADE";"COLISÃO TRASEIRA";6;"0";"0";"0";"0";"0";"0";"0";"0";"0";"0";"Longo da via";"Bom";"Não existe";"Perfeito estado";"Seca";"Perfeito estado";"Não existe";"Outras";"";"Dupla";"Não existe";"";""
"499";2020-01-17;"07:18:00";"COM VÍTIMA";"FINALIZADA";"COELHOS";"RUA DOS COELHOS";"361";"";"ANTIGA MATERNIDADE OSCA COTINHO. EM FRENTE AO IMIP";"COELHOS";"359";"CIDADE";"ATROPELAMENTO";1;"0";"0";"0";"1";"0";"0";"0";"0";"1";"0";"Longo da via";"Bom";"Sem defeito";"Perfeito estado";"Seca";"";"Faixa de pedestre";"Outras";"";"Dupla";"Faixa contínua";"";""
"500";2020-01-17;"08:35:00";"COM VÍTIMA";"FINALIZADA";"BOA VIAGEM";"RUA RIBEIRO DE BRITO";"458";"RUA PROFESSOR JOAO MEDEIROS";"TIDELLI";"BOA VIAGEM";"332";"CIDADE";"ABALROAMENTO LONGITUDINAL";1;"1";"0";"0";"0";"0";"0";"0";"0";"1";"0";"Cruzamento";"Bom";"Sem defeito";"Perfeito estado";"Seca";"Perfeito estado";"Faixa de pedestre";"Outras";"40 km/h";"Única";"Faixa contínua";"Faixa seccionada";""
"501";2020-01-17;"10:08:00";"SEM VÍTIMA";"FINALIZADA";"PINA";"AV ANTONIO DE GOES";"720";"";"SOB O SEMÁFORO 103";"PINA";"103";"CIDADE";"COLISÃO TRASEIRA";2;"0";"0";"0";"0";"0";"0";"0";"0";"0";"0";"Longo da via";"Bom";"Sem defeito";"Perfeito estado";"Seca";"Perfeito estado";"Agente";"";"60 km/h";"";"Faixa contínua";"";""
"502";2020-01-17;"10:22:00";"SEM VÍTIMA";"FINALIZADA";"BOA VIAGEM";"AV CONSELHEIRO AGUIAR";"2814";"RUA TENENTE JOAO CICERO";"";"BOA VIAGEM";NA;"CIDADE";"ABALROAMENTO LONGITUDINAL";1;"1";"0";"0";"0";"0";"0";"0";"0";"0";"0";"Cruzamento";"Bom";"Não existe";"Perfeito estado";"Seca";"Perfeito estado";"Não existe";"Não há placas";"";"Única";"Faixa seccionada";"";""
"503";2020-01-17;"10:26:00";"COM VÍTIMA";"FINALIZADA";"BAIRRO DO RECIFE";"RUA MARIZ E BARROS";"173";"AV ALFREDO LISBOA";"EM FRENTE AO POSTO BR";"BAIRRO DO RECIFE";NA;"SUBURBIO";"ABALROAMENTO LONGITUDINAL";1;"1";"0";"0";"0";"0";"0";"0";"0";"1";"0";"Esquina";"Bom";"Não existe";"Perfeito estado";"Seca";"Perfeito estado";"Não existe";"Outras";"";"Única";"Não existe";"";""
"504";2020-01-17;"10:27:00";"SEM VÍTIMA";"FINALIZADA";"AREIAS";"AV RECIFE";"5586";"";"EM FRENTE AO POSTO BR DO MACRO";"AREIAS";NA;"";"COLISÃO TRASEIRA";2;"0";"0";"0";"0";"0";"0";"0";"0";"0";"0";"Longo da via";"Bom";"Não existe";"Perfeito estado";"Seca";"Perfeito estado";"Não existe";"Não há placas";"60 km/h";"Dupla";"Canteiro central";"";""
"505";2020-01-17;"11:28:00";"SEM VÍTIMA";"FINALIZADA";"MANGUEIRA";"RUA VINTE E UM DE ABRIL";"1357";"RUA CORACAO DE JESUS";"";"MANGUEIRA";NA;"SUBURBIO";"ABALROAMENTO TRANSVERSAL";2;"0";"0";"0";"0";"0";"0";"0";"0";"0";"0";"Cruzamento";"Bom";"Não existe";"Perfeito estado";"Seca";"Perfeito estado";"Outros";"Outras";"60 km/h";"Dupla";"Não existe";"";""
"506";2020-01-17;"12:14:00";"SEM VÍTIMA";"FINALIZADA";"BOA VIAGEM";"RUA JACK AYRES";"";"RUA FRANCISCO DA CUNHA";"";"BOA VIAGEM";NA;"";"ABALROAMENTO TRANSVERSAL";1;"1";"0";"0";"0";"0";"0";"0";"0";"0";"0";"Cruzamento";"Bom";"Não existe";"Perfeito estado";"Seca";"Perfeito estado";"Não existe";"Placas Pare";"";"Dupla";"Não existe";"";""
"507";2020-01-17;"12:16:00";"SEM VÍTIMA";"FINALIZADA";"SANTO AMARO";"AV MARIO MELO";"";"RUA DO POMBAL";"POSTO DE SAÚDE DO POMBAL ( L.O)";"SANTO AMARO";NA;"SUBURBIO";"ABALROAMENTO LONGITUDINAL";1;"1";"0";"0";"0";"0";"0";"0";"0";"0";"0";"Cruzamento";"Bom";"Não existe";"Perfeito estado";"Seca";"Perfeito estado";"Não existe";"R-4a";"";"Única";"";"";""
"508";2020-01-17;"12:17:00";"SEM VÍTIMA";"FINALIZADA";"SANTO AMARO";"RUA MARIO ALBUQUERQUE CAVALCANTI";"";"RUA VOLTA DO SINO";"POR TRAS DA COMPESA";"SANTO AMARO";NA;"";"COLISÃO TRASEIRA";2;"0";"0";"0";"0";"0";"0";"0";"0";"0";"0";"Cruzamento";"Bom";"Não existe";"Não existente";"Seca";"Perfeito estado";"Não existe";"Não há placas";"";"Dupla";"Canal";"";""
"509";2020-01-17;"12:37:00";"SEM VÍTIMA";"CANCELADA";"BAIRRO DO RECIFE";"CAIS DA ALFANDEGA";"";"AV MARQUES DE OLINDA";"NO CRUZAMENTO MESMO";"BAIRRO DO RECIFE";"165";"";"COLISÃO";2;"0";"0";"0";"0";"0";"0";"0";"0";"0";"0";"";"";"";"";"";"";"";"";"";"";"";"";""
"510";2020-01-17;"12:45:00";"SEM VÍTIMA";"FINALIZADA";"AFOGADOS";"RUA VINTE E UM DE ABRIL";"";"RUA COSME VIANA";"FARMACIA DO TRABALHADOR";"AFOGADOS";"334";"CIDADE";"ABALROAMENTO LONGITUDINAL";1;"0";"0";"0";"0";"1";"0";"0";"0";"0";"0";"Cruzamento";"Bom";"Sem defeito";"Perfeito estado";"Seca";"Perfeito estado";"Faixa de pedestre";"Não há placas";"";"Dupla";"Faixa seccionada";"";""
"511";2020-01-17;"13:05:00";"SEM VÍTIMA";"FINALIZADA";"SANTO AMARO";"RUA TREZE DE MAIO";"112";"RUA DOS PALMARES";"";"SANTO AMARO";"30";"CIDADE";"ABALROAMENTO LONGITUDINAL";1;"1";"0";"0";"0";"0";"0";"0";"0";"0";"0";"Longo da via";"Bom";"Sem defeito";"Perfeito estado";"Seca";"Perfeito estado";"Não existe";"Não há placas";"";"Dupla";"Faixa contínua";"";""
"512";2020-01-17;"13:39:00";"SEM VÍTIMA";"CANCELADA";"BOA VIAGEM";"AVENIDA CELSO FURTADO (VIA MANGUE)";"";"";"NA BIFURCAÇÃO DA VIA MANGUE/ SENTIDO BOA VIAGEM";"BOA VIAGEM";NA;"";"COLISÃO";2;"0";"0";"0";"0";"0";"0";"0";"0";"0";"0";"";"";"";"";"";"";"";"";"";"";"";"";""
"513";2020-01-17;"14:31:00";"SEM VÍTIMA";"FINALIZADA";"BOA VISTA";"RUA NUNES MACHADO";"22";"";"EM FRENTE AO Nº 22";"BOA VISTA";NA;"CIDADE";"COLISÃO TRASEIRA";2;"0";"0";"0";"0";"0";"0";"0";"0";"0";"0";"Longo da via";"Bom";"Não existe";"Perfeito estado";"Seca";"Perfeito estado";"Faixa de pedestre";"R-6a";"";"Única";"Não existe";"";""
"514";2020-01-17;"16:38:00";"SEM VÍTIMA";"FINALIZADA";"BOA VISTA";"RUA GERVASIO PIRES";"332";"";"";"BOA VISTA";"24";"SUBURBIO";"COLISÃO TRASEIRA";2;"0";"0";"0";"0";"0";"0";"0";"0";"0";"0";"Longo da via";"Bom";"Sem defeito";"Perfeito estado";"Seca";"Perfeito estado";"Faixa de pedestre";"";"";"Única";"Não existe";"";""
"515";2020-01-17;"18:02:00";"SEM VÍTIMA";"FINALIZADA";"TORREÃO";"AV NORTE";"1987";"";"NISSAN";"TORREÃO";NA;"CIDADE";"ABALROAMENTO LONGITUDINAL";1;"0";"0";"0";"0";"1";"0";"0";"0";"0";"0";"Longo da via";"Bom";"Não existe";"Perfeito estado";"Seca";"Perfeito estado";"Não existe";"Outras";"";"Dupla";"Canteiro central";"";""
"516";2020-01-17;"18:13:00";"SEM VÍTIMA";"FINALIZADA";"IPUTINGA";"RUA REZENDE";"";"RUA MIGUEL LEAO";"";"IPUTINGA";NA;"";"ABALROAMENTO TRANSVERSAL";2;"0";"0";"0";"0";"0";"0";"0";"0";"0";"0";"Cruzamento";"Bom";"Não existe";"Perfeito estado";"Seca";"Perfeito estado";"";"";"40 km/h";"Dupla";"Não existe";"";""
"517";2020-01-17;"18:44:00";"SEM VÍTIMA";"FINALIZADA";"TAMARINEIRA";"AV PROFESSOR JOSE DOS ANJOS";"";"";"EM FRENTE AO POSTO DE GASOLINA PETROBRAS";"TAMARINEIRA";"364";"CIDADE";"ABALROAMENTO LONGITUDINAL";2;"0";"0";"0";"0";"0";"0";"0";"0";"0";"0";"Longo da via";"Bom";"Sem defeito";"Perfeito estado";"Seca";"Perfeito estado";"Faixa de pedestre";"Não há placas";"";"Dupla";"Faixa seccionada";"";""
"518";2020-01-17;"18:50:00";"COM VÍTIMA";"FINALIZADA";"BOA VIAGEM";"RUA RIBEIRO DE BRITO";"1250";"RUA JONATHAS DE VASCONCELOS";"ENF AO HOTEL NACIONAL INN // BATERIAS HELIAR";"BOA VIAGEM";NA;"SUBURBIO";"COLISÃO TRASEIRA";1;"1";"0";"0";"0";"0";"0";"0";"0";"1";"0";"Longo da via";"Bom";"Não existe";"Perfeito estado";"Seca";"Perfeito estado";"Não existe";"Outras";"";"Única";"Faixa seccionada";"";""
"519";2020-01-17;"19:55:00";"SEM VÍTIMA";"FINALIZADA";"PARNAMIRIM";"AV DEZESSETE DE AGOSTO";"30";"";"E/F A DROGASIL";"PARNAMIRIM";NA;"SUBURBIO";"ABALROAMENTO LONGITUDINAL";2;"0";"0";"0";"0";"0";"0";"0";"0";"0";"0";"Longo da via";"Bom";"Não existe";"Perfeito estado";"Seca";"Perfeito estado";"Não existe";"Não há placas";"";"Única";"Faixa seccionada";"Canteiro central";""
"520";2020-01-17;"20:52:00";"SEM VÍTIMA";"FINALIZADA";"MORRO DA CONCEIÇÃO";"AV NORTE";"5210B";"RUA DEPUTADO MARIO MONTEIRO";"";"MORRO DA CONCEIÇÃO";"79";"SUBURBIO";"ABALROAMENTO LONGITUDINAL";1;"0";"0";"0";"0";"1";"0";"0";"0";"0";"0";"Cruzamento";"Bom";"Sem defeito";"Incompleta";"Seca";"Mal conservada";"Faixa de pedestre";"Outras";"";"Dupla";"Canteiro central";"";""
"521";2020-01-17;"21:42:00";"SEM VÍTIMA";"CANCELADA";"PRADO";"RUA GOMES TABORDA";"768";"";"E/F AO ESPETINHO PARADA CERTA E LEO CHOPP";"PRADO";NA;"";"COLISÃO";1;"1";"0";"0";"0";"0";"0";"0";"0";"0";"0";"";"";"";"";"";"";"";"";"";"";"";"";""
"522";2020-01-17;"21:47:00";"SEM VÍTIMA";"FINALIZADA";"BOMBA DO HEMETÉRIO";"RUA DAS CRIANCAS";"135";"RUA BOMBA DO HEMETERIO";"";"BOMBA DO HEMETÉRIO";NA;"";"ABALROAMENTO LONGITUDINAL";2;"0";"0";"0";"0";"0";"0";"0";"0";"0";"0";"Cruzamento";"Bom";"Não existe";"Incompleta";"Seca";"";"Não existe";"Outras";"";"Dupla";"Faixa seccionada";"";""
"523";2020-01-17;"21:56:00";"SEM VÍTIMA";"FINALIZADA";"COHAB";"RUA DR BENIGNO JORDAO DE VASCONCELOS";"7";"RUA RADIALISTA TORRES FILHO";"";"COHAB";NA;"CIDADE";"ABALROAMENTO LONGITUDINAL";NA;"1";"0";"0";"0";"0";"0";"1";"0";"0";"0";"Longo da via";"Bom";"Não existe";"Não existente";"Seca";"Perfeito estado";"Não existe";"Não há placas";"";"Única";"Não existe";"";""
"524";2020-01-17;"22:39:00";"SEM VÍTIMA";"FINALIZADA";"SÃO JOSÉ";"RUA IMPERIAL";"1198";"RUA BOM SUCESSO";"AO LADO DA PADARIA PÃO PÃO";"SÃO JOSÉ";NA;"SUBURBIO";"ABALROAMENTO TRANSVERSAL";1;"0";"0";"0";"0";"1";"0";"0";"0";"0";"0";"";"Bom";"Não existe";"Perfeito estado";"Seca";"Perfeito estado";"Não existe";"Não há placas";"";"Única";"Faixa seccionada";"";""
"525";2020-01-18;"01:16:00";"SEM VÍTIMA";"FINALIZADA";"MADALENA";"AV VISCONDE DE ALBUQUERQUE";"";"RUA JOSE OSORIO";"";"MADALENA";"50";"SUBURBIO";"ABALROAMENTO LONGITUDINAL";1;"1";"0";"0";"0";"0";"0";"0";"0";"0";"0";"Cruzamento";"Bom";"Sem defeito";"Perfeito estado";"Seca";"Perfeito estado";"Faixa de pedestre";"Outras";"";"Única";"Faixa contínua";"";""
"526";2020-01-18;"03:40:00";"COM VÍTIMA";"FINALIZADA";"CORDEIRO";"AV CAXANGA";"";"";"EM FRENTE A EXPOSIÇÃO DE ANIMAIS";"CORDEIRO";"135";"SUBURBIO";"ABALROAMENTO TRANSVERSAL";1;"1";"0";"0";"0";"0";"0";"0";"0";"1";"0";"Cruzamento";"Bom";"Sem defeito";"Perfeito estado";"Seca";"Perfeito estado";"Faixa de pedestre";"Outras";"";"Única";"Faixa contínua";"Faixa seccionada";"Canteiro central"
"527";2020-01-18;"09:04:00";"SEM VÍTIMA";"FINALIZADA";"TORRÕES";"AV ENGENHEIRO ABDIAS DE CARVALHO";"603";"";"LADO DO POSTO SHELL- APÓS A UPA DOS TORRÕES";"TORRÕES";NA;"SUBURBIO";"COLISÃO TRASEIRA";2;"0";"0";"0";"0";"0";"0";"0";"0";"0";"0";"Longo da via";"Bom";"Não existe";"Perfeito estado";"Seca";"Perfeito estado";"Não existe";"Não há placas";"60 km/h";"Dupla";"Canteiro central";"";""
"528";2020-01-18;"09:27:00";"SEM VÍTIMA";"FINALIZADA";"BOA VIAGEM";"RUA DHALIA";"53";"";"";"BOA VIAGEM";NA;"SUBURBIO";"ABALROAMENTO LONGITUDINAL";2;"0";"0";"0";"0";"0";"0";"0";"0";"0";"0";"Longo da via";"Bom";"Não existe";"Perfeito estado";"Seca";"Perfeito estado";"Não existe";"R-6a";"";"Única";"Não existe";"";""