"";"data";"hora";"natureza_acidente";"situacao";"bairro";"endereco";"numero";"detalhe_endereco_acidente";"complemento";"bairro_cruzamento";"num_semaforo";"sentido_via";"tipo";"auto";"moto";"ciclom";"ciclista";"pedestre";"onibus";"caminhao";"viatura";"outros";"vitimas";"vitimasfatais";"acidente_verificado";"tempo_clima";"situacao_semaforo";"sinalizacao";"condicao_via";"conservacao_via";"ponto_controle";"situacao_placa";"velocidade_max_via";"mao_direcao";"divisao_via1";"divisao_via2";"divisao_via3"
"590";2020-01-20;"13:48:00";"SEM VÍTIMA";"FINALIZADA";"JORDÃO";"AV MARIA IRENE";"837";"";"MADEREIRA SÃO JOSE";"JORDÃO";NA;"CIDADE";"COLISÃO TRASEIRA";1;"0";"0";"0";"0";"1";"0";"0";"0";"0";"0";"Longo da via";"Bom";"Não existe";"Ilegível";"Seca";"Mal conservada";"Não existe";"Outras";"60 km/h";"Dupla";"Faixa contínua";"";""
"591";2020-01-20;"14:19:00";"SEM VÍTIMA";"FINALIZADA";"ENCRUZILHADA";"AV NORTE";"";"AV JOAO DE BARROS";"LADO OPOSTO AO BANCO SANTANDER";"ENCRUZILHADA";"43";"SUBURBIO";"COLISÃO TRASEIRA";1;"0";"0";"0";"0";"0";"1";"0";"0";"0";"0";"Longo da via";"Bom";"Sem defeito";"Perfeito estado";"Seca";"Perfeito estado";"Agente";"";"60 km/h";"Dupla";"Canteiro central";"";""
"592";2020-01-20;"14:27:00";"SEM VÍTIMA";"FINALIZADA";"BOA VISTA";"AV MANOEL BORBA";"166";"RUA GERVASIO PIRES";"EM FRENTE A CASA LUX ÓTICA";"BOA VISTA";"169";"SUBURBIO";"ABALROAMENTO LONGITUDINAL";NA;"0";"1";"0";"0";"1";"0";"0";"0";"0";"0";"Cruzamento";"Bom";"Sem defeito";"Perfeito estado";"Seca";"Perfeito estado";"Faixa de pedestre";"R-6a";"";"Única";"Faixa seccionada";"";""
"593";2020-01-20;"14:40:00";"SEM VÍTIMA";"FINALIZADA";"SANTO AMARO";"RUA TREZE DE MAIO";"1030";"";"LADO OPOSTO A OFICINA BOY CAR";"SANTO AMARO";"36";"SUBURBIO";"COLISÃO TRASEIRA";2;"0";"0";"0";"0";"0";"0";"0";"0";"0";"0";"Longo da via";"Bom";"Sem defeito";"Perfeito estado";"Seca";"Perfeito estado";"";"R-6a";"";"Dupla";"Faixa contínua";"";""
"594";2020-01-20;"15:42:00";"SEM VÍTIMA";"FINALIZADA";"BOA VISTA";"RUA DR LEOPOLDO LINS";"237";"";"EM FRENTE AO Nº 237";"BOA VISTA";"78";"SUBURBIO";"COLISÃO TRASEIRA";1;"1";"0";"0";"0";"0";"0";"0";"0";"0";"0";"Longo da via";"Bom";"Sem defeito";"Perfeito estado";"Seca";"Perfeito estado";"Faixa de pedestre";"R-6a";"";"Única";"Não existe";"";""
"595";2020-01-20;"16:15:00";"COM VÍTIMA";"FINALIZADA";"DERBY";"AV GOVERNADOR AGAMENON MAGALHAES";"";"";"NA FAIXA DE PEDESTRE DA PRAÇA DO DERBY SENTIDO BOA VIAGEM";"DERBY";"75";"BOA VIAGEM";"ATROPELAMENTO";1;"0";"0";"0";"1";"0";"0";"0";"0";"1";"0";"Cruzamento";"Bom";"Sem defeito";"Perfeito estado";"Seca";"Perfeito estado";"Faixa de pedestre";"";"60 km/h";"Única";"Faixa seccionada";"";""
"596";2020-01-20;"16:20:00";"SEM VÍTIMA";"FINALIZADA";"DERBY";"PRC DO DERBY";"";"";"APÓS O SEMÁFORO 040";"DERBY";NA;"CIDADE";"COLISÃO TRASEIRA";2;"0";"0";"0";"0";"0";"0";"0";"0";"0";"0";"Longo da via";"Bom";"Sem defeito";"Perfeito estado";"Seca";"Perfeito estado";"Não existe";"";"50 km/h";"Dupla";"Canteiro central";"";""
"597";2020-01-20;"16:34:00";"SEM VÍTIMA";"FINALIZADA";"BOA VIAGEM";"RUA ANTONIO VICENTE";"258";"";"";"BOA VIAGEM";NA;"SUBURBIO";"ABALROAMENTO LONGITUDINAL";2;"0";"0";"0";"0";"0";"0";"0";"0";"0";"0";"Longo da via";"Bom";"Não existe";"Perfeito estado";"Seca";"Perfeito estado";"Não existe";"Placas Pare";"";"Dupla";"Faixa seccionada";"";""
"598";2020-01-20;"16:56:00";"SEM VÍTIMA";"FINALIZADA";"CURADO";"RUA MINISTRO MARIO ANDREAZZA";"";"AV PREFEITO ANTONIO PEREIRA";"POSTE B 067125";"CURADO";NA;"";"ABALROAMENTO TRANSVERSAL";1;"0";"0";"0";"0";"1";"0";"0";"0";"0";"0";"Longo da via";"Bom";"Não existe";"Não existente";"Seca";"Mal conservada";"Não existe";"Não há placas";"";"Dupla";"Não existe";"";""
"599";2020-01-20;"16:57:00";"SEM VÍTIMA";"FINALIZADA";"VÁRZEA";"AV AFONSO OLINDENSE";"";"";"PADARIA CAXANGÁ";"VÁRZEA";"638";"SUBURBIO";"COLISÃO TRASEIRA";1;"1";"0";"0";"0";"0";"0";"0";"0";"0";"0";"Longo da via";"Bom";"Sem defeito";"Perfeito estado";"Seca";"Perfeito estado";"";"";"";"";"";"";""
"600";2020-01-20;"17:05:00";"SEM VÍTIMA";"FINALIZADA";"MANGABEIRA";"AV NORTE";"";"";"EM FRENTE AO SEMÁFORO Nº 096";"MANGABEIRA";"96";"SUBURBIO";"COLISÃO TRASEIRA";2;"0";"0";"0";"0";"0";"0";"0";"0";"0";"0";"Longo da via";"Bom";"Sem defeito";"Perfeito estado";"Seca";"Perfeito estado";"Faixa de pedestre";"Outras";"";"Dupla";"Canteiro central";"";""
"601";2020-01-20;"17:34:00";"SEM VÍTIMA";"FINALIZADA";"BOA VIAGEM";"RUA MARQUES DE VALENCA";"";"";"";"BOA VIAGEM";NA;"";"ABALROAMENTO TRANSVERSAL";2;"0";"0";"0";"0";"0";"0";"0";"0";"0";"0";"Cruzamento";"Bom";"Não existe";"Perfeito estado";"Seca";"Perfeito estado";"Faixa de retenção";"R-6a";"";"Dupla";"Faixa seccionada";"";""
"602";2020-01-20;"17:49:00";"SEM VÍTIMA";"FINALIZADA";"SANTO ANTÔNIO";"PRC DA REPUBLICA";"";"RUA IMPERADOR PEDRO SEGUNDO";"AO LADO DA SECRETARIA DA FAZENDA";"SANTO ANTÔNIO";"278";"CIDADE";"ABALROAMENTO LONGITUDINAL";1;"0";"0";"0";"0";"1";"0";"0";"0";"0";"0";"Longo da via";"Bom";"Sem defeito";"Perfeito estado";"Seca";"Perfeito estado";"Faixa de pedestre";"R-6a";"30 km/h";"Única";"Faixa contínua";"";""
"603";2020-01-20;"18:34:00";"COM VÍTIMA";"FINALIZADA";"IMBIRIBEIRA";"AV PINHEIROS";"886";"";"PROX AO POSTO IPIRANGA/ PROX A GRILO FLORES";"IMBIRIBEIRA";NA;"SUBURBIO";"COLISÃO FRONTAL";1;"1";"0";"0";"0";"0";"0";"0";"0";"1";"0";"Longo da via";"Bom";"Não existe";"Perfeito estado";"Seca";"Perfeito estado";"Não existe";"Não há placas";"";"Dupla";"Não existe";"";""
"604";2020-01-20;"18:39:00";"SEM VÍTIMA";"FINALIZADA";"DOIS UNIDOS";"AV HILDEBRANDO DE VASCONCELOS";"4A";"";"EM FRENTE A ESCOLA DR FRANCISCO DE QUEIROZ";"DOIS UNIDOS";NA;"SUBURBIO";"ABALROAMENTO LONGITUDINAL";2;"0";"0";"0";"0";"0";"0";"0";"0";"0";"0";"Longo da via";"Bom";"Não existe";"Perfeito estado";"Seca";"Perfeito estado";"Não existe";"Não há placas";"";"Dupla";"Faixa seccionada";"";""
"605";2020-01-20;"19:21:00";"SEM VÍTIMA";"CANCELADA";"TORRÕES";"AV INACIO MONTEIRO";"1601";"RUA DR MIGUEL VIEIRA FERREIRA";"ENF A ESCOLA PASTOR MUNGUBA SOBRINHO";"TORRÕES";NA;"";"COLISÃO";2;"0";"0";"0";"0";"0";"0";"0";"0";"0";"0";"";"";"";"";"";"";"";"";"";"";"";"";""
"606";2020-01-20;"19:31:00";"SEM VÍTIMA";"FINALIZADA";"JOANA BEZERRA";"VIADUTO CAPITAO TEMUDO";"";"RUA DOM PAULO II";"ANTES ALÇA ACESSO AFOGADOS";"JOANA BEZERRA";NA;"SUBURBIO";"ABALROAMENTO LONGITUDINAL";1;"0";"0";"0";"0";"0";"1";"0";"0";"0";"0";"Viaduto";"Bom";"Não existe";"Perfeito estado";"Seca";"Perfeito estado";"Não existe";"Outras";"";"Dupla";"";"";""
"607";2020-01-21;"06:57:00";"SEM VÍTIMA";"FINALIZADA";"JORDÃO";"RUA BOANERGES PEREIRA";"07B";"";"GRÁFICA EDX";"JORDÃO";NA;"CIDADE";"ABALROAMENTO LONGITUDINAL";NA;"0";"0";"0";"0";"1";"0";"0";"0";"0";"0";"Longo da via";"Bom";"Não existe";"Perfeito estado";"Seca";"Perfeito estado";"Não existe";"Não há placas";"30 km/h";"Dupla";"Não existe";"";""
"608";2020-01-21;"08:18:00";"SEM VÍTIMA";"FINALIZADA";"IPSEP";"RUA BLUMENAU";"374";"RUA IRAPUA";"";"IPSEP";NA;"SUBURBIO";"ABALROAMENTO LONGITUDINAL";2;"0";"0";"0";"0";"0";"0";"0";"0";"0";"0";"Cruzamento";"Bom";"Sem defeito";"Perfeito estado";"Seca";"Perfeito estado";"Não existe";"Não há placas";"";"Única";"Não existe";"";""
"609";2020-01-21;"08:18:00";"SEM VÍTIMA";"FINALIZADA";"DERBY";"AV GOVERNADOR AGAMENON MAGALHAES";"";"";"LADO OPOSTO AO HOSPITAL DA RESTAURAÇÃO";"DERBY";"174";"";"COLISÃO TRASEIRA";1;"0";"0";"0";"0";"1";"0";"0";"0";"0";"0";"Longo da via";"Bom";"Sem defeito";"Perfeito estado";"Seca";"Perfeito estado";"Agente";"Outras";"60 km/h";"Única";"Faixa seccionada";"";""
"610";2020-01-21;"08:29:00";"SEM VÍTIMA";"CANCELADA";"VÁRZEA";"RUA BERNARDIM RIBEIRO";"112";"";"PROX. AO POSTO DE SAUDE";"VÁRZEA";NA;"";"COLISÃO";2;"0";"0";"0";"0";"0";"0";"0";"0";"0";"0";"";"";"";"";"";"";"";"";"";"";"";"";""
"611";2020-01-21;"08:33:00";"SEM VÍTIMA";"FINALIZADA";"CABANGA";"RUA COMANDANTE ANTONIO MANHAES DE MATTOS";"472";"";"EM FRENTE A COMPESA UNIDADE CABANGA";"CABANGA";NA;"";"COLISÃO TRASEIRA";2;"0";"0";"0";"0";"0";"0";"0";"0";"0";"0";"Longo da via";"Bom";"Não existe";"Perfeito estado";"Seca";"Perfeito estado";"Não existe";"Não há placas";"";"Única";"Faixa seccionada";"";""
"612";2020-01-21;"08:39:00";"COM VÍTIMA";"FINALIZADA";"CAMPO GRANDE";"AV GOVERNADOR AGAMENON MAGALHAES";"";"";"E/F A ANTIGA FÁBRICA TACARUNA (SENT. CIDADADE)";"CAMPO GRANDE";NA;"CIDADE";"ATROPELAMENTO";1;"0";"0";"0";"3";"0";"0";"0";"0";"3";"0";"Longo da via";"Bom";"Não existe";"Não existente";"Seca";"Mal conservada";"Não existe";"Não há placas";"60 km/h";"Única";"Não existe";"";""
"613";2020-01-21;"08:55:00";"SEM VÍTIMA";"FINALIZADA";"CASA AMARELA";"AV NORTE";"4861";"RUA ARNOLDO MAGALHAES";"";"CASA AMARELA";NA;"CIDADE";"ABALROAMENTO LONGITUDINAL";1;"0";"0";"0";"0";"0";"1";"0";"0";"0";"0";"";"Bom";"Não existe";"Perfeito estado";"Seca";"Perfeito estado";"Não existe";"Placas Pare";"";"Dupla";"Canteiro central";"";""
"614";2020-01-21;"09:36:00";"SEM VÍTIMA";"FINALIZADA";"BAIRRO DO RECIFE";"RUA MADRE DEUS";"";"";"EM FRENTE AO SHOPPING PAÇO ALFÂNDEGA";"BAIRRO DO RECIFE";NA;"SUBURBIO";"COLISÃO TRASEIRA";1;"0";"0";"0";"0";"1";"0";"0";"0";"0";"0";"Longo da via";"Bom";"Não existe";"Perfeito estado";"Seca";"Perfeito estado";"Faixa de pedestre";"Placas Dê a preferência";"30 km/h";"Única";"Não existe";"";""
"615";2020-01-21;"09:45:00";"COM VÍTIMA";"FINALIZADA";"IPSEP";"RUA ITACARI";"369";"RUA CACHOEIRA";"VAGNER JOSE GAS NATURAL";"IPSEP";NA;"SUBURBIO";"ABALROAMENTO TRANSVERSAL";1;"1";"0";"0";"0";"0";"0";"0";"0";"1";"0";"Cruzamento";"Bom";"Não existe";"Incompleta";"Seca";"Perfeito estado";"Não existe";"Não há placas";"30 km/h";"Única";"Faixa seccionada";"";""
"616";2020-01-21;"10:04:00";"SEM VÍTIMA";"FINALIZADA";"GRAÇAS";"RUA AMELIA";"372";"";"GRAÇAS CENTER";"GRAÇAS";"177";"CIDADE";"COLISÃO TRASEIRA";2;"0";"0";"0";"0";"0";"0";"0";"0";"0";"0";"Longo da via";"Bom";"Sem defeito";"Perfeito estado";"Seca";"Perfeito estado";"Faixa de pedestre";"R-6a";"40 km/h";"Única";"Faixa contínua";"";""
"617";2020-01-21;"10:24:00";"SEM VÍTIMA";"FINALIZADA";"BOA VIAGEM";"AV CONSELHEIRO AGUIAR";"1748";"";"EM FRENTE AO EMPRESARIAL ITALO BRASIL RENDA";"BOA VIAGEM";NA;"CIDADE";"ABALROAMENTO LONGITUDINAL";1;"0";"0";"0";"0";"0";"1";"0";"0";"0";"0";"Longo da via";"Bom";"Não existe";"Perfeito estado";"Seca";"Perfeito estado";"Não existe";"Não há placas";"60 km/h";"Única";"Faixa seccionada";"";""
"618";2020-01-21;"12:20:00";"SEM VÍTIMA";"FINALIZADA";"BOA VIAGEM";"AV HERCULANO BANDEIRA";"949";"";"EM FRENTE A JBS";"BOA VIAGEM";NA;"SUBURBIO";"COLISÃO TRASEIRA";3;"0";"0";"0";"0";"0";"0";"0";"0";"0";"0";"Longo da via";"Bom";"Sem defeito";"Perfeito estado";"Seca";"Perfeito estado";"Agente";"Não há placas";"60 km/h";"Única";"Faixa seccionada";"";""
"619";2020-01-21;"12:36:00";"SEM VÍTIMA";"FINALIZADA";"ÁGUA FRIA";"AV BEBERIBE";"";"";"EM FRENTE A LOJA MI";"ÁGUA FRIA";"405";"";"ABALROAMENTO LONGITUDINAL";1;"0";"0";"0";"0";"0";"1";"0";"0";"0";"0";"Longo da via";"Bom";"Sem defeito";"Perfeito estado";"Seca";"Perfeito estado";"Não existe";"";"";"Única";"Não existe";"";""
"620";2020-01-21;"12:56:00";"SEM VÍTIMA";"FINALIZADA";"ARRUDA";"RUA DAS MOCAS";"859";"RUA ZEFERINO AGRA";"CACULE COMEDORIA";"ARRUDA";NA;"SUBURBIO";"ABALROAMENTO TRANSVERSAL";2;"0";"0";"0";"0";"0";"0";"0";"0";"0";"0";"Cruzamento";"Bom";"Não existe";"Perfeito estado";"Seca";"Perfeito estado";"Faixa de pedestre";"Placas Pare";"30 km/h";"Dupla";"Faixa seccionada";"";""
"621";2020-01-21;"13:33:00";"SEM VÍTIMA";"FINALIZADA";"MADALENA";"RUA RODOLFO RANGEL MOREIRA";"48";"";"PRÓX. PONTO TÁXI";"MADALENA";NA;"";"COLISÃO TRASEIRA";3;"0";"0";"0";"0";"0";"0";"0";"0";"0";"0";"Longo da via";"Bom";"Não existe";"Não existente";"Seca";"";"Não existe";"Outras";"";"Única";"Não existe";"";""
"622";2020-01-21;"13:40:00";"SEM VÍTIMA";"FINALIZADA";"BOA VIAGEM";"RUA PROFESSOR ARNALDO CARNEIRO LEAO";"";"RUA PADRE CARAPUCEIRO";"";"BOA VIAGEM";"321";"SUBURBIO";"ABALROAMENTO LONGITUDINAL";1;"1";"0";"0";"0";"0";"0";"0";"0";"0";"0";"Cruzamento";"Bom";"Sem defeito";"Perfeito estado";"Seca";"Perfeito estado";"Faixa de pedestre";"R-6a";"60 km/h";"Única";"Faixa contínua";"Faixa seccionada";""
"623";2020-01-21;"14:11:00";"SEM VÍTIMA";"CANCELADA";"IMBIRIBEIRA";"AV MARECHAL MASCARENHAS DE MORAES";"2671";"";"EM FRENTE AO CENTER AÇO/ SENTIDO CIDADE";"IMBIRIBEIRA";NA;"";"COLISÃO";2;"0";"0";"0";"0";"0";"0";"0";"0";"0";"0";"";"";"";"";"";"";"";"";"";"";"";"";""
"624";2020-01-21;"15:49:00";"COM VÍTIMA";"FINALIZADA";"IPUTINGA";"AV MAURICIO DE NASSAU";"";"RUA PEREIRA COUTINHO FILHO";"APOS O GOE/ PROX A LOMBADA ELETRONICO";"IPUTINGA";NA;"SUBURBIO";"ABALROAMENTO TRANSVERSAL";1;"1";"0";"0";"0";"0";"0";"0";"0";"1";"0";"Cruzamento";"Bom";"Não existe";"Incompleta";"Seca";"Perfeito estado";"Não existe";"Não há placas";"";"Dupla";"Faixa contínua";"";""
"625";2020-01-21;"15:59:00";"SEM VÍTIMA";"FINALIZADA";"BOA VISTA";"RUA DOM BOSCO";"";"AV GOVERNADOR CARLOS DE LIMA CAVALCANTI";"POSTO BR";"BOA VISTA";"27";"SUBURBIO";"ABALROAMENTO LONGITUDINAL";NA;"2";"0";"0";"0";"0";"0";"0";"0";"0";"0";"Longo da via";"Bom";"Sem defeito";"Perfeito estado";"Seca";"Perfeito estado";"Faixa de pedestre";"Não há placas";"";"Única";"";"";""
"626";2020-01-21;"16:02:00";"COM VÍTIMA";"FINALIZADA";"ILHA JOANA BEZERRA";"VDO PAPA JOAO PAULO II";"";"";"EM FRENTE AO FORUM JOANA BEZERRA";"ILHA JOANA BEZERRA";NA;"CIDADE";"ABALROAMENTO LONGITUDINAL";1;"1";"0";"0";"0";"0";"0";"0";"0";"1";"0";"Viaduto";"Bom";"Não existe";"Perfeito estado";"Seca";"Perfeito estado";"Não existe";"Não há placas";"";"Dupla";"Faixa seccionada";"Canteiro central";"Blocos"
"627";2020-01-21;"16:12:00";"SEM VÍTIMA";"FINALIZADA";"BOA VISTA";"RUA AURORA";"";"PTE PRINCESA IZABEL";"NA DESCIDA DA PONTE";"BOA VISTA";NA;"";"COLISÃO";2;"0";"0";"0";"0";"0";"0";"0";"0";"0";"0";"";"";"";"";"";"";"";"";"";"";"";"";""
"628";2020-01-21;"16:16:00";"SEM VÍTIMA";"FINALIZADA";"IMBIRIBEIRA";"AV ANTONIO TORRES GALVAO";"284";"";"";"IMBIRIBEIRA";"543";"";"COLISÃO TRASEIRA";3;"0";"0";"0";"0";"0";"0";"0";"0";"0";"0";"Longo da via";"Bom";"Sem defeito";"Perfeito estado";"Seca";"Perfeito estado";"Faixa de pedestre";"Não há placas";"60 km/h";"Única";"Faixa contínua";"";""
"629";2020-01-21;"16:23:00";"SEM VÍTIMA";"FINALIZADA";"IPUTINGA";"EST DO BARBALHO";"";"";"BIG BOMPREÇO";"IPUTINGA";"533";"";"ABALROAMENTO LONGITUDINAL";2;"0";"0";"0";"0";"0";"0";"0";"0";"0";"0";"Longo da via";"Bom";"Sem defeito";"Perfeito estado";"Seca";"Perfeito estado";"Faixa de pedestre";"Não há placas";"";"Única";"Não existe";"";""
"630";2020-01-21;"18:07:00";"SEM VÍTIMA";"FINALIZADA";"BOA VIAGEM";"AV BOA VIAGEM";"5802";"";"";"BOA VIAGEM";"445";"CIDADE";"ABALROAMENTO LONGITUDINAL";2;"0";"0";"0";"0";"0";"0";"0";"0";"0";"0";"Longo da via";"Bom";"Sem defeito";"Perfeito estado";"Seca";"Perfeito estado";"Não existe";"Não há placas";"60 km/h";"Única";"Faixa seccionada";"";""
"631";2020-01-21;"18:10:00";"VÍTIMA FATAL";"FINALIZADA";"CAMPO GRANDE";"AV CORREIA DE BRITO";"";"AV PROFESSOR JOSE DOS ANJOS";"PROX AO POSTO DE GASOLINA DISLUB";"CAMPO GRANDE";"563";"";"ABALROAMENTO TRANSVERSAL";NA;"1";"0";"0";"0";"0";"1";"0";"0";"1";"1";"Esquina";"Bom";"Sem defeito";"Perfeito estado";"Seca";"Perfeito estado";"";"Outras";"";"Dupla";"Não existe";"";""
"632";2020-01-21;"18:59:00";"SEM VÍTIMA";"FINALIZADA";"VÁRZEA";"AV CAXANGA";"";"";"BRT CAPIBARIBE DE FRONTE AO POSTO SHELL";"VÁRZEA";NA;"SUBURBIO";"ABALROAMENTO LONGITUDINAL";1;"0";"0";"0";"0";"0";"1";"0";"0";"0";"0";"Longo da via";"Bom";"Não existe";"Perfeito estado";"Seca";"Perfeito estado";"Não existe";"Outras";"";"Única";"Canteiro central";"";""
"633";2020-01-21;"19:00:00";"SEM VÍTIMA";"FINALIZADA";"AFOGADOS";"RUA NICOLAU PEREIRA";"";"RUA IMPERIAL";"";"AFOGADOS";"73";"SUBURBIO";"ABALROAMENTO LONGITUDINAL";2;"0";"0";"0";"0";"0";"0";"0";"0";"0";"0";"Cruzamento";"Bom";"Sem defeito";"Perfeito estado";"Seca";"Perfeito estado";"Não existe";"Não há placas";"";"Única";"Faixa seccionada";"";""
"634";2020-01-21;"19:19:00";"SEM VÍTIMA";"FINALIZADA";"ENGENHO DO MEIO";"RUA GOVERNADOR LOPO GARRO";"";"RUA MANOEL CORTE REAL";"";"ENGENHO DO MEIO";NA;"CIDADE";"ABALROAMENTO TRANSVERSAL";2;"0";"0";"0";"0";"0";"0";"0";"0";"0";"0";"Cruzamento";"Bom";"Não existe";"Incompleta";"Seca";"Perfeito estado";"Não existe";"Não há placas";"";"Dupla";"Não existe";"";""
"635";2020-01-21;"20:13:00";"COM VÍTIMA";"FINALIZADA";"ENCRUZILHADA";"AV NORTE";"";"AV JOAO DE BARROS";"ENF AO SANTANDER";"ENCRUZILHADA";"43";"SUBURBIO";"ABALROAMENTO TRANSVERSAL";1;"1";"0";"0";"0";"0";"0";"0";"0";"1";"0";"Cruzamento";"Bom";"Sem defeito";"Perfeito estado";"Seca";"Perfeito estado";"Agente";"";"40 km/h";"Única";"Não existe";"";""
"636";2020-01-21;"20:18:00";"SEM VÍTIMA";"FINALIZADA";"TAMARINEIRA";"RUA CONEGO BARATA";"420";"";"";"TAMARINEIRA";NA;"SUBURBIO";"COLISÃO TRASEIRA";2;"0";"0";"0";"0";"0";"0";"0";"0";"0";"0";"Longo da via";"Chuvoso";"Não existe";"Perfeito estado";"Molhada";"Perfeito estado";"Não existe";"Não há placas";"";"Dupla";"Canteiro central";"";""
"637";2020-01-21;"20:53:00";"SEM VÍTIMA";"FINALIZADA";"BOA VIAGEM";"RUA RIBEIRO DE BRITO";"";"";"EM FRENTE AO SEMÁFORO 496";"BOA VIAGEM";"496";"CIDADE";"ABALROAMENTO LONGITUDINAL";1;"1";"0";"0";"0";"0";"0";"0";"0";"0";"0";"Longo da via";"Bom";"Sem defeito";"Perfeito estado";"Seca";"Perfeito estado";"Não existe";"Não há placas";"";"Única";"Faixa seccionada";"";""
"638";2020-01-21;"21:52:00";"SEM VÍTIMA";"FINALIZADA";"SANTO AMARO";"AV GOVERNADOR AGAMENON MAGALHAES";"";"";"FRENTE AO COLÉGIO AMERICANO BATISTA";"SANTO AMARO";"37";"SUBURBIO";"ABALROAMENTO LONGITUDINAL";1;"0";"0";"0";"0";"0";"1";"0";"0";"0";"0";"Longo da via";"Bom";"Sem defeito";"Perfeito estado";"Seca";"Perfeito estado";"Faixa de pedestre";"Outras";"60 km/h";"Dupla";"Canteiro central";"";""
"639";2020-01-21;"22:25:00";"SEM VÍTIMA";"FINALIZADA";"IPSEP";"AV RECIFE";"";"";"EM FRENTE AO SEMÁFORO 016";"IPSEP";"16";"CIDADE";"COLISÃO TRASEIRA";3;"0";"0";"0";"0";"0";"0";"0";"0";"0";"0";"Longo da via";"Bom";"Sem defeito";"Perfeito estado";"Seca";"Perfeito estado";"Não existe";"Não há placas";"";"Dupla";"Faixa contínua";"";""
"640";2020-01-22;"07:39:00";"SEM VÍTIMA";"FINALIZADA";"SANTO AMARO";"AV GOVERNADOR AGAMENON MAGALHAES";"";"";"EM FRENTE A ECOESTAÇÃO AGAMENON";"SANTO AMARO";NA;"";"COLISÃO TRASEIRA";3;"0";"0";"0";"0";"0";"0";"0";"0";"0";"0";"Longo da via";"Bom";"Não existe";"Perfeito estado";"Molhada";"Perfeito estado";"Não existe";"Não há placas";"60 km/h";"Dupla";"Faixa seccionada";"";""
"641";2020-01-22;"07:58:00";"SEM VÍTIMA";"FINALIZADA";"IMBIRIBEIRA";"AV MARECHAL MASCARENHAS DE MORAES";"";"";"CHEVROLET TAMBAI";"IMBIRIBEIRA";"439";"CIDADE";"COLISÃO TRASEIRA";4;"0";"0";"0";"0";"0";"0";"0";"0";"0";"0";"Longo da via";"Chuvoso";"Sem defeito";"Perfeito estado";"Molhada";"Perfeito estado";"Faixa de pedestre";"Não há placas";"60 km/h";"Única";"Faixa seccionada";"";""
"642";2020-01-22;"08:02:00";"SEM VÍTIMA";"FINALIZADA";"SANTO AMARO";"AV NORTE";"";"";"SOBRE A PONTE DO LIMOEIRO";"SANTO AMARO";NA;"CIDADE";"COLISÃO TRASEIRA";2;"0";"0";"0";"0";"0";"0";"0";"0";"0";"0";"Ponte";"Chuvoso";"Não existe";"Perfeito estado";"Molhada";"Perfeito estado";"Não existe";"Não há placas";"";"Dupla";"Faixa contínua";"";""
"643";2020-01-22;"08:20:00";"SEM VÍTIMA";"FINALIZADA";"SANTO AMARO";"RUA DOS PALMARES";"";"";"EM FRENTE AO RM EXPRESS";"SANTO AMARO";NA;"CIDADE";"ABALROAMENTO LONGITUDINAL";1;"0";"0";"0";"0";"0";"1";"0";"0";"0";"0";"Longo da via";"Chuvoso";"Não existe";"Perfeito estado";"Molhada";"Perfeito estado";"Não existe";"Outras";"";"Dupla";"Faixa seccionada";"Canteiro central";""
"644";2020-01-22;"08:31:00";"SEM VÍTIMA";"FINALIZADA";"SAN MARTIN";"AV GENERAL SAN MARTIN";"2066";"";"";"SAN MARTIN";NA;"SUBURBIO";"COLISÃO TRASEIRA";2;"0";"0";"0";"0";"0";"0";"0";"0";"0";"0";"Longo da via";"Bom";"Não existe";"Perfeito estado";"Seca";"Perfeito estado";"Não existe";"Outras";"";"Dupla";"Faixa contínua";"";""
"645";2020-01-22;"08:56:00";"SEM VÍTIMA";"FINALIZADA";"AFOGADOS";"RUA VINTE E UM DE ABRIL";"";"";"PRÓXIMO AO RESTAURANTE ARRETADO DE BOM";"AFOGADOS";NA;"SUBURBIO";"ABALROAMENTO LONGITUDINAL";2;"0";"0";"0";"0";"0";"0";"0";"0";"0";"0";"Longo da via";"Bom";"Não existe";"Perfeito estado";"Seca";"Perfeito estado";"";"Outras";"";"Dupla";"Faixa seccionada";"";""
"646";2020-01-22;"09:19:00";"COM VÍTIMA";"CANCELADA";"ILHA DO RETIRO";"RUA SPORT CLUBE DO RECIFE";"";"";"EM FRENTE A LOJA DO SPORT";"ILHA DO RETIRO";NA;"SUBURBIO";"COLISÃO";1;"1";"0";"0";"0";"0";"0";"0";"0";"1";"0";"";"";"";"";"";"";"";"";"";"";"";"";""