"";"data";"hora";"natureza_acidente";"situacao";"bairro";"endereco";"numero";"detalhe_endereco_acidente";"complemento";"bairro_cruzamento";"num_semaforo";"sentido_via";"tipo";"auto";"moto";"ciclom";"ciclista";"pedestre";"onibus";"caminhao";"viatura";"outros";"vitimas";"vitimasfatais";"acidente_verificado";"tempo_clima";"situacao_semaforo";"sinalizacao";"condicao_via";"conservacao_via";"ponto_controle";"situacao_placa";"velocidade_max_via";"mao_direcao";"divisao_via1";"divisao_via2";"divisao_via3"
"647";2020-01-22;"09:20:00";"SEM VÍTIMA";"FINALIZADA";"SANTO ANTÔNIO";"RUA DO SOL";"283";"AV GUARARAPES";"";"SANTO ANTÔNIO";"14";"";"ABALROAMENTO LONGITUDINAL";2;"0";"0";"0";"0";"0";"0";"0";"0";"0";"0";"Cruzamento";"Bom";"Sem defeito";"Perfeito estado";"Seca";"Perfeito estado";"Faixa de pedestre";"Não há placas";"";"Única";"Faixa seccionada";"";""
"648";2020-01-22;"09:25:00";"SEM VÍTIMA";"CANCELADA";"CORDEIRO";"RUA ELIZEU CAVALCANTE";"58";"";"RUA DO RETORNO /DA AV CAXANGA P/AV GENERAL SAM MARTIN";"CORDEIRO";NA;"";"COLISÃO";1;"0";"0";"0";"0";"0";"1";"0";"0";"0";"0";"";"";"";"";"";"";"";"";"";"";"";"";""
"649";2020-01-22;"09:41:00";"SEM VÍTIMA";"FINALIZADA";"IMBIRIBEIRA";"RUA ANTONIO CARDOSO DA FONTE";"483";"RUA BARAO HOMEM DE MELO";"";"IMBIRIBEIRA";NA;"";"ABALROAMENTO LONGITUDINAL";1;"0";"0";"0";"0";"0";"1";"0";"0";"0";"0";"Longo da via";"Bom";"Não existe";"Não existente";"Molhada";"Mal conservada";"Não existe";"Não há placas";"";"Dupla";"Não existe";"";""
"650";2020-01-22;"09:52:00";"COM VÍTIMA";"FINALIZADA";"AFOGADOS";"RUA VINTE E UM DE ABRIL";"851";"";"E/F AO RECANTO 21 SELF SERVICE";"AFOGADOS";NA;"SUBURBIO";"ABALROAMENTO LONGITUDINAL";1;"1";"0";"0";"0";"0";"0";"0";"0";"2";"0";"Longo da via";"Bom";"Não existe";"Não existente";"Seca";"Perfeito estado";"Não existe";"Não há placas";"";"Dupla";"Não existe";"";""
"651";2020-01-22;"09:59:00";"SEM VÍTIMA";"CANCELADA";"MADALENA";"RUA BENFICA";"";"";"CLUBE INTERNACIONAL";"MADALENA";NA;"";"COLISÃO";2;"0";"0";"0";"0";"0";"0";"0";"0";"0";"0";"";"";"";"";"";"";"";"";"";"";"";"";""
"652";2020-01-22;"10:06:00";"SEM VÍTIMA";"FINALIZADA";"MACAXEIRA";"AV NORTE";"7536";"";"";"MACAXEIRA";"424";"SUBURBIO";"COLISÃO TRASEIRA";2;"0";"0";"0";"0";"0";"0";"0";"0";"0";"0";"Longo da via";"Bom";"Sem defeito";"Perfeito estado";"Seca";"Perfeito estado";"Faixa de pedestre";"";"";"Única";"Faixa seccionada";"";""
"653";2020-01-22;"11:33:00";"SEM VÍTIMA";"FINALIZADA";"IPUTINGA";"AV CAXANGA";"";"";"E/F A SOPRANOR";"IPUTINGA";NA;"CIDADE";"COLISÃO";2;"0";"0";"0";"0";"0";"0";"0";"0";"0";"0";"";"";"";"";"";"";"";"";"";"";"";"";""
"654";2020-01-22;"11:33:00";"SEM VÍTIMA";"FINALIZADA";"BOA VISTA";"AV GOVERNADOR AGAMENON MAGALHAES";"2291";"RUA HENRIQUE DIAS";"HOSPITAL MEMORIAL SÃO JOSÉ";"BOA VISTA";"68";"";"COLISÃO TRASEIRA";1;"0";"0";"0";"0";"1";"0";"0";"0";"0";"0";"Longo da via";"Bom";"Sem defeito";"Perfeito estado";"Seca";"Perfeito estado";"Agente";"";"60 km/h";"Dupla";"Canal";"";""
"655";2020-01-22;"11:37:00";"SEM VÍTIMA";"FINALIZADA";"GRAÇAS";"RUA DOM BOSCO";"";"AV GOVERNADOR AGAMENON MAGALHAES";"SOB O SEMÁFORO 174";"GRAÇAS";"174";"SUBURBIO";"ABALROAMENTO LONGITUDINAL";2;"0";"0";"0";"0";"0";"0";"0";"0";"0";"0";"Cruzamento";"Bom";"Sem defeito";"Perfeito estado";"Seca";"Perfeito estado";"Agente";"Outras";"60 km/h";"Única";"Não existe";"";""
"656";2020-01-22;"11:40:00";"SEM VÍTIMA";"FINALIZADA";"BOA VIAGEM";"RUA CORONEL SERGIO HENRIQUE CARDIM";"";"";"AO LADO DO RESTAURANTE CHICA PITANGA";"BOA VIAGEM";NA;"SUBURBIO";"CHOQUE VEÍCULO PARADO";1;"0";"0";"0";"0";"0";"1";"0";"0";"0";"0";"Longo da via";"Bom";"Não existe";"Não existente";"Seca";"Perfeito estado";"Não existe";"Não há placas";"";"Única";"Não existe";"";""
"657";2020-01-22;"12:17:00";"SEM VÍTIMA";"FINALIZADA";"CASA FORTE";"AV DEZESSETE DE AGOSTO";"";"RUA SAMUEL FARIAS";"ESQUINA DAS RUAS";"CASA FORTE";NA;"";"ABALROAMENTO LONGITUDINAL";2;"0";"0";"0";"0";"0";"0";"0";"0";"0";"0";"";"Bom";"Não existe";"Perfeito estado";"Seca";"Perfeito estado";"Não existe";"";"";"Dupla";"";"";""
"658";2020-01-22;"12:47:00";"SEM VÍTIMA";"CANCELADA";"CORDEIRO";"AV CAXANGA";"";"";"E/F A SEMINOVOS LOCALIZA";"CORDEIRO";NA;"";"COLISÃO";2;"0";"0";"0";"0";"0";"0";"0";"0";"0";"0";"";"";"";"";"";"";"";"";"";"";"";"";""
"659";2020-01-22;"13:13:00";"SEM VÍTIMA";"FINALIZADA";"BOMBA DO HEMETÉRIO";"RUA BOMBA DO HEMETERIO";"163";"";"";"BOMBA DO HEMETÉRIO";NA;"SUBURBIO";"ABALROAMENTO LONGITUDINAL";1;"0";"0";"0";"0";"1";"0";"0";"0";"0";"0";"Longo da via";"Bom";"Não existe";"Perfeito estado";"Seca";"Perfeito estado";"Outros";"Outras";"";"Dupla";"Faixa seccionada";"";""
"660";2020-01-22;"14:04:00";"COM VÍTIMA";"FINALIZADA";"BOA VIAGEM";"AV ENGENHEIRO DOMINGOS FERREIRA";"3340";"RUA FAUSTINO PORTO";"APOS A PARADA DO CARREFOUR. EXTRAFARMA";"BOA VIAGEM";NA;"SUBURBIO";"ABALROAMENTO TRANSVERSAL";1;"0";"0";"0";"0";"1";"0";"0";"0";"2";"0";"Longo da via";"Bom";"Não existe";"Perfeito estado";"Seca";"Perfeito estado";"Não existe";"R-6a";"";"Única";"Faixa seccionada";"";""
"661";2020-01-22;"14:11:00";"SEM VÍTIMA";"FINALIZADA";"BOA VISTA";"RUA DAS NINFAS";"";"";"EM FRENTE AO SEMÁFORO 083";"BOA VISTA";"83";"SUBURBIO";"ABALROAMENTO LONGITUDINAL";2;"0";"0";"0";"0";"0";"0";"0";"0";"0";"0";"Longo da via";"Bom";"Sem defeito";"Perfeito estado";"Seca";"Perfeito estado";"Faixa de pedestre";"Outras";"";"Dupla";"Faixa contínua";"Faixa seccionada";""
"662";2020-01-22;"14:24:00";"SEM VÍTIMA";"FINALIZADA";"BOA VISTA";"RUA DO RIACHUELO";"425";"";"EM FRENTE AO Nº 425";"BOA VISTA";"92";"CIDADE";"COLISÃO TRASEIRA";4;"0";"0";"0";"0";"0";"0";"0";"0";"0";"0";"Longo da via";"Bom";"Sem defeito";"Perfeito estado";"Seca";"Perfeito estado";"Faixa de pedestre";"R-6a";"";"Única";"Não existe";"";""
"663";2020-01-22;"14:26:00";"COM VÍTIMA";"FINALIZADA";"MADALENA";"RUA MONSENHOR JULIO MARIA";"127";"";"PROX. O TUNEL DA ABOLIÇÃO E A GALERIA CAMPOLINA CENTER";"MADALENA";NA;"ABDIAS DE CARVALHO";"ABALROAMENTO LONGITUDINAL";1;"1";"0";"0";"0";"0";"0";"0";"0";"1";"0";"Longo da via";"Bom";"Não existe";"Perfeito estado";"Seca";"Perfeito estado";"";"";"";"Única";"Não existe";"";""
"664";2020-01-22;"15:41:00";"SEM VÍTIMA";"CANCELADA";"ÁGUA FRIA";"AV BEBERIBE";"";"RUA CORONEL URBANO RIBEIRO DE SENA";"ESTAR NO CRUZAMENTO MESMO";"ÁGUA FRIA";"307";"";"COLISÃO";1;"0";"0";"0";"0";"1";"0";"0";"0";"0";"0";"";"";"";"";"";"";"";"";"";"";"";"";""
"665";2020-01-22;"16:08:00";"COM VÍTIMA";"FINALIZADA";"CABANGA";"AV SATURNINO DE BRITO";"";"";"AO LADO DA COMPESA. NA SUBIDA DO VIADUTO DO PINA.";"CABANGA";NA;"SUBURBIO";"COLISÃO TRASEIRA";1;"1";"0";"0";"0";"0";"0";"0";"0";"1";"0";"Longo da via";"Bom";"Não existe";"Perfeito estado";"Seca";"Perfeito estado";"";"Não há placas";"30 km/h";"Única";"Faixa contínua";"";""
"666";2020-01-22;"16:22:00";"SEM VÍTIMA";"FINALIZADA";"TEJIPIÓ";"AV DR JOSE RUFINO";"3694";"";"POSTE DE ILUMINAÇÃO Nº H 033924";"TEJIPIÓ";NA;"CIDADE";"COLISÃO TRASEIRA";2;"0";"0";"0";"0";"0";"0";"0";"0";"0";"0";"Longo da via";"Bom";"Não existe";"Perfeito estado";"Seca";"Perfeito estado";"Não existe";"Outras";"";"Dupla";"Faixa contínua";"Faixa seccionada";""
"667";2020-01-22;"16:36:00";"SEM VÍTIMA";"FINALIZADA";"VÁRZEA";"PRC PINTO DAMASO";"";"";"LADO OPOSTO AO Nº 2005";"VÁRZEA";NA;"SUBURBIO";"ABALROAMENTO TRANSVERSAL";2;"0";"0";"0";"0";"0";"0";"0";"0";"0";"0";"Longo da via";"Bom";"Não existe";"Não existente";"Seca";"Mal conservada";"Não existe";"Não há placas";"";"Única";"Não existe";"";""
"668";2020-01-22;"16:44:00";"COM VÍTIMA";"FINALIZADA";"SÃO JOSÉ";"PRC DAS CINCO PONTAS";"";"";"SUBIDA DO VIADUTO CINCO PONTAS";"SÃO JOSÉ";NA;"SUBURBIO";"CHOQUE OBJETO FIXO";NA;"1";"0";"0";"0";"0";"0";"0";"0";"1";"0";"Longo da via";"Bom";"Não existe";"Perfeito estado";"Seca";"Perfeito estado";"Não existe";"R-4b";"";"Dupla";"Canteiro central";"";""
"669";2020-01-22;"18:02:00";"SEM VÍTIMA";"FINALIZADA";"BOA VIAGEM";"RUA BARAO DE SOUZA LEAO";"1544";"";"IMPERIO DOS PAES";"BOA VIAGEM";NA;"SUBURBIO";"ABALROAMENTO LONGITUDINAL";1;"1";"0";"0";"0";"0";"0";"0";"0";"0";"0";"Longo da via";"Bom";"Não existe";"Perfeito estado";"Seca";"Perfeito estado";"Não existe";"Não há placas";"30 km/h";"Única";"Faixa seccionada";"";""
"670";2020-01-22;"18:20:00";"SEM VÍTIMA";"FINALIZADA";"IMBIRIBEIRA";"RUA ITAJAI";"501";"RUA ITACARE";"PRÓX A FERREIRA COSTA E ESPAÇO ABERTO";"IMBIRIBEIRA";NA;"";"CHOQUE OBJETO FIXO";NA;"0";"0";"0";"0";"0";"1";"0";"0";"0";"0";"";"";"";"";"";"";"";"";"";"";"";"";""
"671";2020-01-22;"19:12:00";"SEM VÍTIMA";"FINALIZADA";"BOA VISTA";"RUA GERVASIO PIRES";"585";"";"AO LADO DO HOSPITAL DO EXÉRCITO - HGE";"BOA VISTA";"41";"";"ABALROAMENTO LONGITUDINAL";2;"0";"0";"0";"0";"0";"0";"0";"0";"0";"0";"Longo da via";"Bom";"Sem defeito";"Perfeito estado";"Seca";"Perfeito estado";"Faixa de pedestre";"Não há placas";"";"Única";"Não existe";"";""
"672";2020-01-22;"19:52:00";"SEM VÍTIMA";"FINALIZADA";"BOA VISTA";"RUA JOSE DE ALENCAR";"";"RUA BARAO DE SAO BORJA";"";"BOA VISTA";NA;"";"ABALROAMENTO TRANSVERSAL";2;"0";"0";"0";"0";"0";"0";"0";"0";"0";"0";"Cruzamento";"Bom";"Não existe";"Perfeito estado";"Seca";"Perfeito estado";"Não existe";"Placas Pare";"30 km/h";"Única";"Não existe";"";""
"673";2020-01-22;"20:22:00";"SEM VÍTIMA";"FINALIZADA";"CAÇOTE";"RUA GUARACI";"8";"RUA AURORA CACOTE";"";"CAÇOTE";NA;"SUBURBIO";"CHOQUE VEÍCULO PARADO";1;"0";"0";"0";"0";"0";"1";"0";"0";"0";"0";"Longo da via";"Bom";"Não existe";"Não existente";"Seca";"Perfeito estado";"Não existe";"Não há placas";"";"Dupla";"Não existe";"";""
"674";2020-01-23;"00:43:00";"SEM VÍTIMA";"FINALIZADA";"SÃO JOSÉ";"RUA IMPERIAL";"1032";"";"E/F AO HOTEL CRISTAL";"SÃO JOSÉ";NA;"SUBURBIO";"CHOQUE OBJETO FIXO";1;"0";"0";"0";"0";"0";"0";"0";"0";"0";"0";"Longo da via";"Bom";"Não existe";"Perfeito estado";"Seca";"Perfeito estado";"Não existe";"Não há placas";"";"Única";"Faixa seccionada";"";""
"675";2020-01-23;"01:00:00";"SEM VÍTIMA";"FINALIZADA";"BOA VIAGEM";"RUA DEZ DE JULHO";"";"RUA CAMBOIM";"";"BOA VIAGEM";NA;"";"ABALROAMENTO TRANSVERSAL";1;"0";"0";"0";"0";"1";"0";"0";"0";"0";"0";"Cruzamento";"Bom";"Não existe";"Perfeito estado";"Seca";"Perfeito estado";"Não existe";"Placas Pare";"60 km/h";"Única";"Faixa seccionada";"";""
"676";2020-01-23;"07:32:00";"SEM VÍTIMA";"CANCELADA";"MACAXEIRA";"RUA ESTER";"25";"";"APOS A AGUA MINERAL BURITI A PRIMEIRA RUA A DIREITA";"MACAXEIRA";NA;"";"COLISÃO";2;"0";"0";"0";"0";"0";"0";"0";"0";"0";"0";"";"";"";"";"";"";"";"";"";"";"";"";""
"677";2020-01-23;"07:34:00";"COM VÍTIMA";"FINALIZADA";"BOA VISTA";"RUA AURORA";"";"RUA PRINCESA IZABEL";"";"BOA VISTA";"22";"CIDADE";"TOMBAMENTO";NA;"1";"0";"0";"0";"0";"0";"0";"0";"1";"0";"Cruzamento";"Bom";"Sem defeito";"Perfeito estado";"Oleosa";"Perfeito estado";"";"Não há placas";"40 km/h";"Única";"Faixa contínua";"";""
"678";2020-01-23;"09:35:00";"SEM VÍTIMA";"FINALIZADA";"ILHA JOANA BEZERRA";"";"";"";"AO LADO DO FORUM DA JOANA BEZERRA";"ILHA JOANA BEZERRA";"38";"SUBURBIO";"COLISÃO TRASEIRA";2;"0";"0";"0";"0";"0";"0";"0";"0";"0";"0";"Longo da via";"Bom";"Sem defeito";"Perfeito estado";"Seca";"Perfeito estado";"Faixa de pedestre";"R-6c";"";"Dupla";"Canteiro central";"";""
"679";2020-01-23;"10:19:00";"SEM VÍTIMA";"FINALIZADA";"PRADO";"EST DOS REMEDIOS";"2034";"";"AO LADO DO BOB'S";"PRADO";NA;"";"COLISÃO TRASEIRA";2;"0";"0";"0";"0";"0";"0";"0";"0";"0";"0";"Longo da via";"Bom";"Não existe";"Perfeito estado";"Seca";"Perfeito estado";"Não existe";"R-6a";"";"Única";"Faixa contínua";"";""
"680";2020-01-23;"10:35:00";"SEM VÍTIMA";"FINALIZADA";"BAIRRO DO RECIFE";"CAIS DO APOLO";"";"";"EM FRENTE A PREFEITURA DO RECIFE";"BAIRRO DO RECIFE";"340";"CIDADE";"COLISÃO TRASEIRA";2;"0";"0";"0";"0";"0";"0";"0";"0";"0";"0";"Longo da via";"Bom";"Sem defeito";"Perfeito estado";"Seca";"Perfeito estado";"Agente";"Outras";"";"Dupla";"Faixa contínua";"Canteiro central";""
"681";2020-01-23;"11:03:00";"SEM VÍTIMA";"FINALIZADA";"SANTO AMARO";"AV GOVERNADOR AGAMENON MAGALHAES";"130";"";"PRÓXIMO AO POSTO DE COMBUSTÍVEL DISLUB";"SANTO AMARO";"378";"";"ABALROAMENTO LONGITUDINAL";1;"0";"0";"0";"0";"1";"0";"0";"0";"0";"0";"Cruzamento";"Bom";"Sem defeito";"Perfeito estado";"Seca";"Perfeito estado";"Não existe";"";"60 km/h";"Dupla";"Canteiro central";"";""
"682";2020-01-23;"11:15:00";"SEM VÍTIMA";"CANCELADA";"ILHA DO RETIRO";"AV ENGENHEIRO ABDIAS DE CARVALHO";"98";"";"PROX. AO SPORT- SENT. BR";"ILHA DO RETIRO";NA;"";"COLISÃO";2;"0";"0";"0";"0";"0";"0";"0";"0";"0";"0";"";"";"";"";"";"";"";"";"";"";"";"";""
"683";2020-01-23;"11:25:00";"COM VÍTIMA";"FINALIZADA";"CAXANGÁ";"AV CAXANGA";"1381";"";"EM FRENTE AO SUPERMERCADO STYLLO- SENT. CIDADE. IGREJA DE SÃO SEBASTIÃO";"CAXANGÁ";NA;"CIDADE";"COLISÃO";1;"2";"0";"0";"0";"0";"0";"0";"0";"2";"0";"Longo da via";"Bom";"";"Perfeito estado";"Seca";"Perfeito estado";"";"";"";"";"";"";""
"684";2020-01-23;"11:33:00";"SEM VÍTIMA";"FINALIZADA";"";"RUA GASTAO VIDIGAL";"679";"";"EM FRENTE AO Nº 679";"";NA;"SUBURBIO";"COLISÃO TRASEIRA";2;"0";"0";"0";"0";"0";"0";"0";"0";"0";"0";"Longo da via";"Bom";"Não existe";"Perfeito estado";"Seca";"Perfeito estado";"Não existe";"Não há placas";"";"Dupla";"Faixa contínua";"";""
"685";2020-01-23;"12:31:00";"COM VÍTIMA";"FINALIZADA";"PINA";"AVENIDA CELSO FURTADO (VIA MANGUE)";"";"";"PRAÇA MARCANTONIO VILLAÇA";"PINA";NA;"CIDADE";"COLISÃO TRASEIRA";NA;"1";"0";"0";"0";"0";"0";"0";"0";"1";"0";"Longo da via";"Bom";"Não existe";"Perfeito estado";"Seca";"Perfeito estado";"Não existe";"R-19";"60 km/h";"Dupla";"Canteiro central";"";""
"686";2020-01-23;"12:59:00";"SEM VÍTIMA";"CANCELADA";"ENCRUZILHADA";"AV JOAO DE BARROS";"";"AV NORTE";"NO SEMÁFORO 043";"ENCRUZILHADA";NA;"";"COLISÃO";2;"0";"0";"0";"0";"0";"0";"0";"0";"0";"0";"";"";"";"";"";"";"";"";"";"";"";"";""
"687";2020-01-23;"13:21:00";"SEM VÍTIMA";"FINALIZADA";"TORRE";"RUA ANTONIO DE PADUA M FERNANDES";"666";"";"";"TORRE";NA;"";"CHOQUE VEÍCULO PARADO";1;"0";"0";"0";"0";"0";"1";"0";"0";"0";"0";"Longo da via";"Bom";"Não existe";"Não existente";"Seca";"Perfeito estado";"Não existe";"Não há placas";"";"Dupla";"Não existe";"";""
"688";2020-01-23;"14:11:00";"SEM VÍTIMA";"CANCELADA";"MACAXEIRA";"AV NORTE";"";"";"EM FRENTE AO PARQUE DA MACAXEIRA";"MACAXEIRA";NA;"SUBURBIO";"COLISÃO";1;"0";"0";"0";"0";"0";"1";"0";"0";"0";"0";"";"";"";"";"";"";"";"";"";"";"";"";""
"689";2020-01-23;"14:11:00";"COM VÍTIMA";"FINALIZADA";"JORDÃO";"AV DONA CARENTINA";"2";"RUA BOANERGES PEREIRA";"NA PRAÇA DO JORDÃO";"JORDÃO";"581";"SUBURBIO";"COLISÃO TRASEIRA";NA;"2";"0";"0";"0";"0";"0";"0";"0";"2";"0";"Longo da via";"Bom";"Sem defeito";"Perfeito estado";"Seca";"Perfeito estado";"Faixa de pedestre";"Não há placas";"";"Dupla";"Não existe";"";""
"690";2020-01-23;"14:49:00";"SEM VÍTIMA";"FINALIZADA";"ILHA DO RETIRO";"RUA SPORT CLUBE DO RECIFE";"";"";"EM FRENTE AO SPORT CLUB DO RECIFE";"ILHA DO RETIRO";"355";"SUBURBIO";"ABALROAMENTO LONGITUDINAL";2;"0";"0";"0";"0";"0";"0";"0";"0";"0";"0";"";"Bom";"Sem defeito";"Ilegível";"Seca";"Perfeito estado";"Agente";"Não há placas";"40 km/h";"Única";"Faixa seccionada";"";""
"691";2020-01-23;"15:54:00";"COM VÍTIMA";"FINALIZADA";"ENCRUZILHADA";"AV BEBERIBE";"497";"";"EM FRENTE A GLAUBEMAR MECÂNICA DE AUTOS";"ENCRUZILHADA";NA;"CIDADE";"COLISÃO";1;"1";"0";"0";"0";"0";"0";"0";"0";"1";"0";"Longo da via";"Bom";"Não existe";"Perfeito estado";"Seca";"Perfeito estado";"Não existe";"Não há placas";"";"Dupla";"Faixa contínua";"";""
"692";2020-01-23;"16:16:00";"SEM VÍTIMA";"FINALIZADA";"JARDIM SÃO PAULO";"AV CENTRAL";"";"";"ESTAÇÃO WERNECK";"JARDIM SÃO PAULO";NA;"SUBURBIO";"ABALROAMENTO LONGITUDINAL";1;"0";"0";"0";"0";"1";"0";"0";"0";"0";"0";"Longo da via";"Bom";"Não existe";"Perfeito estado";"Seca";"Perfeito estado";"Não existe";"Não há placas";"30 km/h";"Única";"Não existe";"";""
"693";2020-01-23;"16:38:00";"SEM VÍTIMA";"FINALIZADA";"BOA VIAGEM";"RUA VISCONDE DE JEQUITINHONHA";"1656";"RUA JOSE MOREIRA LEAL";"";"BOA VIAGEM";NA;"SUBURBIO";"ABALROAMENTO TRANSVERSAL";2;"0";"0";"0";"0";"0";"0";"0";"0";"0";"0";"";"Bom";"Não existe";"Perfeito estado";"Seca";"Perfeito estado";"Faixa de pedestre";"Placas Pare";"30 km/h";"Única";"Faixa seccionada";"";""
"694";2020-01-23;"17:02:00";"SEM VÍTIMA";"FINALIZADA";"PINA";"AV HERCULANO BANDEIRA";"716";"";"ADVOCACIA GERAL DA UNIÃO";"PINA";NA;"SUBURBIO";"COLISÃO TRASEIRA";2;"0";"0";"0";"0";"0";"0";"0";"0";"0";"0";"Longo da via";"Bom";"Não existe";"Perfeito estado";"Seca";"Perfeito estado";"Não existe";"Não há placas";"";"Única";"Faixa seccionada";"";""
"695";2020-01-23;"17:42:00";"SEM VÍTIMA";"FINALIZADA";"SANTO ANTÔNIO";"RUA IMPERADOR PEDRO SEGUNDO";"221";"";"AO LADO DO BANCO SANTANDER";"SANTO ANTÔNIO";NA;"CIDADE";"ABALROAMENTO LONGITUDINAL";1;"0";"0";"0";"0";"0";"1";"0";"0";"0";"0";"Longo da via";"Bom";"Não existe";"Perfeito estado";"Seca";"Perfeito estado";"Não existe";"Não há placas";"";"Única";"Faixa seccionada";"";""
"696";2020-01-23;"18:47:00";"SEM VÍTIMA";"FINALIZADA";"BOA VIAGEM";"RUA FRANCISCO DA CUNHA";"530";"RUA DONA BENVINDA DE FARIAS";"AO LADO DO EDF. BESSY";"BOA VIAGEM";NA;"SUBURBIO";"ABALROAMENTO LONGITUDINAL";2;"0";"0";"0";"0";"0";"0";"0";"0";"0";"0";"Cruzamento";"Bom";"Não existe";"Perfeito estado";"Seca";"Perfeito estado";"Não existe";"Placas Pare";"";"Única";"Não existe";"";""
"697";2020-01-23;"19:21:00";"SEM VÍTIMA";"FINALIZADA";"IPUTINGA";"AV CAXANGA";"";"";"ESTAÇÃO DO BRT ENGENHO POETA";"IPUTINGA";"228";"CIDADE";"COLISÃO TRASEIRA";2;"0";"0";"0";"0";"0";"0";"0";"0";"0";"0";"Longo da via";"Bom";"Sem defeito";"Perfeito estado";"Seca";"Mal iluminada";"Faixa de pedestre";"Outras";"";"Dupla";"Canteiro central";"";""
"698";2020-01-23;"19:25:00";"SEM VÍTIMA";"DUPLICIDADE";"BOA VIAGEM";"RUA DONA BENVINDA DE FARIAS";"";"RUA FRANCISCO DA CUNHA";"NO CRUZAMENTO MESMO";"BOA VIAGEM";NA;"";"COLISÃO";2;"0";"0";"0";"0";"0";"0";"0";"0";"0";"0";"";"";"";"";"";"";"";"";"";"";"";"";""
"699";2020-01-23;"21:17:00";"SEM VÍTIMA";"FINALIZADA";"DERBY";"RUA JENER DE SOUZA";"";"";"SEMÁFORO Nº 418";"DERBY";"418";"CIDADE";"ABALROAMENTO LONGITUDINAL";1;"0";"0";"0";"0";"0";"1";"0";"0";"0";"0";"Longo da via";"Bom";"Sem defeito";"Perfeito estado";"Seca";"Perfeito estado";"Faixa de pedestre";"Outras";"";"Única";"Faixa contínua";"Faixa seccionada";"Canteiro central"
"700";2020-01-23;"22:11:00";"SEM VÍTIMA";"FINALIZADA";"BOA VIAGEM";"AV MARECHAL JUAREZ TAVORA";"440";"";"";"BOA VIAGEM";NA;"SUBURBIO";"COLISÃO TRASEIRA";2;"0";"0";"0";"0";"0";"0";"0";"0";"0";"0";"Longo da via";"Bom";"Não existe";"Perfeito estado";"Seca";"Perfeito estado";"Não existe";"Não há placas";"";"Única";"Faixa seccionada";"";""
"701";2020-01-23;"22:23:00";"COM VÍTIMA";"FINALIZADA";"ESPINHEIRO";"RUA DO ESPINHEIRO";"200";"RUA SANTO ELIAS";"";"ESPINHEIRO";NA;"CIDADE";"ABALROAMENTO TRANSVERSAL";1;"1";"0";"0";"0";"0";"0";"0";"0";"1";"0";"Cruzamento";"Bom";"Não existe";"Incompleta";"Seca";"Perfeito estado";"Faixa de pedestre";"R-6a";"";"Única";"Faixa contínua";"";""
"702";2020-01-24;"07:55:00";"SEM VÍTIMA";"FINALIZADA";"TAMARINEIRA";"AV CONS ROSA E SILVA";"";"RUA CONEGO BARATA";"SOB O SEMÁFORO 061 SENTIDO ÚNICO";"TAMARINEIRA";"61";"";"COLISÃO TRASEIRA";1;"1";"0";"0";"0";"0";"0";"0";"0";"0";"0";"Cruzamento";"Bom";"Sem defeito";"Perfeito estado";"Seca";"Perfeito estado";"Agente";"Não há placas";"60 km/h";"Única";"Não existe";"";""
"703";2020-01-24;"08:39:00";"COM VÍTIMA";"FINALIZADA";"IPUTINGA";"AV CAXANGA";"3217";"";"E/F A DISNOVE";"IPUTINGA";NA;"CIDADE";"COLISÃO TRASEIRA";NA;"2";"0";"0";"0";"0";"0";"0";"0";"1";"0";"Longo da via";"Bom";"Não existe";"Perfeito estado";"Seca";"Perfeito estado";"Não existe";"Outras";"";"Dupla";"Faixa contínua";"Faixa seccionada";"Canteiro central"
"704";2020-01-24;"09:25:00";"SEM VÍTIMA";"CANCELADA";"CORDEIRO";"RUA DELMIRO GOUVEIA";"";"1SB BARAO DE CAMAQUA";"RESTAURANTE ESPETINHO LEGAL// FARMACIA DROGAMARIA";"CORDEIRO";"422";"CEASA";"COLISÃO";1;"0";"0";"0";"0";"1";"0";"0";"0";"0";"0";"";"";"";"";"";"";"";"";"";"";"";"";""
"705";2020-01-24;"10:02:00";"SEM VÍTIMA";"CANCELADA";"DERBY";"RUA HENRIQUE DIAS";"";"RUA BARAO DE GOIANA";"COLEGIO MILITAR";"DERBY";NA;"";"COLISÃO";1;"1";"0";"0";"0";"0";"0";"0";"0";"0";"0";"";"";"";"";"";"";"";"";"";"";"";"";""
"706";2020-01-24;"10:45:00";"SEM VÍTIMA";"FINALIZADA";"TORRÕES";"RUA ANTONIO CARLOS";"74";"";"ESQUINA DO COLEGIO FANTAINHA DE ABREU";"TORRÕES";NA;"SUBURBIO";"ABALROAMENTO LONGITUDINAL";1;"0";"0";"0";"0";"0";"1";"0";"0";"0";"0";"Longo da via";"Bom";"Não existe";"Incompleta";"Seca";"Perfeito estado";"Não existe";"Não há placas";"";"Única";"Não existe";"";""
"707";2020-01-24;"11:14:00";"SEM VÍTIMA";"FINALIZADA";"PINA";"AV HERCULANO BANDEIRA";"840";"RUA MANOEL DE BRITO";"AO LADO DA PASSARELA DA AV. HERCULANO BANDEIRA";"PINA";NA;"SUBURBIO";"COLISÃO FRONTAL";1;"0";"0";"0";"0";"1";"0";"0";"0";"0";"0";"Longo da via";"Bom";"Não existe";"Perfeito estado";"Seca";"Perfeito estado";"Agente";"Não há placas";"60 km/h";"Única";"Faixa seccionada";"";""