"";"data";"hora";"natureza_acidente";"situacao";"bairro";"endereco";"numero";"detalhe_endereco_acidente";"complemento";"bairro_cruzamento";"num_semaforo";"sentido_via";"tipo";"auto";"moto";"ciclom";"ciclista";"pedestre";"onibus";"caminhao";"viatura";"outros";"vitimas";"vitimasfatais";"acidente_verificado";"tempo_clima";"situacao_semaforo";"sinalizacao";"condicao_via";"conservacao_via";"ponto_controle";"situacao_placa";"velocidade_max_via";"mao_direcao";"divisao_via1";"divisao_via2";"divisao_via3"
"1295";2020-02-12;"07:18:00";"SEM VÍTIMA";"FINALIZADA";"MADALENA";"AV BEIRA RIO";"591";"";"EDF: SOBRADO DO CAPIBARIBE";"MADALENA";NA;"SUBURBIO";"COLISÃO";2;"0";"0";"0";"0";"0";"0";"0";"0";"0";"0";"Longo da via";"Bom";"Não existe";"Perfeito estado";"Seca";"Perfeito estado";"Outros";"";"";"Dupla";"Faixa seccionada";"";""
"1296";2020-02-12;"07:40:00";"SEM VÍTIMA";"FINALIZADA";"AFOGADOS";"EST DOS REMEDIOS";"367";"RUA DO ACRE";"EM FRENTE A PAPELARIA VASCONCELOS- SENT. ABDIAS";"AFOGADOS";NA;"";"COLISÃO";1;"0";"0";"0";"0";"0";"1";"0";"0";"0";"0";"Cruzamento";"Bom";"Não existe";"Perfeito estado";"Seca";"Perfeito estado";"Faixa de pedestre";"Outras";"30 km/h";"Única";"Faixa seccionada";"";""
"1297";2020-02-12;"08:07:00";"SEM VÍTIMA";"CANCELADA";"PRADO";"AV ENGENHEIRO ABDIAS DE CARVALHO";"";"RUA JOAO IVO DA SILVA";"POSTO BR -OS VEICULOS ESTÃO NO ESTACIONAMENTO DO POSTO";"PRADO";"132";"CIDADE";"COLISÃO";2;"0";"0";"0";"0";"0";"0";"0";"0";"0";"0";"";"";"";"";"";"";"";"";"";"";"";"";""
"1298";2020-02-12;"08:12:00";"COM VÍTIMA";"FINALIZADA";"SANTO ANTÔNIO";"AV MARTINS DE BARROS";"";"PTE CONDE MAURICIO DE NASSAU";"PRÓXIMO A PARADA DO BRT.";"SANTO ANTÔNIO";NA;"";"ATROPELAMENTO";NA;"0";"0";"0";"1";"1";"0";"0";"0";"1";"0";"Longo da via";"Bom";"Sem defeito";"Perfeito estado";"Seca";"Perfeito estado";"Faixa de pedestre";"Outras";"30 km/h";"Única";"Canteiro central";"";""
"1299";2020-02-12;"08:55:00";"SEM VÍTIMA";"FINALIZADA";"BOA VIAGEM";"RUA MINISTRO NELSON HUNGRIA";"334";"RUA PROFESSOR JOSE BRANDAO";"PROX. AO COLEGIO SANTA MARIA";"BOA VIAGEM";NA;"SUBURBIO";"COLISÃO";2;"0";"0";"0";"0";"0";"0";"0";"0";"0";"0";"Cruzamento";"Bom";"Não existe";"Perfeito estado";"Seca";"Perfeito estado";"Não existe";"Placas Pare";"";"Única";"Não existe";"";""
"1300";2020-02-12;"09:03:00";"SEM VÍTIMA";"FINALIZADA";"DERBY";"RUA GUILHERME PINTO";"360";"RUA MANOEL CAETANO";"BLOCO B DA UNINASSAU// PRAÇA GUILHERME PINTO// QUARTEL DO DERBY";"DERBY";NA;"CIDADE";"COLISÃO";2;"0";"0";"0";"0";"0";"0";"0";"0";"0";"0";"Cruzamento";"Bom";"Não existe";"Perfeito estado";"Seca";"Perfeito estado";"Não existe";"R-6a";"20 km/h";"Única";"Não existe";"";""
"1301";2020-02-12;"09:03:00";"SEM VÍTIMA";"FINALIZADA";"BOA VISTA";"RUA BARAO DE SAO BORJA";"156";"RUA JOSE DE ALENCAR";"PROX. AO SHOPPING BOA VISTA";"BOA VISTA";NA;"SUBURBIO";"COLISÃO";1;"0";"0";"0";"0";"0";"1";"0";"0";"0";"0";"Cruzamento";"Chuvoso";"Não existe";"Incompleta";"Molhada";"Perfeito estado";"Não existe";"R-4b";"";"Única";"Não existe";"";""
"1302";2020-02-12;"09:16:00";"SEM VÍTIMA";"FINALIZADA";"MACAXEIRA";"AV NORTE";"";"";"NO GIRADORO DA MACAXEIRA";"MACAXEIRA";NA;"SUBURBIO";"COLISÃO";2;"0";"0";"0";"0";"0";"0";"0";"0";"0";"0";"Longo da via";"Bom";"Não existe";"Perfeito estado";"Seca";"Perfeito estado";"Não existe";"R-6a";"";"Única";"Não existe";"";""
"1303";2020-02-12;"09:21:00";"SEM VÍTIMA";"FINALIZADA";"IMBIRIBEIRA";"AV MARECHAL MASCARENHAS DE MORAES";"4805";"";"EM FRENTE AO MARTELINHO DE OURO- SENT. AFOGADOS";"IMBIRIBEIRA";NA;"SUBURBIO";"ABALROAMENTO LONGITUDINAL";2;"0";"0";"0";"0";"0";"0";"0";"0";"0";"0";"Longo da via";"Bom";"Não existe";"Perfeito estado";"Seca";"Perfeito estado";"Não existe";"Não há placas";"";"Dupla";"Canteiro central";"";""
"1304";2020-02-12;"09:36:00";"SEM VÍTIMA";"FINALIZADA";"CASA FORTE";"EST REAL DO POCO";"1465";"";"PROX: PRAÇA DE CASA FORTE";"CASA FORTE";NA;"CIDADE";"COLISÃO";2;"0";"0";"0";"0";"0";"0";"0";"0";"0";"0";"Esquina";"Bom";"Não existe";"Perfeito estado";"Seca";"Perfeito estado";"Não existe";"Não há placas";"40 km/h";"Dupla";"Faixa seccionada";"";""
"1305";2020-02-12;"09:37:00";"SEM VÍTIMA";"FINALIZADA";"CAXANGÁ";"AV JOAQUIM RIBEIRO";"740";"";"EM FRENTE A MADEIREIRA ESPLENDOR";"CAXANGÁ";NA;"SUBURBIO";"ENGAVETAMENTO";3;"0";"0";"0";"0";"0";"0";"0";"0";"0";"0";"Longo da via";"Bom";"Não existe";"Perfeito estado";"Seca";"Perfeito estado";"Não existe";"Não há placas";"";"Dupla";"Faixa seccionada";"Canteiro central";""
"1306";2020-02-12;"09:47:00";"SEM VÍTIMA";"FINALIZADA";"CASA FORTE";"EST DO ENCANAMENTO";"1210";"RUA IRMA LUCIA";"IGREJA PRESBITERIANA";"CASA FORTE";NA;"SUBURBIO";"COLISÃO";1;"1";"0";"0";"0";"0";"0";"0";"0";"0";"0";"Cruzamento";"Bom";"Não existe";"Perfeito estado";"Seca";"Perfeito estado";"Faixa de pedestre";"Placas Pare";"";"Única";"Não existe";"";""
"1307";2020-02-12;"10:01:00";"SEM VÍTIMA";"CANCELADA";"JARDIM SÃO PAULO";"AV RECIFE";"5555";"";"PROX. A JUSTIÇA FEDERAL- SENT. BOA VIAGEM";"JARDIM SÃO PAULO";NA;"";"ENGAVETAMENTO";5;"0";"0";"0";"0";"0";"0";"0";"0";"0";"0";"";"";"";"";"";"";"";"";"";"";"";"";""
"1308";2020-02-12;"11:16:00";"SEM VÍTIMA";"CANCELADA";"GRAÇAS";"AV RUI BARBOSA";"251";"";"EM FRENTE AO ESTACIONAMENTO DO BANCO ITAU";"GRAÇAS";NA;"";"COLISÃO";2;"0";"0";"0";"0";"0";"0";"0";"0";"0";"0";"";"";"";"";"";"";"";"";"";"";"";"";""
"1309";2020-02-12;"11:33:00";"SEM VÍTIMA";"FINALIZADA";"BOA VISTA";"RUA JOSE DE ALENCAR";"137";"RUA BARAO DE SAO BORJA";"EM FRENTE AO HOTEL BOA VISTA";"BOA VISTA";NA;"CIDADE";"COLISÃO";2;"0";"0";"0";"0";"0";"0";"0";"0";"0";"0";"Cruzamento";"Bom";"Não existe";"Incompleta";"Seca";"Perfeito estado";"Não existe";"R-4b";"";"Única";"Não existe";"";""
"1310";2020-02-12;"11:33:00";"SEM VÍTIMA";"FINALIZADA";"GRAÇAS";"AV GOVERNADOR AGAMENON MAGALHAES";"";"";"EM FRENTE A ESCOLA ESTADUAL BARBOSA LIMA- SENT. BOA VIAGEM";"GRAÇAS";"37";"";"COLISÃO";1;"0";"0";"0";"0";"0";"1";"0";"0";"0";"0";"Esquina";"Bom";"Sem defeito";"Perfeito estado";"Seca";"Perfeito estado";"Faixa de pedestre";"Outras";"60 km/h";"Dupla";"Faixa seccionada";"Canteiro central";"Canal"
"1311";2020-02-12;"11:44:00";"SEM VÍTIMA";"FINALIZADA";"PINA";"AV HERCULANO BANDEIRA";"563";"RUA SAO LUIZ";"EM FRENTE AO TABELIONATO FIGUEIREDO";"PINA";NA;"SUBURBIO";"COLISÃO";1;"0";"0";"0";"0";"1";"0";"0";"0";"0";"0";"Cruzamento";"Bom";"Não existe";"Incompleta";"Seca";"Perfeito estado";"Não existe";"Outras";"30 km/h";"Única";"Faixa seccionada";"";""
"1312";2020-02-12;"12:37:00";"SEM VÍTIMA";"FINALIZADA";"CORDEIRO";"AV ENGENHEIRO ABDIAS DE CARVALHO";"";"";"COMPAZ";"CORDEIRO";"58";"SUBURBIO";"COLISÃO";1;"1";"0";"0";"0";"0";"0";"0";"0";"0";"0";"Longo da via";"Bom";"Sem defeito";"Perfeito estado";"Seca";"Perfeito estado";"Agente";"Outras";"60 km/h";"Única";"Canteiro central";"";""
"1313";2020-02-12;"12:59:00";"SEM VÍTIMA";"FINALIZADA";"SANTO AMARO";"AV NORTE";"68";"RUA DA AURORA";"E/F AO NUCLEO DE TELEVISÃO RADIO UNIVERSITÁRIA (SENT. AV NORTE)";"SANTO AMARO";NA;"SUBURBIO";"COLISÃO";NA;"2";"0";"0";"0";"1";"0";"0";"0";"0";"0";"Longo da via";"Bom";"Sem defeito";"Perfeito estado";"Seca";"Perfeito estado";"Não existe";"Não há placas";"";"Dupla";"Canteiro central";"";""
"1314";2020-02-12;"13:14:00";"COM VÍTIMA";"FINALIZADA";"ENGENHO DO MEIO";"RUA FRANCISCO BEZERRA MONTEIRO";"602";"RUA ANTONIO DA SILVA";"PROX A RETORIA DA FEDERAL";"ENGENHO DO MEIO";NA;"ANTONIO CURADO";"COLISÃO FRONTAL";1;"1";"0";"0";"0";"0";"0";"0";"0";"1";"0";"Cruzamento";"Bom";"Não existe";"Não existente";"Seca";"Mal conservada";"Não existe";"Não há placas";"";"Dupla";"Não existe";"";""
"1315";2020-02-12;"13:37:00";"SEM VÍTIMA";"FINALIZADA";"JORDÃO";"AV MARIA IRENE";"865";"";"EM FRENTE A FRIOS E LANCHES";"JORDÃO";NA;"CIDADE";"COLISÃO";1;"0";"0";"0";"0";"0";"1";"0";"0";"0";"0";"Longo da via";"Bom";"Não existe";"Perfeito estado";"Seca";"Perfeito estado";"Não existe";"Não há placas";"";"Dupla";"Faixa contínua";"";""
"1316";2020-02-12;"14:02:00";"SEM VÍTIMA";"FINALIZADA";"BOA VISTA";"AV GUARARAPES";"";"AV GUARARAPES";"EM FRENTE AOS CORREIOS";"BOA VISTA";"14";"SUBURBIO";"COLISÃO";2;"0";"0";"0";"0";"0";"0";"0";"0";"0";"0";"Cruzamento";"Bom";"Sem defeito";"Perfeito estado";"Seca";"Perfeito estado";"Não existe";"Não há placas";"";"Única";"Faixa seccionada";"";""
"1317";2020-02-12;"14:18:00";"SEM VÍTIMA";"CANCELADA";"GRAÇAS";"PRC DO ENTRONCAMENTO";"";"";"EM FRENTE A PRAÇA DO ENTROCAMENTO E A PHARMAPELE/ SENTIDO DERBY";"GRAÇAS";NA;"";"COLISÃO";2;"0";"0";"0";"0";"0";"0";"0";"0";"0";"0";"";"";"";"";"";"";"";"";"";"";"";"";""
"1318";2020-02-12;"14:25:00";"SEM VÍTIMA";"FINALIZADA";"MADALENA";"AV BEIRA RIO";"";"AV BEIRA RIO";"EM CIMA DA PONTE DA CAPUNGA";"MADALENA";"387";"SUBURBIO";"COLISÃO";2;"0";"0";"0";"0";"0";"0";"0";"0";"0";"0";"Ponte";"Bom";"Sem defeito";"Perfeito estado";"Seca";"";"Agente";"Não há placas";"";"Dupla";"Faixa contínua";"";""
"1319";2020-02-12;"14:30:00";"SEM VÍTIMA";"FINALIZADA";"BOA VIAGEM";"AV ENGENHEIRO DOMINGOS FERREIRA";"";"RUA PEREIRA DA COSTA";"E/F AO CLINICAL CENTER";"BOA VIAGEM";"142";"SUBURBIO";"COLISÃO";2;"0";"0";"0";"0";"0";"0";"0";"0";"0";"0";"Longo da via";"Bom";"Sem defeito";"Perfeito estado";"Seca";"Perfeito estado";"Agente";"Não há placas";"60 km/h";"Única";"Canteiro central";"";""
"1320";2020-02-12;"14:53:00";"SEM VÍTIMA";"FINALIZADA";"DERBY";"PTE DELMIRO GOUVEIA";"";"AV GOVERNADOR AGAMENON MAGALHAES";"EM CIMA DA PONTE DELMIRO GOUVEIA";"DERBY";"75";"CIDADE";"COLISÃO";2;"0";"0";"0";"0";"0";"0";"0";"0";"0";"0";"Longo da via";"Bom";"Sem defeito";"Perfeito estado";"Seca";"Perfeito estado";"Faixa de retenção";"Outras";"60 km/h";"Dupla";"Não existe";"";""
"1321";2020-02-12;"15:01:00";"SEM VÍTIMA";"FINALIZADA";"SANTO AMARO";"AV CRUZ CABUGA";"";"";"EM FRENTE AO HOSPITAL SANTA CASA DA MISERICORDIA";"SANTO AMARO";"344";"SUBURBIO";"COLISÃO";1;"0";"0";"0";"0";"1";"0";"0";"0";"0";"0";"Longo da via";"Bom";"Sem defeito";"Perfeito estado";"Seca";"Perfeito estado";"Não existe";"Não há placas";"";"Dupla";"Não existe";"";""
"1322";2020-02-12;"15:07:00";"SEM VÍTIMA";"FINALIZADA";"SANTO AMARO";"AV NORTE";"128";"";"PROXIMO AO ESPAÇO CRESCENTE";"SANTO AMARO";"97";"SUBURBIO";"COLISÃO";1;"0";"0";"0";"0";"1";"0";"0";"0";"0";"0";"Longo da via";"Bom";"Sem defeito";"Perfeito estado";"Seca";"Perfeito estado";"Faixa de pedestre";"";"";"Dupla";"Canteiro central";"";""
"1323";2020-02-12;"15:08:00";"SEM VÍTIMA";"EQUIPE EM DESLOCAMENTO";"BOA VISTA";"RUA TABIRA";"";"AV GOVERNADOR AGAMENON MAGALHAES";"E/F AO BRADESCO AUTO CENTER";"BOA VISTA";NA;"CIDADE";"COLISÃO";2;"0";"0";"0";"0";"0";"0";"0";"0";"0";"0";"Esquina";"Bom";"Não existe";"Perfeito estado";"Seca";"Perfeito estado";"Faixa de pedestre";"Não há placas";"";"Única";"Faixa seccionada";"";""
"1324";2020-02-12;"15:33:00";"SEM VÍTIMA";"FINALIZADA";"BAIRRO DO RECIFE";"AV ALFREDO LISBOA";"";"";"EM FRENTE A ESCOLA MUNICIPAL NOSSA SENHORA DO PILAR";"BAIRRO DO RECIFE";NA;"SUBURBIO";"COLISÃO";2;"0";"0";"0";"0";"0";"0";"0";"0";"0";"0";"Longo da via";"Bom";"Não existe";"Perfeito estado";"Seca";"Perfeito estado";"Não existe";"";"60 km/h";"Única";"Faixa contínua";"Faixa seccionada";""
"1325";2020-02-12;"15:37:00";"SEM VÍTIMA";"FINALIZADA";"DERBY";"RUA JENER DE SOUZA";"449";"RUA DA BAIXA VERDE";"E/F AO QUARTEL DO DERBY";"DERBY";NA;"CIDADE";"COLISÃO";1;"0";"0";"0";"0";"1";"0";"0";"0";"0";"0";"Cruzamento";"Bom";"Não existe";"Perfeito estado";"Seca";"Perfeito estado";"Não existe";"Outras";"";"Única";"Canteiro central";"";""
"1326";2020-02-12;"15:39:00";"SEM VÍTIMA";"FINALIZADA";"ESPINHEIRO";"RUA BARAO DE ITAMARACA";"101";"";"ANTES DO SUPERMERCADO SOBERANO";"ESPINHEIRO";"464";"SUBURBIO";"COLISÃO";2;"0";"0";"0";"0";"0";"0";"0";"0";"0";"0";"Longo da via";"Bom";"Sem defeito";"Perfeito estado";"Seca";"Perfeito estado";"Faixa de pedestre";"R-6a";"";"Única";"Não existe";"";""
"1327";2020-02-12;"16:01:00";"COM VÍTIMA";"FINALIZADA";"BOA VIAGEM";"AV CONSELHEIRO AGUIAR";"2065";"";"E/F A CAIXA ECONOMICA";"BOA VIAGEM";NA;"CIDADE";"COLISÃO COM CICLISTA";1;"0";"0";"1";"0";"0";"0";"0";"0";"1";"0";"Longo da via";"Bom";"Não existe";"Perfeito estado";"Seca";"Perfeito estado";"Não existe";"Outras";"";"Única";"Faixa contínua";"";""
"1328";2020-02-12;"16:07:00";"COM VÍTIMA";"FINALIZADA";"ILHA DO LEITE";"RUA PREFEITO JORGE MARTINS";"";"";"SENTIDO HOSPITAL ESPERANÇA/ EM BAIXO DA PONTE JOSÉ DE BARROS LIMA.";"ILHA DO LEITE";NA;"";"COLISÃO TRASEIRA";1;"1";"0";"0";"0";"0";"0";"0";"0";"1";"0";"Longo da via";"Bom";"Não existe";"Perfeito estado";"Seca";"Perfeito estado";"";"";"";"Única";"Faixa seccionada";"";""
"1329";2020-02-12;"16:33:00";"SEM VÍTIMA";"CANCELADA";"ESPINHEIRO";"RUA CONS PORTELA";"78";"";"E/F AO SALÃO BELAS ART'S";"ESPINHEIRO";NA;"";"COLISÃO";1;"0";"0";"0";"0";"0";"1";"0";"0";"0";"0";"";"";"";"";"";"";"";"";"";"";"";"";""
"1330";2020-02-12;"16:35:00";"SEM VÍTIMA";"FINALIZADA";"SANTO AMARO";"RUA DO HOSPICIO";"";"";"EM FRENTE A PRAÇA TREZE DE MAIO";"SANTO AMARO";NA;"CIDADE";"COLISÃO";2;"0";"0";"0";"0";"0";"0";"0";"0";"0";"0";"Longo da via";"Bom";"Não existe";"Incompleta";"Seca";"Perfeito estado";"Não existe";"Não há placas";"";"Dupla";"Faixa seccionada";"";""
"1331";2020-02-12;"16:40:00";"SEM VÍTIMA";"FINALIZADA";"SANTO AMARO";"AV CRUZ CABUGA";"1419";"RUA MORAES DE INHAMA";"E/F A COMPESA";"SANTO AMARO";"344";"OLINDA";"COLISÃO";2;"0";"0";"0";"0";"0";"0";"0";"0";"0";"0";"Longo da via";"Bom";"Sem defeito";"Perfeito estado";"Seca";"Perfeito estado";"Não existe";"R-6a";"";"Dupla";"Faixa contínua";"";""
"1332";2020-02-12;"16:47:00";"COM VÍTIMA";"FINALIZADA";"IPUTINGA";"RUA GASPAR PEREZ";"";"RUA OSVALDO GUIMARAES";"PROXIMO À ANTIGA TELEMAR";"IPUTINGA";NA;"SUBURBIO";"ABALROAMENTO TRANSVERSAL";1;"1";"0";"0";"0";"0";"0";"0";"0";"2";"0";"Cruzamento";"Bom";"Não existe";"Perfeito estado";"Seca";"Perfeito estado";"Outros";"Outras";"30 km/h";"Dupla";"Não existe";"";""
"1333";2020-02-12;"17:17:00";"SEM VÍTIMA";"FINALIZADA";"TORRE";"RUA JOSE DE HOLANDA";"485";"";"NA RUA DO NOVO MERCADO DA TORRE";"TORRE";NA;"";"COLISÃO";1;"1";"0";"0";"0";"0";"0";"0";"0";"0";"0";"Longo da via";"Bom";"Não existe";"Não existente";"Seca";"Perfeito estado";"Não existe";"Não há placas";"30 km/h";"Única";"Não existe";"";""
"1334";2020-02-12;"17:46:00";"SEM VÍTIMA";"EQUIPE EM DESLOCAMENTO";"MADALENA";"RUA LOPES DE CARVALHO";"174";"1 TRV JUSTICA E PAZ";"PROXIMO A CONCESSIONARIA ASTRAL";"MADALENA";NA;"";"COLISÃO";1;"0";"0";"0";"0";"0";"1";"0";"0";"0";"0";"Esquina";"Bom";"Não existe";"Perfeito estado";"Seca";"Perfeito estado";"Não existe";"Não há placas";"";"Única";"Não existe";"";""
"1335";2020-02-12;"17:53:00";"SEM VÍTIMA";"FINALIZADA";"BOA VIAGEM";"RUA SA E SOUZA";"";"RUA BARAO DE SOUZA LEAO";"EM FRENTE A SOCIMACO";"BOA VIAGEM";"159";"CIDADE";"COLISÃO";1;"0";"0";"0";"0";"1";"0";"0";"0";"0";"0";"Esquina";"Bom";"Sem defeito";"Perfeito estado";"Seca";"Perfeito estado";"Faixa de pedestre";"Não há placas";"60 km/h";"Única";"Faixa seccionada";"";""
"1336";2020-02-12;"18:05:00";"SEM VÍTIMA";"CANCELADA";"IBURA";"AV DOIS RIOS";"";"";"E/ F AO CLUBE DO SESI";"IBURA";NA;"";"COLISÃO";2;"0";"0";"0";"0";"0";"0";"0";"0";"0";"0";"";"";"";"";"";"";"";"";"";"";"";"";""
"1337";2020-02-12;"19:00:00";"SEM VÍTIMA";"FINALIZADA";"IPSEP";"AV SENADOR ROBERT KENNEDY";"677";"";"AO LADO DO AR RAÇÕES- PROX DE FERNANDO ÁGUA";"IPSEP";NA;"CIDADE";"COLISÃO";1;"0";"0";"0";"0";"0";"1";"0";"0";"0";"0";"Longo da via";"Bom";"Não existe";"Não existente";"Seca";"Perfeito estado";"Não existe";"Não há placas";"";"Dupla";"Canal";"";""
"1338";2020-02-12;"19:56:00";"SEM VÍTIMA";"FINALIZADA";"BOA VIAGEM";"RUA BRUNO VELOSO";"";"";"E/F A POSTO BR";"BOA VIAGEM";NA;"CIDADE";"COLISÃO";2;"0";"0";"0";"0";"0";"0";"0";"0";"0";"0";"Longo da via";"Bom";"Não existe";"Incompleta";"Seca";"Mal conservada";"Faixa de pedestre";"R-6a";"";"Única";"Faixa seccionada";"";""
"1339";2020-02-12;"20:41:00";"COM VÍTIMA";"FINALIZADA";"PINA";"AV ENGENHEIRO DOMINGOS FERREIRA";"";"RUA TOME GIBSON";"";"PINA";"200";"SUBURBIO";"COLISÃO COM CICLISTA";1;"0";"0";"1";"0";"0";"0";"0";"0";"1";"0";"Cruzamento";"Bom";"Sem defeito";"Perfeito estado";"Seca";"Perfeito estado";"Faixa de pedestre";"Não há placas";"";"Única";"Faixa contínua";"Faixa seccionada";"Canteiro central"
"1340";2020-02-12;"21:25:00";"SEM VÍTIMA";"FINALIZADA";"MACAXEIRA";"AV NORTE";"";"";"APÓS O PARQUE DA MACAXEIRA- PROX DA OFICINA BRASIL";"MACAXEIRA";NA;"CIDADE";"COLISÃO";1;"0";"0";"0";"0";"1";"0";"0";"0";"0";"0";"Longo da via";"Bom";"Não existe";"Perfeito estado";"Seca";"Perfeito estado";"Não existe";"Outras";"60 km/h";"Dupla";"Canteiro central";"";""
"1341";2020-02-12;"22:38:00";"COM VÍTIMA";"CANCELADA";"PINA";"AV CONSELHEIRO AGUIAR";"";"";"E/F AO CAMINHO DA SORTE";"PINA";NA;"";"COLISÃO";NA;"1";"0";"0";"0";"0";"0";"0";"0";"1";"0";"";"";"";"";"";"";"";"";"";"";"";"";""
"1342";2020-02-12;"23:06:00";"SEM VÍTIMA";"FINALIZADA";"BOA VIAGEM";"RUA VISCONDE DE JEQUITINHONHA";"2390";"";"PROX DO RECIFE FLAT SERVICE- AO LADO DO EDIFÍCIO SAINT JOHN";"BOA VIAGEM";NA;"SUBURBIO";"CHOQUE VEÍCULO PARADO";2;"0";"0";"0";"0";"0";"0";"0";"0";"0";"0";"Longo da via";"Bom";"Não existe";"Perfeito estado";"Seca";"Perfeito estado";"Não existe";"Não há placas";"";"Única";"Faixa seccionada";"";""
"1343";2020-02-12;"23:29:00";"COM VÍTIMA";"FINALIZADA";"BOA VIAGEM";"RUA JACK AYRES";"";"AV FERNANDO SIMOES BARBOSA";"NA SAIDA DO SHOPPING RECIFE";"BOA VIAGEM";"183";"SUBURBIO";"COLISÃO FRONTAL";1;"1";"0";"0";"0";"0";"0";"0";"0";"1";"0";"Cruzamento";"Bom";"Com defeito";"Perfeito estado";"Seca";"Perfeito estado";"Não existe";"Não há placas";"";"Dupla";"Faixa seccionada";"";""
"1344";2020-02-13;"00:07:00";"SEM VÍTIMA";"FINALIZADA";"COHAB";"AV MATO GROSSO";"44";"";"PROX DA ASSEMBLEIA DE DEUS";"COHAB";NA;"SUBURBIO";"COLISÃO";1;"0";"0";"0";"0";"0";"0";"1";"0";"0";"0";"Longo da via";"Bom";"Não existe";"Perfeito estado";"Seca";"Perfeito estado";"Não existe";"Não há placas";"";"Dupla";"Faixa seccionada";"";""
"1345";2020-02-13;"03:23:00";"SEM VÍTIMA";"FINALIZADA";"AFOGADOS";"RUA IMPERIAL";"";"";"NA DESCIDA DO VIADUTO- SENTIDO AFOGADOS";"AFOGADOS";NA;"SUBURBIO";"CHOQUE";1;"0";"0";"0";"0";"0";"0";"0";"0";"0";"0";"Viaduto";"Chuvoso";"Não existe";"Não existente";"Molhada";"Mal iluminada";"Não existe";"Não há placas";"";"Única";"Não existe";"";""
"1346";2020-02-13;"03:36:00";"SEM VÍTIMA";"CANCELADA";"BOA VIAGEM";"RUA HENRIQUE CAPITULINO";"";"";"EM FRENTE AO BAR DO PAULINHO- PROX DO POSTO PETROBRAS";"BOA VIAGEM";NA;"";"COLISÃO";2;"0";"0";"0";"0";"0";"0";"0";"0";"0";"0";"";"";"";"";"";"";"";"";"";"";"";"";""
"1347";2020-02-13;"05:46:00";"SEM VÍTIMA";"FINALIZADA";"DERBY";"RUA JENER DE SOUZA";"635";"RUA DA BAIXA VERDE";"AO LADO DO QUARTEL DO DERBY- PROX DO RESTAURANTE SEU FERREIRA";"DERBY";NA;"SUBURBIO";"COLISÃO";2;"0";"0";"0";"0";"0";"0";"0";"0";"0";"0";"Cruzamento";"Chuvoso";"Não existe";"Perfeito estado";"Molhada";"Perfeito estado";"Faixa de pedestre";"Outras";"";"Dupla";"Faixa seccionada";"Canteiro central";""
"1348";2020-02-13;"07:40:00";"COM VÍTIMA";"FINALIZADA";"ESPINHEIRO";"RUA DR VICENTE MEIRA";"108";"RUA VIGARIO BARRETO";"OTICA DINIZ";"ESPINHEIRO";NA;"CIDADE";"ABALROAMENTO TRANSVERSAL";1;"1";"0";"0";"0";"0";"0";"0";"0";"1";"0";"Esquina";"Chuvoso";"Não existe";"Incompleta";"Seca";"Perfeito estado";"Não existe";"Não há placas";"20 km/h";"Dupla";"Faixa seccionada";"";""
"1349";2020-02-13;"08:01:00";"SEM VÍTIMA";"FINALIZADA";"SAN MARTIN";"RUA JOSE VELOSO";"16";"RUA COMENDADOR FRANCO FERREIRA";"PROX A CAVALARIA / AO LADO DA PRAÇA";"SAN MARTIN";NA;"";"COLISÃO";2;"0";"0";"0";"0";"0";"0";"0";"0";"0";"0";"Cruzamento";"Bom";"Não existe";"Incompleta";"Seca";"Mal conservada";"Não existe";"Placas Pare";"";"Dupla";"Não existe";"";""
"1350";2020-02-13;"08:31:00";"SEM VÍTIMA";"FINALIZADA";"JARDIM SÃO PAULO";"RUA LORENA";"";"RUA LEANDRO BARRETO";"AO LADO DA ACADEMIA WM";"JARDIM SÃO PAULO";NA;"SUBURBIO";"COLISÃO";1;"0";"0";"0";"0";"0";"1";"0";"0";"0";"0";"Cruzamento";"Bom";"Não existe";"Incompleta";"Seca";"Perfeito estado";"Não existe";"Não há placas";"30 km/h";"Dupla";"Faixa seccionada";"";""
"1351";2020-02-13;"10:06:00";"SEM VÍTIMA";"FINALIZADA";"TORRÕES";"AV ENGENHEIRO ABDIAS DE CARVALHO";"1331";"";"E FRENTE A O POSTO IPIRANGA";"TORRÕES";"375";"CIDADE";"COLISÃO";1;"0";"0";"0";"0";"1";"0";"0";"0";"0";"0";"Longo da via";"Bom";"Sem defeito";"Perfeito estado";"Seca";"Perfeito estado";"Agente";"Outras";"";"Dupla";"Canteiro central";"";""
"1352";2020-02-13;"10:07:00";"SEM VÍTIMA";"FINALIZADA";"ESPINHEIRO";"RUA DA HORA";"378";"";"AO LADO DO LABORATÓRIO A+";"ESPINHEIRO";NA;"SUBURBIO";"COLISÃO";2;"0";"0";"0";"0";"0";"0";"0";"0";"0";"0";"Longo da via";"Bom";"Não existe";"Perfeito estado";"Seca";"Perfeito estado";"Não existe";"Outras";"";"Única";"Não existe";"";""