"";"data";"hora";"natureza_acidente";"situacao";"bairro";"endereco";"numero";"detalhe_endereco_acidente";"complemento";"bairro_cruzamento";"num_semaforo";"sentido_via";"tipo";"auto";"moto";"ciclom";"ciclista";"pedestre";"onibus";"caminhao";"viatura";"outros";"vitimas";"vitimasfatais";"acidente_verificado";"tempo_clima";"situacao_semaforo";"sinalizacao";"condicao_via";"conservacao_via";"ponto_controle";"situacao_placa";"velocidade_max_via";"mao_direcao";"divisao_via1";"divisao_via2";"divisao_via3"
"1414";2020-02-14;"20:03:00";"SEM VÍTIMA";"FINALIZADA";"DERBY";"PRC DO DERBY";"";"RUA JENER DE SOUZA";"PROX AO QUARTEL DO DERBY";"DERBY";"40";"CIDADE";"COLISÃO";2;"0";"0";"0";"0";"0";"0";"0";"0";"0";"0";"Longo da via";"Bom";"Não existe";"Incompleta";"Seca";"Perfeito estado";"Não existe";"Não há placas";"";"Única";"Faixa seccionada";"";""
"1415";2020-02-14;"20:18:00";"SEM VÍTIMA";"CANCELADA";"IMBIRIBEIRA";"AV MARECHAL MASCARENHAS DE MORAES";"2100";"RUA PAMPULHA";"ENF . RENAULT SELECTION";"IMBIRIBEIRA";NA;"";"COLISÃO";1;"0";"0";"0";"0";"1";"0";"0";"0";"0";"0";"";"";"";"";"";"";"";"";"";"";"";"";""
"1416";2020-02-14;"20:31:00";"SEM VÍTIMA";"CANCELADA";"COHAB";"RUA DR BENIGNO JORDAO DE VASCONCELOS";"";"";"PROX A CONVENIENCIA ALTAS HORAS";"COHAB";NA;"";"COLISÃO";2;"0";"0";"0";"0";"0";"0";"0";"0";"0";"0";"";"";"";"";"";"";"";"";"";"";"";"";""
"1417";2020-02-14;"20:39:00";"SEM VÍTIMA";"FINALIZADA";"BONGI";"EST DO BONGI";"388";"";"ENF A EMPRESA TBFORTE (VIGILANCIA)";"BONGI";NA;"CIDADE";"COLISÃO";1;"3";"0";"0";"0";"0";"0";"0";"0";"0";"0";"Longo da via";"Bom";"Não existe";"Perfeito estado";"Seca";"Perfeito estado";"Não existe";"Não há placas";"";"Dupla";"Faixa contínua";"";""
"1418";2020-02-14;"23:01:00";"SEM VÍTIMA";"CANCELADA";"SANTO ANTÔNIO";"TRV DO ARSENAL DE GUERRA";"";"";"PROX AO CAIS DE SANTA RITA";"SANTO ANTÔNIO";NA;"";"COLISÃO";NA;"0";"0";"0";"0";"2";"0";"0";"0";"0";"0";"";"";"";"";"";"";"";"";"";"";"";"";""
"1419";2020-02-14;"23:43:00";"COM VÍTIMA";"FINALIZADA";"ROSARINHO";"AV NORTE";"";"RUA TREZE DE JUNHO";"APOS A PRAÇA DO ROSARINHO. EM FRENTE AO POSTO BR.";"ROSARINHO";"456";"SUBURBIO";"CHOQUE VEÍCULO PARADO";NA;"2";"0";"0";"0";"0";"0";"0";"0";"2";"0";"Longo da via";"Bom";"Sem defeito";"Perfeito estado";"Seca";"Perfeito estado";"Faixa de pedestre";"Outras";"";"Única";"Faixa contínua";"Faixa seccionada";"Canteiro central"
"1420";2020-02-15;"00:49:00";"SEM VÍTIMA";"FINALIZADA";"CASA AMARELA";"AV NORTE";"";"COR DO BARTOLOMEU";"PROX DA IGREJA INTERNACIONAL DA GRAÇAS DE DEUS";"CASA AMARELA";"79";"SUBURBIO";"COLISÃO";1;"0";"0";"0";"0";"1";"0";"0";"0";"0";"0";"Longo da via";"Bom";"Sem defeito";"Perfeito estado";"Seca";"Perfeito estado";"Faixa de pedestre";"Outras";"";"Única";"Não existe";"";""
"1421";2020-02-15;"03:22:00";"SEM VÍTIMA";"FINALIZADA";"TORRE";"RUA PADRE ANCHIETA";"";"RUA JOSE BONIFACIO";"EM FRENTE AO MINUTO PÃO DE AÇÚCAR";"TORRE";"193";"";"COLISÃO";2;"0";"0";"0";"0";"0";"0";"0";"0";"0";"0";"Cruzamento";"Bom";"Sem defeito";"Perfeito estado";"Seca";"Perfeito estado";"Faixa de pedestre";"Outras";"";"Única";"Faixa seccionada";"";""
"1422";2020-02-15;"03:55:00";"SEM VÍTIMA";"FINALIZADA";"BONGI";"EST DO BONGI";"";"RUA COSME VIANA";"EM FRENTE A IMBIRIBEIRA VEÍCULOS";"BONGI";"100";"";"COLISÃO";2;"0";"0";"0";"0";"0";"0";"0";"0";"0";"0";"Cruzamento";"Bom";"Sem defeito";"Perfeito estado";"Seca";"Perfeito estado";"Faixa de pedestre";"Outras";"";"";"Faixa contínua";"";""
"1423";2020-02-15;"04:08:00";"SEM VÍTIMA";"FINALIZADA";"BOA VIAGEM";"RUA VISCONDE DE JEQUITINHONHA";"";"RUA BARAO DE SOUZA LEAO";"";"BOA VIAGEM";"129";"SUBURBIO";"COLISÃO";2;"0";"0";"0";"0";"0";"0";"0";"0";"0";"0";"Cruzamento";"Bom";"Sem defeito";"Perfeito estado";"Seca";"Perfeito estado";"Faixa de pedestre";"Outras";"";"Única";"Canal";"";""
"1424";2020-02-15;"07:01:00";"SEM VÍTIMA";"CANCELADA";"BOA VIAGEM";"AV ENGENHEIRO DOMINGOS FERREIRA";"2200";"RUA HENRIQUE CAPITULINO";"AO LADO DO POSTO BR";"BOA VIAGEM";"484";"";"COLISÃO";2;"0";"0";"0";"0";"0";"0";"0";"0";"0";"0";"";"";"";"";"";"";"";"";"";"";"";"";""
"1425";2020-02-15;"08:18:00";"SEM VÍTIMA";"FINALIZADA";"TORRE";"RUA JOAO TUDE DE MELO";"";"";"EM FRENTE AO RESTAURANTE GUAIAMUM GIGANTE";"TORRE";NA;"MADALENA";"COLISÃO";2;"0";"0";"0";"0";"0";"0";"0";"0";"0";"0";"Longo da via";"Bom";"Não existe";"Perfeito estado";"Seca";"Perfeito estado";"Não existe";"Outras";"40 km/h";"Dupla";"Canal";"";""
"1426";2020-02-15;"08:23:00";"SEM VÍTIMA";"FINALIZADA";"CURADO";"RUA RAPHAEL DE OLIVEIRA ALVES";"365";"RUA JUNDIAI";"AO LADO DO SUPERMERCADO PAJÉU";"CURADO";NA;"SUBURBIO";"COLISÃO";2;"0";"0";"0";"0";"0";"0";"0";"0";"0";"0";"Longo da via";"Bom";"Não existe";"Não existente";"Molhada";"Mal conservada";"Não existe";"Não há placas";"";"Dupla";"Não existe";"";""
"1427";2020-02-15;"09:30:00";"COM VÍTIMA";"FINALIZADA";"BOA VIAGEM";"RUA AMAZONAS";"196";"RUA TOME GIBSON";"EM FRENTE AO EDF PARK AMAZONAS";"BOA VIAGEM";NA;"";"ABALROAMENTO LONGITUDINAL";1;"1";"0";"0";"0";"0";"0";"0";"0";"1";"0";"Cruzamento";"Bom";"Não existe";"Perfeito estado";"Seca";"Perfeito estado";"";"Placas Pare";"";"Única";"Não existe";"";""
"1428";2020-02-15;"10:32:00";"SEM VÍTIMA";"FINALIZADA";"APIPUCOS";"RUA MANDACARU";"686";"RUA DE APIPUCOS";"PROX. AO POSTO DE GASOLINA PETROCAL";"APIPUCOS";NA;"";"COLISÃO";1;"1";"0";"0";"0";"0";"0";"0";"0";"0";"0";"Longo da via";"Bom";"Não existe";"Perfeito estado";"Seca";"Perfeito estado";"Não existe";"Não há placas";"";"Dupla";"Faixa seccionada";"";""
"1429";2020-02-15;"10:47:00";"SEM VÍTIMA";"CANCELADA";"DERBY";"RUA HENRIQUE DIAS";"";"";"EM FRENTE A ESCOLA DA POLICIA MILITAR";"DERBY";NA;"";"COLISÃO";1;"1";"0";"0";"0";"0";"0";"0";"0";"0";"0";"";"";"";"";"";"";"";"";"";"";"";"";""
"1430";2020-02-15;"11:18:00";"COM VÍTIMA";"FINALIZADA";"SÃO JOSÉ";"AV SUL";"";"";"EM FRENTE AO ESTACIONAMENTO GERALDO ARAUJO";"SÃO JOSÉ";NA;"SUBURBIO";"COLISÃO COM CICLISTA";NA;"0";"0";"1";"0";"1";"0";"0";"0";"1";"0";"Longo da via";"Bom";"Não existe";"Não existente";"Seca";"Perfeito estado";"Não existe";"Não há placas";"";"Dupla";"Canteiro central";"";""
"1431";2020-02-15;"11:24:00";"SEM VÍTIMA";"FINALIZADA";"COQUEIRAL";"RUA GUANABARA";"148";"";"EM FRENTE ACADEMIA  TECNOFORMA";"COQUEIRAL";NA;"";"COLISÃO";1;"0";"0";"0";"0";"1";"0";"0";"0";"0";"0";"Longo da via";"Bom";"Não existe";"";"Seca";"Perfeito estado";"Não existe";"Não há placas";"";"Dupla";"";"";""
"1432";2020-02-15;"11:30:00";"COM VÍTIMA";"FINALIZADA";"MADALENA";"RUA BENFICA";"";"AV VISCONDE DE ALBUQUERQUE";"EM FRENTE AO BOMPREÇO";"MADALENA";"51";"";"ABALROAMENTO TRANSVERSAL";1;"0";"0";"0";"0";"1";"0";"0";"0";"1";"0";"Cruzamento";"Bom";"Sem defeito";"Perfeito estado";"Seca";"Perfeito estado";"Faixa de pedestre";"Outras";"40 km/h";"Única";"Faixa contínua";"";""
"1433";2020-02-15;"11:35:00";"SEM VÍTIMA";"FINALIZADA";"GRAÇAS";"AV GOVERNADOR AGAMENON MAGALHAES";"1114";"";"EM FRENTE AO PREDIO DA EMBRATEL";"GRAÇAS";"173";"BOA VIAGEM";"COLISÃO";2;"0";"0";"0";"0";"0";"0";"0";"1";"0";"0";"Longo da via";"Bom";"Sem defeito";"Perfeito estado";"Seca";"Perfeito estado";"Faixa de pedestre";"Não há placas";"60 km/h";"Única";"Canteiro central";"";""
"1434";2020-02-15;"12:14:00";"SEM VÍTIMA";"CANCELADA";"BOA VISTA";"RUA DO RIACHUELO";"413";"";"EM FRENTE A O COLEGIO 2001";"BOA VISTA";NA;"";"COLISÃO";1;"0";"0";"0";"0";"0";"1";"0";"0";"0";"0";"";"";"";"";"";"";"";"";"";"";"";"";""
"1435";2020-02-15;"13:38:00";"SEM VÍTIMA";"FINALIZADA";"BOA VIAGEM";"AV CONSELHEIRO AGUIAR";"4552";"";"EM FRENTE A FARMACIA DROGASIL";"BOA VIAGEM";NA;"";"COLISÃO";2;"0";"0";"0";"0";"0";"0";"0";"0";"0";"0";"Longo da via";"Bom";"Sem defeito";"Perfeito estado";"Seca";"Perfeito estado";"Faixa de pedestre";"Outras";"40 km/h";"Única";"Faixa contínua";"";""
"1436";2020-02-15;"13:57:00";"SEM VÍTIMA";"FINALIZADA";"PINA";"RUA SAO LUIZ";"615";"AV ENGENHEIRO DOMINGOS FERREIRA";"NA ENTRADA DO BODE-EM FRENTE A FARMACIA do trabalhador";"PINA";NA;"";"ENGAVETAMENTO";3;"0";"0";"0";"0";"0";"0";"0";"0";"0";"0";"Longo da via";"Bom";"Não existe";"Perfeito estado";"Seca";"Perfeito estado";"";"Placas Pare";"";"Única";"Não existe";"";""
"1437";2020-02-15;"14:51:00";"SEM VÍTIMA";"FINALIZADA";"TEJIPIÓ";"AV DR JOSE RUFINO";"2993";"";"EM FRENTE A ESCOLA HUMBERTO CASTELO BRANCO";"TEJIPIÓ";NA;"";"COLISÃO";3;"0";"0";"0";"0";"0";"0";"0";"0";"0";"0";"Longo da via";"Bom";"Sem defeito";"Perfeito estado";"Seca";"Perfeito estado";"Faixa de pedestre";"";"";"Dupla";"Faixa contínua";"Faixa seccionada";""
"1438";2020-02-15;"15:13:00";"SEM VÍTIMA";"FINALIZADA";"CASA AMARELA";"AV NORTE";"4621";"";"LADO OPOSTO A CLINI CÃO";"CASA AMARELA";NA;"CIDADE";"COLISÃO";2;"0";"0";"0";"0";"0";"0";"0";"0";"0";"0";"Longo da via";"Bom";"Sem defeito";"Perfeito estado";"Seca";"Mal conservada";"Não existe";"Não há placas";"";"Dupla";"Canteiro central";"";""
"1439";2020-02-15;"14:59:00";"SEM VÍTIMA";"FINALIZADA";"IPSEP";"RUA POTENGY";"55";"RUA JEAN EMILE FAVRE";"AO LADO DA GALERIA MARIA DE LOURDES";"IPSEP";"564";"";"ENGAVETAMENTO";3;"0";"0";"0";"0";"0";"0";"0";"0";"0";"0";"Longo da via";"Bom";"Sem defeito";"Ilegível";"Seca";"Perfeito estado";"Faixa de pedestre";"Outras";"60 km/h";"Única";"Não existe";"";""
"1440";2020-02-15;"15:58:00";"SEM VÍTIMA";"FINALIZADA";"MANGABEIRA";"RUA DA MANGABEIRA";"175";"";"RUA DO ARMAZEM MANGABEIRA";"MANGABEIRA";NA;"";"COLISÃO";2;"0";"0";"0";"0";"0";"0";"0";"0";"0";"0";"Longo da via";"Bom";"Não existe";"Perfeito estado";"Seca";"Perfeito estado";"Não existe";"R-6a";"";"Dupla";"Faixa seccionada";"";""
"1441";2020-02-15;"16:05:00";"SEM VÍTIMA";"FINALIZADA";"IMBIRIBEIRA";"AV MARECHAL MASCARENHAS DE MORAES";"2716";"";"EM FRENTE A FARMACIA PAGUE MENOS";"IMBIRIBEIRA";"290";"AEROPORTO";"COLISÃO";2;"0";"0";"0";"0";"0";"0";"0";"0";"0";"0";"Longo da via";"Bom";"Sem defeito";"Perfeito estado";"Seca";"Perfeito estado";"Faixa de pedestre";"Não há placas";"40 km/h";"Única";"Faixa contínua";"";""
"1442";2020-02-15;"18:53:00";"SEM VÍTIMA";"FINALIZADA";"ENGENHO DO MEIO";"RUA ALVARO TEIXEIRA DE MESQUITA";"184";"RUA PADRE RODRIGUES CAMPELO";"ENF. A CRCHE MUNICIPAL WALDIR SAVLUSCHINSKE";"ENGENHO DO MEIO";NA;"SUBURBIO";"CHOQUE";1;"0";"0";"0";"0";"0";"0";"0";"0";"0";"0";"Longo da via";"Bom";"Não existe";"Incompleta";"Seca";"Perfeito estado";"Não existe";"Não há placas";"";"Dupla";"Não existe";"";""
"1443";2020-02-15;"20:51:00";"SEM VÍTIMA";"FINALIZADA";"BAIRRO DO RECIFE";"RUA MADRE DEUS";"";"";"PRÓX AO MARCOZERO E E/F AO PAÇO ALFANDEGA";"BAIRRO DO RECIFE";NA;"CIDADE";"COLISÃO";1;"0";"0";"0";"0";"1";"0";"0";"0";"0";"0";"Longo da via";"Bom";"Não existe";"Perfeito estado";"Seca";"Perfeito estado";"Não existe";"R-6a";"";"Única";"Não existe";"";""
"1444";2020-02-15;"21:25:00";"SEM VÍTIMA";"FINALIZADA";"DERBY";"RUA JENER DE SOUZA";"";"";"E/F A PRAÇA DO DERBY E AO QUARTEL";"DERBY";NA;"";"COLISÃO";2;"0";"0";"0";"0";"0";"0";"0";"0";"0";"0";"Longo da via";"Bom";"Não existe";"Perfeito estado";"Seca";"Perfeito estado";"Não existe";"Outras";"";"Única";"Faixa seccionada";"";""
"1445";2020-02-15;"22:07:00";"SEM VÍTIMA";"FINALIZADA";"DERBY";"RUA BENFICA";"505";"";"SENTIDO DERBY ENF AO CLUBE INTERNACIONAL";"DERBY";NA;"CIDADE";"COLISÃO";1;"0";"0";"0";"0";"1";"0";"0";"0";"0";"0";"Longo da via";"Bom";"Não existe";"Perfeito estado";"Seca";"Perfeito estado";"";"";"";"Única";"Faixa seccionada";"";""
"1446";2020-02-15;"22:36:00";"SEM VÍTIMA";"FINALIZADA";"BOA VIAGEM";"AV BOA VIAGEM";"6500";"RUA BALTAZAR PASSOS";"ENF. AO EDF. IVANIR SILVESTRE";"BOA VIAGEM";NA;"CIDADE";"COLISÃO";1;"0";"0";"0";"0";"1";"0";"0";"0";"0";"0";"Longo da via";"Bom";"Sem defeito";"Perfeito estado";"Seca";"Perfeito estado";"";"Outras";"60 km/h";"Única";"";"";""
"1447";2020-02-15;"23:11:00";"SEM VÍTIMA";"FINALIZADA";"IBURA";"AV DOIS RIOS";"892";"RUA RIO CHUI";"SEMAFORO 475 / PRÓX A RAIO PRODUÇÕES E MERCADO SERVE BEM";"IBURA";NA;"";"COLISÃO";2;"0";"0";"0";"0";"0";"0";"0";"0";"0";"0";"Longo da via";"Bom";"Sem defeito";"Perfeito estado";"Seca";"Perfeito estado";"Não existe";"Não há placas";"";"Única";"Faixa contínua";"";""
"1448";2020-02-16;"05:54:00";"SEM VÍTIMA";"FINALIZADA";"IBURA";"AV DOIS RIOS";"";"";"EM FRENTE AO SUPERMERCADO SUPER BEM";"IBURA";"475";"SUBURBIO";"COLISÃO";2;"0";"0";"0";"0";"0";"0";"0";"0";"0";"0";"Cruzamento";"Chuvoso";"Sem defeito";"Perfeito estado";"";"Perfeito estado";"Faixa de pedestre";"R-6a";"";"Dupla";"Faixa contínua";"";""
"1449";2020-02-16;"08:38:00";"SEM VÍTIMA";"FINALIZADA";"VASCO DA GAMA";"RUA PROFESSOR RUI DA SILVEIRA CASTRO";"60";"";"RESIDENCIA NA SAIDA DO VASCO DA GAMA NO SENTIDO AV NORTE";"VASCO DA GAMA";NA;"";"COLISÃO";1;"1";"0";"0";"0";"0";"0";"0";"0";"0";"0";"Longo da via";"Bom";"Não existe";"Não existente";"Seca";"Perfeito estado";"Não existe";"Não há placas";"";"Dupla";"Não existe";"";""
"1450";2020-02-16;"09:47:00";"SEM VÍTIMA";"FINALIZADA";"IBURA";"AV MARIA IRENE";"1064";"";"SENTIDO AEROPORTO";"IBURA";NA;"CIDADE";"COLISÃO";1;"0";"0";"0";"0";"0";"0";"1";"0";"0";"0";"Longo da via";"Bom";"Não existe";"Não existente";"Seca";"Perfeito estado";"Não existe";"Não há placas";"";"Dupla";"Faixa contínua";"";""
"1451";2020-02-16;"09:55:00";"COM VÍTIMA";"FINALIZADA";"BOA VIAGEM";"AV CONSELHEIRO AGUIAR";"1350";"";"PROX AO CLINICAL CENTER";"BOA VIAGEM";NA;"SUBURBIO";"COLISÃO TRASEIRA";1;"0";"0";"0";"0";"1";"0";"0";"0";"1";"0";"Longo da via";"Bom";"Não existe";"Perfeito estado";"Seca";"Perfeito estado";"Não existe";"R-6a";"";"Única";"Faixa contínua";"";""
"1452";2020-02-16;"12:00:00";"SEM VÍTIMA";"FINALIZADA";"CAXANGÁ";"AV CAXANGA";"";"";"AO LADO DA UPA";"CAXANGÁ";"281";"SUBURBIO";"COLISÃO";1;"0";"0";"0";"0";"0";"1";"0";"0";"0";"0";"Cruzamento";"Bom";"Sem defeito";"Perfeito estado";"Seca";"Perfeito estado";"Faixa de pedestre";"Outras";"60 km/h";"Dupla";"Canteiro central";"";""
"1453";2020-02-16;"12:16:00";"SEM VÍTIMA";"FINALIZADA";"MADALENA";"EST DOS REMEDIOS";"2416";"AV JOSE GONCALVES DE MEDEIROS";"ORTOBOM// POLICLINA LESSA DE ANDRANDE";"MADALENA";"353";"CIDADE";"COLISÃO";2;"0";"0";"0";"0";"0";"0";"0";"0";"0";"0";"Longo da via";"Bom";"Sem defeito";"Perfeito estado";"Seca";"Perfeito estado";"Faixa de pedestre";"Não há placas";"";"Única";"Faixa contínua";"Faixa seccionada";""
"1454";2020-02-16;"12:40:00";"SEM VÍTIMA";"CANCELADA";"IBURA";"RUA DR BENIGNO JORDAO DE VASCONCELOS";"99";"RUA PROFESSOR MARIO NEVES BAPTISTA";"MERCADINHO ECONOMICO";"IBURA";NA;"";"COLISÃO";2;"0";"0";"0";"0";"0";"0";"0";"0";"0";"0";"";"";"";"";"";"";"";"";"";"";"";"";""
"1455";2020-02-16;"14:12:00";"SEM VÍTIMA";"FINALIZADA";"BOA VIAGEM";"RUA RIBEIRO DE BRITO";"1326";"";"PROXIMO A FACULDADE NASSAU";"BOA VIAGEM";NA;"";"COLISÃO";3;"0";"0";"0";"0";"0";"0";"0";"0";"0";"0";"Longo da via";"Bom";"Não existe";"Perfeito estado";"Seca";"Perfeito estado";"Outros";"Outras";"60 km/h";"Única";"Faixa seccionada";"";""
"1456";2020-02-16;"15:51:00";"SEM VÍTIMA";"FINALIZADA";"VÁRZEA";"AV CAXANGA";"4477";"";"EM FRENTE AO CENTRO UNIVERSITARIO TIRADENTES/ SENTIDO CIDADE";"VÁRZEA";"231";"CIDADE";"COLISÃO";1;"1";"0";"0";"0";"0";"0";"0";"0";"0";"0";"Longo da via";"Bom";"Sem defeito";"Perfeito estado";"Seca";"Perfeito estado";"Faixa de pedestre";"R-26";"";"Dupla";"Faixa seccionada";"Canteiro central";""
"1457";2020-02-16;"16:31:00";"COM VÍTIMA";"FINALIZADA";"ESPINHEIRO";"RUA SANTO ELIAS";"478";"RUA DO ESPINHEIRO";"EM FRENTE AO POSTO IPIRANGA";"ESPINHEIRO";NA;"CIDADE";"ABALROAMENTO TRANSVERSAL";NA;"2";"0";"0";"0";"0";"0";"0";"0";"1";"0";"Cruzamento";"Bom";"Não existe";"Perfeito estado";"Seca";"Perfeito estado";"Faixa de pedestre";"Placas Pare";"";"Única";"Faixa seccionada";"";""
"1458";2020-02-16;"17:24:00";"SEM VÍTIMA";"FINALIZADA";"SAN MARTIN";"RUA VINTE E UM DE ABRIL";"631";"RUA COMENDADOR FRANCO FERREIRA";"EM FRENTE À DROGASIL";"SAN MARTIN";NA;"C";"COLISÃO";2;"0";"0";"0";"0";"0";"0";"0";"0";"0";"0";"Esquina";"Bom";"Não existe";"Perfeito estado";"Seca";"Perfeito estado";"Não existe";"R-4a";"";"Dupla";"Não existe";"";""
"1459";2020-02-16;"18:26:00";"SEM VÍTIMA";"FINALIZADA";"VÁRZEA";"RUA PROFESSOR CHAVES BATISTA";"81";"AV CAXANGA";"E/F AO BOI BRAZA BOI BRASA E AO LADO DO POSTO DISLUB";"VÁRZEA";NA;"CIDADE";"COLISÃO";1;"0";"0";"0";"0";"1";"0";"0";"0";"0";"0";"Longo da via";"Bom";"Sem defeito";"Perfeito estado";"Seca";"Perfeito estado";"Outros";"Outras";"";"Única";"Faixa seccionada";"";""
"1460";2020-02-16;"18:42:00";"COM VÍTIMA";"CANCELADA";"BOA VIAGEM";"RUA BARAO DE SOUZA LEAO";"1422";"RUA CAMBOIM";"PROX A IGREJA CATOLICA E POSTO DE GASOLINA BR DESATIVADO";"BOA VIAGEM";NA;"";"COLISÃO COM CICLISTA";NA;"0";"0";"1";"0";"1";"0";"0";"0";"1";"0";"";"";"";"";"";"";"";"";"";"";"";"";""
"1461";2020-02-16;"20:15:00";"SEM VÍTIMA";"FINALIZADA";"BOA VIAGEM";"AV BOA VIAGEM";"4820";"";"ENF AO CONDOMINIO EDF. BELA VISTA";"BOA VIAGEM";NA;"CIDADE";"COLISÃO";2;"0";"0";"0";"0";"0";"0";"0";"0";"0";"0";"Longo da via";"Bom";"Não existe";"Perfeito estado";"Seca";"Perfeito estado";"Não existe";"Outras";"";"Única";"Faixa seccionada";"";""
"1462";2020-02-16;"20:45:00";"COM VÍTIMA";"FINALIZADA";"BAIRRO DO RECIFE";"CAIS DO APOLO";"142";"";"LADO OPOSTO AO TRIBUNAL DA JUSTIÇA E APÓS A PREFEITURA";"BAIRRO DO RECIFE";NA;"SUBURBIO";"ATROPELAMENTO";NA;"1";"0";"0";"1";"0";"0";"0";"0";"1";"0";"Longo da via";"Bom";"Não existe";"Perfeito estado";"Seca";"Perfeito estado";"Não existe";"Não há placas";"";"Única";"Faixa seccionada";"";""
"1463";2020-02-16;"21:09:00";"COM VÍTIMA";"FINALIZADA";"BOA VIAGEM";"AV ENGENHEIRO DOMINGOS FERREIRA";"4060";"RUA RIBEIRO DE BRITO";"SEMÁFORO 155 // VT 30 NO LOCAL";"BOA VIAGEM";"155";"SUBURBIO";"ABALROAMENTO TRANSVERSAL";1;"0";"0";"0";"0";"0";"1";"0";"0";"2";"0";"Cruzamento";"Bom";"Sem defeito";"Perfeito estado";"Seca";"Perfeito estado";"Faixa de pedestre";"Não há placas";"";"Única";"Faixa seccionada";"";""
"1464";2020-02-16;"21:32:00";"COM VÍTIMA";"CANCELADA";"CAMPINA DO BARRETO";"RUA DAS MOCAS";"1281";"RUA EXP JAMIL DAGLI";"BEIRA CANAL NA ENTRADA DE CHAO DE ESTRELA // PROX AO RESTAURANTE E PIZZARIA APLANTICA";"CAMPINA DO BARRETO";NA;"";"COLISÃO";1;"1";"0";"0";"0";"0";"0";"0";"0";"1";"0";"";"";"";"";"";"";"";"";"";"";"";"";""
"1465";2020-02-16;"22:21:00";"SEM VÍTIMA";"FINALIZADA";"CAMPO GRANDE";"RUA PROFESSOR FRANCISCO DA TRINDADE";"318";"RUA SAO CAETANO";"POR TRÁS DO CLUBES DAS PÁS";"CAMPO GRANDE";NA;"SUBURBIO";"COLISÃO";2;"0";"0";"0";"0";"0";"0";"0";"0";"0";"0";"Longo da via";"Bom";"Não existe";"Perfeito estado";"Seca";"Perfeito estado";"Faixa de retenção";"Placas Pare";"";"Única";"Faixa contínua";"";""
"1466";2020-02-16;"22:33:00";"SEM VÍTIMA";"FINALIZADA";"CORDEIRO";"AV CAXANGA";"1562";"";"E/F A ESTAÇÃO GETULIO VAG- SNT CAMARAGIBE";"CORDEIRO";NA;"";"COLISÃO";1;"0";"0";"0";"0";"1";"0";"0";"0";"0";"0";"Longo da via";"Bom";"Não existe";"Perfeito estado";"Seca";"Perfeito estado";"Outros";"Outras";"";"Dupla";"Faixa contínua";"Canteiro central";""
"1467";2020-02-17;"06:28:00";"SEM VÍTIMA";"FINALIZADA";"AREIAS";"RUA DR VILAS BOAS";"31";"";"NA RUA DO CARTÓRIO ELEITORAL";"AREIAS";NA;"SUBURBIO";"CHOQUE";1;"0";"0";"0";"0";"0";"0";"0";"0";"0";"0";"Longo da via";"Chuvoso";"Não existe";"Incompleta";"Molhada";"Mal conservada";"Não existe";"Não há placas";"";"Dupla";"Não existe";"";""
"1468";2020-02-17;"07:00:00";"SEM VÍTIMA";"FINALIZADA";"DERBY";"AV GOVERNADOR AGAMENON MAGALHAES";"75";"RUA LUIZ BARBALHO";"E/F A PRAÇA DO DERBY (SENT. BOA VIAGEM) / VIA PRINCIPAL";"DERBY";"417";"SUBURBIO";"COLISÃO";1;"1";"0";"0";"0";"0";"0";"0";"0";"0";"0";"Longo da via";"Bom";"Sem defeito";"Perfeito estado";"Seca";"Perfeito estado";"Agente";"Não há placas";"60 km/h";"Dupla";"Faixa seccionada";"Canteiro central";""
"1469";2020-02-17;"07:01:00";"SEM VÍTIMA";"FINALIZADA";"MADALENA";"AV CAXANGA";"";"";"AO LADO DA CELPE EM FRENTE A ESTAÇÃO ABOLIÇÃO BRT";"MADALENA";"264";"CIDADE";"COLISÃO";2;"0";"0";"0";"0";"0";"0";"0";"0";"0";"0";"Longo da via";"Bom";"Sem defeito";"Perfeito estado";"Seca";"Perfeito estado";"Faixa de pedestre";"R-6a";"";"Dupla";"Canteiro central";"";""
"1470";2020-02-17;"07:14:00";"COM VÍTIMA";"FINALIZADA";"BOA VIAGEM";"RUA PADRE CARAPUCEIRO";"968";"";"EM FRENTE AO EMPRESARIAL JANETE COSTA";"BOA VIAGEM";NA;"CIDADE";"COLISÃO TRASEIRA";1;"1";"0";"0";"0";"0";"0";"0";"0";"1";"0";"Longo da via";"Bom";"Não existe";"Perfeito estado";"Seca";"Perfeito estado";"Não existe";"Outras";"";"Única";"Faixa seccionada";"";""
"1471";2020-02-17;"07:26:00";"SEM VÍTIMA";"FINALIZADA";"DERBY";"RUA JOAQUIM NABUCO";"";"AV GOVERNADOR AGAMENON MAGALHAES";"E/F AO ESTACIONAMENTO DO HOSPITAL DA RESTAURAÇÃO";"DERBY";"174";"";"COLISÃO";2;"0";"0";"0";"0";"0";"0";"0";"0";"0";"0";"Longo da via";"Bom";"Sem defeito";"Perfeito estado";"Seca";"Perfeito estado";"Agente";"Outras";"60 km/h";"Única";"Faixa seccionada";"";""