"";"data";"hora";"natureza_acidente";"situacao";"bairro";"endereco";"numero";"detalhe_endereco_acidente";"complemento";"bairro_cruzamento";"num_semaforo";"sentido_via";"tipo";"auto";"moto";"ciclom";"ciclista";"pedestre";"onibus";"caminhao";"viatura";"outros";"vitimas";"vitimasfatais";"acidente_verificado";"tempo_clima";"situacao_semaforo";"sinalizacao";"condicao_via";"conservacao_via";"ponto_controle";"situacao_placa";"velocidade_max_via";"mao_direcao";"divisao_via1";"divisao_via2";"divisao_via3"
"1472";2020-02-17;"07:41:00";"SEM VÍTIMA";"FINALIZADA";"SANTO AMARO";"AV GOVERNADOR AGAMENON MAGALHAES";"151";"";"LADO OPOSTO AO POSTO BR";"SANTO AMARO";"378";"";"COLISÃO";1;"0";"0";"0";"0";"1";"0";"0";"0";"0";"0";"Outros";"Bom";"Sem defeito";"Perfeito estado";"Seca";"Perfeito estado";"Faixa de pedestre";"Não há placas";"60 km/h";"Dupla";"Canteiro central";"";""
"1473";2020-02-17;"08:29:00";"SEM VÍTIMA";"FINALIZADA";"ENGENHO DO MEIO";"RUA ANTONIO CURADO";"30";"";"EM FRENTE AO CLUBE DA SUDENE";"ENGENHO DO MEIO";NA;"";"COLISÃO";2;"0";"0";"0";"0";"0";"0";"0";"0";"0";"0";"Longo da via";"Bom";"Não existe";"";"Seca";"Perfeito estado";"";"";"40 km/h";"Dupla";"Faixa seccionada";"";""
"1474";2020-02-17;"08:45:00";"COM VÍTIMA";"FINALIZADA";"IMBIRIBEIRA";"RUA JULIO VERNE";"217";"RUA ARQUITETO LUIZ NUNES";"AO LADO DA PAPELARIA BORGES";"IMBIRIBEIRA";NA;"SUBURBIO";"ABALROAMENTO LONGITUDINAL";1;"1";"0";"0";"0";"0";"0";"0";"0";"1";"0";"Longo da via";"Bom";"Não existe";"Perfeito estado";"Seca";"Perfeito estado";"Não existe";"Não há placas";"";"Única";"Faixa seccionada";"";""
"1475";2020-02-17;"08:52:00";"COM VÍTIMA";"FINALIZADA";"IMBIRIBEIRA";"AV MARECHAL MASCARENHAS DE MORAES";"7935A";"";"LADO OPOSTO DA CAIXA ECONOMICA- SENT. JABOATÃO - CONTINENTAL DRIVE AUTO CENTER";"IMBIRIBEIRA";"625";"SUBURBIO";"COLISÃO TRASEIRA";1;"1";"0";"0";"0";"0";"0";"0";"0";"1";"0";"Longo da via";"Bom";"Sem defeito";"Perfeito estado";"Seca";"Perfeito estado";"Não existe";"Não há placas";"60 km/h";"Dupla";"Canteiro central";"";""
"1476";2020-02-17;"08:52:00";"SEM VÍTIMA";"FINALIZADA";"MADALENA";"AV ENGENHEIRO ABDIAS DE CARVALHO";"2990";"";"E/F AO CAMARÃO DO LÉO";"MADALENA";NA;"CIDADE";"COLISÃO";1;"1";"0";"0";"0";"0";"0";"0";"0";"0";"0";"Longo da via";"Bom";"Não existe";"Perfeito estado";"Seca";"Perfeito estado";"Não existe";"R-6a";"";"Dupla";"Canteiro central";"";""
"1477";2020-02-17;"09:27:00";"SEM VÍTIMA";"FINALIZADA";"GRAÇAS";"AV RUI BARBOSA";"218";"";"EM FRENTE AO BANCO ITAU";"GRAÇAS";"102";"CIDADE";"COLISÃO";2;"0";"0";"0";"0";"0";"0";"0";"0";"0";"0";"Longo da via";"Bom";"Sem defeito";"Perfeito estado";"Seca";"Perfeito estado";"Faixa de pedestre";"Outras";"60 km/h";"Única";"Faixa contínua";"";""
"1478";2020-02-17;"09:47:00";"COM VÍTIMA";"FINALIZADA";"ILHA DO LEITE";"RUA SENADOR JOSE HENRIQUE";"";"RUA ESTADO DE ISRAEL";"ESQUINA DA ESCOLA POETA MANOEL BANDEIRA";"ILHA DO LEITE";NA;"SUBURBIO";"ABALROAMENTO LONGITUDINAL";1;"1";"0";"0";"0";"0";"0";"0";"0";"1";"0";"Longo da via";"Bom";"Não existe";"Perfeito estado";"Seca";"Perfeito estado";"Faixa de pedestre";"Placas Pare";"";"Única";"Faixa seccionada";"";""
"1479";2020-02-17;"09:54:00";"SEM VÍTIMA";"FINALIZADA";"CORDEIRO";"RUA PACIFICO DA LUZ";"104";"";"EM FRENT AO PORTAL DA CARNE DE SOL";"CORDEIRO";NA;"SUBURBIO";"COLISÃO";1;"0";"0";"0";"0";"0";"1";"0";"0";"0";"0";"Longo da via";"Bom";"Não existe";"Não existente";"Seca";"Mal conservada";"Não existe";"Não há placas";"";"Dupla";"Não existe";"";""
"1480";2020-02-17;"10:05:00";"SEM VÍTIMA";"FINALIZADA";"BOA VISTA";"AV JOAO DE BARROS";"35";"RUA MONTE CASTELO";"E/F A PG AUTO POSTO (AUTOS ESTACIONADOS DENTRO DO POSTO)";"BOA VISTA";"356";"CIDADE";"COLISÃO";2;"0";"0";"0";"0";"0";"0";"0";"0";"0";"0";"Longo da via";"Bom";"Sem defeito";"Perfeito estado";"Seca";"Perfeito estado";"";"Não há placas";"";"Única";"";"";""
"1481";2020-02-17;"10:06:00";"COM VÍTIMA";"FINALIZADA";"IMBIRIBEIRA";"AV MARECHAL MASCARENHAS DE MORAES";"4762";"";"EM FRENT A CASA DAS EMBREAGENS";"IMBIRIBEIRA";NA;"SUBURBIO";"COLISÃO TRASEIRA";1;"3";"0";"0";"0";"0";"0";"0";"0";"1";"0";"Longo da via";"Chuvoso";"Não existe";"Não existente";"Molhada";"Perfeito estado";"Não existe";"";"60 km/h";"Dupla";"Faixa seccionada";"";""
"1482";2020-02-17;"10:23:00";"SEM VÍTIMA";"CANCELADA";"CAXANGÁ";"AV CAXANGA";"731";"";"EM FRENTE A LOJA PLAZA VEICULOS";"CAXANGÁ";NA;"CIDADE";"COLISÃO";2;"0";"0";"0";"0";"0";"0";"0";"0";"0";"0";"";"";"";"";"";"";"";"";"";"";"";"";""
"1483";2020-02-17;"10:25:00";"SEM VÍTIMA";"FINALIZADA";"IBURA";"RUA VALE DO CARIRI";"26";"";"PROX. AO TREVO E ARAMAZEM JUPITER";"IBURA";NA;"";"COLISÃO";1;"0";"0";"0";"0";"0";"1";"0";"0";"0";"0";"Longo da via";"Bom";"Não existe";"Incompleta";"Seca";"Perfeito estado";"Não existe";"Não há placas";"30 km/h";"Dupla";"Não existe";"";""
"1484";2020-02-17;"10:50:00";"SEM VÍTIMA";"FINALIZADA";"JARDIM SÃO PAULO";"RUA GUEDES ALCOFORADO";"87 A";"";"EM FRENTE AO ATELIER DIVINA MODA";"JARDIM SÃO PAULO";NA;"";"COLISÃO";1;"0";"0";"0";"0";"1";"0";"0";"0";"0";"0";"Esquina";"Bom";"";"Não existente";"Seca";"Perfeito estado";"Não existe";"Não há placas";"";"Dupla";"Não existe";"";""
"1485";2020-02-17;"10:58:00";"COM VÍTIMA";"FINALIZADA";"CAMPO GRANDE";"RUA JERONIMO VILELA";"161";"RUA MARQUES DE ABRANTES";"EM FRENTE A LOJA GRÃO NATURAL";"CAMPO GRANDE";NA;"";"COLISÃO FRONTAL";1;"1";"0";"0";"0";"0";"0";"0";"0";"1";"0";"Cruzamento";"Bom";"Não existe";"Perfeito estado";"Seca";"Perfeito estado";"Não existe";"Outras";"";"Dupla";"Faixa seccionada";"";""
"1486";2020-02-17;"10:59:00";"SEM VÍTIMA";"FINALIZADA";"BOA VIAGEM";"AV BOA VIAGEM";"6306";"RUA JOAO CARDOSO AIRES";"E/F AO EDF. ANTONIO DIAS CARDOSO";"BOA VIAGEM";"149";"CIDADE";"COLISÃO";2;"0";"0";"0";"0";"0";"0";"0";"0";"0";"0";"Cruzamento";"Bom";"Sem defeito";"Perfeito estado";"Seca";"Perfeito estado";"Outros";"Não há placas";"";"Única";"Faixa contínua";"";""
"1487";2020-02-17;"11:20:00";"SEM VÍTIMA";"FINALIZADA";"IPSEP";"RUA JEAN EMILE FAVRE";"S/N";"";"E/F A DELTA VEICULOS";"IPSEP";"135";"SUBURBIO";"COLISÃO";2;"0";"0";"0";"0";"0";"0";"0";"0";"0";"0";"Longo da via";"Bom";"Sem defeito";"Perfeito estado";"Seca";"Perfeito estado";"Faixa de pedestre";"Outras";"";"Dupla";"Faixa contínua";"";""
"1488";2020-02-17;"13:11:00";"SEM VÍTIMA";"FINALIZADA";"SÃO JOSÉ";"AV SUL";"";"PRC SERGIO LORETO";"EM FRENTE AO POSTE BO15328";"SÃO JOSÉ";NA;"";"COLISÃO";1;"0";"0";"0";"0";"1";"0";"0";"0";"0";"0";"Longo da via";"Bom";"Não existe";"Não existente";"Seca";"Perfeito estado";"Não existe";"Não há placas";"60 km/h";"Única";"Faixa seccionada";"";""
"1489";2020-02-17;"13:25:00";"SEM VÍTIMA";"CANCELADA";"DERBY";"AV GOVERNADOR AGAMENON MAGALHAES";"241";"";"E/F AO CENTRO DE REPRODUÇAO HUMANA PISTA LOCAL CONDUTO SE DESLOCOU PARA RUA CARLOS DE LIMA CAVALCANTI";"DERBY";NA;"";"COLISÃO";1;"0";"0";"0";"0";"1";"0";"0";"0";"0";"0";"";"";"";"";"";"";"";"";"";"";"";"";""
"1490";2020-02-17;"14:57:00";"SEM VÍTIMA";"CANCELADA";"CASA AMARELA";"AV NORTE";"";"";"E/F AO DESKONTAO S/T CID";"CASA AMARELA";NA;"";"COLISÃO";2;"0";"0";"0";"0";"0";"0";"0";"0";"0";"0";"";"";"";"";"";"";"";"";"";"";"";"";""
"1491";2020-02-17;"15:11:00";"SEM VÍTIMA";"FINALIZADA";"MADALENA";"AV ENGENHEIRO ABDIAS DE CARVALHO";"2056";"EST DOS REMEDIOS";"FARMACIA INDEPENDENTE // DROGASIL";"MADALENA";"52";"CIDADE";"ENGAVETAMENTO";3;"0";"0";"0";"0";"0";"0";"0";"0";"0";"0";"Cruzamento";"Bom";"Sem defeito";"Incompleta";"Seca";"Perfeito estado";"Agente";"R-6a";"";"Dupla";"Faixa seccionada";"";""
"1492";2020-02-17;"15:15:00";"SEM VÍTIMA";"FINALIZADA";"AFOGADOS";"RUA DA PAZ";"82";"RUA NICOLAU PEREIRA";"E/F A FABRICA DA ASA NO SEMAFORO 073";"AFOGADOS";NA;"";"COLISÃO";2;"0";"0";"0";"0";"0";"0";"0";"0";"0";"0";"Longo da via";"Bom";"Não existe";"Ilegível";"Seca";"Mal conservada";"Não existe";"R-6a";"";"Única";"Não existe";"";""
"1493";2020-02-17;"15:49:00";"COM VÍTIMA";"FINALIZADA";"SÃO JOSÉ";"VDO DAS CINCO PONTAS";"18";"";"16º BATALHAO";"SÃO JOSÉ";NA;"SUBURBIO";"ABALROAMENTO LONGITUDINAL";1;"1";"0";"0";"0";"0";"0";"0";"0";"1";"0";"Viaduto";"Bom";"Não existe";"Perfeito estado";"Seca";"Perfeito estado";"Não existe";"Outras";"40 km/h";"Única";"Faixa seccionada";"";""
"1494";2020-02-17;"16:14:00";"SEM VÍTIMA";"FINALIZADA";"JOANA BEZERRA";"AV DES GUERRA BARRETO";"S/N";"";"E/F AO FORUM JOANA BEZERRA";"JOANA BEZERRA";NA;"CIDADE";"COLISÃO";2;"0";"0";"0";"0";"0";"0";"0";"0";"0";"0";"Longo da via";"Bom";"Não existe";"Perfeito estado";"Seca";"Perfeito estado";"Faixa de pedestre";"R-6a";"";"Dupla";"Faixa contínua";"";""
"1495";2020-02-17;"16:45:00";"SEM VÍTIMA";"FINALIZADA";"SÃO JOSÉ";"AV ENGENHEIRO JOSE ESTELITA";"";"";"PROX AO CABANGA E/F AO CAIS";"SÃO JOSÉ";NA;"SUBURBIO";"COLISÃO";1;"1";"0";"0";"0";"0";"0";"0";"0";"0";"0";"Longo da via";"Bom";"Não existe";"Perfeito estado";"Seca";"Perfeito estado";"Não existe";"Não há placas";"";"Dupla";"Canteiro central";"";""
"1496";2020-02-17;"17:23:00";"COM VÍTIMA";"FINALIZADA";"ENCRUZILHADA";"AV BEBERIBE";"575B";"";"E/F A FERREIRA PINTO E ESTRELINHA KIDS.";"ENCRUZILHADA";"480";"CIDADE";"COLISÃO";NA;"1";"0";"0";"0";"1";"0";"0";"0";"1";"0";"Longo da via";"Bom";"Sem defeito";"Perfeito estado";"Seca";"Perfeito estado";"";"R-6a";"";"Dupla";"Faixa contínua";"Faixa seccionada";""
"1497";2020-02-17;"18:01:00";"SEM VÍTIMA";"FINALIZADA";"AREIAS";"RUA CAPITAO BRAZ DE BARROS";"84";"";"POR TRÁS DO TERMINAL VILA CARDIAL SILVA";"AREIAS";NA;"";"COLISÃO";2;"0";"0";"0";"0";"0";"0";"0";"0";"0";"0";"Cruzamento";"Bom";"Não existe";"Não existente";"Seca";"Perfeito estado";"Não existe";"Não há placas";"";"Dupla";"Não existe";"";""
"1498";2020-02-17;"18:06:00";"COM VÍTIMA";"CANCELADA";"DOIS UNIDOS";"AV HILDEBRANDO DE VASCONCELOS";"";"";"E/F AO SUPERMERCADO GALEGO E TERMINAL DE DOIS UNIDOS";"DOIS UNIDOS";NA;"";"COLISÃO COM CICLISTA";1;"0";"0";"1";"0";"0";"0";"0";"0";"1";"0";"";"";"";"";"";"";"";"";"";"";"";"";""
"1499";2020-02-17;"18:21:00";"SEM VÍTIMA";"FINALIZADA";"BOA VIAGEM";"AV CONSELHEIRO AGUIAR";"2034";"";"E/F AO MINUTO PÃO DE AÇUCAR";"BOA VIAGEM";NA;"CIDADE";"ENGAVETAMENTO";3;"0";"0";"0";"0";"0";"0";"0";"0";"0";"0";"Longo da via";"Bom";"Não existe";"Perfeito estado";"Seca";"Perfeito estado";"Não existe";"Outras";"";"Única";"Faixa seccionada";"";""
"1500";2020-02-17;"19:29:00";"SEM VÍTIMA";"FINALIZADA";"PAISSANDU";"RUA PAISSANDU";"S/N";"RUA EPAMINONDAS DE MELO";"PROX A PARADA DE ONIBUS";"PAISSANDU";"69";"SUBURBIO";"COLISÃO";2;"0";"0";"0";"0";"0";"0";"0";"0";"0";"0";"Cruzamento";"Bom";"Sem defeito";"Perfeito estado";"Seca";"Mal iluminada";"Faixa de pedestre";"Não há placas";"60 km/h";"Única";"Faixa seccionada";"";""
"1501";2020-02-17;"19:49:00";"COM VÍTIMA";"FINALIZADA";"VÁRZEA";"AV CAXANGA";"";"";"SOBRE A PONTE MAL. HUMBERTO CASTELO BRANCO SENTIDO CAMARAGIBE";"VÁRZEA";NA;"SUBURBIO";"ABALROAMENTO LONGITUDINAL";1;"1";"0";"0";"0";"0";"0";"0";"0";"1";"0";"Longo da via";"Bom";"Não existe";"Perfeito estado";"Seca";"Perfeito estado";"Não existe";"Não há placas";"";"Dupla";"Faixa seccionada";"Canteiro central";""
"1502";2020-02-17;"20:03:00";"COM VÍTIMA";"FINALIZADA";"DOIS IRMÃOS";"RUA DOIS IRMAOS";"523";"";"PROX A ROSE BELTRAO RECEPÇOES";"DOIS IRMÃOS";NA;"CIDADE";"CHOQUE OBJETO FIXO";1;"0";"0";"0";"0";"0";"0";"0";"0";"1";"0";"Longo da via";"Bom";"Não existe";"Ilegível";"Seca";"Mal iluminada";"Não existe";"Não há placas";"";"Dupla";"Faixa contínua";"";""
"1503";2020-02-17;"21:09:00";"SEM VÍTIMA";"FINALIZADA";"DERBY";"AV GOVERNADOR AGAMENON MAGALHAES";"";"RUA JORNALISTA PAULO BITTENCOURT";"E/F AO HOSPITAl DA RESTAURAÇÃO";"DERBY";NA;"";"COLISÃO";1;"0";"0";"0";"0";"1";"0";"0";"0";"0";"0";"Esquina";"Bom";"Não existe";"Perfeito estado";"Seca";"Perfeito estado";"Não existe";"Não há placas";"60 km/h";"Dupla";"Canal";"";""
"1504";2020-02-17;"21:43:00";"SEM VÍTIMA";"FINALIZADA";"BOA VIAGEM";"AV BEIRA MAR";"114";"";"IGRAJA BEIRA MAR (FAMILIA 61)";"BOA VIAGEM";NA;"SUBURBIO";"COLISÃO";1;"0";"0";"0";"0";"1";"0";"0";"0";"0";"0";"Longo da via";"Bom";"Sem defeito";"Perfeito estado";"Seca";"Perfeito estado";"Faixa de pedestre";"Não há placas";"60 km/h";"Única";"Faixa seccionada";"";""
"1505";2020-02-17;"22:20:00";"COM VÍTIMA";"FINALIZADA";"IBURA";"RUA RIO DA PRATA";"244";"";"PRÓX AO CANAL. PRÓXIMO A LEO CAR.";"IBURA";NA;"";"ABALROAMENTO LONGITUDINAL";NA;"1";"0";"0";"0";"0";"0";"1";"0";"1";"0";"Longo da via";"Bom";"Não existe";"Ilegível";"Seca";"Perfeito estado";"Não existe";"Não há placas";"";"Dupla";"Não existe";"";""
"1506";2020-02-18;"05:35:00";"COM VÍTIMA";"FINALIZADA";"ARRUDA";"AV BEBERIBE";"";"AV PROFESSOR JOSE DOS ANJOS";"EM FRENTE AO POSTO BR";"ARRUDA";"131";"CIDADE";"ABALROAMENTO LONGITUDINAL";1;"0";"0";"0";"1";"1";"0";"0";"0";"1";"0";"Longo da via";"Bom";"Sem defeito";"Perfeito estado";"Seca";"Perfeito estado";"Faixa de pedestre";"Não há placas";"";"Dupla";"Faixa contínua";"";""
"1507";2020-02-18;"08:17:00";"SEM VÍTIMA";"FINALIZADA";"PINA";"AV ANTONIO DE GOES";"";"AV CONSELHEIRO AGUIAR";"EM FRENTE A HONDA";"PINA";"226";"CIDADE";"COLISÃO";2;"0";"0";"0";"0";"0";"0";"0";"0";"0";"0";"Longo da via";"Bom";"Sem defeito";"Perfeito estado";"Seca";"Perfeito estado";"Agente";"R-8a";"60 km/h";"Única";"Faixa contínua";"Faixa seccionada";""
"1508";2020-02-18;"08:23:00";"SEM VÍTIMA";"FINALIZADA";"AREIAS";"AV RECIFE";"";"AV CAPITAO GREGORIO DE CALDAS";"NA ENTRADA DA VILA CARDEAL  AO LADO DO BIG BOM PREÇO";"AREIAS";"494";"CIDADE";"COLISÃO";1;"0";"0";"0";"0";"1";"0";"0";"0";"0";"0";"Esquina";"Bom";"Sem defeito";"Incompleta";"Seca";"Perfeito estado";"Faixa de pedestre";"Não há placas";"";"Dupla";"Faixa seccionada";"";""
"1509";2020-02-18;"08:33:00";"COM VÍTIMA";"FINALIZADA";"ENGENHO DO MEIO";"RUA ANTONIO CURADO";"80";"RUA FRANCISCO BEZERRA MONTEIRO";"EM FRENTE ACADEMIA  AG FITNESS";"ENGENHO DO MEIO";NA;"";"COLISÃO COM CICLISTA";1;"0";"0";"1";"0";"0";"0";"0";"0";"1";"0";"Esquina";"Bom";"Não existe";"Perfeito estado";"Seca";"Perfeito estado";"Não existe";"Não há placas";"";"Dupla";"Faixa seccionada";"";""
"1510";2020-02-18;"09:36:00";"COM VÍTIMA";"FINALIZADA";"JOANA BEZERRA";"RUA CONCEICAO DE MACABU";"";"";"ENTRADA DA TI JOANA BEZERRA";"JOANA BEZERRA";NA;"CIDADE";"ATROPELAMENTO";NA;"0";"0";"0";"1";"1";"0";"0";"0";"1";"0";"Longo da via";"Bom";"Não existe";"Perfeito estado";"Seca";"Perfeito estado";"Não existe";"Não há placas";"20 km/h";"Única";"Faixa seccionada";"";""
"1511";2020-02-18;"09:53:00";"COM VÍTIMA";"FINALIZADA";"PINA";"AV ANTONIO DE GOES";"275";"";"EM FRENTE  AO ITC  INTERNACIONAL  TRADE CENTER";"PINA";NA;"CIDADE";"COLISÃO COM CICLISTA";1;"1";"0";"1";"0";"0";"0";"0";"0";"1";"0";"Longo da via";"Bom";"Não existe";"Perfeito estado";"Seca";"Perfeito estado";"Não existe";"Não há placas";"60 km/h";"Única";"Faixa seccionada";"";""
"1512";2020-02-18;"10:04:00";"SEM VÍTIMA";"FINALIZADA";"ESTÂNCIA";"AV RECIFE";"5516";"";"EM FRENTE Á IMPERIAL EQUIPAMENROS";"ESTÂNCIA";NA;"CIDADE";"COLISÃO";2;"0";"0";"0";"0";"0";"0";"0";"0";"0";"0";"Longo da via";"Bom";"Não existe";"Perfeito estado";"Seca";"Perfeito estado";"Não existe";"Não há placas";"";"Dupla";"Faixa seccionada";"";""
"1513";2020-02-18;"10:13:00";"SEM VÍTIMA";"FINALIZADA";"PINA";"AV ANTONIO DE GOES";"312";"RUA JOSE MARIANO FILHO";"AO LADO  DA ARENA DDV  E AO EMPRESARIAL NEWTON  DE MELO  FAIXA  DA  DIREITA";"PINA";"538";"CIDADE";"COLISÃO";2;"0";"0";"0";"0";"0";"0";"0";"0";"0";"0";"Longo da via";"Bom";"Sem defeito";"Perfeito estado";"Seca";"Perfeito estado";"Agente";"Outras";"";"Única";"Faixa contínua";"Faixa seccionada";""
"1514";2020-02-18;"11:23:00";"SEM VÍTIMA";"FINALIZADA";"BOA VIAGEM";"PRC INDUSTRIAL MIGUEL SANTOS";"70";"";"EM FRENTE AO EDF. JAIME NEJAIM";"BOA VIAGEM";NA;"SUBURBIO";"COLISÃO";2;"0";"0";"0";"0";"0";"0";"0";"0";"0";"0";"Outros";"Bom";"Não existe";"Perfeito estado";"Seca";"Perfeito estado";"Não existe";"Não há placas";"30 km/h";"Única";"Não existe";"";""
"1515";2020-02-18;"12:21:00";"SEM VÍTIMA";"CANCELADA";"ALTO JOSÉ DO PINHO";"RUA ARACATIARA";"";"";"E/F AO COLEGIO DAS FREIRAS E O MERCADINHO POPULAR";"ALTO JOSÉ DO PINHO";NA;"";"COLISÃO";1;"2";"0";"0";"0";"0";"0";"0";"0";"0";"0";"";"";"";"";"";"";"";"";"";"";"";"";""
"1516";2020-02-18;"12:58:00";"SEM VÍTIMA";"FINALIZADA";"JOANA BEZERRA";"PTE JOSE DE BARROS LIMA";"";"";"SENTIDO BOA VIAGEM";"JOANA BEZERRA";NA;"SUBURBIO";"CHOQUE OBJETO FIXO";1;"0";"0";"0";"0";"0";"0";"0";"0";"0";"0";"Longo da via";"Bom";"Não existe";"Perfeito estado";"Seca";"Perfeito estado";"Outros";"Outras";"60 km/h";"Dupla";"Faixa seccionada";"Canteiro central";""
"1517";2020-02-18;"13:07:00";"SEM VÍTIMA";"CANCELADA";"IMBIRIBEIRA";"AV DOM JOAO VI";"46";"AV ANTONIO TORRES GALVAO";"E/F A JUNIOR CAR INJEÇÃO ELETRÔNICA (SENT. BOA VIAGEM)";"IMBIRIBEIRA";"543";"";"COLISÃO";2;"0";"0";"0";"0";"0";"0";"0";"0";"0";"0";"";"";"";"";"";"";"";"";"";"";"";"";""
"1518";2020-02-18;"13:22:00";"SEM VÍTIMA";"FINALIZADA";"JOANA BEZERRA";"AV DES GUERRA BARRETO";"";"AV BEIRA RIO";"NO SEMAFORO 038 E/F AO FORUM JONA BEZERRA";"JOANA BEZERRA";"38";"";"COLISÃO";2;"0";"0";"0";"0";"0";"0";"0";"0";"0";"0";"Longo da via";"Bom";"Sem defeito";"Perfeito estado";"Seca";"Perfeito estado";"Faixa de pedestre";"R-25a";"";"Única";"Faixa contínua";"";""
"1519";2020-02-18;"14:08:00";"SEM VÍTIMA";"FINALIZADA";"MACAXEIRA";"RUA FLAVIO GUERRA";"53";"";"EM FRENTE A FABRICA UNIGELO";"MACAXEIRA";NA;"SUBURBIO";"COLISÃO";1;"0";"0";"0";"0";"0";"1";"0";"0";"0";"0";"Longo da via";"Bom";"Não existe";"Não existente";"Seca";"Perfeito estado";"Não existe";"Não há placas";"";"Dupla";"Não existe";"";""
"1520";2020-02-18;"14:29:00";"SEM VÍTIMA";"FINALIZADA";"MADALENA";"RUA BENFICA";"";"";"PROX A PRAÇA DO INTERNACIONAL E/F AO POSTO BR";"MADALENA";"515";"SUBURBIO";"COLISÃO";2;"0";"0";"0";"0";"0";"0";"0";"0";"0";"0";"Longo da via";"Bom";"Sem defeito";"Perfeito estado";"Seca";"Perfeito estado";"Faixa de pedestre";"Não há placas";"60 km/h";"Única";"Faixa seccionada";"";""
"1521";2020-02-18;"14:34:00";"SEM VÍTIMA";"FINALIZADA";"IMBIRIBEIRA";"AV ENGENHEIRO ALVES DE SOUZA";"245";"";"EM FRENTE A DROGASIL";"IMBIRIBEIRA";"634";"SUBURBIO";"COLISÃO";2;"0";"0";"0";"0";"0";"0";"0";"0";"0";"0";"Longo da via";"Bom";"Sem defeito";"Perfeito estado";"Seca";"Perfeito estado";"Faixa de pedestre";"R-6a";"";"Dupla";"Não existe";"";""
"1522";2020-02-18;"14:53:00";"COM VÍTIMA";"FINALIZADA";"PINA";"AVENIDA CELSO FURTADO (VIA MANGUE)";"";"";"NA SUBIDA DO VIATUDO/ SENTIDO RIO MAR";"PINA";NA;"CIDADE";"COLISÃO";2;"1";"0";"0";"0";"0";"0";"0";"0";"1";"0";"Longo da via";"Bom";"Não existe";"Perfeito estado";"Seca";"Perfeito estado";"Não existe";"Não há placas";"60 km/h";"Dupla";"Canteiro central";"";""
"1523";2020-02-18;"15:09:00";"SEM VÍTIMA";"FINALIZADA";"BOA VISTA";"RUA JOAQUIM FELIPE";"60";"";"PREDIO DA CELPE";"BOA VISTA";NA;"SUBURBIO";"ENGAVETAMENTO";3;"0";"0";"0";"0";"0";"0";"0";"0";"0";"0";"Longo da via";"Bom";"Não existe";"Perfeito estado";"Seca";"Perfeito estado";"Não existe";"R-6a";"";"Única";"Faixa contínua";"";""
"1524";2020-02-18;"15:16:00";"SEM VÍTIMA";"FINALIZADA";"PINA";"AV ENGENHEIRO DOMINGOS FERREIRA";"306";"";"E/F AO SUPERMERCADO EXTRABOM";"PINA";NA;"SUBURBIO";"COLISÃO";2;"0";"0";"0";"0";"0";"0";"0";"0";"0";"0";"Longo da via";"Bom";"Não existe";"Perfeito estado";"Seca";"Perfeito estado";"Agente";"Não há placas";"60 km/h";"Única";"Canteiro central";"";""
"1525";2020-02-18;"15:31:00";"SEM VÍTIMA";"FINALIZADA";"CASA FORTE";"AV DEZESSETE DE AGOSTO";"1017";"RUA SANT'ANNA";"AO LADO DO CPOR RECIFE";"CASA FORTE";"389";"SUBURBIO";"COLISÃO";2;"0";"0";"0";"0";"0";"0";"0";"0";"0";"0";"Longo da via";"Bom";"Não existe";"Perfeito estado";"Seca";"Perfeito estado";"Não existe";"R-6a";"";"Dupla";"Faixa contínua";"Faixa seccionada";""
"1526";2020-02-18;"15:57:00";"SEM VÍTIMA";"FINALIZADA";"BOA VIAGEM";"RUA CAPITAO ZUZINHA";"286";"RUA SA E SOUZA";"RESIDENCIAL JARDIM EUROPA";"BOA VIAGEM";"420";"AEROPORTO/PRAIA";"COLISÃO";2;"0";"0";"0";"0";"0";"0";"0";"0";"0";"0";"Longo da via";"Bom";"Sem defeito";"Perfeito estado";"Seca";"Perfeito estado";"Faixa de pedestre";"Outras";"";"Única";"Faixa seccionada";"";""
"1527";2020-02-18;"16:27:00";"SEM VÍTIMA";"FINALIZADA";"BOA VIAGEM";"RUA DR JOAO GUILHERME DE P SOBRINHO";"249";"";"NA RUA DO HOSPITAL DA UNIMED";"BOA VIAGEM";NA;"";"COLISÃO";2;"0";"0";"0";"0";"0";"0";"0";"0";"0";"0";"Longo da via";"Bom";"Não existe";"Não existente";"Seca";"Mal conservada";"Não existe";"Não há placas";"";"Única";"Não existe";"";""
"1528";2020-02-18;"17:02:00";"SEM VÍTIMA";"FINALIZADA";"VASCO DA GAMA";"RUA DOIS DE FEVEREIRO";"";"";"E/F A GRANJA SELECTA";"VASCO DA GAMA";NA;"";"COLISÃO";1;"0";"0";"0";"0";"1";"0";"0";"0";"0";"0";"";"";"";"";"";"";"";"";"";"";"";"";""