"";"data";"hora";"natureza_acidente";"situacao";"bairro";"endereco";"numero";"detalhe_endereco_acidente";"complemento";"bairro_cruzamento";"num_semaforo";"sentido_via";"tipo";"auto";"moto";"ciclom";"ciclista";"pedestre";"onibus";"caminhao";"viatura";"outros";"vitimas";"vitimasfatais";"acidente_verificado";"tempo_clima";"situacao_semaforo";"sinalizacao";"condicao_via";"conservacao_via";"ponto_controle";"situacao_placa";"velocidade_max_via";"mao_direcao";"divisao_via1";"divisao_via2";"divisao_via3"
"1529";2020-02-18;"17:22:00";"SEM VÍTIMA";"FINALIZADA";"ILHA DO LEITE";"RUA GENERAL JOAQUIM INACIO";"35";"RUA ESTADO DE ISRAEL";"E/F A FARMACIA PAGUE MENOS BATEDOR DA MOTO 22 E 34 NO LOCAL";"ILHA DO LEITE";"373";"";"COLISÃO";3;"0";"0";"0";"0";"0";"0";"0";"0";"0";"0";"Longo da via";"Bom";"Sem defeito";"Perfeito estado";"Seca";"Perfeito estado";"Faixa de pedestre";"R-4b";"";"Única";"Faixa contínua";"";""
"1530";2020-02-18;"17:44:00";"COM VÍTIMA";"FINALIZADA";"PINA";"AV ENGENHEIRO DOMINGOS FERREIRA";"170";"";"E/F A ASISTENCIA TÉCNICA DA SAMSUNG";"PINA";NA;"SUBURBIO";"COLISÃO TRASEIRA";1;"1";"0";"0";"0";"0";"0";"0";"0";"1";"0";"Longo da via";"Bom";"Não existe";"Perfeito estado";"Seca";"Perfeito estado";"Não existe";"R-6a";"";"Única";"Faixa seccionada";"";""
"1531";2020-02-18;"17:49:00";"SEM VÍTIMA";"FINALIZADA";"JORDÃO";"AV MARIA IRENE";"";"";"EMBAIXO DO TÚNEL";"JORDÃO";NA;"SUBURBIO";"COLISÃO";2;"0";"0";"0";"0";"0";"0";"0";"0";"0";"0";"Outros";"Bom";"Não existe";"Não existente";"Seca";"Mal conservada";"Não existe";"Não há placas";"60 km/h";"Dupla";"Canteiro central";"";""
"1532";2020-02-18;"18:54:00";"COM VÍTIMA";"FINALIZADA";"SANTO AMARO";"AV GOVERNADOR AGAMENON MAGALHAES";"";"AV DR JAYME DA FONTE";"AO LADO DO INSTITUTO CRIMINALISTA- SNT OLINDA";"SANTO AMARO";"49";"SUBURBIO";"COLISÃO TRASEIRA";1;"1";"0";"0";"0";"0";"0";"0";"0";"1";"0";"Longo da via";"Bom";"Sem defeito";"Perfeito estado";"Seca";"Perfeito estado";"Faixa de pedestre";"Não há placas";"";"Dupla";"Canal";"";""
"1533";2020-02-18;"19:23:00";"SEM VÍTIMA";"FINALIZADA";"AFOGADOS";"RUA IMPERIAL";"";"";"PONTE DA IMPERIAL NA SUBIDA";"AFOGADOS";NA;"SUBURBIO";"COLISÃO";3;"0";"0";"0";"0";"0";"0";"0";"0";"0";"0";"Longo da via";"Bom";"Sem defeito";"Perfeito estado";"Seca";"Perfeito estado";"Outros";"Outras";"";"Única";"Faixa seccionada";"";""
"1534";2020-02-18;"19:33:00";"SEM VÍTIMA";"FINALIZADA";"JOANA BEZERRA";"AV MARTIN LUTHER KING";"";"";"E/F A ACADEMIA DA CIDADE";"JOANA BEZERRA";NA;"";"COLISÃO";1;"0";"0";"0";"0";"1";"0";"0";"0";"0";"0";"Longo da via";"Bom";"Não existe";"Perfeito estado";"Seca";"Perfeito estado";"Não existe";"Não há placas";"";"Única";"Canteiro central";"";""
"1535";2020-02-18;"19:37:00";"SEM VÍTIMA";"FINALIZADA";"ILHA DO LEITE";"AV GOVERNADOR AGAMENON MAGALHAES";"";"RUA DR JOAO ASFORA";"NA DESCIDA DO VIADUTO CAP TEMUDOM / E/F AO HOSPITAL PORTUGUES- SNT CONTRÁRIO";"ILHA DO LEITE";NA;"CIDADE";"COLISÃO";1;"0";"0";"0";"0";"0";"1";"0";"0";"0";"0";"Esquina";"Bom";"Sem defeito";"Perfeito estado";"Seca";"Perfeito estado";"Faixa de pedestre";"";"";"Dupla";"Faixa seccionada";"";""
"1536";2020-02-18;"19:52:00";"SEM VÍTIMA";"CANCELADA";"BOA VIAGEM";"AV FERNANDO SIMOES BARBOSA";"";"";"PROX AO CANAL DA CONSTRUÇAO";"BOA VIAGEM";NA;"";"COLISÃO";1;"1";"0";"0";"0";"0";"0";"0";"0";"0";"0";"";"";"";"";"";"";"";"";"";"";"";"";""
"1537";2020-02-18;"19:58:00";"SEM VÍTIMA";"FINALIZADA";"CASA AMARELA";"RUA XAVANTES";"177";"RUA OSCAR DE BARROS";"PROX AO MERCADO CANELA";"CASA AMARELA";NA;"SUBURBIO";"COLISÃO";2;"0";"0";"0";"0";"0";"0";"0";"0";"0";"0";"Cruzamento";"Bom";"Não existe";"Perfeito estado";"Seca";"Perfeito estado";"Não existe";"Placas Pare";"";"Única";"Não existe";"";""
"1538";2020-02-18;"22:00:00";"SEM VÍTIMA";"FINALIZADA";"IMBIRIBEIRA";"RUA OLIVIA MENELAU";"93";"AV MARECHAL MASCARENHAS DE MORAES";"SEMÁFORO 396";"IMBIRIBEIRA";"396";"SUBURBIO";"COLISÃO";3;"0";"0";"0";"0";"0";"0";"0";"0";"0";"0";"Longo da via";"Chuvoso";"Sem defeito";"Perfeito estado";"Molhada";"Perfeito estado";"Faixa de pedestre";"Outras";"";"Única";"Faixa seccionada";"";""
"1539";2020-02-18;"23:24:00";"SEM VÍTIMA";"FINALIZADA";"AFOGADOS";"RUA SANTA EDWIRGES";"295";"RUA PADRE TEOFILO TWORZ";"NO CRUZAMENTO MESMO";"AFOGADOS";NA;"SUBURBIO";"COLISÃO";2;"0";"0";"0";"0";"0";"0";"0";"0";"0";"0";"Cruzamento";"Chuvoso";"Não existe";"Perfeito estado";"Molhada";"Perfeito estado";"Faixa de pedestre";"Placas Pare";"";"Dupla";"Faixa contínua";"";""
"1540";2020-02-19;"06:25:00";"COM VÍTIMA";"FINALIZADA";"ESPINHEIRO";"AV GOVERNADOR AGAMENON MAGALHAES";"2764";"RUA BUENOS AYRES";"E/F AO BANCO DO NORDESTE (SNET. BOA VIAGEM) / VIA PRINCIPAL";"ESPINHEIRO";"78";"BOA VIAGEM";"COLISÃO TRASEIRA";NA;"2";"0";"0";"0";"0";"0";"0";"0";"2";"0";"Cruzamento";"Bom";"Sem defeito";"Perfeito estado";"Seca";"Perfeito estado";"Faixa de pedestre";"Outras";"60 km/h";"Dupla";"Canteiro central";"";""
"1541";2020-02-19;"07:59:00";"SEM VÍTIMA";"CANCELADA";"AFLITOS";"RUA TEIXEIRA PINTO";"38";"";"EM FRENTE AO  EDIFICIO MANOEL BANDEIRA";"AFLITOS";NA;"";"COLISÃO";1;"1";"0";"0";"0";"0";"0";"0";"0";"0";"0";"";"";"";"";"";"";"";"";"";"";"";"";""
"1542";2020-02-19;"08:29:00";"COM VÍTIMA";"FINALIZADA";"BOA VIAGEM";"RUA MARQUES DE VALENCA";"300";"RUA JOAO DIAS MARTINS";"ESQ DA IGREJA NS DE FATIMA";"BOA VIAGEM";NA;"SUBURBIO";"ABALROAMENTO TRANSVERSAL";1;"1";"0";"0";"0";"0";"0";"0";"0";"1";"0";"Cruzamento";"Bom";"Não existe";"Incompleta";"Seca";"Perfeito estado";"";"R-4a";"";"Dupla";"Não existe";"";""
"1543";2020-02-19;"08:32:00";"COM VÍTIMA";"FINALIZADA";"MADALENA";"AV VISCONDE DE ALBUQUERQUE";"401";"RUA LOPES DE CARVALHO";"EM FRENTE A GALERIA MADALENA CENTER";"MADALENA";NA;"SUBURBIO";"ABALROAMENTO LONGITUDINAL";1;"1";"0";"0";"0";"0";"0";"0";"0";"1";"0";"Longo da via";"Bom";"Não existe";"Perfeito estado";"Seca";"Perfeito estado";"Não existe";"Outras";"";"Única";"Faixa contínua";"Faixa seccionada";""
"1544";2020-02-19;"08:33:00";"SEM VÍTIMA";"CANCELADA";"CAXANGÁ";"RUA RIBEIRO PESSOA";"345";"";"DEPOIS DA UPA";"CAXANGÁ";NA;"";"COLISÃO";1;"0";"0";"0";"0";"1";"0";"0";"0";"0";"0";"";"";"";"";"";"";"";"";"";"";"";"";""
"1545";2020-02-19;"08:49:00";"SEM VÍTIMA";"FINALIZADA";"BOA VIAGEM";"RUA JACK AYRES";"";"RUA PROFESSOR JULIO FERREIRA DE MELO";"NA SAIDA DO SHOPPING CENTER RECIFE  EM FRENTE AO BAR  DO AMARELINHO";"BOA VIAGEM";NA;"";"COLISÃO";2;"0";"0";"0";"0";"0";"0";"0";"0";"0";"0";"Cruzamento";"Bom";"Não existe";"Perfeito estado";"Seca";"Perfeito estado";"Faixa de retenção";"Placas Pare";"20 km/h";"Única";"Não existe";"";""
"1546";2020-02-19;"08:55:00";"SEM VÍTIMA";"CANCELADA";"BOA VIAGEM";"AV DOM JOAO VI";"";"";"AO LADO DO SHOPPING RECIFE / EM FRENTE AO CANAL";"BOA VIAGEM";NA;"";"COLISÃO";2;"0";"0";"0";"0";"0";"0";"0";"0";"0";"0";"";"";"";"";"";"";"";"";"";"";"";"";""
"1547";2020-02-19;"09:19:00";"SEM VÍTIMA";"FINALIZADA";"BARRO";"RUA PADRE DIOGO RODRIGUES";"43";"";"AO LADO DA PRIMEIRA IGREJA BATISTA EM AREIAS";"BARRO";NA;"";"COLISÃO";2;"0";"0";"0";"0";"0";"0";"0";"0";"0";"0";"Longo da via";"Bom";"Não existe";"Não existente";"Seca";"Perfeito estado";"Não existe";"Não há placas";"";"Dupla";"Não existe";"";""
"1548";2020-02-19;"09:20:00";"SEM VÍTIMA";"FINALIZADA";"BOA VIAGEM";"RUA TOME GIBSON";"";"RUA TOME GIBSON";"NA SAÍDA DA VIA MANGUE (INÍCIO DA RUA TOMÉ GIBSON) / SENT. PINA";"BOA VIAGEM";NA;"CIDADE";"COLISÃO";2;"0";"0";"0";"0";"0";"0";"0";"0";"0";"0";"Longo da via";"Bom";"Não existe";"Perfeito estado";"Seca";"Perfeito estado";"Não existe";"Outras";"";"Dupla";"Canteiro central";"";""
"1549";2020-02-17;"09:23:00";"SEM VÍTIMA";"FINALIZADA";"MANGABEIRA";"AV PROFESSOR JOSE DOS ANJOS";"1192";"";"";"MANGABEIRA";"364";"";"COLISÃO TRASEIRA";1;"1";"0";"0";"0";"0";"0";"0";"0";"0";"0";"Longo da via";"Bom";"Sem defeito";"Perfeito estado";"Seca";"Perfeito estado";"Faixa de pedestre";"R-6a";"";"Única";"Faixa seccionada";"";""
"1550";2020-02-19;"09:48:00";"SEM VÍTIMA";"FINALIZADA";"DERBY";"RUA GUILHERME PINTO";"636";"";"EM FRENTE A VERD -FRUT  E AO BLOCO D. DA MAURICIO  DE NASSAU";"DERBY";NA;"SUBURBIO";"COLISÃO";1;"0";"0";"0";"0";"1";"0";"0";"0";"0";"0";"Longo da via";"Bom";"Sem defeito";"Perfeito estado";"Seca";"Perfeito estado";"Não existe";"R-6a";"";"Única";"Faixa seccionada";"";""
"1551";2020-02-19;"10:46:00";"SEM VÍTIMA";"FINALIZADA";"CASA AMARELA";"AV NORTE";"5402";"";"EM FRENTE A UPINHA";"CASA AMARELA";NA;"SUBURBIO";"COLISÃO";NA;"0";"0";"0";"0";"1";"0";"0";"0";"0";"0";"Longo da via";"Bom";"Não existe";"Perfeito estado";"Seca";"Perfeito estado";"Faixa de pedestre";"";"";"Dupla";"Canteiro central";"";""
"1552";2020-02-19;"11:02:00";"SEM VÍTIMA";"FINALIZADA";"BOA VISTA";"RUA DO PROGRESSO";"242";"";"E/F EMPRESARIAL PROGRESSO";"BOA VISTA";NA;"CIDADE";"COLISÃO";NA;"0";"0";"0";"0";"0";"1";"0";"1";"0";"0";"Longo da via";"Bom";"Não existe";"Perfeito estado";"Seca";"Perfeito estado";"Não existe";"Não há placas";"40 km/h";"Única";"Não existe";"";""
"1553";2020-02-19;"11:24:00";"SEM VÍTIMA";"CANCELADA";"IPSEP";"RUA ALDEMAR DE OLIVEIRA";"198";"";"RUA DA LOJA DE PNEUS";"IPSEP";NA;"";"CHOQUE OBJETO FIXO";NA;"0";"0";"0";"0";"0";"1";"0";"0";"0";"0";"";"";"";"";"";"";"";"";"";"";"";"";""
"1554";2020-02-19;"11:29:00";"SEM VÍTIMA";"FINALIZADA";"SAN MARTIN";"AV ENGENHEIRO ABDIAS DE CARVALHO";"";"AV GENERAL SAN MARTIN";"EM FRENTE AO COMPAZ";"SAN MARTIN";"58";"";"COLISÃO";1;"1";"0";"0";"0";"0";"0";"0";"0";"0";"0";"Longo da via";"Bom";"Sem defeito";"Perfeito estado";"Seca";"Perfeito estado";"Agente";"Outras";"";"Dupla";"Faixa contínua";"Faixa seccionada";"Canteiro central"
"1555";2020-02-19;"11:57:00";"COM VÍTIMA";"FINALIZADA";"MORRO DA CONCEIÇÃO";"COR DO BARTOLOMEU";"179";"";"PROXIMO HAIKAI SUSHIBAR BURGUER";"MORRO DA CONCEIÇÃO";NA;"SUBURBIO";"ABALROAMENTO TRANSVERSAL";NA;"2";"0";"0";"0";"0";"0";"0";"0";"2";"0";"Longo da via";"Bom";"Não existe";"Perfeito estado";"Seca";"Perfeito estado";"Não existe";"Outras";"";"Dupla";"Faixa seccionada";"";""
"1556";2020-02-19;"12:04:00";"SEM VÍTIMA";"FINALIZADA";"BOA VIAGEM";"AV ANTONIO DE GOES";"549";"";"AO LADO DO POSTO DA SULA AMERICA";"BOA VIAGEM";"538";"CIDADE";"COLISÃO";2;"0";"0";"0";"0";"0";"0";"0";"0";"0";"0";"Longo da via";"Bom";"Sem defeito";"Perfeito estado";"Seca";"Perfeito estado";"Agente";"Outras";"";"Única";"Faixa contínua";"Faixa seccionada";""
"1557";2020-02-19;"12:40:00";"SEM VÍTIMA";"CANCELADA";"DERBY";"AV GOVERNADOR AGAMENON MAGALHAES";"";"";"EM FRENTE A MAXI SEGURO E AO LADO DO BANCO DO BRASIL/ SENTIDO OLINDA";"DERBY";NA;"";"COLISÃO";1;"1";"0";"0";"0";"0";"0";"0";"0";"0";"0";"";"";"";"";"";"";"";"";"";"";"";"";""
"1558";2020-02-19;"12:42:00";"SEM VÍTIMA";"CANCELADA";"SÃO JOSÉ";"RUA PRIMEIRO DE MARCO";"";"AV MARTINS DE BARROS";"NO CRUZAMENTO MESMO";"SÃO JOSÉ";NA;"";"COLISÃO";1;"1";"0";"0";"0";"0";"0";"0";"0";"0";"0";"";"";"";"";"";"";"";"";"";"";"";"";""
"1559";2020-02-19;"12:59:00";"SEM VÍTIMA";"CANCELADA";"SANTO AMARO";"AV MARIO MELO";"";"";"E/F A ESCOLA CONEGO ROCHEL DE MEDEIROS";"SANTO AMARO";NA;"";"COLISÃO";2;"0";"0";"0";"0";"0";"0";"0";"0";"0";"0";"";"";"";"";"";"";"";"";"";"";"";"";""
"1560";2020-02-19;"13:48:00";"SEM VÍTIMA";"FINALIZADA";"BOA VISTA";"RUA DOM BOSCO";"";"";"E/F AO COLEGIO SALESIANO";"BOA VISTA";NA;"CIDADE";"COLISÃO";2;"0";"0";"0";"0";"0";"0";"0";"0";"0";"0";"Longo da via";"Bom";"Não existe";"Perfeito estado";"Seca";"Perfeito estado";"Outros";"Outras";"";"Única";"Outros";"";""
"1561";2020-02-19;"13:50:00";"SEM VÍTIMA";"FINALIZADA";"VÁRZEA";"RUA FRANCISCO LACERDA";"";"RUA FRANCISCO LACERDA";"E/F A ESCOLA CRISTÃ";"VÁRZEA";NA;"SUBURBIO";"COLISÃO";2;"0";"0";"0";"0";"0";"0";"0";"0";"0";"0";"Cruzamento";"Bom";"Não existe";"Perfeito estado";"Seca";"Perfeito estado";"Não existe";"R-6a";"";"Dupla";"Não existe";"";""
"1562";2020-02-19;"14:02:00";"SEM VÍTIMA";"FINALIZADA";"BOA VISTA";"AV CONDE DA BOA VISTA";"";"";"EM FRENTE A FARMACIA INDEPENDENTE/ SENTIDO AGAMENON";"BOA VISTA";"23";"";"COLISÃO";1;"0";"0";"0";"0";"1";"0";"0";"0";"0";"0";"";"Bom";"Sem defeito";"Perfeito estado";"Seca";"Perfeito estado";"";"";"40 km/h";"Única";"Não existe";"";""
"1563";2020-02-19;"14:06:00";"SEM VÍTIMA";"CANCELADA";"IBURA";"RUA RIO XINGU";"180";"";"E/F A PANIFICADORA QUE PAO";"IBURA";NA;"";"COLISÃO";1;"1";"0";"0";"0";"0";"0";"0";"0";"0";"0";"";"";"";"";"";"";"";"";"";"";"";"";""
"1564";2020-02-19;"14:59:00";"SEM VÍTIMA";"FINALIZADA";"PINA";"AV ANTONIO DE GOES";"60";"";"AO LADO DO JCPM";"PINA";"226";"CIDADE";"COLISÃO";2;"0";"0";"0";"0";"0";"0";"0";"0";"0";"0";"Longo da via";"Bom";"Sem defeito";"Perfeito estado";"Seca";"Perfeito estado";"Faixa de pedestre";"Outras";"60 km/h";"Única";"Faixa seccionada";"";""
"1565";2020-02-19;"15:41:00";"SEM VÍTIMA";"FINALIZADA";"BOA VISTA";"RUA DAS FRONTEIRAS";"76";"";"EM FRENTE A URGENCIA DO MEMORIAL SÃO JOSÉ";"BOA VISTA";NA;"SUBURBIO";"COLISÃO";2;"0";"0";"0";"0";"0";"0";"0";"0";"0";"0";"Longo da via";"Bom";"Não existe";"Incompleta";"Seca";"Perfeito estado";"Não existe";"Outras";"";"Única";"Não existe";"";""
"1566";2020-02-19;"17:04:00";"SEM VÍTIMA";"FINALIZADA";"BONGI";"AV CONSUL VILARES FRAGOSO";"374";"";"PROX A CELPE";"BONGI";NA;"SUBURBIO";"COLISÃO";1;"1";"0";"0";"0";"0";"0";"0";"0";"0";"0";"Cruzamento";"Bom";"Não existe";"Perfeito estado";"Seca";"Mal conservada";"Não existe";"R-6a";"30 km/h";"Dupla";"Faixa seccionada";"";""
"1567";2020-02-19;"17:06:00";"SEM VÍTIMA";"FINALIZADA";"PINA";"AV ANTONIO DE GOES";"";"";"E/F PRF S/T CID";"PINA";NA;"CIDADE";"COLISÃO";2;"0";"0";"0";"0";"0";"0";"0";"0";"0";"0";"Longo da via";"Bom";"Não existe";"Perfeito estado";"Seca";"Perfeito estado";"Não existe";"Placas Pare";"40 km/h";"Única";"Não existe";"";""
"1568";2020-02-19;"17:14:00";"SEM VÍTIMA";"DUPLICIDADE";"BONGI";"AV CONSUL VILARES FRAGOSO";"269";"";"PROXIMO AO RESIDENCIAL MORADA RECIFE";"BONGI";NA;"";"COLISÃO";1;"1";"0";"0";"0";"0";"0";"0";"0";"0";"0";"";"";"";"";"";"";"";"";"";"";"";"";""
"1569";2020-02-19;"17:14:00";"SEM VÍTIMA";"FINALIZADA";"VÁRZEA";"RUA GENERAL POLIDORO";"397";"";"PROX A PADARIA DELICATESSEN";"VÁRZEA";"577";"SUBURBIO";"COLISÃO";1;"0";"0";"0";"0";"0";"1";"0";"0";"0";"0";"Longo da via";"Bom";"Sem defeito";"Perfeito estado";"Seca";"Perfeito estado";"Faixa de pedestre";"Outras";"";"Dupla";"Não existe";"";""
"1570";2020-02-19;"17:28:00";"SEM VÍTIMA";"FINALIZADA";"CASA AMARELA";"RUA DA HARMONIA";"";"";"PROX A IGREJA DA HARMONIA";"CASA AMARELA";"598";"SUBURBIO";"COLISÃO";1;"0";"0";"0";"0";"1";"0";"0";"0";"0";"0";"Esquina";"Bom";"Sem defeito";"Perfeito estado";"Seca";"Perfeito estado";"Faixa de retenção";"Outras";"";"Dupla";"Não existe";"";""
"1571";2020-02-19;"17:40:00";"SEM VÍTIMA";"FINALIZADA";"BOA VISTA";"AV GOVERNADOR AGAMENON MAGALHAES";"";"";"E/F AO CLUBE PORTUGUES";"BOA VISTA";NA;"";"COLISÃO";2;"0";"0";"0";"0";"0";"0";"0";"0";"0";"0";"Cruzamento";"Bom";"Sem defeito";"Perfeito estado";"Seca";"Perfeito estado";"Faixa de pedestre";"";"60 km/h";"Dupla";"Canal";"";""
"1572";2020-02-19;"18:15:00";"SEM VÍTIMA";"FINALIZADA";"PINA";"AV ANTONIO DE GOES";"449";"RUA MIRANDA FALCAO";"ENF A LG // PROX A ICONNECT ASSISTENCIA TECNICA";"PINA";"277";"CIDADE";"COLISÃO";1;"1";"0";"0";"0";"0";"0";"0";"0";"0";"0";"Longo da via";"Bom";"Sem defeito";"Perfeito estado";"Seca";"Perfeito estado";"Agente";"Placas Pare";"60 km/h";"Única";"Canteiro central";"";""
"1573";2020-02-19;"18:33:00";"SEM VÍTIMA";"FINALIZADA";"TAMARINEIRA";"RUA CONEGO BARATA";"571";"";"ENF A MANA DELICATESSEN";"TAMARINEIRA";NA;"";"COLISÃO";2;"0";"0";"0";"0";"0";"0";"0";"0";"0";"0";"Longo da via";"Bom";"Sem defeito";"Perfeito estado";"Seca";"Perfeito estado";"Não existe";"Outras";"";"Dupla";"Faixa seccionada";"";""
"1574";2020-02-19;"18:42:00";"COM VÍTIMA";"FINALIZADA";"PINA";"AV ENGENHEIRO DOMINGOS FERREIRA";"";"RUA PEREIRA DA COSTA";"ENF AO CLINICAL CENTER";"PINA";"142";"SUBURBIO";"COLISÃO TRASEIRA";1;"1";"0";"0";"0";"0";"0";"0";"0";"1";"0";"Cruzamento";"Bom";"Sem defeito";"Perfeito estado";"Seca";"Perfeito estado";"Faixa de pedestre";"Não há placas";"";"Única";"Faixa seccionada";"Canteiro central";""
"1575";2020-02-19;"18:59:00";"COM VÍTIMA";"FINALIZADA";"IPSEP";"RUA HELIO BRANDAO";"362";"RUA SAO NICOLAU";"PROX A V8 VEICULOS";"IPSEP";"565";"";"COLISÃO";NA;"1";"0";"0";"0";"0";"1";"0";"0";"1";"0";"Cruzamento";"Bom";"Sem defeito";"Perfeito estado";"Seca";"Perfeito estado";"Faixa de pedestre";"Outras";"";"Única";"Não existe";"";""
"1576";2020-02-19;"19:28:00";"SEM VÍTIMA";"FINALIZADA";"TAMARINEIRA";"RUA CONEGO BARATA";"571";"";"PROX A FERREIRA COSTA";"TAMARINEIRA";NA;"SUBURBIO";"COLISÃO";2;"0";"0";"0";"0";"0";"0";"0";"0";"0";"0";"Longo da via";"Bom";"Não existe";"Perfeito estado";"Seca";"Perfeito estado";"Outros";"Outras";"";"Dupla";"Blocos";"";""
"1577";2020-02-19;"19:52:00";"SEM VÍTIMA";"FINALIZADA";"BOA VISTA";"RUA DO HOSPICIO";"940";"";"AO LADO DA CAIXA ECONOMICA FEDERAL";"BOA VISTA";NA;"CIDADE";"COLISÃO";2;"0";"0";"0";"0";"0";"0";"0";"0";"0";"0";"Longo da via";"Bom";"Sem defeito";"Perfeito estado";"Seca";"Perfeito estado";"Faixa de pedestre";"Não há placas";"40 km/h";"Dupla";"Faixa contínua";"";""
"1578";2020-02-19;"20:13:00";"SEM VÍTIMA";"FINALIZADA";"PAISSANDU";"AV GOVERNADOR AGAMENON MAGALHAES";"4760";"RUA PAISSANDU";"ENF. AO HOSPITAL PORTUGUES // SENTIDO BOA VIAGEM";"PAISSANDU";"69";"SUBURBIO";"COLISÃO";2;"0";"0";"0";"0";"0";"0";"0";"0";"0";"0";"Longo da via";"Chuvoso";"Sem defeito";"Perfeito estado";"Molhada";"Perfeito estado";"Faixa de pedestre";"Outras";"60 km/h";"Única";"Faixa seccionada";"";""
"1579";2020-02-19;"20:13:00";"SEM VÍTIMA";"FINALIZADA";"SANTO ANTÔNIO";"AV MARTINS DE BARROS";"";"";"ENF. AO MINISTERIO PUBLICO DE PE.";"SANTO ANTÔNIO";NA;"CIDADE";"COLISÃO";1;"0";"0";"0";"0";"1";"0";"0";"0";"0";"0";"Longo da via";"Bom";"Sem defeito";"Perfeito estado";"Seca";"Perfeito estado";"Não existe";"Outras";"";"Única";"Faixa seccionada";"";""
"1580";2020-02-19;"20:41:00";"SEM VÍTIMA";"FINALIZADA";"ENCRUZILHADA";"RUA DONA ELVIRA";"194";"RUA DONA ELVIRA";"PROX A QUITANDARIA";"ENCRUZILHADA";NA;"SUBURBIO";"COLISÃO";2;"0";"0";"0";"0";"0";"0";"0";"0";"0";"0";"Cruzamento";"Bom";"Não existe";"Ilegível";"Seca";"Mal iluminada";"Não existe";"Placas Pare";"";"Dupla";"Não existe";"";""
"1581";2020-02-19;"21:41:00";"SEM VÍTIMA";"FINALIZADA";"CASA FORTE";"AV DEZESSETE DE AGOSTO";"";"";"E/F A PRAÇA DE CASA FORTE";"CASA FORTE";"372";"CIDADE";"COLISÃO";2;"1";"0";"0";"0";"0";"0";"0";"0";"0";"0";"Longo da via";"Chuvoso";"Sem defeito";"Perfeito estado";"Molhada";"Perfeito estado";"Faixa de pedestre";"R-6a";"";"Dupla";"Faixa seccionada";"";""
"1582";2020-02-19;"22:15:00";"COM VÍTIMA";"CANCELADA";"SÃO JOSÉ";"AV SUL";"";"";"POR BAIXO DO VIADUTO CAPITAO TEMUDO";"SÃO JOSÉ";NA;"";"ATROPELAMENTO";NA;"1";"0";"0";"1";"0";"0";"0";"0";"2";"0";"";"";"";"";"";"";"";"";"";"";"";"";""
"1583";2020-02-20;"06:36:00";"SEM VÍTIMA";"FINALIZADA";"TAMARINEIRA";"EST VELHA DE AGUA FRIA";"999";"EST VELHA DE AGUA FRIA";"E/F AO DNOCS";"TAMARINEIRA";"306";"";"COLISÃO";2;"0";"0";"0";"0";"0";"0";"0";"0";"0";"0";"Cruzamento";"Chuvoso";"Desligado";"Perfeito estado";"Molhada";"Perfeito estado";"Faixa de pedestre";"Não há placas";"";"Dupla";"Blocos";"";""
"1584";2020-02-20;"07:35:00";"SEM VÍTIMA";"FINALIZADA";"ILHA DO LEITE";"RUA ANTONIO GOMES DE FREITAS";"";"PRC MIGUEL DE CERVANTES";"EM FRENTE  A PRAÇA MIGUEL DE CERVANTES";"ILHA DO LEITE";NA;"CIDADE";"COLISÃO";2;"0";"0";"0";"0";"0";"0";"0";"0";"0";"0";"Cruzamento";"Chuvoso";"Não existe";"Perfeito estado";"Molhada";"Perfeito estado";"Faixa de pedestre";"Placas Pare";"";"Única";"Faixa seccionada";"";""
"1585";2020-02-20;"07:51:00";"COM VÍTIMA";"FINALIZADA";"IMBIRIBEIRA";"AV MARECHAL MASCARENHAS DE MORAES";"3930";"";"E/F A O LOCALIZA";"IMBIRIBEIRA";"218";"CIDADE";"COLISÃO COM CICLISTA";NA;"1";"0";"1";"0";"0";"0";"0";"0";"2";"0";"Longo da via";"Bom";"Sem defeito";"Perfeito estado";"Seca";"Perfeito estado";"Faixa de pedestre";"Outras";"";"";"Canteiro central";"";""
"1586";2020-02-20;"08:10:00";"SEM VÍTIMA";"FINALIZADA";"IPUTINGA";"RUA LEAL DE BARROS";"610";"";"RESIDENCIA  PROX  AO BAR DONA NICE";"IPUTINGA";NA;"CIDADE";"COLISÃO";2;"0";"0";"0";"0";"0";"0";"0";"0";"0";"0";"Longo da via";"Nublado";"Não existe";"Não existente";"Seca";"Outros";"Não existe";"Não há placas";"";"Dupla";"Não existe";"";""
"1587";2020-02-20;"08:15:00";"SEM VÍTIMA";"FINALIZADA";"ILHA DO RETIRO";"AV BEIRA RIO";"400";"";"100 METROS APÓS O EDF. MARIA TERESA COELHO";"ILHA DO RETIRO";NA;"SUBURBIO";"COLISÃO";2;"0";"0";"0";"0";"0";"0";"0";"0";"0";"0";"Longo da via";"Bom";"Sem defeito";"Perfeito estado";"Seca";"Perfeito estado";"Não existe";"Não há placas";"";"Dupla";"Faixa seccionada";"";""