"";"data";"hora";"natureza_acidente";"situacao";"bairro";"endereco";"numero";"detalhe_endereco_acidente";"complemento";"bairro_cruzamento";"num_semaforo";"sentido_via";"tipo";"auto";"moto";"ciclom";"ciclista";"pedestre";"onibus";"caminhao";"viatura";"outros";"vitimas";"vitimasfatais";"acidente_verificado";"tempo_clima";"situacao_semaforo";"sinalizacao";"condicao_via";"conservacao_via";"ponto_controle";"situacao_placa";"velocidade_max_via";"mao_direcao";"divisao_via1";"divisao_via2";"divisao_via3"
"1588";2020-02-20;"08:16:00";"SEM VÍTIMA";"FINALIZADA";"IBURA";"RUA BABILONIA";"100";"";"UR 03 PROX A PADARIA TRIGO DE OURO   EM FRENTE A ESCOLA MARCOS FREIRE";"IBURA";NA;"";"COLISÃO";2;"0";"0";"0";"0";"0";"0";"0";"0";"0";"0";"Longo da via";"Bom";"Não existe";"Não existente";"Seca";"Perfeito estado";"Não existe";"Não há placas";"";"Dupla";"Não existe";"";""
"1589";2020-02-20;"08:17:00";"SEM VÍTIMA";"FINALIZADA";"SANTO AMARO";"AV PREFEITO ARTUR LIMA CAVALCANTI";"";"";"POR TRAS DO HOSPITAL DA MARINHA";"SANTO AMARO";NA;"SUBURBIO";"COLISÃO";1;"0";"0";"0";"0";"0";"1";"0";"0";"0";"0";"Longo da via";"Chuvoso";"Não existe";"Perfeito estado";"Seca";"Perfeito estado";"Não existe";"Não há placas";"";"Única";"Não existe";"";""
"1590";2020-02-20;"08:41:00";"COM VÍTIMA";"FINALIZADA";"BONGI";"RUA CARLOS GOMES";"914";"RUA PADRE TEOFILO TWORZ";"EM FRENTE AO CANAL / PROX AO CENTRO DE SAUDE ROMERO MARQUES";"BONGI";NA;"SUBURBIO";"COLISÃO";1;"1";"0";"0";"0";"0";"0";"0";"0";"1";"0";"Cruzamento";"Bom";"Não existe";"Incompleta";"Seca";"Perfeito estado";"Não existe";"Não há placas";"";"Única";"Faixa seccionada";"";""
"1591";2020-02-20;"08:42:00";"SEM VÍTIMA";"FINALIZADA";"IMBIRIBEIRA";"AV MARECHAL MASCARENHAS DE MORAES";"1919";"";"E/F AO JUIZADO ESPECIAIS DO RECIFE (SENT. AFOGADOS)";"IMBIRIBEIRA";NA;"CIDADE";"COLISÃO";2;"0";"0";"0";"0";"0";"0";"0";"0";"0";"0";"Longo da via";"Nublado";"Não existe";"Perfeito estado";"Seca";"Perfeito estado";"Não existe";"Não há placas";"30 km/h";"Única";"Não existe";"";""
"1592";2020-02-20;"08:48:00";"SEM VÍTIMA";"FINALIZADA";"ENCRUZILHADA";"EST DE BELEM";"115";"RUA DOMINGOS BASTOS";"AO LADO DA IGREJA CATÓLICA DA EST DE BELEM";"ENCRUZILHADA";NA;"SUBURBIO";"COLISÃO";1;"0";"0";"0";"0";"0";"1";"0";"0";"0";"0";"Longo da via";"Bom";"Não existe";"Perfeito estado";"Seca";"Perfeito estado";"Não existe";"Não há placas";"";"Dupla";"Faixa contínua";"";""
"1593";2020-02-20;"08:49:00";"COM VÍTIMA";"FINALIZADA";"SANTO AMARO";"AV GOVERNADOR AGAMENON MAGALHAES";"";"";"EM FRENTE A UPE SENT. OLINDA. LADO OPOSTO AO POSTO DE COMBUSTÍVEL BR";"SANTO AMARO";"378";"OLINDA";"COLISÃO TRASEIRA";2;"1";"0";"0";"0";"0";"0";"0";"0";"1";"0";"Longo da via";"Bom";"Sem defeito";"Perfeito estado";"Seca";"Perfeito estado";"Faixa de pedestre";"Não há placas";"60 km/h";"Única";"Faixa seccionada";"";""
"1594";2020-02-20;"08:54:00";"SEM VÍTIMA";"FINALIZADA";"DERBY";"AV GOVERNADOR AGAMENON MAGALHAES";"";"AV RUI BARBOSA";"EM FRENTE AO TRE";"DERBY";"37";"CIDADE";"COLISÃO";2;"0";"0";"0";"0";"0";"0";"0";"0";"0";"0";"Longo da via";"Bom";"Sem defeito";"Perfeito estado";"Seca";"Perfeito estado";"Faixa de retenção";"Outras";"60 km/h";"Única";"Faixa contínua";"";""
"1595";2020-02-20;"10:22:00";"SEM VÍTIMA";"FINALIZADA";"JARDIM SÃO PAULO";"AV RECIFE";"";"AV JOAO CABRAL DE MELO NETO";"EM FRENTE CERPE";"JARDIM SÃO PAULO";"259";"SUBURBIO";"COLISÃO";3;"0";"0";"0";"0";"0";"0";"0";"0";"0";"0";"Cruzamento";"Bom";"Sem defeito";"Perfeito estado";"Seca";"Perfeito estado";"Faixa de pedestre";"Outras";"60 km/h";"Dupla";"Canteiro central";"";""
"1596";2020-02-20;"10:44:00";"SEM VÍTIMA";"FINALIZADA";"CABANGA";"AV SATURNINO DE BRITO";"472";"";"E/F A COMPESA";"CABANGA";"661";"";"COLISÃO";1;"0";"0";"0";"0";"0";"1";"0";"0";"0";"0";"Longo da via";"Bom";"Não existe";"Perfeito estado";"Seca";"Perfeito estado";"Não existe";"Não há placas";"40 km/h";"Única";"Não existe";"";""
"1597";2020-02-20;"10:54:00";"SEM VÍTIMA";"FINALIZADA";"ESTÂNCIA";"AV RECIFE";"5516";"";"EM FRENTE LOJA MESTRE DAS BATERIAS";"ESTÂNCIA";NA;"";"COLISÃO";1;"0";"0";"0";"0";"0";"1";"0";"0";"0";"0";"Longo da via";"Bom";"Não existe";"Incompleta";"Seca";"Perfeito estado";"Não existe";"Outras";"60 km/h";"Dupla";"Canteiro central";"";""
"1598";2020-02-20;"10:55:00";"SEM VÍTIMA";"CANCELADA";"ARRUDA";"RUA DAS MOCAS";"187";"";"VIA RESIDENCIAL";"ARRUDA";NA;"";"COLISÃO";2;"0";"0";"0";"0";"0";"0";"0";"0";"0";"0";"";"";"";"";"";"";"";"";"";"";"";"";""
"1599";2020-02-20;"11:41:00";"COM VÍTIMA";"FINALIZADA";"MADALENA";"RUA BENFICA";"411";"";"EM FRENTE A PRAÇA DO CLUBE INTERNACIONAL";"MADALENA";"590";"CIDADE";"COLISÃO TRASEIRA";1;"1";"0";"0";"0";"0";"0";"0";"0";"1";"0";"Cruzamento";"Bom";"Sem defeito";"Perfeito estado";"Seca";"Perfeito estado";"Faixa de pedestre";"";"60 km/h";"Única";"";"";""
"1600";2020-02-20;"11:58:00";"COM VÍTIMA";"FINALIZADA";"TORRE";"RUA REAL DA TORRE";"308";"";"EM FRENTE A JÚNIOR EQUIPADORA";"TORRE";"179";"ABDIAS";"ABALROAMENTO LONGITUDINAL";NA;"0";"0";"0";"0";"1";"1";"0";"0";"1";"0";"Longo da via";"Bom";"Sem defeito";"Perfeito estado";"Seca";"Perfeito estado";"Agente";"";"";"Única";"Faixa seccionada";"Canteiro central";""
"1601";2020-02-20;"12:17:00";"SEM VÍTIMA";"FINALIZADA";"CAMPO GRANDE";"RUA JERONIMO VILELA";"272";"";"EM FRENTE A GALERIA SANTA TERESINHA";"CAMPO GRANDE";"565";"SUBURBIO";"COLISÃO";3;"0";"0";"0";"0";"0";"0";"0";"0";"0";"0";"Longo da via";"Bom";"Não existe";"Perfeito estado";"Seca";"Perfeito estado";"Não existe";"R-6a";"";"Dupla";"Faixa seccionada";"";""
"1602";2020-02-20;"12:21:00";"SEM VÍTIMA";"FINALIZADA";"BOA VISTA";"AV LINS PETIT";"790";"";"AO LADO DO EMPRESARIAL SA LEITÃO E EM FRENTE AO STYLLUS";"BOA VISTA";NA;"SUBURBIO";"COLISÃO";2;"0";"0";"0";"0";"0";"0";"0";"0";"0";"0";"Longo da via";"Chuvoso";"Não existe";"";"Molhada";"Perfeito estado";"Não existe";"Não há placas";"";"Única";"Faixa seccionada";"";""
"1603";2020-02-20;"12:37:00";"COM VÍTIMA";"FINALIZADA";"PINA";"PTE AGAMENON MAGALHAES";"";"";"EM CIMA DA PONTE DO PINA S/T CID PROX AO RESTAURANTE BARGAÇO";"PINA";NA;"CIDADE";"COLISÃO TRASEIRA";1;"1";"0";"0";"0";"0";"0";"0";"0";"1";"0";"Ponte";"Chuvoso";"Não existe";"Perfeito estado";"Molhada";"Perfeito estado";"";"";"60 km/h";"Única";"Canteiro central";"";""
"1604";2020-02-20;"13:00:00";"COM VÍTIMA";"FINALIZADA";"JORDÃO";"AV CENTENARIO ALBERTO SANTOS DUMONT";"261";"";"EMPRESA MINUSA";"JORDÃO";NA;"SUBURBIO";"ABALROAMENTO LONGITUDINAL";1;"1";"0";"0";"0";"0";"0";"0";"0";"1";"0";"Longo da via";"Bom";"Não existe";"Perfeito estado";"Seca";"Perfeito estado";"Não existe";"R-6a";"";"Dupla";"Faixa contínua";"";""
"1605";2020-02-20;"13:06:00";"SEM VÍTIMA";"FINALIZADA";"BOA VIAGEM";"RUA PROFESSOR MARIO CASTRO";"192";"";"EM FRENTE AO EDIFICIO SAINT DENIS";"BOA VIAGEM";NA;"";"COLISÃO";2;"0";"0";"0";"0";"0";"0";"0";"0";"0";"0";"Longo da via";"Chuvoso";"Não existe";"Incompleta";"Molhada";"Perfeito estado";"Não existe";"Outras";"";"Dupla";"Não existe";"";""
"1606";2020-02-20;"13:09:00";"COM VÍTIMA";"FINALIZADA";"BOA VISTA";"RUA AURORA";"";"RUA JOAO LIRA";"AO LADO DA COMPESA";"BOA VISTA";NA;"";"ABALROAMENTO TRANSVERSAL";1;"1";"0";"0";"0";"0";"0";"0";"0";"1";"0";"Esquina";"Chuvoso";"Não existe";"Incompleta";"Molhada";"Mal conservada";"Não existe";"Outras";"";"Única";"Canteiro central";"";""
"1607";2020-02-20;"13:11:00";"SEM VÍTIMA";"CANCELADA";"GRAÇAS";"AV SANTOS DUMONT";"";"RUA ALBERTO PAIVA";"COLEGIO MARISTA SAO LUIS- PORTAO DE TRAS DO COLEGIO";"GRAÇAS";NA;"";"COLISÃO";2;"0";"0";"0";"0";"0";"0";"0";"0";"0";"0";"";"";"";"";"";"";"";"";"";"";"";"";""
"1608";2020-02-20;"13:34:00";"SEM VÍTIMA";"FINALIZADA";"TORRE";"PRC PROFESSOR BARRETO CAMPELLO";"20";"";"EM FRENTE A PRAÇA CITADA NO ENDEREÇO";"TORRE";NA;"CIDADE";"COLISÃO";2;"0";"0";"0";"0";"0";"0";"0";"0";"0";"0";"Longo da via";"Bom";"Sem defeito";"Perfeito estado";"Seca";"Perfeito estado";"Não existe";"Não há placas";"";"Dupla";"Faixa contínua";"";""
"1609";2020-02-20;"13:48:00";"SEM VÍTIMA";"FINALIZADA";"IMBIRIBEIRA";"RUA ARQUITETO LUIZ NUNES";"172";"RUA DEOLINDO TAVARES";"PROX A ESCOLA DE ENFERMAGEM SAO CAETANO";"IMBIRIBEIRA";NA;"SUBURBIO";"COLISÃO";1;"0";"0";"0";"0";"0";"0";"0";"1";"0";"0";"Cruzamento";"Chuvoso";"Não existe";"Perfeito estado";"Molhada";"Perfeito estado";"Não existe";"R-6a";"40 km/h";"Única";"Faixa seccionada";"";""
"1610";2020-02-20;"13:57:00";"SEM VÍTIMA";"FINALIZADA";"TEJIPIÓ";"AV DR JOSE RUFINO";"367";"";"CLINICA AQUI DR";"TEJIPIÓ";"285";"SUBURBIO";"COLISÃO";2;"0";"0";"0";"0";"0";"0";"0";"0";"0";"0";"Longo da via";"Chuvoso";"Não existe";"Perfeito estado";"Molhada";"Perfeito estado";"Não existe";"Não há placas";"";"Dupla";"Faixa contínua";"";""
"1611";2020-02-20;"14:04:00";"SEM VÍTIMA";"FINALIZADA";"PARNAMIRIM";"RUA SEBASTIAO ALVES";"74";"";"PROX AO HOSPITAL AGAMENON MAGALHAES";"PARNAMIRIM";NA;"SUBURBIO";"COLISÃO";2;"0";"0";"0";"0";"0";"0";"0";"0";"0";"0";"Longo da via";"Bom";"Não existe";"Perfeito estado";"Seca";"Perfeito estado";"Não existe";"Não há placas";"";"Única";"Não existe";"";""
"1612";2020-02-20;"14:06:00";"SEM VÍTIMA";"CANCELADA";"BOA VIAGEM";"AV BOA VIAGEM";"";"RUA ATLANTICO";"RESTAURANTE ENTRE AMIGOS PRAIA";"BOA VIAGEM";NA;"PINA";"COLISÃO";2;"0";"0";"0";"0";"0";"0";"0";"0";"0";"0";"";"";"";"";"";"";"";"";"";"";"";"";""
"1613";2020-02-20;"14:26:00";"COM VÍTIMA";"FINALIZADA";"AFOGADOS";"RUA SAO MIGUEL";"1635";"RUA ALEXANDRE RODRIGUES FERREIRA";"PROXIMO AO LABORATORIO CERPE";"AFOGADOS";NA;"SUBURBIO";"ABALROAMENTO TRANSVERSAL";1;"1";"0";"0";"0";"0";"0";"0";"0";"1";"0";"Esquina";"Chuvoso";"Não existe";"Perfeito estado";"Molhada";"Perfeito estado";"Não existe";"Não há placas";"";"Dupla";"Faixa contínua";"";""
"1614";2020-02-20;"14:27:00";"SEM VÍTIMA";"FINALIZADA";"BOA VIAGEM";"RUA VISCONDE DE JEQUITINHONHA";"1140";"";"ANTES DO PARQUE DONA LINDU";"BOA VIAGEM";NA;"SUBURBIO";"COLISÃO";2;"0";"0";"0";"0";"0";"0";"0";"0";"0";"0";"Longo da via";"Chuvoso";"Não existe";"Perfeito estado";"Molhada";"Perfeito estado";"Não existe";"Não há placas";"60 km/h";"Única";"Faixa seccionada";"Canteiro central";""
"1615";2020-02-20;"14:41:00";"SEM VÍTIMA";"FINALIZADA";"IMBIRIBEIRA";"RUA CORONEL FABRICIANO";"4115";"AV MARECHAL MASCARENHAS DE MORAES";"AO LADO DO ATACADO DOS PRESENTES";"IMBIRIBEIRA";"210";"CIDADE";"COLISÃO";1;"0";"0";"0";"0";"1";"0";"0";"0";"0";"0";"Esquina";"Chuvoso";"Sem defeito";"Perfeito estado";"Molhada";"Perfeito estado";"Faixa de pedestre";"Outras";"60 km/h";"Dupla";"Canteiro central";"";""
"1616";2020-02-20;"14:47:00";"COM VÍTIMA";"FINALIZADA";"DERBY";"RUA JENER DE SOUZA";"";"";"EM FRENTE A FUNDAÇÃO JOAQUIM NABUCO";"DERBY";NA;"";"COLISÃO";1;"1";"0";"0";"0";"0";"0";"0";"0";"1";"0";"";"";"";"";"";"";"";"";"";"";"";"";""
"1617";2020-02-20;"15:10:00";"SEM VÍTIMA";"CANCELADA";"BOA VIAGEM";"AV BOA VIAGEM";"";"";"E/F A PADARIA BOA VIAGEM";"BOA VIAGEM";NA;"";"COLISÃO";2;"0";"0";"0";"0";"0";"0";"0";"0";"0";"0";"";"";"";"";"";"";"";"";"";"";"";"";""
"1618";2020-02-20;"15:13:00";"SEM VÍTIMA";"FINALIZADA";"JOANA BEZERRA";"RUA AGUA DOCE";"";"";"E/F AO PORTAO DE ENTRADA DO TERMINAL INTEGRADO JOANA BEZERRA . AO LADO DA ACADEMIA DA CIDADE";"JOANA BEZERRA";NA;"CIDADE";"ATROPELAMENTO ANIMAL";NA;"0";"0";"1";"0";"1";"0";"0";"1";"0";"0";"Longo da via";"Bom";"Não existe";"Perfeito estado";"Seca";"Perfeito estado";"Não existe";"Não há placas";"";"Única";"Canteiro central";"";""
"1619";2020-02-20;"15:15:00";"SEM VÍTIMA";"FINALIZADA";"BOA VIAGEM";"AV BOA VIAGEM";"";"";"EM FRENTE AO PARQUE DONA LINDU";"BOA VIAGEM";"1";"CIDADE";"COLISÃO";1;"1";"0";"0";"0";"0";"0";"0";"0";"0";"0";"Longo da via";"Chuvoso";"Sem defeito";"Perfeito estado";"Molhada";"Perfeito estado";"Faixa de pedestre";"Não há placas";"60 km/h";"Única";"Faixa contínua";"";""
"1620";2020-02-20;"15:39:00";"SEM VÍTIMA";"FINALIZADA";"BOA VIAGEM";"RUA RIBEIRO DE BRITO";"1197";"RUA JONATHAS DE VASCONCELOS";"UNINASSAU// SUBIDA DO VIADUTO// HOTEL NACIONAL INN BOA VIAGEM";"BOA VIAGEM";NA;"AV RECIFE";"COLISÃO";2;"0";"0";"0";"0";"0";"0";"0";"0";"0";"0";"Cruzamento";"Chuvoso";"Não existe";"Perfeito estado";"Molhada";"Perfeito estado";"Outros";"Outras";"60 km/h";"Única";"Faixa seccionada";"";""
"1621";2020-02-20;"15:47:00";"COM VÍTIMA";"FINALIZADA";"SAN MARTIN";"RUA PROFESSOR SILVIO DA CUNHA SANTOS";"254";"RUA ARSENIO CALACA";"PROXIMO A IGREJA NOSSA SENHORA DE FATIMA";"SAN MARTIN";NA;"SUBURBIO";"ABALROAMENTO TRANSVERSAL";1;"1";"0";"0";"0";"0";"0";"0";"0";"1";"0";"Longo da via";"Bom";"Não existe";"Perfeito estado";"Seca";"Perfeito estado";"Não existe";"Não há placas";"";"Dupla";"Não existe";"";""
"1622";2020-02-20;"15:52:00";"SEM VÍTIMA";"CANCELADA";"BOA VIAGEM";"RUA FELIX DE BRITO E MELO";"640";"";"E/F A CULTURA YOUNG";"BOA VIAGEM";NA;"";"COLISÃO";2;"0";"0";"0";"0";"0";"0";"0";"0";"0";"0";"";"";"";"";"";"";"";"";"";"";"";"";""
"1623";2020-02-20;"16:11:00";"SEM VÍTIMA";"FINALIZADA";"PRADO";"RUA GREGORIO JUNIOR";"430";"RUA GOMES TABORDA";"PROX AMENDOLANDIA";"PRADO";NA;"SUBURBIO";"COLISÃO";2;"0";"0";"0";"0";"0";"0";"0";"0";"0";"0";"Longo da via";"Bom";"Não existe";"Perfeito estado";"Seca";"Perfeito estado";"Não existe";"Não há placas";"";"Única";"Faixa seccionada";"";""
"1624";2020-02-20;"16:22:00";"SEM VÍTIMA";"FINALIZADA";"SAN MARTIN";"RUA DUARTE FILHO";"104";"RUA COMENDADOR FRANCO FERREIRA";"PROX A LOMBADA ELETRONICA";"SAN MARTIN";NA;"";"COLISÃO";1;"1";"0";"0";"0";"0";"0";"0";"0";"0";"0";"Cruzamento";"Chuvoso";"Não existe";"Ilegível";"Seca";"Outros";"Outros";"Placas Pare";"30 km/h";"Dupla";"Não existe";"";""
"1625";2020-02-20;"16:40:00";"SEM VÍTIMA";"FINALIZADA";"AFOGADOS";"RUA SAO MIGUEL";"1702";"";"PROXIMO AO ATACAREJO";"AFOGADOS";NA;"CIDADE";"COLISÃO";1;"0";"0";"0";"0";"0";"0";"0";"1";"0";"0";"Longo da via";"Bom";"Não existe";"Não existente";"Seca";"Perfeito estado";"Não existe";"Não há placas";"";"Dupla";"Faixa contínua";"";""
"1626";2020-02-20;"17:01:00";"SEM VÍTIMA";"CANCELADA";"MACAXEIRA";"AV NORTE";"";"";"NO GIRADOURO PROX AO TERMINAL DA MACAXEIRA";"MACAXEIRA";NA;"";"COLISÃO";2;"0";"0";"0";"0";"0";"0";"0";"0";"0";"0";"";"";"";"";"";"";"";"";"";"";"";"";""
"1627";2020-02-20;"17:24:00";"SEM VÍTIMA";"FINALIZADA";"PAISSANDU";"AV GOVERNADOR AGAMENON MAGALHAES";"";"";"E/F AO HOSPITAL PORTUGUES PISTA LOCAL";"PAISSANDU";NA;"SUBURBIO";"COLISÃO";2;"0";"0";"0";"0";"0";"0";"0";"0";"0";"0";"Longo da via";"Chuvoso";"Não existe";"Perfeito estado";"Molhada";"Perfeito estado";"Outros";"Outras";"50 km/h";"Dupla";"Faixa seccionada";"";""
"1628";2020-02-20;"17:40:00";"SEM VÍTIMA";"FINALIZADA";"VASCO DA GAMA";"AV NORTE";"6629";"";"E/F PALACIO ATACADO";"VASCO DA GAMA";NA;"CIDADE";"COLISÃO";1;"0";"0";"0";"0";"1";"0";"0";"0";"0";"0";"Longo da via";"Bom";"Não existe";"";"Seca";"Perfeito estado";"Não existe";"R-6a";"";"Única";"Faixa seccionada";"Canteiro central";""
"1629";2020-02-20;"18:13:00";"SEM VÍTIMA";"CANCELADA";"BAIRRO DO RECIFE";"PRC SERGIO LORETO";"";"1PR DIAS COELHO";"E/F AO BAR DO INDIO";"BAIRRO DO RECIFE";NA;"";"COLISÃO";2;"0";"0";"0";"0";"0";"0";"0";"0";"0";"0";"";"";"";"";"";"";"";"";"";"";"";"";""
"1630";2020-02-20;"18:22:00";"SEM VÍTIMA";"FINALIZADA";"BOA VIAGEM";"AV CONSELHEIRO AGUIAR";"4200";"RUA RIBEIRO DE BRITO";"AO LADO DO HOLIDAY";"BOA VIAGEM";"147";"CIDADE";"COLISÃO";1;"1";"0";"0";"0";"0";"0";"0";"0";"0";"0";"Cruzamento";"Chuvoso";"Sem defeito";"Perfeito estado";"Molhada";"Perfeito estado";"Agente";"Não há placas";"60 km/h";"Única";"Faixa seccionada";"";""
"1631";2020-02-20;"18:25:00";"SEM VÍTIMA";"CANCELADA";"BOA VIAGEM";"RUA BARAO DE SOUZA LEAO";"698";"";"E/F AO RESTAURANTE COSTA BRAVA";"BOA VIAGEM";NA;"";"COLISÃO";2;"0";"0";"0";"0";"0";"0";"0";"0";"0";"0";"";"";"";"";"";"";"";"";"";"";"";"";""
"1632";2020-02-20;"18:28:00";"SEM VÍTIMA";"FINALIZADA";"CORDEIRO";"AV CAXANGA";"1414";"";"EM FRENTE AO Nº 1414";"CORDEIRO";NA;"SUBURBIO";"COLISÃO TRASEIRA";2;"0";"0";"0";"0";"0";"0";"0";"0";"0";"0";"Longo da via";"Bom";"Não existe";"Perfeito estado";"Seca";"Perfeito estado";"Não existe";"Não há placas";"";"Dupla";"Canteiro central";"";""
"1633";2020-02-20;"18:36:00";"SEM VÍTIMA";"FINALIZADA";"IPUTINGA";"EST DO BARBALHO";"110";"AV CAXANGA";"ENF. A LOJA TUDO É 10";"IPUTINGA";"533";"SUBURBIO";"COLISÃO";2;"0";"0";"0";"0";"0";"0";"0";"0";"0";"0";"Longo da via";"Bom";"Sem defeito";"Perfeito estado";"Seca";"Perfeito estado";"Agente";"Não há placas";"";"Única";"Faixa contínua";"Faixa seccionada";""
"1634";2020-02-20;"18:49:00";"SEM VÍTIMA";"CANCELADA";"";"RUA XAVANTES";"150";"";"";"";NA;"";"COLISÃO";2;"0";"0";"0";"0";"0";"0";"0";"0";"0";"0";"";"";"";"";"";"";"";"";"";"";"";"";""
"1635";2020-02-20;"19:48:00";"SEM VÍTIMA";"FINALIZADA";"BOA VISTA";"RUA JOSE DE ALENCAR";"";"AV MANOEL BORBA";"NO CRUZAMENTO MESMO";"BOA VISTA";"29";"SUBURBIO";"COLISÃO";2;"0";"0";"0";"0";"0";"0";"0";"0";"0";"0";"Cruzamento";"Chuvoso";"Sem defeito";"Perfeito estado";"Molhada";"Perfeito estado";"Faixa de pedestre";"R-25b";"30 km/h";"Dupla";"Não existe";"";""
"1636";2020-02-20;"19:55:00";"SEM VÍTIMA";"FINALIZADA";"ARRUDA";"AV PROFESSOR JOSE DOS ANJOS";"";"";"AO LADO DENOCS // BEIRA CANAL DO ARRUDA";"ARRUDA";NA;"SUBURBIO";"COLISÃO";2;"0";"0";"0";"0";"0";"0";"0";"0";"0";"0";"Longo da via";"Chuvoso";"Não existe";"Perfeito estado";"Molhada";"Mal iluminada";"Outros";"Não há placas";"";"Dupla";"Canal";"";""
"1637";2020-02-20;"21:30:00";"SEM VÍTIMA";"CANCELADA";"MADALENA";"AV VISCONDE DE ALBUQUERQUE";"862";"RUA JANUARIO BARBOSA";"ENF. A UME UNIDADE MEDICA ESPECIALIZADA";"MADALENA";NA;"";"COLISÃO";1;"1";"0";"0";"0";"0";"0";"0";"0";"0";"0";"";"";"";"";"";"";"";"";"";"";"";"";""
"1638";2020-02-20;"21:36:00";"SEM VÍTIMA";"FINALIZADA";"MACAXEIRA";"AV NORTE";"7142";"";"ANTES DO PARQUE DA MACAXEIRA // SENTIDO MACAXEIRA";"MACAXEIRA";"424";"SUBURBIO";"COLISÃO";1;"1";"0";"0";"0";"0";"0";"0";"0";"0";"0";"Longo da via";"Chuvoso";"Sem defeito";"Perfeito estado";"Molhada";"Perfeito estado";"Faixa de pedestre";"Outras";"";"Única";"Faixa contínua";"Faixa seccionada";"Canteiro central"
"1639";2020-02-20;"21:55:00";"SEM VÍTIMA";"FINALIZADA";"BOA VIAGEM";"RUA ERNESTO DE PAULA SANTOS";"";"RUA JONATHAS DE VASCONCELOS";"E/F AO POSTO BR";"BOA VIAGEM";NA;"SUBURBIO";"COLISÃO";2;"0";"0";"0";"0";"0";"0";"0";"0";"0";"0";"Cruzamento";"Bom";"Não existe";"Perfeito estado";"Seca";"Perfeito estado";"Não existe";"Não há placas";"";"Única";"Faixa seccionada";"";""
"1640";2020-02-20;"22:13:00";"SEM VÍTIMA";"CANCELADA";"ÁGUA FRIA";"EST VELHA DE AGUA FRIA";"";"";"PROX AO DENOCS";"ÁGUA FRIA";NA;"";"CHOQUE OBJETO FIXO";1;"0";"0";"0";"0";"0";"0";"0";"0";"0";"0";"";"";"";"";"";"";"";"";"";"";"";"";""
"1641";2020-02-20;"23:00:00";"SEM VÍTIMA";"CANCELADA";"BOA VIAGEM";"RUA VISCONDE DE JEQUITINHONHA";"";"RUA BARAO DE SOUZA LEAO";"ENF AO HOSPITAL NOSSA SENHORA DAS GRAÇAS";"BOA VIAGEM";"124";"";"ENGAVETAMENTO";3;"0";"0";"0";"0";"0";"0";"0";"0";"0";"0";"";"";"";"";"";"";"";"";"";"";"";"";""
"1642";2020-02-21;"02:05:00";"COM VÍTIMA";"CANCELADA";"SÃO JOSÉ";"RUA IMPERIAL";"";"";"PONTILHÃO DO FEIRÃO";"SÃO JOSÉ";NA;"";"COLISÃO";1;"1";"0";"0";"0";"0";"0";"0";"0";"1";"0";"";"";"";"";"";"";"";"";"";"";"";"";""
"1643";2020-02-21;"03:11:00";"COM VÍTIMA";"FINALIZADA";"IBURA";"AV RECIFE";"";"RUA SAO NICOLAU";"PRÓX A CASA DAS BATERIAS // MARAVILHA MOTOS";"IBURA";"16";"CIDADE";"ABALROAMENTO TRANSVERSAL";2;"0";"0";"0";"0";"0";"0";"0";"0";"1";"0";"Cruzamento";"Bom";"Sem defeito";"Perfeito estado";"Seca";"Perfeito estado";"Faixa de pedestre";"R-6a";"";"Dupla";"Canteiro central";"";""
"1644";2020-02-21;"06:55:00";"SEM VÍTIMA";"FINALIZADA";"BEBERIBE";"AV BEBERIBE";"";"";"";"BEBERIBE";"153";"SUBURBIO";"ABALROAMENTO TRANSVERSAL";1;"1";"0";"0";"0";"0";"0";"0";"0";"0";"0";"Longo da via";"Bom";"Sem defeito";"Perfeito estado";"Seca";"Perfeito estado";"Faixa de pedestre";"Outras";"";"Dupla";"Faixa seccionada";"";""
"1645";2020-02-21;"07:52:00";"SEM VÍTIMA";"FINALIZADA";"PRADO";"AV ENGENHEIRO ABDIAS DE CARVALHO";"";"";"E/F A GRANVIA";"PRADO";"132";"CIDADE";"COLISÃO TRASEIRA";NA;"2";"0";"0";"0";"0";"0";"0";"0";"0";"0";"Longo da via";"Bom";"Sem defeito";"Perfeito estado";"Seca";"Perfeito estado";"Faixa de pedestre";"R-6a";"";"Dupla";"Faixa seccionada";"";""
"1646";2020-02-21;"08:13:00";"SEM VÍTIMA";"FINALIZADA";"AFOGADOS";"RUA VINTE E UM DE ABRIL";"";"";"";"AFOGADOS";NA;"CIDADE";"ABALROAMENTO LONGITUDINAL";1;"0";"0";"0";"0";"0";"1";"0";"0";"0";"0";"Longo da via";"Bom";"Não existe";"Incompleta";"Seca";"Mal conservada";"Não existe";"Não há placas";"";"Dupla";"Não existe";"";""
"1647";2020-02-21;"08:26:00";"SEM VÍTIMA";"FINALIZADA";"BOA VIAGEM";"AV CONSELHEIRO AGUIAR";"2217";"";"LADO OPOSTO A PORTOBELLO SHOP";"BOA VIAGEM";NA;"CIDADE";"ABALROAMENTO LONGITUDINAL";1;"0";"0";"0";"0";"1";"0";"0";"0";"0";"0";"Longo da via";"Bom";"Não existe";"Perfeito estado";"Seca";"Perfeito estado";"Não existe";"Outras";"";"Única";"Faixa contínua";"Faixa seccionada";""