"";"data";"hora";"natureza_acidente";"situacao";"bairro";"endereco";"numero";"detalhe_endereco_acidente";"complemento";"bairro_cruzamento";"num_semaforo";"sentido_via";"tipo";"auto";"moto";"ciclom";"ciclista";"pedestre";"onibus";"caminhao";"viatura";"outros";"vitimas";"vitimasfatais";"acidente_verificado";"tempo_clima";"situacao_semaforo";"sinalizacao";"condicao_via";"conservacao_via";"ponto_controle";"situacao_placa";"velocidade_max_via";"mao_direcao";"divisao_via1";"divisao_via2";"divisao_via3"
"1769";2020-02-27;"05:32:00";"SEM VÍTIMA";"FINALIZADA";"GRAÇAS";"AV RUI BARBOSA";"735";"RUA TENENTE ANTONIO JOAO";"FRENTE AO COLÉGIO AGNES";"GRAÇAS";NA;"SUBURBIO";"CHOQUE OBJETO FIXO";1;"0";"0";"0";"0";"0";"0";"0";"0";"0";"0";"Longo da via";"Chuvoso";"Não existe";"Perfeito estado";"Molhada";"Perfeito estado";"";"R-6a";"";"Única";"Faixa seccionada";"";""
"1770";2020-02-27;"07:04:00";"SEM VÍTIMA";"FINALIZADA";"PAISSANDU";"AV GOVERNADOR AGAMENON MAGALHAES";"4407";"";"EM FRENTE AO ESTACIONAMENTO SANPARK";"PAISSANDU";NA;"CIDADE";"ABALROAMENTO LONGITUDINAL";1;"0";"0";"0";"0";"1";"0";"0";"0";"0";"0";"Longo da via";"Bom";"Sem defeito";"Perfeito estado";"Seca";"Perfeito estado";"Agente";"Não há placas";"60 km/h";"Dupla";"Faixa seccionada";"Canteiro central";""
"1771";2020-02-27;"07:39:00";"SEM VÍTIMA";"FINALIZADA";"BOA VIAGEM";"RUA VISCONDE DE JEQUITINHONHA";"";"RUA DOM JOSE LOPES";"";"BOA VIAGEM";NA;"";"ABALROAMENTO TRANSVERSAL";2;"0";"0";"0";"0";"0";"0";"0";"0";"0";"0";"Cruzamento";"Bom";"Não existe";"Perfeito estado";"Seca";"Perfeito estado";"Faixa de pedestre";"Placas Pare";"";"Única";"Não existe";"";""
"1772";2020-02-27;"08:22:00";"COM VÍTIMA";"FINALIZADA";"MADALENA";"RUA BENFICA";"";"";"AO LADO DO MUSEU DA ABOLIÇÃO";"MADALENA";"257";"SUBURBIO";"ABALROAMENTO LONGITUDINAL";1;"0";"0";"0";"0";"1";"0";"0";"0";"1";"0";"Longo da via";"Bom";"Sem defeito";"Perfeito estado";"Seca";"Perfeito estado";"Faixa de pedestre";"R-6a";"60 km/h";"Dupla";"Faixa contínua";"";""
"1773";2020-02-27;"08:50:00";"SEM VÍTIMA";"FINALIZADA";"CASA AMARELA";"AV NORTE";"";"";"LADO OPOSTO A UPINHA";"CASA AMARELA";NA;"CIDADE";"ABALROAMENTO LONGITUDINAL";1;"0";"0";"0";"0";"0";"1";"0";"0";"0";"0";"Longo da via";"Bom";"Não existe";"Perfeito estado";"Seca";"Perfeito estado";"Não existe";"Não há placas";"40 km/h";"Dupla";"Canteiro central";"";""
"1774";2020-02-27;"08:48:00";"SEM VÍTIMA";"FINALIZADA";"GRAÇAS";"AV RUI BARBOSA";"218";"";"EM FRENTE AO Nº 218";"GRAÇAS";"102";"CIDADE";"COLISÃO TRASEIRA";2;"0";"0";"0";"0";"0";"0";"0";"0";"0";"0";"Longo da via";"Bom";"Sem defeito";"Perfeito estado";"Seca";"Perfeito estado";"Faixa de pedestre";"Outras";"60 km/h";"Única";"Faixa contínua";"";""
"1775";2020-02-27;"09:21:00";"SEM VÍTIMA";"FINALIZADA";"IPSEP";"AV RECIFE";"2688";"";"";"IPSEP";"16";"";"ABALROAMENTO LONGITUDINAL";1;"0";"0";"0";"0";"0";"0";"0";"1";"0";"0";"Longo da via";"Bom";"Sem defeito";"Perfeito estado";"Seca";"Perfeito estado";"Faixa de retenção";"R-6a";"";"Dupla";"Faixa seccionada";"Canteiro central";""
"1776";2020-02-27;"09:26:00";"SEM VÍTIMA";"FINALIZADA";"CURADO";"RUA MINISTRO MARIO ANDREAZZA";"";"";"INSTITUTO DE INQUAÇÃO TECNOLOGICA - UPE";"CURADO";NA;"";"COLISÃO FRONTAL";1;"0";"0";"0";"0";"0";"1";"0";"0";"0";"0";"Longo da via";"Bom";"Não existe";"Não existente";"Seca";"Perfeito estado";"Não existe";"Não há placas";"";"Dupla";"Não existe";"";""
"1777";2020-02-27;"11:23:00";"SEM VÍTIMA";"FINALIZADA";"SANTO AMARO";"AV CRUZ CABUGA";"431";"";"ARMAZEM ACHAQUI";"SANTO AMARO";NA;"CIDADE";"ABALROAMENTO LONGITUDINAL";NA;"0";"0";"0";"0";"0";"2";"0";"0";"0";"0";"Longo da via";"Bom";"Sem defeito";"Perfeito estado";"Seca";"Perfeito estado";"Agente";"Outras";"";"Dupla";"Faixa contínua";"";""
"1778";2020-02-27;"11:24:00";"SEM VÍTIMA";"FINALIZADA";"DERBY";"RUA AMAURI DE MEDEIROS";"110";"RUA BARAO DE GOIANA";"EDIFÍCIO DERBY PARK";"DERBY";NA;"SUBURBIO";"ABALROAMENTO TRANSVERSAL";2;"0";"0";"0";"0";"0";"0";"0";"0";"0";"0";"Cruzamento";"Bom";"Não existe";"Perfeito estado";"Seca";"Perfeito estado";"Não existe";"Placas Pare";"";"Única";"Não existe";"";""
"1779";2020-02-27;"11:30:00";"COM VÍTIMA";"FINALIZADA";"ENCRUZILHADA";"AV NORTE";"2160";"";"EM FRENTE A RENAULT- SENT. SUB";"ENCRUZILHADA";NA;"SUBURBIO";"COLISÃO TRASEIRA";3;"0";"0";"0";"0";"1";"0";"0";"0";"2";"0";"Longo da via";"Bom";"Sem defeito";"Perfeito estado";"Seca";"Perfeito estado";"Faixa de pedestre";"R-6a";"";"Única";"Faixa seccionada";"Canteiro central";""
"1780";2020-02-27;"11:48:00";"SEM VÍTIMA";"FINALIZADA";"PARNAMIRIM";"RUA TITO ROSAS";"375";"";"EDIFÍCIO VILA MARIANNA";"PARNAMIRIM";NA;"CIDADE";"ABALROAMENTO LONGITUDINAL";1;"1";"0";"0";"0";"0";"0";"0";"0";"0";"0";"Longo da via";"Bom";"Não existe";"Perfeito estado";"Seca";"Perfeito estado";"Não existe";"Outras";"";"Única";"";"Faixa seccionada";""
"1781";2020-02-27;"12:01:00";"SEM VÍTIMA";"FINALIZADA";"DERBY";"AV GOVERNADOR AGAMENON MAGALHAES";"2291";"";"EM FRENTE AO HOSPITAL MEMORIAL SÃO JOSÉ";"DERBY";NA;"";"COLISÃO TRASEIRA";3;"0";"0";"0";"0";"0";"0";"0";"0";"0";"0";"Longo da via";"Bom";"Sem defeito";"Perfeito estado";"Seca";"Perfeito estado";"Agente";"Outras";"60 km/h";"Dupla";"Faixa seccionada";"";""
"1782";2020-02-27;"12:30:00";"SEM VÍTIMA";"FINALIZADA";"BOA VISTA";"RUA CORREDOR DO BISPO";"";"";"EM FRENTE A SAÍDA DO SOPPHING BOA VISTA";"BOA VISTA";NA;"";"CHOQUE VEÍCULO PARADO";2;"0";"0";"0";"0";"0";"0";"0";"0";"0";"0";"Longo da via";"Bom";"Não existe";"Perfeito estado";"Seca";"Perfeito estado";"Não existe";"";"";"Única";"Não existe";"";""
"1783";2020-02-27;"12:49:00";"COM VÍTIMA";"FINALIZADA";"ILHA JOANA BEZERRA";"AV BEIRA RIO";"S/N";"";"NA DESCIDA DO VIADUTO PROX AO FORUM DESEMBARGADOR RODOLFO AURELIANO S/T CID. AO LADO DA ACADEMIA DA CIDADE";"ILHA JOANA BEZERRA";NA;"CIDADE";"ABALROAMENTO TRANSVERSAL";1;"1";"0";"0";"0";"0";"0";"0";"0";"1";"0";"Cruzamento";"Bom";"Não existe";"Perfeito estado";"Seca";"Perfeito estado";"Não existe";"Placas Pare";"40 km/h";"Dupla";"Faixa contínua";"";""
"1784";2020-02-27;"12:56:00";"SEM VÍTIMA";"FINALIZADA";"ARRUDA";"RUA RAMIZ GALVAO";"133";"RUA RAUL POMPEIA";"EM FRENTE AO HOTELZINHO PEDACINHO DO CÉU";"ARRUDA";NA;"CIDADE";"COLISÃO FRONTAL";1;"0";"0";"0";"0";"0";"1";"0";"0";"0";"0";"Cruzamento";"Bom";"Não existe";"Perfeito estado";"Seca";"Perfeito estado";"Não existe";"Placas Pare";"";"Dupla";"Não existe";"";""
"1785";2020-02-27;"13:12:00";"COM VÍTIMA";"FINALIZADA";"TORRE";"RUA REAL DA TORRE";"1309";"";"DROGARIA SAO PAULO// MARTELINHO DE OURO";"TORRE";NA;"CIDADE";"ABALROAMENTO TRANSVERSAL";1;"1";"0";"0";"0";"0";"0";"0";"0";"1";"0";"Longo da via";"Bom";"Não existe";"Perfeito estado";"Seca";"Perfeito estado";"Outros";"Outras";"";"";"";"";""
"1786";2020-02-27;"13:14:00";"SEM VÍTIMA";"FINALIZADA";"IPSEP";"RUA JEAN EMILE FAVRE";"1712";"";"EM FRENTE A MONTE CARLO'S";"IPSEP";NA;"SUBURBIO";"ABALROAMENTO LONGITUDINAL";2;"0";"0";"0";"0";"0";"0";"0";"0";"0";"0";"Longo da via";"Bom";"Não existe";"Perfeito estado";"Seca";"Perfeito estado";"Não existe";"Placas Pare";"";"Dupla";"Faixa contínua";"Faixa seccionada";""
"1787";2020-02-27;"13:26:00";"SEM VÍTIMA";"FINALIZADA";"";"PRC DO DERBY";"";"RUA JENER DE SOUZA";"EM FRENTE A PRAÇA DO DERBY";"";"40";"CIDADE";"ABALROAMENTO TRANSVERSAL";NA;"0";"0";"0";"0";"1";"1";"0";"0";"0";"0";"Longo da via";"Bom";"Sem defeito";"Perfeito estado";"Seca";"Perfeito estado";"Faixa de pedestre";"";"50 km/h";"Dupla";"Faixa contínua";"";""
"1788";2020-02-27;"14:19:00";"SEM VÍTIMA";"FINALIZADA";"IMBIRIBEIRA";"AV MARECHAL MASCARENHAS DE MORAES";"";"";"SOB O SEMÁFORO Nº 631";"IMBIRIBEIRA";"631";"CIDADE";"COLISÃO TRASEIRA";2;"0";"0";"0";"0";"0";"0";"0";"0";"0";"0";"Longo da via";"Bom";"Sem defeito";"Perfeito estado";"Seca";"Perfeito estado";"Faixa de pedestre";"R-6a";"";"Dupla";"Canteiro central";"";""
"1789";2020-02-27;"14:24:00";"SEM VÍTIMA";"FINALIZADA";"AFOGADOS";"RUA JACIRA";"";"RUA CINCO DE NOVEMBRO";"";"AFOGADOS";NA;"SUBURBIO";"ABALROAMENTO TRANSVERSAL";1;"1";"0";"0";"0";"0";"0";"0";"0";"0";"0";"Cruzamento";"Bom";"Não existe";"Incompleta";"Seca";"Mal conservada";"Não existe";"Não há placas";"";"Única";"Não existe";"";""
"1790";2020-02-27;"14:24:00";"SEM VÍTIMA";"FINALIZADA";"CABANGA";"PTE GOVERNADOR PAULO GUERRA";"";"";"SOBRE A PONTE";"CABANGA";NA;"CIDADE";"COLISÃO TRASEIRA";2;"0";"0";"0";"0";"0";"0";"0";"0";"0";"0";"Ponte";"Bom";"Não existe";"Perfeito estado";"Seca";"Perfeito estado";"Não existe";"Não há placas";"60 km/h";"Dupla";"";"";""
"1791";2020-02-27;"14:50:00";"SEM VÍTIMA";"FINALIZADA";"AFOGADOS";"RUA SAO MIGUEL";"404";"";"BANCO DO BRASIL";"AFOGADOS";NA;"CIDADE";"COLISÃO TRASEIRA";2;"0";"0";"0";"0";"0";"0";"0";"0";"0";"0";"Longo da via";"Bom";"Não existe";"Perfeito estado";"Seca";"Perfeito estado";"Não existe";"Outras";"";"Dupla";"Faixa contínua";"Faixa seccionada";""
"1792";2020-02-27;"15:02:00";"SEM VÍTIMA";"CANCELADA";"IPUTINGA";"RUA EMILIANO BRAGA";"112";"";"POR TRAS DA CAXANGA VEICULOS";"IPUTINGA";NA;"";"COLISÃO";1;"1";"0";"0";"0";"0";"0";"0";"0";"0";"0";"";"";"";"";"";"";"";"";"";"";"";"";""
"1793";2020-02-27;"15:11:00";"SEM VÍTIMA";"FINALIZADA";"SANTO AMARO";"AV CRUZ CABUGA";"";"RUA DOS PALMARES";"IGREJA ASSEMBLEIA DE DEUS";"SANTO AMARO";"171";"CIDADE";"COLISÃO TRASEIRA";2;"0";"0";"0";"0";"0";"0";"0";"0";"0";"0";"Longo da via";"Bom";"Sem defeito";"Perfeito estado";"Seca";"Perfeito estado";"Agente";"R-6a";"";"Dupla";"Faixa contínua";"";""
"1794";2020-02-27;"15:11:00";"SEM VÍTIMA";"FINALIZADA";"PRADO";"AV ENGENHEIRO ABDIAS DE CARVALHO";"";"RUA SANTA EDWIRGES";"";"PRADO";"354";"SUBURBIO";"COLISÃO TRASEIRA";1;"0";"0";"0";"0";"0";"1";"0";"0";"0";"0";"Cruzamento";"Bom";"Sem defeito";"Perfeito estado";"Seca";"Perfeito estado";"Faixa de pedestre";"R-6a";"";"Dupla";"Canteiro central";"";""
"1795";2020-02-27;"15:20:00";"SEM VÍTIMA";"FINALIZADA";"SANTANA";"RUA JORGE GOMES DE SA";"";"";"EM FRENTE AO PARQUE SANTANA";"SANTANA";NA;"SUBURBIO";"ABALROAMENTO TRANSVERSAL";2;"0";"0";"0";"0";"0";"0";"0";"0";"0";"0";"Longo da via";"Bom";"Não existe";"Incompleta";"Seca";"Perfeito estado";"Não existe";"Não há placas";"";"Dupla";"Não existe";"";""
"1796";2020-02-27;"16:01:00";"SEM VÍTIMA";"FINALIZADA";"PRADO";"AV ENGENHEIRO ABDIAS DE CARVALHO";"";"RUA SANTA EDWIRGES";"POSTO BR";"PRADO";"354";"CIDADE";"COLISÃO TRASEIRA";NA;"2";"0";"0";"0";"0";"0";"0";"0";"0";"0";"Cruzamento";"Bom";"Sem defeito";"Perfeito estado";"Seca";"Perfeito estado";"Faixa de pedestre";"Outras";"";"Dupla";"Faixa contínua";"Faixa seccionada";"Canteiro central"
"1797";2020-02-27;"16:05:00";"SEM VÍTIMA";"FINALIZADA";"CORDEIRO";"AV ENGENHEIRO ABDIAS DE CARVALHO";"";"";"POSTO IPIRANGA";"CORDEIRO";"375";"SUBURBIO";"COLISÃO TRASEIRA";2;"0";"0";"0";"0";"0";"0";"0";"0";"0";"0";"Longo da via";"Bom";"Sem defeito";"Perfeito estado";"Seca";"Perfeito estado";"Faixa de pedestre";"";"";"Dupla";"Canteiro central";"";""
"1798";2020-02-27;"18:21:00";"SEM VÍTIMA";"FINALIZADA";"BAIRRO DO RECIFE";"AV ALFREDO LISBOA";"";"";"EM FRENTE A PRAÇA DO MARCO ZERO";"BAIRRO DO RECIFE";NA;"";"ABALROAMENTO LONGITUDINAL";1;"0";"0";"0";"0";"0";"1";"0";"0";"0";"0";"Longo da via";"Bom";"Não existe";"Perfeito estado";"Seca";"Perfeito estado";"Não existe";"";"";"Única";"Não existe";"";""
"1799";2020-02-27;"20:11:00";"SEM VÍTIMA";"FINALIZADA";"ALTO JOSÉ BONIFÁCIO";"RUA ALTO DA SERRINHA";"786";"RUA ALTO DA SAUDADE";"";"ALTO JOSÉ BONIFÁCIO";NA;"SUBURBIO";"ABALROAMENTO LONGITUDINAL";1;"0";"0";"0";"0";"0";"1";"0";"0";"0";"0";"Longo da via";"Bom";"Não existe";"Não existente";"Seca";"Perfeito estado";"Não existe";"Não há placas";"";"Dupla";"Não existe";"";""
"1800";2020-02-27;"20:22:00";"SEM VÍTIMA";"FINALIZADA";"SAN MARTIN";"AV GENERAL SAN MARTIN";"2087";"";"";"SAN MARTIN";NA;"CIDADE";"ABALROAMENTO LONGITUDINAL";2;"0";"0";"0";"0";"0";"0";"0";"0";"0";"0";"Longo da via";"Bom";"Não existe";"Ilegível";"Seca";"Mal iluminada";"Não existe";"Não há placas";"";"Dupla";"Faixa contínua";"";""
"1801";2020-02-27;"21:50:00";"SEM VÍTIMA";"FINALIZADA";"BOA VIAGEM";"RUA PROFESSOR MARIO CASTRO";"";"RUA ANTONIO PASSOS";"";"BOA VIAGEM";NA;"SUBURBIO";"ABALROAMENTO LONGITUDINAL";2;"0";"0";"0";"0";"0";"0";"0";"0";"0";"0";"Cruzamento";"Bom";"Não existe";"Ilegível";"Seca";"Perfeito estado";"Não existe";"Não há placas";"";"Dupla";"Faixa contínua";"";""
"1802";2020-02-27;"23:22:00";"SEM VÍTIMA";"FINALIZADA";"BOA VIAGEM";"AV CONSELHEIRO AGUIAR";"";"RUA ARTUR MUNIZ";"POSTO BR";"BOA VIAGEM";"5";"";"ABALROAMENTO TRANSVERSAL";2;"0";"0";"0";"0";"0";"0";"0";"0";"0";"0";"Cruzamento";"Bom";"Sem defeito";"Perfeito estado";"Seca";"Perfeito estado";"Faixa de pedestre";"Outras";"";"Única";"Faixa seccionada";"";""
"1803";2020-02-27;"23:34:00";"SEM VÍTIMA";"FINALIZADA";"SANTO AMARO";"RUA MARQUÊS DO POMBAL";"831";"RUA TUPINAMBAS";"ESCOLA ANIBAL FERNANDES";"SANTO AMARO";NA;"SUBURBIO";"ABALROAMENTO TRANSVERSAL";2;"0";"0";"0";"0";"0";"0";"0";"0";"0";"0";"Cruzamento";"Bom";"Não existe";"Perfeito estado";"Seca";"Perfeito estado";"Faixa de retenção";"Placas Pare";"30 km/h";"Dupla";"Faixa seccionada";"";""
"1804";2020-02-28;"06:20:00";"SEM VÍTIMA";"FINALIZADA";"IMBIRIBEIRA";"AV MARECHAL MASCARENHAS DE MORAES";"";"";"SUBIDA DA RAMPA POSTÃO B1 AEROPORTO DO RECIFE";"IMBIRIBEIRA";NA;"";"CHOQUE OBJETO FIXO";1;"0";"0";"0";"0";"0";"0";"0";"0";"0";"0";"Longo da via";"Bom";"Não existe";"Perfeito estado";"Seca";"Perfeito estado";"Não existe";"Não há placas";"";"Única";"Faixa contínua";"";""
"1805";2020-02-28;"07:16:00";"SEM VÍTIMA";"FINALIZADA";"JORDÃO";"TUNEL FELIPE CAMARAO";"";"";"ALÇA DE ACESSO À AVENIDA MARECHAL MASCARENHAS DE MORAIS";"JORDÃO";NA;"CIDADE";"ABALROAMENTO LONGITUDINAL";2;"0";"0";"0";"0";"0";"0";"0";"0";"0";"0";"";"Bom";"Não existe";"Perfeito estado";"Seca";"Perfeito estado";"Não existe";"Não há placas";"";"Única";"Não existe";"";""
"1806";2020-02-28;"08:29:00";"SEM VÍTIMA";"FINALIZADA";"IMBIRIBEIRA";"RUA DEZ DE JULHO";"";"";"ESTAÇÃO AEROPORTO";"IMBIRIBEIRA";"322";"";"ABALROAMENTO LONGITUDINAL";2;"0";"0";"0";"0";"0";"0";"0";"0";"0";"0";"Longo da via";"Bom";"Sem defeito";"Perfeito estado";"Seca";"Perfeito estado";"Não existe";"Não há placas";"40 km/h";"Única";"Faixa seccionada";"";""
"1807";2020-02-28;"08:50:00";"SEM VÍTIMA";"FINALIZADA";"";"AV DA RECUPERACAO";"";"AV NORTE";"ROTATÓRIA DA MACAXEIRA";"";NA;"SUBURBIO";"COLISÃO TRASEIRA";1;"0";"0";"0";"0";"0";"1";"0";"0";"0";"0";"";"Bom";"Não existe";"Perfeito estado";"Seca";"Perfeito estado";"Não existe";"Não há placas";"";"Única";"Não existe";"";""
"1808";2020-02-28;"09:14:00";"SEM VÍTIMA";"FINALIZADA";"ILHA DO LEITE";"PRC MIGUEL DE CERVANTES";"";"RUA ANTONIO GOMES DE FREITAS";"";"ILHA DO LEITE";NA;"CIDADE";"ABALROAMENTO LONGITUDINAL";2;"0";"0";"0";"0";"0";"0";"0";"0";"0";"0";"Cruzamento";"Bom";"Não existe";"Perfeito estado";"Seca";"Perfeito estado";"Faixa de pedestre";"Placas Pare";"30 km/h";"Única";"";"";""
"1809";2020-02-28;"09:15:00";"SEM VÍTIMA";"FINALIZADA";"ESTÂNCIA";"AV RECIFE";"493";"";"ERIC EQUIPADORA";"ESTÂNCIA";NA;"";"COLISÃO TRASEIRA";1;"0";"0";"0";"0";"0";"0";"0";"1";"0";"0";"Longo da via";"Bom";"Sem defeito";"Perfeito estado";"Seca";"";"Faixa de pedestre";"Outras";"";"Única";"Canteiro central";"";""
"1810";2020-02-28;"09:40:00";"SEM VÍTIMA";"FINALIZADA";"AFOGADOS";"RUA DA PAZ";"82";"";"EMPRESA ASA Nº 82";"AFOGADOS";"73";"SUBURBIO";"ABALROAMENTO LONGITUDINAL";1;"0";"0";"0";"0";"0";"1";"0";"0";"0";"0";"Longo da via";"Bom";"Sem defeito";"Perfeito estado";"Seca";"Perfeito estado";"Agente";"R-6a";"60 km/h";"Única";"Faixa seccionada";"";""
"1811";2020-02-28;"09:59:00";"SEM VÍTIMA";"FINALIZADA";"BOA VIAGEM";"AV BOA VIAGEM";"";"";"PARQUE DONA LINDU";"BOA VIAGEM";"1";"CIDADE";"COLISÃO TRASEIRA";2;"0";"0";"0";"0";"0";"0";"0";"0";"0";"0";"Longo da via";"Bom";"Sem defeito";"Perfeito estado";"Seca";"Perfeito estado";"Faixa de pedestre";"R-6b";"60 km/h";"Única";"Faixa contínua";"";""
"1812";2020-02-28;"10:02:00";"SEM VÍTIMA";"FINALIZADA";"DERBY";"RUA JORNALISTA PAULO BITTENCOURT";"133";"";"EM FRENTE AO ESTACIONAMENTO LE PARK";"DERBY";NA;"CIDADE";"COLISÃO TRASEIRA";2;"0";"0";"0";"0";"0";"0";"0";"0";"0";"0";"Longo da via";"Bom";"Não existe";"Perfeito estado";"Seca";"Perfeito estado";"Outros";"Outras";"";"Dupla";"Faixa seccionada";"";""
"1813";2020-02-28;"10:08:00";"SEM VÍTIMA";"FINALIZADA";"CABANGA";"AV ANTONIO DE GOES";"";"";"AO LADO DO CABANGA";"CABANGA";NA;"CIDADE";"ABALROAMENTO LONGITUDINAL";2;"0";"0";"0";"0";"0";"0";"0";"0";"0";"0";"Longo da via";"Bom";"Não existe";"Perfeito estado";"Seca";"Perfeito estado";"Agente";"Não há placas";"60 km/h";"Única";"Faixa contínua";"";""
"1814";2020-02-28;"10:43:00";"SEM VÍTIMA";"FINALIZADA";"AFOGADOS";"AV SUL";"";"";"AO LADO DA ESTAÇÃO DO LARGO DA PAZ";"AFOGADOS";NA;"CIDADE";"ABALROAMENTO TRANSVERSAL";1;"0";"0";"0";"0";"0";"1";"0";"0";"0";"0";"Longo da via";"Bom";"Não existe";"Perfeito estado";"Seca";"Perfeito estado";"Outros";"Outras";"60 km/h";"Única";"Faixa seccionada";"";""
"1815";2020-02-28;"10:47:00";"SEM VÍTIMA";"FINALIZADA";"IMBIRIBEIRA";"AV MARECHAL MASCARENHAS DE MORAES";"1818";"";"EM FRENTE AUTO LINS HONDA";"IMBIRIBEIRA";NA;"SUBURBIO";"COLISÃO TRASEIRA";2;"0";"0";"0";"0";"0";"0";"0";"0";"0";"0";"Longo da via";"Bom";"Não existe";"Não existente";"Seca";"Perfeito estado";"Não existe";"";"60 km/h";"Dupla";"Faixa contínua";"Faixa seccionada";"Canteiro central"
"1816";2020-02-28;"12:16:00";"SEM VÍTIMA";"FINALIZADA";"DERBY";"";"";"";"LADO OPOSTO AO QUARTEL DO DERBY";"DERBY";NA;"CIDADE";"ABALROAMENTO LONGITUDINAL";2;"0";"0";"0";"0";"0";"0";"0";"0";"0";"0";"Longo da via";"Bom";"Não existe";"Perfeito estado";"Seca";"Perfeito estado";"Não existe";"Não há placas";"40 km/h";"Única";"Faixa seccionada";"";""
"1817";2020-02-28;"12:21:00";"SEM VÍTIMA";"FINALIZADA";"ENCRUZILHADA";"AV NORTE";"";"";"LADO OPOSTO AO BANCO SANTANDER";"ENCRUZILHADA";NA;"SUBURBIO";"COLISÃO TRASEIRA";2;"0";"0";"0";"0";"0";"0";"0";"0";"0";"0";"Longo da via";"Bom";"Não existe";"Perfeito estado";"Seca";"Perfeito estado";"Faixa de pedestre";"R-6a";"";"Única";"Faixa seccionada";"";""
"1818";2020-02-28;"13:06:00";"COM VÍTIMA";"FINALIZADA";"CASA AMARELA";"AV NORTE";"6149";"";"";"CASA AMARELA";NA;"CIDADE";"COLISÃO TRASEIRA";1;"1";"0";"0";"0";"0";"0";"0";"0";"1";"0";"Longo da via";"Bom";"Não existe";"Perfeito estado";"Seca";"Perfeito estado";"Faixa de pedestre";"Não há placas";"60 km/h";"Única";"Faixa seccionada";"";""
"1819";2020-02-28;"15:04:00";"COM VÍTIMA";"FINALIZADA";"MADALENA";"AV BEIRA RIO";"";"RUA DEMOSTENES DE OLINDA";"";"MADALENA";NA;"CIDADE";"ABALROAMENTO TRANSVERSAL";1;"1";"0";"0";"0";"0";"0";"0";"0";"1";"0";"Esquina";"Bom";"Não existe";"Perfeito estado";"Seca";"Perfeito estado";"Faixa de pedestre";"Placas Pare";"";"Dupla";"Faixa";"";""
"1820";2020-02-28;"15:59:00";"SEM VÍTIMA";"FINALIZADA";"PARNAMIRIM";"AV PARNAMIRIM";"98";"";"EM FRENTE AO HOSPITAL MARIA LUCINDA";"PARNAMIRIM";NA;"CIDADE";"COLISÃO TRASEIRA";3;"0";"0";"0";"0";"0";"0";"0";"0";"0";"0";"Longo da via";"Bom";"Sem defeito";"Perfeito estado";"Seca";"Perfeito estado";"Não existe";"R-6a";"";"Única";"Faixa seccionada";"";""
"1821";2020-02-28;"16:29:00";"SEM VÍTIMA";"FINALIZADA";"BOA VISTA";"AV GOVERNADOR AGAMENON MAGALHAES";"1387";"RUA DOM BOSCO";"FRENTE A DROGASIL";"BOA VISTA";"174";"";"ABALROAMENTO LONGITUDINAL";2;"0";"0";"0";"0";"0";"0";"0";"0";"0";"0";"Longo da via";"Bom";"Sem defeito";"Perfeito estado";"Seca";"Perfeito estado";"Agente";"Outras";"60 km/h";"Dupla";"Faixa contínua";"Canteiro central";""
"1822";2020-02-28;"17:17:00";"SEM VÍTIMA";"FINALIZADA";"BOA VIAGEM";"AVENIDA CELSO FURTADO (VIA MANGUE)";"";"RUA PADRE BERNADINO PESSOA";"";"BOA VIAGEM";NA;"CIDADE";"ABALROAMENTO LONGITUDINAL";2;"0";"0";"0";"0";"0";"0";"0";"0";"0";"0";"Longo da via";"Bom";"Não existe";"Perfeito estado";"Seca";"Perfeito estado";"Não existe";"Outras";"60 km/h";"Dupla";"Faixa contínua";"Faixa seccionada";""
"1823";2020-02-28;"17:17:00";"SEM VÍTIMA";"FINALIZADA";"ENCRUZILHADA";"AV JOAO DE BARROS";"1904";"";"BANCO BRADESCO";"ENCRUZILHADA";NA;"CIDADE";"ABALROAMENTO LONGITUDINAL";1;"0";"0";"0";"0";"1";"0";"0";"0";"0";"0";"Longo da via";"Bom";"Não existe";"Perfeito estado";"Seca";"Perfeito estado";"Não existe";"R-6a";"";"Única";"Faixa seccionada";"";""
"1824";2020-02-28;"17:31:00";"SEM VÍTIMA";"FINALIZADA";"TAMARINEIRA";"RUA JOSE CARVALHEIRA";"";"RUA DES EDMUNDO JORDAO";"EM FRENTE AO POSTE DE SINALIZAÇÃO Nº B 003984";"TAMARINEIRA";NA;"";"ABALROAMENTO TRANSVERSAL";2;"0";"0";"0";"0";"0";"0";"0";"0";"0";"0";"Cruzamento";"Bom";"Não existe";"Perfeito estado";"Seca";"Perfeito estado";"Não existe";"R-6a";"";"Única";"Não existe";"";""