"";"data";"hora";"natureza_acidente";"situacao";"bairro";"endereco";"numero";"detalhe_endereco_acidente";"complemento";"bairro_cruzamento";"num_semaforo";"sentido_via";"tipo";"auto";"moto";"ciclom";"ciclista";"pedestre";"onibus";"caminhao";"viatura";"outros";"vitimas";"vitimasfatais";"acidente_verificado";"tempo_clima";"situacao_semaforo";"sinalizacao";"condicao_via";"conservacao_via";"ponto_controle";"situacao_placa";"velocidade_max_via";"mao_direcao";"divisao_via1";"divisao_via2";"divisao_via3"
"1944";2020-03-03;"15:51:00";"COM VÍTIMA";"FINALIZADA";"ILHA DO LEITE";"AV JOSE GONCALVES DE MEDEIROS";"149";"";"FARMACIA PAGUE MENOS";"ILHA DO LEITE";NA;"ILHA DO RETIRO";"ABALROAMENTO TRANSVERSAL";1;"1";"0";"0";"0";"0";"0";"0";"0";"1";"0";"Longo da via";"Bom";"Não existe";"Perfeito estado";"Seca";"Perfeito estado";"";"Não há placas";"";"Dupla";"Faixa";"";""
"1945";2020-03-03;"15:53:00";"SEM VÍTIMA";"FINALIZADA";"COELHOS";"RUA DOS COELHOS";"441";"";"EM FRENTE AO HOSPITAL PEDRO II";"COELHOS";"359";"SUBURBIO";"ABALROAMENTO TRANSVERSAL";2;"0";"0";"0";"0";"0";"0";"0";"0";"0";"0";"Longo da via";"Bom";"Sem defeito";"Perfeito estado";"Seca";"Perfeito estado";"Faixa de pedestre";"R-6a";"30 km/h";"Dupla";"Faixa contínua";"";""
"1946";2020-03-03;"17:19:00";"COM VÍTIMA";"FINALIZADA";"BOA VIAGEM";"RUA HENRIQUE DIAS";"";"";"AO LADO DO MEMORIAL SÃO JOSÉ";"BOA VIAGEM";NA;"CIDADE";"ATROPELAMENTO";NA;"0";"0";"0";"1";"1";"0";"0";"0";"1";"0";"Longo da via";"Bom";"Sem defeito";"Perfeito estado";"Seca";"Perfeito estado";"Faixa de pedestre";"Outras";"";"Única";"Não existe";"";""
"1947";2020-03-03;"17:28:00";"SEM VÍTIMA";"FINALIZADA";"CASA AMARELA";"RUA BELA VISTA";"152";"";"PADARIA BELA VISTA";"CASA AMARELA";NA;"SUBURBIO";"ABALROAMENTO LONGITUDINAL";2;"0";"0";"0";"0";"0";"0";"0";"0";"0";"0";"Longo da via";"Bom";"Não existe";"Não existente";"Seca";"Perfeito estado";"Não existe";"Não há placas";"";"Dupla";"Não existe";"";""
"1948";2020-03-03;"17:25:00";"SEM VÍTIMA";"CANCELADA";"AREIAS";"RUA AURORA CACOTE";"642";"";"SUPERMERCADO QUIPREÇO";"AREIAS";NA;"AREIAS";"COLISÃO";2;"0";"0";"0";"0";"0";"0";"0";"0";"0";"0";"";"";"";"";"";"";"";"";"";"";"";"";""
"1949";2020-03-03;"17:43:00";"SEM VÍTIMA";"CANCELADA";"MADALENA";"RUA PROFESSOR BENEDITO MONTEIRO";"";"";"AO LADO DA JURANDIR PIRES";"MADALENA";NA;"";"COLISÃO";2;"0";"0";"0";"0";"0";"0";"0";"0";"0";"0";"";"";"";"";"";"";"";"";"";"";"";"";""
"1950";2020-03-03;"17:45:00";"COM VÍTIMA";"FINALIZADA";"VÁRZEA";"AV JOAQUIM RIBEIRO";"733";"";"PROX A BORRACHARIA DO NADO PROX A PONTE S/T DOIS IRMAOS";"VÁRZEA";NA;"SUBURBIO";"ABALROAMENTO LONGITUDINAL";1;"1";"0";"0";"0";"0";"0";"0";"0";"1";"0";"Longo da via";"Bom";"Não existe";"Ilegível";"Seca";"Perfeito estado";"Não existe";"Não há placas";"";"Dupla";"";"";""
"1951";2020-03-03;"18:46:00";"SEM VÍTIMA";"FINALIZADA";"VÁRZEA";"AV AFONSO OLINDENSE";"";"";"EM FRENTE A PARADA DE ÔNIBUS 080256";"VÁRZEA";NA;"CIDADE";"ABALROAMENTO LONGITUDINAL";1;"0";"0";"0";"0";"1";"0";"0";"0";"0";"0";"Longo da via";"Bom";"Não existe";"Perfeito estado";"Seca";"Perfeito estado";"Não existe";"Não há placas";"";"Dupla";"Faixa contínua";"";""
"1952";2020-03-03;"18:55:00";"SEM VÍTIMA";"CANCELADA";"CAXANGÁ";"AV CAXANGA";"";"";"ENF A TERMINAL INTEGRADO DA CAXANGA";"CAXANGÁ";NA;"";"COLISÃO";1;"0";"0";"0";"0";"1";"0";"0";"0";"0";"0";"";"";"";"";"";"";"";"";"";"";"";"";""
"1953";2020-03-03;"19:09:00";"SEM VÍTIMA";"FINALIZADA";"JARDIM SÃO PAULO";"AV SAO PAULO";"609";"RUA BRAGANCA";"Nº 609";"JARDIM SÃO PAULO";NA;"SUBURBIO";"ABALROAMENTO LONGITUDINAL";1;"1";"0";"0";"0";"0";"0";"0";"0";"0";"0";"";"Bom";"Não existe";"Não existente";"Seca";"Perfeito estado";"";"Outras";"";"Dupla";"Não existe";"";""
"1954";2020-03-03;"19:46:00";"SEM VÍTIMA";"CANCELADA";"JARDIM SÃO PAULO";"RUA PROFESSOR PEDRO AUGUSTO";"311";"RUA PROF CACILDA BRECKENFELD";"LOCAL DE RESIDENCIA";"JARDIM SÃO PAULO";NA;"";"COLISÃO";2;"0";"0";"0";"0";"0";"0";"0";"0";"0";"0";"";"";"";"";"";"";"";"";"";"";"";"";""
"1955";2020-03-03;"20:16:00";"SEM VÍTIMA";"FINALIZADA";"CAJUEIRO";"RUA SENADOR NILO COELHO";"";"";"FRENTE AO ARMAZÉM CORAL";"CAJUEIRO";NA;"SUBURBIO";"ABALROAMENTO TRANSVERSAL";2;"0";"0";"0";"0";"0";"0";"0";"0";"0";"0";"Longo da via";"Bom";"Não existe";"Perfeito estado";"Seca";"Perfeito estado";"";"Não há placas";"40 km/h";"Dupla";"Não existe";"";""
"1956";2020-03-04;"06:44:00";"SEM VÍTIMA";"FINALIZADA";"AFOGADOS";"RUA SAO MIGUEL";"";"";"SOB O SEMÁFORO Nº 392";"AFOGADOS";"392";"CIDADE";"COLISÃO TRASEIRA";2;"0";"0";"0";"0";"0";"0";"0";"0";"0";"0";"Longo da via";"Bom";"Sem defeito";"Incompleta";"Seca";"Perfeito estado";"Não existe";"Outras";"";"Dupla";"Faixa contínua";"";""
"1957";2020-03-04;"07:18:00";"COM VÍTIMA";"FINALIZADA";"ENCRUZILHADA";"EST DE BELEM";"44";"";"EM FRENTE AO BANCO ITAU";"ENCRUZILHADA";NA;"SUBURBIO";"ABALROAMENTO TRANSVERSAL";1;"1";"0";"0";"0";"0";"0";"0";"0";"2";"0";"Longo da via";"Bom";"Não existe";"Perfeito estado";"Seca";"Perfeito estado";"Não existe";"Placas Pare";"40 km/h";"Dupla";"Faixa seccionada";"";""
"1958";2020-03-04;"07:35:00";"COM VÍTIMA";"FINALIZADA";"ARRUDA";"RUA ZEFERINO AGRA";"268";"";"EM FRENTE AO COLEGIO ADVENTISTA";"ARRUDA";NA;"SUBURBIO";"COLISÃO FRONTAL";1;"1";"0";"0";"0";"0";"0";"0";"0";"1";"0";"Longo da via";"Bom";"Não existe";"Perfeito estado";"Seca";"Perfeito estado";"Faixa de pedestre";"Outras";"";"Dupla";"Faixa contínua";"";""
"1959";2020-03-04;"07:42:00";"SEM VÍTIMA";"FINALIZADA";"ESPINHEIRO";"AV GOVERNADOR AGAMENON MAGALHAES";"2936";"";"SOBRADO EMPRESARIAL";"ESPINHEIRO";NA;"CIDADE";"ABALROAMENTO LONGITUDINAL";2;"0";"0";"0";"0";"0";"0";"0";"0";"0";"0";"Longo da via";"Bom";"Não existe";"Não existente";"Seca";"Perfeito estado";"Não existe";"Não há placas";"";"Única";"Faixa seccionada";"";""
"1960";2020-03-04;"07:43:00";"COM VÍTIMA";"FINALIZADA";"CORDEIRO";"RUA TIJUCAS";"198";"";"PROX AO RESTAURANTE JOÃO  DA CARNE DE SOL";"CORDEIRO";NA;"";"ABALROAMENTO TRANSVERSAL";1;"1";"0";"0";"0";"0";"0";"0";"0";"1";"0";"Cruzamento";"Bom";"Não existe";"Ilegível";"Seca";"Perfeito estado";"Não existe";"Placas Pare";"";"Dupla";"Não existe";"";""
"1961";2020-03-04;"07:53:00";"COM VÍTIMA";"FINALIZADA";"BOA VIAGEM";"RUA RIBEIRO DE BRITO";"590";"";"EM FRENTE AO LABORATORIO  BORIS  BERENSTEIN";"BOA VIAGEM";NA;"SUBURBIO";"ABALROAMENTO LONGITUDINAL";1;"1";"0";"0";"0";"0";"0";"0";"0";"1";"0";"Longo da via";"Bom";"Não existe";"Perfeito estado";"Seca";"Perfeito estado";"Não existe";"Outras";"";"Única";"Faixa seccionada";"";""
"1962";2020-03-04;"08:02:00";"SEM VÍTIMA";"FINALIZADA";"ESPINHEIRO";"AV GOVERNADOR AGAMENON MAGALHAES";"2936";"";"EM FRENTE AO EMPRESARIAL SOBRADO";"ESPINHEIRO";NA;"CIDADE";"ABALROAMENTO LONGITUDINAL";2;"0";"0";"0";"0";"0";"0";"0";"0";"0";"0";"Longo da via";"Bom";"Não existe";"Não existente";"Seca";"Perfeito estado";"Não existe";"Outras";"";"Única";"Faixa seccionada";"";""
"1963";2020-03-04;"08:10:00";"COM VÍTIMA";"CANCELADA";"CAXANGÁ";"AV CAXANGA";"";"";"PROXIMO AO ARMAZEM CORAL";"CAXANGÁ";NA;"";"COLISÃO";1;"1";"0";"0";"0";"0";"0";"0";"0";"1";"0";"";"";"";"";"";"";"";"";"";"";"";"";""
"1964";2020-03-04;"08:28:00";"SEM VÍTIMA";"FINALIZADA";"ENCRUZILHADA";"AV BEBERIBE";"335";"";"";"ENCRUZILHADA";NA;"CIDADE";"COLISÃO TRASEIRA";2;"0";"0";"0";"0";"0";"0";"0";"0";"0";"0";"Longo da via";"Bom";"Sem defeito";"Perfeito estado";"Seca";"Perfeito estado";"Faixa de pedestre";"Outras";"40 km/h";"Dupla";"Faixa contínua";"";""
"1965";2020-03-04;"08:44:00";"SEM VÍTIMA";"FINALIZADA";"IPUTINGA";"RUA MAURICIO DE NASSAU";"";"RUA PEREIRA COUTINHO FILHO";"";"IPUTINGA";NA;"SUBURBIO";"COLISÃO TRASEIRA";2;"0";"0";"0";"0";"0";"0";"0";"0";"0";"0";"Longo da via";"Bom";"";"Perfeito estado";"Seca";"Perfeito estado";"";"";"40 km/h";"Dupla";"";"";""
"1966";2020-03-04;"08:38:00";"SEM VÍTIMA";"FINALIZADA";"CAMPO GRANDE";"RUA ODORICO MENDES";"115";"RUA VISCONDE DE CAIRU";"PRÓXIMO AO CLUBE DA PÁS";"CAMPO GRANDE";NA;"SUBURBIO";"ABALROAMENTO TRANSVERSAL";2;"0";"0";"0";"0";"0";"0";"0";"0";"0";"0";"Cruzamento";"Bom";"Não existe";"Perfeito estado";"Seca";"Perfeito estado";"";"Placas Pare";"";"Dupla";"Faixa seccionada";"";""
"1967";2020-03-04;"09:00:00";"COM VÍTIMA";"FINALIZADA";"TORRE";"RUA MARQUES DE MARICA";"147";"";"EM FRENTE AO CONDOMINIO PRAÇA DAS CARMELIA";"TORRE";NA;"SUBURBIO";"ABALROAMENTO LONGITUDINAL";1;"1";"0";"0";"0";"0";"0";"0";"0";"1";"0";"Longo da via";"Bom";"Não existe";"Perfeito estado";"Seca";"Perfeito estado";"Não existe";"Não há placas";"";"Dupla";"Faixa seccionada";"";""
"1968";2020-03-04;"09:10:00";"COM VÍTIMA";"FINALIZADA";"CORDEIRO";"EST DO FORTE DO ARRAIAL N. DO B. JESUS";"341 A";"RUA AUREO XAVIER";"EM FRENTE AO RESTAURANTE O PESCADOR";"CORDEIRO";NA;"CIDADE";"COLISÃO COM CICLISTA";NA;"1";"0";"1";"0";"0";"0";"0";"0";"2";"0";"Cruzamento";"Bom";"Não existe";"Perfeito estado";"Seca";"Perfeito estado";"Não existe";"Placas Pare";"";"Dupla";"Faixa contínua";"Faixa seccionada";""
"1969";2020-03-04;"09:18:00";"SEM VÍTIMA";"FINALIZADA";"MADALENA";"RUA BENFICA";"1146";"";"AO LADO DO MUSEU DA ABOLIÇÃO";"MADALENA";"257";"CIDADE";"ABALROAMENTO LONGITUDINAL";2;"0";"0";"0";"0";"0";"0";"0";"0";"0";"0";"Longo da via";"Bom";"Sem defeito";"Perfeito estado";"Seca";"Perfeito estado";"Faixa de pedestre";"R-6a";"60 km/h";"Dupla";"Faixa contínua";"";""
"1970";2020-03-04;"09:33:00";"SEM VÍTIMA";"FINALIZADA";"BOA VIAGEM";"AV BOA VIAGEM";"";"RUA BALTAZAR PASSOS";"";"BOA VIAGEM";"149";"CIDADE";"COLISÃO TRASEIRA";2;"0";"0";"0";"0";"0";"0";"0";"0";"0";"0";"Longo da via";"Bom";"Sem defeito";"Perfeito estado";"Seca";"Perfeito estado";"Faixa de pedestre";"";"60 km/h";"Única";"Faixa contínua";"";""
"1971";2020-03-04;"09:35:00";"SEM VÍTIMA";"FINALIZADA";"BOA VIAGEM";"AV CONSELHEIRO AGUIAR";"";"RUA CORONEL BENEDITO CHAVES";"EM FRENTE AO HOTEL SAVERO";"BOA VIAGEM";"114";"CIDADE";"COLISÃO TRASEIRA";2;"0";"0";"0";"0";"0";"0";"0";"0";"0";"0";"Cruzamento";"Bom";"Sem defeito";"Perfeito estado";"Seca";"Perfeito estado";"Faixa de pedestre";"Não há placas";"60 km/h";"Única";"";"";""
"1972";2020-03-04;"09:40:00";"SEM VÍTIMA";"FINALIZADA";"COHAB";"AV ENGENHO SERRA VERDE";"610";"";"PADARIA MARAJÓ";"COHAB";NA;"CIDADE";"ABALROAMENTO LONGITUDINAL";1;"0";"0";"0";"0";"1";"0";"0";"0";"0";"0";"Longo da via";"Bom";"Não existe";"Perfeito estado";"Seca";"Perfeito estado";"Não existe";"R-6c";"";"Única";"Faixa seccionada";"";""
"1973";2020-03-04;"10:09:00";"SEM VÍTIMA";"FINALIZADA";"";"AV MARTINS DE BARROS";"";"";"LADO OPOSTO AO TERMINAL CAIS DE SANTA RITA";"";NA;"SUBURBIO";"ABALROAMENTO LONGITUDINAL";1;"1";"0";"0";"0";"0";"0";"0";"0";"0";"0";"Longo da via";"Bom";"Não existe";"Perfeito estado";"Seca";"Perfeito estado";"Não existe";"Não há placas";"40 km/h";"Dupla";"Faixa seccionada";"";""
"1974";2020-03-04;"10:26:00";"SEM VÍTIMA";"FINALIZADA";"IMBIRIBEIRA";"AV MARECHAL MASCARENHAS DE MORAES";"440";"";"LADO OPOSTO AO FLOR ARTE";"IMBIRIBEIRA";"279";"SUBURBIO";"ABALROAMENTO LONGITUDINAL";1;"1";"0";"0";"0";"0";"0";"0";"0";"0";"0";"Longo da via";"Bom";"Sem defeito";"Perfeito estado";"Seca";"Perfeito estado";"Faixa de pedestre";"Outras";"";"Dupla";"Faixa contínua";"Faixa seccionada";"Canteiro central"
"1975";2020-03-04;"10:32:00";"SEM VÍTIMA";"FINALIZADA";"SANTO AMARO";"AV GOVERNADOR AGAMENON MAGALHAES";"";"";"EM FRENTE A FARMÁCIA PAGUE MENOS";"SANTO AMARO";NA;"";"COLISÃO TRASEIRA";2;"0";"0";"0";"0";"0";"0";"0";"0";"0";"0";"Longo da via";"Bom";"Sem defeito";"Perfeito estado";"Seca";"Perfeito estado";"Outros";"Outras";"60 km/h";"Dupla";"Canteiro central";"";""
"1976";2020-03-04;"11:18:00";"SEM VÍTIMA";"CANCELADA";"SÃO JOSÉ";"RUA DO PEIXOTO";"";"";"NA RUA DO RESTAURANTE POPULAR JOSE DE CASTRO";"SÃO JOSÉ";NA;"";"COLISÃO";NA;"0";"0";"0";"0";"0";"2";"0";"0";"0";"0";"";"";"";"";"";"";"";"";"";"";"";"";""
"1977";2020-03-04;"11:19:00";"SEM VÍTIMA";"FINALIZADA";"IBURA";"RUA RIO BRIGIDA";"";"RUA RIO PARNAIBA";"";"IBURA";NA;"SUBURBIO";"ABALROAMENTO LONGITUDINAL";1;"0";"0";"0";"0";"0";"1";"0";"0";"0";"0";"Cruzamento";"Bom";"Não existe";"Perfeito estado";"Seca";"Perfeito estado";"Não existe";"Placas Pare";"30 km/h";"Dupla";"Faixa seccionada";"";""
"1978";2020-03-04;"11:39:00";"SEM VÍTIMA";"FINALIZADA";"BOA VISTA";"RUA DO RIACHUELO";"";"";"LADO OPOSTO AO Nº 309";"BOA VISTA";NA;"";"ABALROAMENTO LONGITUDINAL";1;"0";"0";"0";"0";"1";"0";"0";"0";"0";"0";"Longo da via";"Bom";"Não existe";"Perfeito estado";"Seca";"Perfeito estado";"Faixa de pedestre";"";"30 km/h";"Dupla";"Canteiro central";"";""
"1979";2020-03-04;"12:01:00";"SEM VÍTIMA";"FINALIZADA";"SÃO JOSÉ";"AV SUL";"";"";"HOTEL LUA DE MEL";"SÃO JOSÉ";NA;"CIDADE";"CHOQUE VEÍCULO PARADO";1;"0";"0";"0";"0";"0";"0";"0";"1";"0";"0";"Longo da via";"Bom";"Não existe";"Incompleta";"Seca";"Perfeito estado";"";"Não há placas";"";"Dupla";"Canteiro central";"";""
"1980";2020-03-04;"12:38:00";"SEM VÍTIMA";"FINALIZADA";"BOA VIAGEM";"AV ENGENHEIRO DOMINGOS FERREIRA";"";"RUA BARAO DE SOUZA LEAO";"EM FRENTE AO HOSPITAL";"BOA VIAGEM";"129";"SUBURBIO";"COLISÃO TRASEIRA";1;"0";"0";"0";"0";"1";"0";"0";"0";"0";"0";"Longo da via";"Bom";"Sem defeito";"Perfeito estado";"Seca";"Perfeito estado";"Faixa de pedestre";"Outras";"";"Única";"Faixa contínua";"Faixa seccionada";"Canteiro central"
"1981";2020-03-04;"13:36:00";"SEM VÍTIMA";"FINALIZADA";"MADALENA";"RUA REAL DA TORRE";"218";"";"TÚNEL DA ABOLIÇÃO";"MADALENA";"237";"";"COLISÃO TRASEIRA";NA;"0";"0";"0";"0";"2";"0";"0";"0";"0";"0";"Longo da via";"Bom";"Sem defeito";"Perfeito estado";"Seca";"Perfeito estado";"Faixa de pedestre";"R-6a";"";"Única";"Faixa seccionada";"";""
"1982";2020-03-04;"13:51:00";"SEM VÍTIMA";"FINALIZADA";"ALTO JOSÉ BONIFÁCIO";"RUA ALTO JOSE BONIFACIO";"140";"";"EM FRENTE A CASA PEREIRA FERRAGENS E MIUDEZAS";"ALTO JOSÉ BONIFÁCIO";NA;"SUBURBIO";"ABALROAMENTO LONGITUDINAL";1;"1";"0";"0";"0";"0";"0";"0";"0";"0";"0";"Longo da via";"Bom";"Não existe";"Perfeito estado";"Seca";"Perfeito estado";"Não existe";"R-6a";"";"Dupla";"Faixa seccionada";"";""
"1983";2020-03-04;"13:53:00";"SEM VÍTIMA";"FINALIZADA";"IBURA";"RUA RIO DOURO";"49";"";"ESCOLA CECÍLIA MEIRELES";"IBURA";NA;"SUBURBIO";"ABALROAMENTO LONGITUDINAL";2;"0";"0";"0";"0";"0";"0";"0";"0";"0";"0";"Longo da via";"Bom";"Não existe";"Perfeito estado";"Seca";"Perfeito estado";"Não existe";"Não há placas";"";"Dupla";"Não existe";"";""
"1984";2020-03-04;"15:42:00";"SEM VÍTIMA";"FINALIZADA";"DERBY";"RUA JENER DE SOUZA";"";"";"EM FRENTE AO QUARTEL DA POLICIA MILITAR";"DERBY";NA;"SUBURBIO";"COLISÃO TRASEIRA";2;"0";"0";"0";"0";"0";"0";"0";"0";"0";"0";"Longo da via";"Bom";"Não existe";"Perfeito estado";"Seca";"Perfeito estado";"Não existe";"Outras";"";"Dupla";"Canteiro central";"";""
"1985";2020-03-04;"15:59:00";"SEM VÍTIMA";"FINALIZADA";"MADALENA";"AV VISCONDE DE ALBUQUERQUE";"300";"";"ASTRAL VEÍCULOS";"MADALENA";NA;"SUBURBIO";"ABALROAMENTO LONGITUDINAL";2;"0";"0";"0";"0";"0";"0";"0";"0";"0";"0";"Longo da via";"Bom";"Não existe";"Perfeito estado";"Seca";"Perfeito estado";"Não existe";"Outras";"";"Única";"Faixa seccionada";"";""
"1986";2020-03-04;"16:04:00";"COM VÍTIMA";"FINALIZADA";"BOA VIAGEM";"RUA CARLOS PEREIRA FALCAO";"1145";"";"EM FRENTE AO EDIFICIO RENATA DIAS";"BOA VIAGEM";NA;"";"COLISÃO";1;"1";"0";"0";"0";"0";"0";"0";"0";"1";"0";"";"";"";"";"";"";"";"";"";"";"";"";""
"1987";2020-03-04;"16:08:00";"SEM VÍTIMA";"FINALIZADA";"SANTO ANTÔNIO";"AV N S DO CARMO";"660";"AV MARTINS DE BARROS";"EM FRENTE AO EDIFÍCIO INCONFIDÊNCIA";"SANTO ANTÔNIO";"204";"SUBURBIO";"ABALROAMENTO LONGITUDINAL";1;"0";"0";"0";"0";"1";"0";"0";"0";"0";"0";"Longo da via";"Bom";"Sem defeito";"Perfeito estado";"Seca";"Perfeito estado";"Faixa de pedestre";"Não há placas";"";"Dupla";"Faixa contínua";"";""
"1988";2020-03-04;"16:54:00";"SEM VÍTIMA";"FINALIZADA";"AFOGADOS";"RUA DA PAZ";"396";"";"E/F AO BANCO ITAU";"AFOGADOS";"53";"SUBURBIO";"ABALROAMENTO LONGITUDINAL";2;"0";"0";"0";"0";"0";"0";"0";"0";"0";"0";"Longo da via";"Bom";"Sem defeito";"Perfeito estado";"Seca";"Perfeito estado";"Faixa de pedestre";"";"";"Única";"Faixa contínua";"Faixa seccionada";""
"1989";2020-03-04;"17:20:00";"SEM VÍTIMA";"FINALIZADA";"MADALENA";"AV JOSE GONCALVES DE MEDEIROS";"121";"";"PRÓXIMO A FARMÁCIA PAGUE MENOS";"MADALENA";NA;"CIDADE";"COLISÃO TRASEIRA";2;"0";"0";"0";"0";"0";"0";"0";"0";"0";"0";"Longo da via";"Bom";"Não existe";"Perfeito estado";"Seca";"Perfeito estado";"Não existe";"Não há placas";"60 km/h";"Dupla";"Faixa contínua";"";""
"1990";2020-03-04;"17:29:00";"SEM VÍTIMA";"EQUIPE EM DESLOCAMENTO";"BOA VIAGEM";"RUA ERNESTO DE PAULA SANTOS";"913";"";"POSTO DE COMBUSTÍVEL SETTA";"BOA VIAGEM";"330";"CIDADE";"COLISÃO TRASEIRA";5;"0";"0";"0";"0";"0";"0";"0";"0";"0";"0";"Longo da via";"Bom";"Sem defeito";"Perfeito estado";"Seca";"Perfeito estado";"Faixa de pedestre";"Não há placas";"";"Única";"Faixa seccionada";"";""
"1991";2020-03-04;"17:24:00";"SEM VÍTIMA";"FINALIZADA";"IBURA";"AV DOM HELDER CAMARA";"";"";"AO LADO DO NÚCLEO";"IBURA";NA;"CIDADE";"ABALROAMENTO LONGITUDINAL";1;"0";"0";"0";"0";"0";"1";"0";"0";"0";"0";"";"Bom";"Não existe";"Perfeito estado";"Seca";"Perfeito estado";"Não existe";"Não há placas";"";"Dupla";"Canteiro central";"";""
"1992";2020-03-04;"18:05:00";"SEM VÍTIMA";"FINALIZADA";"DOIS IRMÃOS";"RUA DOIS IRMAOS";"165";"";"LADO OPOSTO AO Nº 165";"DOIS IRMÃOS";NA;"CIDADE";"ABALROAMENTO LONGITUDINAL";2;"0";"0";"0";"0";"0";"0";"0";"0";"0";"0";"Longo da via";"Bom";"Não existe";"Perfeito estado";"Seca";"Perfeito estado";"Não existe";"Outras";"";"Dupla";"Faixa contínua";"";""
"1993";2020-03-04;"20:56:00";"SEM VÍTIMA";"FINALIZADA";"IPUTINGA";"AV CAXANGA";"5362";"";"EM FRENTE AO CAXANGÁ GOLF & COUNTRY CLUB";"IPUTINGA";NA;"SUBURBIO";"COLISÃO TRASEIRA";3;"0";"0";"0";"0";"0";"0";"0";"0";"0";"0";"Longo da via";"Bom";"Não existe";"Ilegível";"Seca";"Mal iluminada";"Não existe";"Não há placas";"";"Dupla";"Canteiro central";"";""
"1994";2020-03-04;"21:27:00";"COM VÍTIMA";"FINALIZADA";"BOA VIAGEM";"AV ARMINDO MOURA";"581";"";"E/F A VILA DA AERONAUTICA";"BOA VIAGEM";NA;"SUBURBIO";"ABALROAMENTO LONGITUDINAL";1;"1";"0";"0";"0";"0";"0";"0";"0";"1";"0";"Longo da via";"Bom";"Sem defeito";"Perfeito estado";"Seca";"Perfeito estado";"Faixa de pedestre";"Placas Pare";"";"Dupla";"Faixa contínua";"";""
"1995";2020-03-04;"22:08:00";"SEM VÍTIMA";"FINALIZADA";"";"AV ENGENHEIRO ABDIAS DE CARVALHO";"1835";"";"CENTRO DE DISTRIBUIÇÃO DOS CORREIOS";"";NA;"SUBURBIO";"COLISÃO TRASEIRA";2;"0";"0";"0";"0";"0";"0";"0";"0";"0";"0";"Longo da via";"Bom";"Não existe";"Perfeito estado";"Seca";"Perfeito estado";"Não existe";"Não há placas";"";"Dupla";"Faixa seccionada";"Canteiro central";""
"1996";2020-03-04;"22:20:00";"SEM VÍTIMA";"FINALIZADA";"CASA AMARELA";"RUA ARNOLDO MAGALHAES";"22";"";"";"CASA AMARELA";NA;"SUBURBIO";"CHOQUE VEÍCULO PARADO";1;"0";"0";"0";"0";"0";"0";"0";"1";"0";"0";"Longo da via";"Bom";"Não existe";"Ilegível";"Seca";"Mal conservada";"Não existe";"Não há placas";"20 km/h";"Dupla";"Não existe";"";""
"1997";2020-03-04;"22:27:00";"COM VÍTIMA";"FINALIZADA";"AFOGADOS";"RUA SAO MIGUEL";"176";"RUA JACIRA";"E/F AO DEPATRI";"AFOGADOS";NA;"SUBURBIO";"ABALROAMENTO LONGITUDINAL";1;"1";"0";"0";"0";"0";"0";"0";"0";"1";"0";"Cruzamento";"Bom";"Sem defeito";"Perfeito estado";"Seca";"Perfeito estado";"Faixa de pedestre";"";"";"Dupla";"Faixa seccionada";"";""
"1998";2020-03-05;"04:51:00";"SEM VÍTIMA";"FINALIZADA";"BOA VIAGEM";"RUA BRUNO VELOSO";"181";"AV CONSELHEIRO AGUIAR";"DROGASIL";"BOA VIAGEM";NA;"SUBURBIO";"COLISÃO TRASEIRA";2;"0";"0";"0";"0";"0";"0";"0";"0";"0";"0";"Longo da via";"Bom";"Sem defeito";"Perfeito estado";"Seca";"Perfeito estado";"Faixa de pedestre";"Outras";"";"Única";"Faixa seccionada";"";""
"1999";2020-03-05;"05:51:00";"SEM VÍTIMA";"FINALIZADA";"IMBIRIBEIRA";"RUA ARQUITETO LUIZ NUNES";"217";"RUA JULIO VERNE";"APÓS A PONTE GILBERTO FREYRE";"IMBIRIBEIRA";NA;"SUBURBIO";"COLISÃO TRASEIRA";2;"0";"0";"0";"0";"0";"0";"0";"0";"0";"0";"";"Bom";"Não existe";"Incompleta";"Seca";"Perfeito estado";"Não existe";"Outras";"40 km/h";"Única";"Faixa seccionada";"";""
"2000";2020-03-05;"06:09:00";"SEM VÍTIMA";"CANCELADA";"BOA VIAGEM";"AV ENGENHEIRO DOMINGOS FERREIRA";"";"";"EM FRENTE AO RESTAURANTE FAMILIA JULIANO";"BOA VIAGEM";NA;"";"COLISÃO";NA;"1";"0";"0";"0";"0";"1";"0";"0";"0";"0";"";"";"";"";"";"";"";"";"";"";"";"";""
"2001";2020-03-05;"07:22:00";"SEM VÍTIMA";"FINALIZADA";"IPUTINGA";"RUA SAO MATEUS";"223";"RUA DR GASTAO DA SILVEIRA";"";"IPUTINGA";NA;"SUBURBIO";"ABALROAMENTO LONGITUDINAL";1;"1";"0";"0";"0";"0";"0";"0";"0";"0";"0";"";"Bom";"Não existe";"Perfeito estado";"Seca";"Perfeito estado";"Não existe";"Outras";"";"Dupla";"Não existe";"";""
"2002";2020-03-05;"07:44:00";"SEM VÍTIMA";"FINALIZADA";"PINA";"RUA MANOEL DE BRITO";"311";"";"EM FRENTE FACULDADE IDE";"PINA";"659";"CIDADE";"COLISÃO TRASEIRA";2;"0";"0";"0";"0";"0";"0";"0";"0";"0";"0";"Longo da via";"Bom";"Sem defeito";"Perfeito estado";"Seca";"Perfeito estado";"Agente";"Não há placas";"60 km/h";"Única";"Faixa seccionada";"";""