"";"data";"hora";"natureza_acidente";"situacao";"bairro";"endereco";"numero";"detalhe_endereco_acidente";"complemento";"bairro_cruzamento";"num_semaforo";"sentido_via";"tipo";"auto";"moto";"ciclom";"ciclista";"pedestre";"onibus";"caminhao";"viatura";"outros";"vitimas";"vitimasfatais";"acidente_verificado";"tempo_clima";"situacao_semaforo";"sinalizacao";"condicao_via";"conservacao_via";"ponto_controle";"situacao_placa";"velocidade_max_via";"mao_direcao";"divisao_via1";"divisao_via2";"divisao_via3"
"2360";2020-03-23;"17:49:00";"COM VÍTIMA";"FINALIZADA";"CAMPO GRANDE";"EST DE BELEM";"415";"RUA VINTE E QUATRO DE JUNHO";"";"CAMPO GRANDE";NA;"CIDADE";"ABALROAMENTO TRANSVERSAL";1;"1";"0";"0";"0";"0";"0";"0";"0";"1";"0";"Esquina";"Bom";"Não existe";"Perfeito estado";"Seca";"Perfeito estado";"Não existe";"R-6a";"";"Dupla";"Faixa contínua";"Faixa seccionada";""
"2361";2020-03-23;"20:22:00";"COM VÍTIMA";"FINALIZADA";"BOA VIAGEM";"RUA DEZ DE JULHO";"210";"RUA CAMBOIM";"NA SAÍDA DA ESTAÇÃO AEROPORTO";"BOA VIAGEM";NA;"SUBURBIO";"ABALROAMENTO TRANSVERSAL";NA;"1";"0";"0";"0";"1";"0";"0";"0";"1";"0";"Cruzamento";"Bom";"Não existe";"Perfeito estado";"Seca";"Perfeito estado";"Não existe";"Placas Pare";"";"Única";"Faixa seccionada";"";""
"2362";2020-03-24;"01:02:00";"COM VÍTIMA";"FINALIZADA";"SANTO AMARO";"AV DR JAYME DA FONTE";"";"AV GOVERNADOR AGAMENON MAGALHAES";"PROX A CENTRAL DE FLAGRANTES";"SANTO AMARO";"49";"OLINDA";"ABALROAMENTO TRANSVERSAL";1;"1";"0";"0";"0";"0";"0";"0";"0";"1";"0";"Cruzamento";"Bom";"Sem defeito";"Perfeito estado";"Seca";"Perfeito estado";"Faixa de pedestre";"R-26";"60 km/h";"Dupla";"Faixa contínua";"";""
"2363";2020-03-24;"13:53:00";"SEM VÍTIMA";"FINALIZADA";"PINA";"RUA BARREIROS";"120";"";"USF PROF. JOÃO RODRIGUES";"PINA";NA;"CIDADE";"CHOQUE OBJETO FIXO";NA;"0";"0";"0";"0";"0";"0";"0";"1";"0";"0";"Longo da via";"Bom";"Não existe";"Não existente";"Seca";"Perfeito estado";"Não existe";"Não há placas";"";"Dupla";"Não existe";"";""
"2364";2020-03-24;"17:14:00";"COM VÍTIMA";"FINALIZADA";"TORRÕES";"RUA ONZE DE FEVEREIRO";"";"EST DO FORTE DO ARRAIAL N. DO B. JESUS";"EM FRENTE A LAVANDERIA";"TORRÕES";NA;"SUBURBIO";"ABALROAMENTO TRANSVERSAL";1;"1";"0";"0";"0";"0";"0";"0";"0";"1";"0";"Cruzamento";"Bom";"Não existe";"Ilegível";"Seca";"Perfeito estado";"Não existe";"Placas Pare";"";"Dupla";"Faixa contínua";"";""
"2365";2020-03-25;"08:15:00";"SEM VÍTIMA";"FINALIZADA";"VÁRZEA";"AV AFONSO OLINDENSE";"";"";"E/F A LOMBADA ELETRONICA";"VÁRZEA";NA;"";"CHOQUE OBJETO FIXO";1;"0";"0";"0";"0";"0";"0";"0";"0";"0";"0";"";"";"";"";"";"";"";"";"";"";"";"";""
"2366";2020-03-25;"13:14:00";"SEM VÍTIMA";"FINALIZADA";"BOA VIAGEM";"AV BOA VIAGEM";"1338";"";"EM FRENTE AO EDIFICIO MARIA DE LOURDES";"BOA VIAGEM";NA;"";"COLISÃO";1;"0";"0";"0";"0";"0";"1";"0";"0";"0";"0";"";"";"";"";"";"";"";"";"";"";"";"";""
"2367";2020-03-25;"13:57:00";"COM VÍTIMA";"FINALIZADA";"BOA VIAGEM";"AV CONSELHEIRO AGUIAR";"";"RUA FELIX DE BRITO E MELO";"NO SEMAFORO 546";"BOA VIAGEM";"546";"CIDADE";"ABALROAMENTO LONGITUDINAL";1;"1";"0";"0";"0";"0";"0";"0";"0";"1";"0";"Cruzamento";"Bom";"Sem defeito";"Perfeito estado";"Seca";"Perfeito estado";"Faixa de pedestre";"R-6a";"60 km/h";"Única";"Faixa seccionada";"";""
"2368";2020-03-25;"23:14:00";"SEM VÍTIMA";"FINALIZADA";"AFOGADOS";"RUA SAO MIGUEL";"1619";"";"";"AFOGADOS";NA;"SUBURBIO";"ABALROAMENTO LONGITUDINAL";1;"0";"0";"0";"0";"1";"0";"0";"0";"0";"0";"Longo da via";"Bom";"Não existe";"Não existente";"Seca";"Perfeito estado";"Não existe";"Não há placas";"";"Dupla";"Não existe";"";""
"2369";2020-03-26;"07:16:00";"COM VÍTIMA";"FINALIZADA";"BEBERIBE";"AV BEBERIBE";"3710";"RUA DALVA DE OLIVEIRA";"EM FRENTE A PADARIA PAM RAINHA";"BEBERIBE";NA;"";"ABALROAMENTO TRANSVERSAL";1;"2";"0";"0";"0";"0";"0";"0";"0";"1";"0";"Cruzamento";"Bom";"Sem defeito";"Perfeito estado";"Seca";"Perfeito estado";"Faixa de pedestre";"Outras";"60 km/h";"Dupla";"Faixa contínua";"";""
"2370";2020-03-26;"12:11:00";"COM VÍTIMA";"FINALIZADA";"IBURA";"AV DOIS RIOS";"";"";"SOB O VIADUTO DA BR 101";"IBURA";NA;"SUBURBIO";"ATROPELAMENTO";1;"0";"0";"0";"1";"0";"0";"0";"0";"1";"0";"Longo da via";"Bom";"Não existe";"Perfeito estado";"Seca";"Perfeito estado";"Não existe";"Não há placas";"";"Dupla";"Faixa contínua";"";""
"2371";2020-03-26;"15:01:00";"COM VÍTIMA";"FINALIZADA";"DOIS IRMÃOS";"RUA MANUEL DE MEDEIROS";"S/N";"";"E/F A ENTRADA DE ACESSO AO HOSPITAL VETERINÁRIO UFRPE (SENT. MACAXEIRA)";"DOIS IRMÃOS";NA;"CIDADE";"ATROPELAMENTO";NA;"0";"0";"0";"1";"1";"0";"0";"0";"1";"0";"Longo da via";"Bom";"Não existe";"Incompleta";"Seca";"Perfeito estado";"Não existe";"R-6a";"30 km/h";"Dupla";"Faixa seccionada";"";""
"2372";2020-03-26;"17:33:00";"COM VÍTIMA";"FINALIZADA";"CAMPO GRANDE";"AV PROFESSOR JOSE DOS ANJOS";"36";"";"CANAL DO ARRUDA";"CAMPO GRANDE";NA;"";"ATROPELAMENTO";1;"0";"0";"0";"1";"0";"0";"0";"0";"1";"0";"";"";"";"";"";"";"";"";"";"";"";"";""
"2373";2020-03-26;"20:29:00";"COM VÍTIMA";"FINALIZADA";"CORDEIRO";"AV MAURICIO DE NASSAU";"";"";"POR TRÁS DO PARQUE DE EXPOSIÇAO DO CORDEIRO- PROX DO GOE";"CORDEIRO";NA;"";"COLISÃO TRASEIRA";2;"0";"0";"0";"0";"0";"0";"0";"0";"1";"0";"Longo da via";"Bom";"Não existe";"Ilegível";"Seca";"Mal iluminada";"Não existe";"Não há placas";"";"Dupla";"Faixa contínua";"";""
"2374";2020-03-27;"07:02:00";"COM VÍTIMA";"CANCELADA";"ESPINHEIRO";"RUA CONS PORTELA";"678";"";"AO LADO DO COLEGIO ETEPAM";"ESPINHEIRO";NA;"";"COLISÃO";1;"1";"0";"0";"0";"0";"0";"0";"0";"1";"0";"";"";"";"";"";"";"";"";"";"";"";"";""
"2375";2020-03-27;"09:21:00";"COM VÍTIMA";"FINALIZADA";"TORREÃO";"VDO PRESIDENTE MEDICI";"";"";"EM CIMA DO VIADUTO";"TORREÃO";NA;"";"COLISÃO TRASEIRA";1;"1";"0";"0";"0";"0";"0";"0";"0";"1";"0";"Viaduto";"Bom";"Não existe";"Perfeito estado";"Seca";"Perfeito estado";"Não existe";"Não há placas";"";"Dupla";"Canteiro central";"";""
"2376";2020-03-27;"15:10:00";"COM VÍTIMA";"FINALIZADA";"ARRUDA";"RUA JOSE DE BARROS BEZERRA";"87";"";"EM FRENTE AO EDIFICIO FORTE DE SANTANA";"ARRUDA";NA;"CIDADE";"ABALROAMENTO TRANSVERSAL";1;"1";"0";"0";"0";"0";"0";"0";"0";"1";"0";"Longo da via";"Bom";"Não existe";"Perfeito estado";"Seca";"Perfeito estado";"Não existe";"Placas Pare";"";"Dupla";"Faixa seccionada";"";""
"2377";2020-03-27;"17:01:00";"SEM VÍTIMA";"FINALIZADA";"CASA AMARELA";"EST DO ARRAIAL";"2823";"";"ED. THORIS";"CASA AMARELA";NA;"SUBURBIO";"CHOQUE OBJETO FIXO";1;"0";"0";"0";"0";"0";"0";"0";"0";"0";"0";"Longo da via";"Bom";"Não existe";"Perfeito estado";"Seca";"Perfeito estado";"Não existe";"";"";"Única";"Faixa seccionada";"";""
"2378";2020-03-27;"20:23:00";"COM VÍTIMA";"FINALIZADA";"AFLITOS";"AV CONS ROSA E SILVA";"1205";"RUA TEIXEIRA PINTO";"Nº 1205";"AFLITOS";NA;"SUBURBIO";"COLISÃO TRASEIRA";NA;"2";"0";"0";"0";"0";"0";"0";"0";"1";"0";"Longo da via";"Chuvoso";"Não existe";"Perfeito estado";"Molhada";"Perfeito estado";"Não existe";"Não há placas";"";"Única";"Faixa seccionada";"";""
"2379";2020-03-29;"06:40:00";"SEM VÍTIMA";"FINALIZADA";"SANTO AMARO";"AV PREFEITO ARTUR LIMA CAVALCANTI";"";"";"AO LADO DO POSTO- DIGO- SEMÁFORO 243";"SANTO AMARO";NA;"SUBURBIO";"CHOQUE OBJETO FIXO";NA;"0";"0";"0";"0";"1";"0";"0";"0";"0";"0";"Longo da via";"Bom";"";"Perfeito estado";"";"Perfeito estado";"Não existe";"R-4a";"";"Única";"Canteiro central";"";""
"2380";2020-03-29;"15:58:00";"COM VÍTIMA";"FINALIZADA";"TORRE";"AV BEIRA RIO";"650";"";"EM FRENTE AO EDIFICIO PASARGADA";"TORRE";NA;"";"COLISÃO TRASEIRA";1;"1";"0";"0";"0";"0";"0";"0";"0";"1";"0";"Longo da via";"Chuvoso";"Não existe";"Perfeito estado";"Molhada";"Perfeito estado";"Não existe";"Não há placas";"";"Dupla";"Faixa seccionada";"";""
"2381";2020-03-29;"19:30:00";"COM VÍTIMA";"FINALIZADA";"CAMPO GRANDE";"AV PROFESSOR JOSE DOS ANJOS";"500";"RUA FARIAS NEVES";"POR CIMA DA PONTE QUE FICA ENTRE CAMPO GRANDE E CHÃO DE ESTRELAS";"CAMPO GRANDE";NA;"";"CHOQUE OBJETO FIXO";1;"1";"0";"0";"0";"0";"0";"0";"0";"2";"0";"Cruzamento";"Bom";"Não existe";"Perfeito estado";"Seca";"Perfeito estado";"Faixa de pedestre";"Não há placas";"";"Dupla";"Faixa contínua";"Canteiro central";"Blocos"
"2382";2020-03-29;"21:27:00";"COM VÍTIMA";"FINALIZADA";"GRAÇAS";"RUA CONFEDERACAO DO EQUADOR";"";"";"E/F A CASA DOS FRIOS";"GRAÇAS";NA;"ROSA E SILVA";"COLISÃO COM CICLISTA";1;"0";"0";"1";"0";"0";"0";"0";"0";"1";"0";"Longo da via";"Bom";"Não existe";"Perfeito estado";"Seca";"Perfeito estado";"Faixa de pedestre";"Não há placas";"";"Única";"Não existe";"";""
"2383";2020-03-30;"07:44:00";"COM VÍTIMA";"FINALIZADA";"SÃO JOSÉ";"RUA DA CONCORDIA";"351";"RUA TOBIAS BARRETO";"EM FRENTE A LOJA VENEZA MUSIC";"SÃO JOSÉ";NA;"";"ABALROAMENTO TRANSVERSAL";2;"0";"0";"0";"0";"0";"0";"0";"0";"1";"0";"Cruzamento";"Chuvoso";"Sem defeito";"Perfeito estado";"Seca";"Perfeito estado";"Não existe";"Outras";"";"Única";"Não existe";"";""
"2384";2020-03-30;"08:29:00";"COM VÍTIMA";"FINALIZADA";"MANGABEIRA";"EST VELHA DE AGUA FRIA";"";"AV PROFESSOR JOSE DOS ANJOS";"AO LADO DO DENOCS";"MANGABEIRA";"306";"SUBURBIO";"ABALROAMENTO LONGITUDINAL";NA;"2";"0";"0";"0";"0";"0";"0";"0";"1";"0";"Ponte";"Chuvoso";"Sem defeito";"Perfeito estado";"Seca";"Mal conservada";"Faixa de retenção";"Não há placas";"";"Dupla";"Faixa contínua";"";""
"2385";2020-03-30;"10:22:00";"SEM VÍTIMA";"FINALIZADA";"SÃO JOSÉ";"RUA DA CONCORDIA";"";"RUA TOBIAS BARRETO";"VENEZA MUSIC";"SÃO JOSÉ";NA;"";"ABALROAMENTO TRANSVERSAL";2;"0";"0";"0";"0";"0";"0";"0";"0";"0";"0";"Cruzamento";"Chuvoso";"Não existe";"Perfeito estado";"Molhada";"Perfeito estado";"Não existe";"R-6a";"";"";"Faixa seccionada";"";""
"2386";2020-03-30;"12:02:00";"SEM VÍTIMA";"FINALIZADA";"SÃO JOSÉ";"RUA IMPERIAL";"86";"RUA DO PEIXOTO";"SOB O SEMÁFORO 207";"SÃO JOSÉ";"207";"CIDADE";"ABALROAMENTO TRANSVERSAL";2;"0";"0";"0";"0";"0";"0";"0";"0";"0";"0";"Cruzamento";"Bom";"Sem defeito";"Perfeito estado";"Seca";"Perfeito estado";"Não existe";"Não há placas";"";"Única";"Não existe";"";""
"2387";2020-03-30;"13:18:00";"COM VÍTIMA";"FINALIZADA";"IBURA";"AV DOIS RIOS";"";"";"SUBIDA DA LADEIRA DA UR-1";"IBURA";NA;"SUBURBIO";"TOMBAMENTO";NA;"1";"0";"0";"0";"0";"0";"0";"0";"1";"0";"Longo da via";"Bom";"Sem defeito";"Perfeito estado";"Oleosa";"Perfeito estado";"Agente";"Não há placas";"";"Dupla";"Faixa contínua";"";""
"2388";2020-03-30;"14:23:00";"COM VÍTIMA";"FINALIZADA";"JAQUEIRA";"RUA DO FUTURO";"";"";"EM FRERNTE AO VERDE FRUT";"JAQUEIRA";NA;"";"CAPOTAMENTO";1;"0";"0";"0";"0";"0";"0";"0";"0";"1";"0";"";"";"";"";"";"";"";"";"";"";"";"";""
"2389";2020-03-30;"15:15:00";"COM VÍTIMA";"FINALIZADA";"PINA";"RUA JOSE MARIANO FILHO";"13";"";"E/F A ULTRA DISTRIBUIDORA";"PINA";NA;"";"ABALROAMENTO LONGITUDINAL";1;"1";"0";"0";"0";"0";"0";"0";"0";"1";"0";"Longo da via";"Bom";"Não existe";"Não existente";"Seca";"Perfeito estado";"Não existe";"Não há placas";"";"Dupla";"Não existe";"";""
"2390";2020-03-31;"04:24:00";"COM VÍTIMA";"FINALIZADA";"BOA VIAGEM";"AV BOA VIAGEM";"6636";"";"E/F AO EDF ALEXANDRINA - APÓS O CLUBE DE OFICIAIS DA AERONAUTICA";"BOA VIAGEM";NA;"CIDADE";"CHOQUE VEÍCULO PARADO";2;"0";"0";"0";"0";"0";"0";"0";"0";"1";"0";"Longo da via";"Chuvoso";"";"Perfeito estado";"Molhada";"Perfeito estado";"Não existe";"R-6b";"60 km/h";"Única";"Faixa seccionada";"";""
"2391";2020-03-31;"07:52:00";"SEM VÍTIMA";"FINALIZADA";"TORRÕES";"AV ENGENHEIRO ABDIAS DE CARVALHO";"";"";"RESTAURANTE KIYOI GALETOS";"TORRÕES";"375";"SUBURBIO";"COLISÃO TRASEIRA";3;"0";"0";"0";"0";"0";"0";"0";"0";"0";"0";"Longo da via";"Chuvoso";"Sem defeito";"Incompleta";"Molhada";"Perfeito estado";"Faixa de pedestre";"R-4b";"";"";"Faixa seccionada";"";""
"2392";2020-03-31;"11:17:00";"SEM VÍTIMA";"FINALIZADA";"BOA VIAGEM";"RUA VISCONDE DE JEQUITINHONHA";"";"RUA BALTAZAR PASSOS";"PISTA LOCAL LESTE";"BOA VIAGEM";"154";"SUBURBIO";"ABALROAMENTO LONGITUDINAL";2;"0";"0";"0";"0";"0";"0";"0";"0";"0";"0";"Cruzamento";"Chuvoso";"Sem defeito";"Perfeito estado";"Molhada";"Perfeito estado";"Faixa de pedestre";"Outras";"60 km/h";"Única";"Faixa contínua";"Canteiro central";""
"2393";2020-03-31;"16:00:00";"COM VÍTIMA";"FINALIZADA";"GRAÇAS";"RUA DR BANDEIRA FILHO";"66";"";"AO LADO DA MCDONALDS";"GRAÇAS";NA;"SUBURBIO";"ATROPELAMENTO";1;"0";"0";"0";"1";"0";"0";"0";"0";"1";"0";"Longo da via";"Bom";"Não existe";"Não existente";"Seca";"Perfeito estado";"Não existe";"Não há placas";"";"Única";"Faixa contínua";"Faixa seccionada";""
"2394";2020-03-31;"16:36:00";"COM VÍTIMA";"FINALIZADA";"TORRÕES";"EST DO FORTE DO ARRAIAL N. DO B. JESUS";"880";"TRV DO FORTE";"EM FRENTE AO EDIFICIO FORTE DO ARRAIAL";"TORRÕES";NA;"CIDADE";"ABALROAMENTO LONGITUDINAL";1;"1";"0";"0";"0";"0";"0";"0";"0";"1";"0";"Esquina";"Bom";"Não existe";"Perfeito estado";"Seca";"Perfeito estado";"Outros";"R-34";"40 km/h";"Dupla";"Faixa contínua";"";""
"2395";2020-03-31;"17:41:00";"COM VÍTIMA";"FINALIZADA";"IMBIRIBEIRA";"RUA ALLAN KARDEC";"";"RUA DR TAVARES CORREIA";"POR TRAS DO SAM´S";"IMBIRIBEIRA";NA;"";"ABALROAMENTO LONGITUDINAL";1;"1";"0";"0";"0";"0";"0";"0";"0";"1";"0";"Cruzamento";"Bom";"Não existe";"";"Seca";"Perfeito estado";"Outros";"Outras";"";"Dupla";"Não existe";"";""
"2396";2020-03-31;"21:19:00";"COM VÍTIMA";"FINALIZADA";"BOA VISTA";"AV CONDE DA BOA VISTA";"";"RUA DO HOSPICIO";"SNT CID / SEMÁFORO 023";"BOA VISTA";"23";"CIDADE";"CHOQUE OBJETO FIXO";NA;"0";"0";"0";"0";"0";"0";"1";"0";"1";"0";"Longo da via";"Chuvoso";"Sem defeito";"Perfeito estado";"Molhada";"Perfeito estado";"Faixa de pedestre";"Outras";"40 km/h";"Dupla";"Canteiro central";"";""
"2397";2020-03-31;"22:14:00";"SEM VÍTIMA";"FINALIZADA";"BOA VISTA";"PTE DUARTE COELHO";"";"";"";"BOA VISTA";NA;"";"ABALROAMENTO LONGITUDINAL";NA;"1";"0";"0";"0";"0";"0";"1";"0";"0";"0";"Ponte";"Bom";"Não existe";"Perfeito estado";"Seca";"Perfeito estado";"Não existe";"Não há placas";"";"Dupla";"Faixa contínua";"";""
"2398";2020-04-01;"14:25:00";"COM VÍTIMA";"FINALIZADA";"PARNAMIRIM";"RUA VIRGINIA LORETO";"";"RUA JOAO TUDE DE MELO";"E/F AO POSTO IPIRANGA";"PARNAMIRIM";"649";"CIDADE";"ABALROAMENTO TRANSVERSAL";1;"1";"0";"0";"0";"0";"0";"0";"0";"2";"0";"Esquina";"Bom";"Sem defeito";"Perfeito estado";"Seca";"Perfeito estado";"Não existe";"Não há placas";"40 km/h";"Única";"Faixa seccionada";"";""
"2399";2020-04-01;"19:08:00";"COM VÍTIMA";"FINALIZADA";"SANTO AMARO";"RUA DR CARLOS CHAGAS";"112";"RUA ALUISIO DE AZEVEDO";"EM FRENTE AO COLEGIO ÚNICO- AO LADO DA FARMACIA PAGUE MENOS";"SANTO AMARO";"649";"SUBURBIO";"ABALROAMENTO LONGITUDINAL";1;"1";"0";"0";"0";"0";"0";"0";"0";"1";"0";"Esquina";"Bom";"Não existe";"Incompleta";"Seca";"Mal iluminada";"Não existe";"Não há placas";"";"Única";"Não existe";"";""
"2400";2020-04-01;"21:51:00";"COM VÍTIMA";"FINALIZADA";"CABANGA";"AV SUL";"";"";"EM BAIXO DO VIADUTO CAPITÃO TEMUDO- NA FAIXA EXCLUSIVA DE ÔNIBUS. APÓS O SEMÁFORO 211";"CABANGA";"211";"CIDADE";"COLISÃO COM CICLISTA";NA;"0";"0";"1";"0";"1";"0";"0";"0";"1";"0";"Longo da via";"Bom";"Não existe";"Não existente";"Seca";"Perfeito estado";"Não existe";"Não há placas";"";"Dupla";"Não existe";"";""
"2401";2020-04-02;"08:34:00";"COM VÍTIMA";"FINALIZADA";"JORDÃO";"AV MARECHAL MASCARENHAS DE MORAES";"";"";"EM FRENTE A ANAC  NO SENTIDO  RECIFE";"JORDÃO";"626";"CIDADE";"COLISÃO TRASEIRA";2;"0";"0";"0";"0";"0";"0";"0";"0";"2";"0";"Longo da via";"Chuvoso";"Sem defeito";"Perfeito estado";"Seca";"Perfeito estado";"Faixa de pedestre";"Não há placas";"60 km/h";"Dupla";"Canteiro central";"";""
"2402";2020-04-02;"09:33:00";"COM VÍTIMA";"FINALIZADA";"ILHA JOANA BEZERRA";"AV BEIRA RIO";"";"";"AO LADO DO FORUM JOANA BEZERRA NO SENTIDO COELHOS";"ILHA JOANA BEZERRA";"38";"SUBURBIO";"ABALROAMENTO LONGITUDINAL";1;"1";"0";"0";"0";"0";"0";"0";"0";"1";"0";"Longo da via";"Bom";"Sem defeito";"Perfeito estado";"Seca";"Perfeito estado";"Não existe";"Não há placas";"";"Dupla";"Faixa contínua";"Faixa seccionada";""
"2403";2020-04-02;"12:50:00";"COM VÍTIMA";"FINALIZADA";"TORRE";"RUA SOUZA BANDEIRA";"483";"RUA MARQUES DE MARICA";"NO SEMAFORO 317. AO LADO DO NÚMERO 483.";"TORRE";"317";"CIDADE";"ABALROAMENTO TRANSVERSAL";1;"1";"0";"0";"0";"0";"0";"0";"0";"1";"0";"Cruzamento";"Chuvoso";"Sem defeito";"Perfeito estado";"Molhada";"Perfeito estado";"Faixa de pedestre";"R-6a";"30 km/h";"Dupla";"Faixa contínua";"Faixa seccionada";""
"2404";2020-04-02;"18:52:00";"COM VÍTIMA";"FINALIZADA";"CASA FORTE";"AV DEZESSETE DE AGOSTO";"1161";"RUA DO CHACON";"PRÓX A PRAÇA DE CASA FORTE E CPOR. DELTA EXPRESSO.";"CASA FORTE";NA;"CIDADE";"ABALROAMENTO LONGITUDINAL";1;"1";"0";"0";"0";"0";"0";"0";"0";"1";"0";"Longo da via";"Bom";"Não existe";"Perfeito estado";"Seca";"Perfeito estado";"";"Não há placas";"60 km/h";"Dupla";"Faixa";"";""
"2405";2020-04-02;"21:20:00";"SEM VÍTIMA";"CANCELADA";"PAISSANDU";"RUA HENRIQUE DIAS";"";"AV GOVERNADOR AGAMENON MAGALHAES";"PROX AO ANTIGO RESTAURANTE SPETTUS";"PAISSANDU";NA;"";"COLISÃO";1;"1";"0";"0";"0";"0";"0";"0";"0";"0";"0";"";"";"";"";"";"";"";"";"";"";"";"";""
"2406";2020-04-03;"02:18:00";"COM VÍTIMA";"FINALIZADA";"ÁGUA FRIA";"RUA DA REGENERACAO";"740";"RUA DAS MOCAS";"ANTIGA FÁBRICA DA COCA COLA";"ÁGUA FRIA";NA;"SUBURBIO";"COLISÃO FRONTAL";1;"0";"1";"0";"0";"0";"0";"0";"0";"1";"0";"Longo da via";"Chuvoso";"Não existe";"Perfeito estado";"Molhada";"Perfeito estado";"";"";"";"Dupla";"Não existe";"";""
"2407";2020-04-03;"12:50:00";"COM VÍTIMA";"FINALIZADA";"JAQUEIRA";"RUA DO FUTURO";"";"";"PROXIMO AO PARQUE DA JAQUEIRA EM FRENTE AO VERDE FRUT";"JAQUEIRA";NA;"SUBURBIO";"COLISÃO COM CICLISTA";1;"0";"0";"1";"0";"0";"0";"0";"0";"1";"0";"Longo da via";"Bom";"Não existe";"Perfeito estado";"Seca";"";"Não existe";"Outras";"40 km/h";"Única";"Não existe";"";""
"2408";2020-04-03;"13:41:00";"COM VÍTIMA";"FINALIZADA";"MADALENA";"AV BEIRA RIO";"109";"";"DEPOPIS DA ACADEMIA DA CIDADE. ESQUINA COM PONTE DA TORRE.";"MADALENA";"630";"SUBURBIO";"ABALROAMENTO TRANSVERSAL";1;"1";"0";"0";"0";"0";"0";"0";"0";"1";"0";"Cruzamento";"Bom";"Sem defeito";"Perfeito estado";"Seca";"Perfeito estado";"Não existe";"Outras";"";"Única";"Não existe";"";""
"2409";2020-04-03;"18:36:00";"COM VÍTIMA";"CANCELADA";"ÁGUA FRIA";"RUA BELO JARDIM";"337";"";"EM FRENTE AO DISTRIBUIDOR DE AÇAI- PROX DO MERCADINHO DE MARIO";"ÁGUA FRIA";NA;"";"COLISÃO";NA;"2";"0";"0";"0";"0";"0";"0";"0";"2";"0";"";"";"";"";"";"";"";"";"";"";"";"";""
"2410";2020-04-04;"08:28:00";"COM VÍTIMA";"FINALIZADA";"BOA VISTA";"RUA JOAO LIRA";"";"RUA DA SAUDADE";"PARQUE TREZE DE MAIO";"BOA VISTA";"308";"RUA DO HOSPÍCIO";"ABALROAMENTO TRANSVERSAL";NA;"2";"0";"0";"0";"1";"0";"0";"0";"1";"0";"Cruzamento";"Chuvoso";"Sem defeito";"Perfeito estado";"Seca";"Perfeito estado";"Outros";"Outras";"";"Única";"Faixa seccionada";"";""
"2411";2020-04-04;"13:03:00";"COM VÍTIMA";"FINALIZADA";"IMBIRIBEIRA";"PTE DO MOTOCOLOMBO";"";"";"AO LADO DO POSTE DE ILUMINAÇÃO BO 16896";"IMBIRIBEIRA";NA;"CIDADE";"ABALROAMENTO LONGITUDINAL";1;"1";"0";"0";"0";"0";"0";"0";"0";"1";"0";"Ponte";"Bom";"Não existe";"Incompleta";"Seca";"Perfeito estado";"Não existe";"Outras";"60 km/h";"Dupla";"Canteiro central";"";""
"2412";2020-04-14;"19:31:00";"COM VÍTIMA";"FINALIZADA";"AREIAS";"AV CAPITAO GREGORIO DE CALDAS";"";"AV RECIFE";"ENF AO BIG BOMPREÇO // SENTIDO BOA VIAGEM";"AREIAS";"494";"AEROPORTO";"COLISÃO TRASEIRA";1;"1";"0";"0";"0";"0";"0";"0";"0";"1";"0";"Longo da via";"Bom";"Sem defeito";"Perfeito estado";"Seca";"Perfeito estado";"";"";"";"Dupla";"Faixa seccionada";"";""
"2413";2020-04-15;"02:42:00";"COM VÍTIMA";"FINALIZADA";"BOA VIAGEM";"AV BOA VIAGEM";"1688";"";"2° JARDIM";"BOA VIAGEM";NA;"CIDADE";"COLISÃO COM CICLISTA";1;"0";"0";"1";"0";"0";"0";"0";"0";"2";"0";"Longo da via";"Bom";"Sem defeito";"Perfeito estado";"Seca";"Perfeito estado";"";"";"60 km/h";"Única";"Faixa seccionada";"";""
"2414";2020-04-15;"08:25:00";"SEM VÍTIMA";"FINALIZADA";"BOA VISTA";"RUA DA AURORA";"";"RUA PRINCESA IZABEL";"DELEGACIA DA POLÍCIA CIVIL";"BOA VISTA";"22";"";"ABALROAMENTO LONGITUDINAL";2;"0";"0";"0";"0";"0";"0";"0";"0";"0";"0";"Cruzamento";"Bom";"Sem defeito";"Perfeito estado";"Seca";"Perfeito estado";"Faixa de pedestre";"";"40 km/h";"";"";"";""
"2415";2020-04-15;"19:16:00";"COM VÍTIMA";"FINALIZADA";"PINA";"AV ENGENHEIRO DOMINGOS FERREIRA";"1183";"";"AO LADO DA ESCOLA ESTADUAL MENINO JESUS- PROX DA CLINICA DE ESPECIALIDADES MÉDICAS (CEM)-LADO ESQUERDO";"PINA";"324";"SUBURBIO";"ABALROAMENTO LONGITUDINAL";NA;"2";"0";"0";"0";"0";"0";"0";"0";"1";"0";"Longo da via";"Bom";"Sem defeito";"Perfeito estado";"Seca";"Perfeito estado";"Faixa de pedestre";"";"60 km/h";"Única";"Canteiro central";"";""