"";"data";"hora";"natureza_acidente";"situacao";"bairro";"endereco";"numero";"detalhe_endereco_acidente";"complemento";"bairro_cruzamento";"num_semaforo";"sentido_via";"tipo";"auto";"moto";"ciclom";"ciclista";"pedestre";"onibus";"caminhao";"viatura";"outros";"vitimas";"vitimasfatais";"acidente_verificado";"tempo_clima";"situacao_semaforo";"sinalizacao";"condicao_via";"conservacao_via";"ponto_controle";"situacao_placa";"velocidade_max_via";"mao_direcao";"divisao_via1";"divisao_via2";"divisao_via3"
"2416";2020-04-16;"06:52:00";"COM VÍTIMA";"FINALIZADA";"CASA AMARELA";"AV NORTE";"5237";"RUA DA HARMONIA";"EM FRENTE A FARMACIA PAGUE MENOS";"CASA AMARELA";"312";"CIDADE";"COLISÃO TRASEIRA";1;"1";"0";"0";"0";"0";"0";"0";"0";"1";"0";"Cruzamento";"Chuvoso";"Sem defeito";"Perfeito estado";"Molhada";"Perfeito estado";"Faixa de pedestre";"Não há placas";"";"Dupla";"Faixa seccionada";"";""
"2417";2020-04-16;"07:45:00";"COM VÍTIMA";"FINALIZADA";"DERBY";"RUA JENER DE SOUZA";"609";"RUA HENRIQUE DIAS";"EM FRENTE A FUNDAÇÃO JOAQUIM NABUCO";"DERBY";NA;"";"COLISÃO TRASEIRA";NA;"2";"0";"0";"0";"0";"0";"0";"0";"2";"0";"Cruzamento";"Chuvoso";"Não existe";"Perfeito estado";"Molhada";"Perfeito estado";"Agente";"R-26";"40 km/h";"Única";"Canteiro central";"";""
"2418";2020-04-16;"08:49:00";"COM VÍTIMA";"FINALIZADA";"DERBY";"AV GOVERNADOR AGAMENON MAGALHAES";"138";"";"FACEIMAGEM E PRÓXIMO DA PRAÇA DO DERBY";"DERBY";NA;"BOA VIAGEM";"TOMBAMENTO";NA;"1";"0";"0";"0";"0";"0";"0";"0";"1";"0";"Longo da via";"Chuvoso";"Não existe";"Perfeito estado";"Molhada";"Perfeito estado";"Outros";"Outras";"60 km/h";"Dupla";"Canteiro central";"";""
"2419";2020-04-16;"09:39:00";"COM VÍTIMA";"FINALIZADA";"ROSARINHO";"AV NORTE";"";"AV SANTOS DUMONT";"PRÓXIMO A PADARIA ROSARINHO. EM FRENTE AO EDIFÍCIO DAVID BECKER.";"ROSARINHO";"81";"CIDADE";"TOMBAMENTO";NA;"1";"0";"0";"0";"0";"0";"0";"0";"1";"0";"Longo da via";"Chuvoso";"Sem defeito";"Perfeito estado";"Molhada";"Perfeito estado";"Outros";"R-6a";"";"Dupla";"Faixa contínua";"Faixa seccionada";"Canteiro central"
"2420";2020-04-16;"09:49:00";"COM VÍTIMA";"FINALIZADA";"CASA AMARELA";"AV NORTE";"";"RUA DA HARMONIA";"EM FRENTE AO  BANCO  BRADESCO";"CASA AMARELA";"312";"CIDADE";"COLISÃO COM CICLISTA";1;"0";"0";"1";"0";"0";"0";"0";"0";"1";"0";"Cruzamento";"Chuvoso";"Sem defeito";"Perfeito estado";"Molhada";"Perfeito estado";"Faixa de pedestre";"Não há placas";"";"Dupla";"Faixa seccionada";"";""
"2421";2020-04-16;"10:13:00";"SEM VÍTIMA";"CANCELADA";"AFOGADOS";"RUA DA PAZ";"";"";"EM FRENTE AO BRADESCO";"AFOGADOS";NA;"";"COLISÃO";1;"0";"0";"0";"0";"1";"0";"0";"0";"0";"0";"";"";"";"";"";"";"";"";"";"";"";"";""
"2422";2020-04-16;"16:09:00";"COM VÍTIMA";"FINALIZADA";"SANTO ANTÔNIO";"AV DANTAS BARRETO";"512";"";"E/F AO BANCO SANTANDER AO LADO DA PRAÇA DO DIARIO";"SANTO ANTÔNIO";NA;"";"ATROPELAMENTO";NA;"0";"0";"0";"1";"1";"0";"0";"0";"1";"0";"Longo da via";"Chuvoso";"Não existe";"Ilegível";"Molhada";"Mal conservada";"Não existe";"Outras";"";"Única";"Canteiro central";"";""
"2423";2020-04-16;"18:51:00";"COM VÍTIMA";"FINALIZADA";"ILHA DO LEITE";"RUA GENERAL JOAQUIM INACIO";"4581";"AV GOVERNADOR AGAMENON MAGALHAES";"EM FRENTE AO BANCO ITAÚ";"ILHA DO LEITE";"69";"SUBURBIO";"COLISÃO TRASEIRA";1;"1";"0";"0";"0";"0";"0";"0";"0";"1";"0";"Longo da via";"Chuvoso";"Sem defeito";"Perfeito estado";"Molhada";"Perfeito estado";"Faixa de pedestre";"Não há placas";"40 km/h";"Única";"Faixa contínua";"";""
"2424";2020-04-17;"02:35:00";"COM VÍTIMA";"FINALIZADA";"SÃO JOSÉ";"AV SUL";"";"";"EM FRENTE AO GALPÃO DO GALO DA MADRUGADA";"SÃO JOSÉ";NA;"SUBURBIO";"COLISÃO FRONTAL";NA;"1";"0";"0";"0";"1";"0";"0";"0";"1";"0";"Longo da via";"Bom";"Não existe";"Incompleta";"Seca";"Mal iluminada";"Não existe";"Não há placas";"60 km/h";"Dupla";"Não existe";"";""
"2425";2020-04-17;"11:40:00";"COM VÍTIMA";"FINALIZADA";"TORREÃO";"AV NORTE";"";"RUA MARQUES DO PARANA";"CONCESSIONÁRIA NISSAN.";"TORREÃO";"56";"CIDADE";"COLISÃO TRASEIRA";1;"1";"0";"0";"0";"0";"0";"0";"0";"1";"0";"Longo da via";"Bom";"Sem defeito";"Perfeito estado";"Seca";"Perfeito estado";"Faixa de retenção";"R-26";"60 km/h";"Dupla";"Canteiro central";"";""
"2426";2020-04-17;"12:13:00";"COM VÍTIMA";"FINALIZADA";"IPUTINGA";"AV MAURICIO DE NASSAU";"438";"";"APOS A LOMBADA ELETRONICA. EM FRENTE A USF SKYLAB";"IPUTINGA";NA;"CIDADE";"TOMBAMENTO";NA;"1";"0";"0";"0";"0";"0";"0";"0";"1";"0";"Longo da via";"Bom";"Não existe";"Não existente";"Seca";"Mal conservada";"Não existe";"Não há placas";"";"Dupla";"Não existe";"";""
"2427";2020-04-17;"13:19:00";"SEM VÍTIMA";"FINALIZADA";"ENCRUZILHADA";"RUA VINTE E QUATRO DE JUNHO";"242";"RUA VISCONDE DE MAMANGUAPE";"EM FRENTE AO Nº 210";"ENCRUZILHADA";NA;"SUBURBIO";"ABALROAMENTO LONGITUDINAL";2;"0";"0";"0";"0";"0";"0";"0";"0";"0";"0";"";"Bom";"Não existe";"Perfeito estado";"Seca";"Perfeito estado";"Não existe";"Placas Pare";"";"Única";"Não existe";"";""
"2428";2020-04-17;"17:37:00";"COM VÍTIMA";"FINALIZADA";"GRAÇAS";"AV GOVERNADOR AGAMENON MAGALHAES";"";"RUA DR BANDEIRA FILHO";"E/F AO BOMPREÇO. SENTIDO OLINDA- FAIXA PRINCIPAL";"GRAÇAS";"173";"";"COLISÃO TRASEIRA";1;"1";"0";"0";"0";"0";"0";"0";"0";"1";"0";"Cruzamento";"Bom";"Sem defeito";"Perfeito estado";"Seca";"Perfeito estado";"Faixa de pedestre";"";"60 km/h";"Dupla";"Canal";"";""
"2429";2020-04-17;"18:44:00";"SEM VÍTIMA";"FINALIZADA";"LINHA DO TIRO";"RUA URIEL DE HOLANDA";"";"";"EM FRENTE A ESCOLA DE REFERÊNCIA PADRE NERCIO RODRIGUES";"LINHA DO TIRO";NA;"";"ABALROAMENTO LONGITUDINAL";1;"1";"0";"0";"0";"0";"0";"0";"0";"0";"0";"Longo da via";"Chuvoso";"Sem defeito";"Perfeito estado";"Molhada";"Mal conservada";"";"Não há placas";"40 km/h";"Dupla";"Faixa contínua";"";""
"2430";2020-04-17;"20:20:00";"SEM VÍTIMA";"FINALIZADA";"";"RUA DEZ DE JULHO";"481";"RUA CAMBOIM";"";"";NA;"SUBURBIO";"ABALROAMENTO LONGITUDINAL";2;"0";"0";"0";"0";"0";"0";"0";"0";"0";"0";"Cruzamento";"Bom";"Não existe";"Perfeito estado";"Seca";"Perfeito estado";"Não existe";"Placas Pare";"";"Dupla";"Faixa contínua";"";""
"2431";2020-04-18;"11:04:00";"SEM VÍTIMA";"FINALIZADA";"BOA VIAGEM";"AV ENGENHEIRO DOMINGOS FERREIRA";"";"RUA RIBEIRO DE BRITO";"";"BOA VIAGEM";"155";"SUBURBIO";"ABALROAMENTO TRANSVERSAL";2;"0";"0";"0";"0";"0";"0";"0";"0";"0";"0";"Cruzamento";"Bom";"Sem defeito";"Perfeito estado";"Seca";"Perfeito estado";"Faixa de pedestre";"Outras";"";"Dupla";"Canteiro central";"";""
"2432";2020-04-18;"12:29:00";"SEM VÍTIMA";"FINALIZADA";"SANTO AMARO";"RUA MARQUÊS DO POMBAL";"";"RUA PEDRO AFONSO";"AO LADO DO IML";"SANTO AMARO";NA;"";"COLISÃO FRONTAL";2;"0";"0";"0";"0";"0";"0";"0";"0";"0";"0";"Cruzamento";"Bom";"Não existe";"Perfeito estado";"Seca";"Perfeito estado";"Faixa de retenção";"Placas Pare";"30 km/h";"Dupla";"Faixa seccionada";"";""
"2433";2020-04-18;"13:33:00";"COM VÍTIMA";"FINALIZADA";"VÁRZEA";"AV PROFESSOR ARTUR DE SA";"1168";"";"NA RUA DO CEMITERIO DA VARZEA";"VÁRZEA";NA;"CIDADE";"ABALROAMENTO TRANSVERSAL";1;"1";"0";"0";"0";"0";"0";"0";"0";"1";"0";"Longo da via";"Bom";"Não existe";"Perfeito estado";"Seca";"Perfeito estado";"Não existe";"Não há placas";"";"Dupla";"Faixa contínua";"";""
"2434";2020-04-18;"18:52:00";"COM VÍTIMA";"FINALIZADA";"CAMPO GRANDE";"RUA ODORICO MENDES";"198";"RUA VISCONDE DE CAIRU";"PRÓX AO CLUBE DAS PÁS";"CAMPO GRANDE";NA;"CIDADE";"ABALROAMENTO TRANSVERSAL";1;"1";"0";"0";"0";"0";"0";"0";"0";"1";"0";"Cruzamento";"Bom";"Não existe";"Perfeito estado";"Seca";"Perfeito estado";"Não existe";"Outras";"";"Dupla";"Faixa seccionada";"";""
"2435";2020-04-19;"01:46:00";"SEM VÍTIMA";"FINALIZADA";"TORRE";"RUA JOSE BONIFACIO";"232";"";"POSTO IPIRANGA";"TORRE";"576";"SUBURBIO";"CHOQUE OBJETO FIXO";1;"0";"0";"0";"0";"0";"0";"0";"0";"0";"0";"Longo da via";"Bom";"Desligado";"Perfeito estado";"Seca";"Perfeito estado";"Faixa de pedestre";"Não há placas";"";"Única";"Faixa contínua";"";""
"2436";2020-04-19;"02:39:00";"COM VÍTIMA";"FINALIZADA";"ILHA DO RETIRO";"EST DOS REMEDIOS";"";"RUA TABAIARES";"PRÓXIMO A HYUNDAI";"ILHA DO RETIRO";"390";"SUBURBIO";"CAPOTAMENTO";4;"0";"0";"0";"0";"0";"0";"0";"0";"1";"0";"Longo da via";"Bom";"Intermitente";"Perfeito estado";"Seca";"Perfeito estado";"Faixa de pedestre";"Não há placas";"";"Única";"Faixa seccionada";"";""
"2437";2020-04-19;"06:40:00";"COM VÍTIMA";"FINALIZADA";"BOA VISTA";"AV GOVERNADOR AGAMENON MAGALHAES";"";"RUA DR LEOPOLDO LINS";"";"BOA VISTA";"78";"SUBURBIO";"ABALROAMENTO TRANSVERSAL";1;"1";"0";"0";"0";"0";"0";"0";"0";"1";"0";"Cruzamento";"Chuvoso";"Intermitente";"Perfeito estado";"Molhada";"Perfeito estado";"Faixa de pedestre";"Outras";"";"Única";"Canteiro central";"";""
"2438";2020-04-19;"08:08:00";"COM VÍTIMA";"FINALIZADA";"GRAÇAS";"AV RUI BARBOSA";"715";"";"EM FRENTE AO COLEGIO AGNES E PRÓXIMO A FARMÁCIA DROGASIL.";"GRAÇAS";"562";"CIDADE";"COLISÃO TRASEIRA";1;"1";"0";"0";"0";"0";"0";"0";"0";"1";"0";"Longo da via";"Chuvoso";"Sem defeito";"Perfeito estado";"Molhada";"Perfeito estado";"Faixa de pedestre";"Outras";"";"Única";"";"";""
"2439";2020-04-19;"10:54:00";"COM VÍTIMA";"FINALIZADA";"BOA VIAGEM";"AV ENGENHEIRO DOMINGOS FERREIRA";"";"RUA ERNESTO DE PAULA SANTOS";"EM FRENTE A DOM FERREIRA";"BOA VIAGEM";"217";"";"ABALROAMENTO TRANSVERSAL";2;"0";"0";"0";"0";"0";"0";"0";"0";"1";"0";"Cruzamento";"Bom";"Sem defeito";"Perfeito estado";"Seca";"Perfeito estado";"Outros";"Outras";"60 km/h";"Única";"Canteiro central";"";""
"2440";2020-04-19;"15:21:00";"COM VÍTIMA";"FINALIZADA";"JIQUIÁ";"RUA SAO MIGUEL";"2027";"";"HOTEL PREMIUM";"JIQUIÁ";NA;"SUBURBIO";"ABALROAMENTO TRANSVERSAL";1;"1";"0";"0";"0";"0";"0";"0";"0";"1";"0";"Longo da via";"Bom";"Não existe";"Perfeito estado";"Seca";"Perfeito estado";"Não existe";"Não há placas";"";"Dupla";"Faixa contínua";"";""
"2441";2020-04-19;"15:35:00";"COM VÍTIMA";"FINALIZADA";"ILHA DO RETIRO";"AV BEIRA RIO";"290";"";"PROXIMO AO CLUBE DO SPORT. LADO OPOSTO AO EDF. VILA BEIRA RIO.";"ILHA DO RETIRO";NA;"CIDADE";"COLISÃO TRASEIRA";1;"1";"0";"0";"0";"0";"0";"0";"0";"1";"0";"Longo da via";"Bom";"Não existe";"Perfeito estado";"Seca";"Perfeito estado";"Não existe";"Não há placas";"30 km/h";"Dupla";"Faixa contínua";"";""
"2442";2020-04-19;"19:06:00";"COM VÍTIMA";"FINALIZADA";"VASCO DA GAMA";"AV NORTE";"";"RUA PADRE LEMOS";"CRUZAMENTO C/A RUA VASCO DA GAMA - SENT CID/SUB";"VASCO DA GAMA";"66";"SUBURBIO";"ABALROAMENTO TRANSVERSAL";1;"1";"0";"0";"0";"0";"0";"0";"0";"1";"0";"Cruzamento";"Bom";"Sem defeito";"Perfeito estado";"Seca";"Perfeito estado";"Faixa de pedestre";"Outras";"";"Dupla";"Canteiro central";"";""
"2443";2020-04-20;"06:55:00";"COM VÍTIMA";"FINALIZADA";"CAMPO GRANDE";"RUA FARIAS NEVES";"878";"RUA FRANKLIN TAVORA";"EM FRENTE A MEDECOL";"CAMPO GRANDE";NA;"SUBURBIO";"ABALROAMENTO TRANSVERSAL";1;"0";"0";"0";"0";"1";"0";"0";"0";"1";"0";"Cruzamento";"Bom";"Não existe";"Ilegível";"Seca";"Perfeito estado";"Não existe";"Não há placas";"";"Dupla";"Não existe";"";""
"2444";2020-04-20;"08:40:00";"COM VÍTIMA";"FINALIZADA";"SANTO AMARO";"RUA DOS PALMARES";"48";"RUA AFONSO PENA";"ESTACIONAMENTO DO SUPERMERCADO RM EXPRESS";"SANTO AMARO";NA;"CIDADE";"ATROPELAMENTO";1;"0";"0";"0";"1";"0";"0";"0";"0";"1";"0";"Longo da via";"Bom";"";"";"Seca";"Perfeito estado";"";"";"";"Dupla";"Canteiro central";"";""
"2445";2020-04-20;"11:18:00";"SEM VÍTIMA";"CANCELADA";"IMBIRIBEIRA";"AV MARECHAL MASCARENHAS DE MORAES";"";"";"EM FRENTE AO AEROPORTO";"IMBIRIBEIRA";NA;"";"COLISÃO";NA;"0";"0";"0";"0";"0";"1";"0";"1";"0";"0";"";"";"";"";"";"";"";"";"";"";"";"";""
"2446";2020-04-20;"14:20:00";"COM VÍTIMA";"FINALIZADA";"IBURA";"AV DOM HELDER CAMARA";"";"";"AO LADO DA CASA DE BATERIAS";"IBURA";NA;"SUBURBIO";"CHOQUE OBJETO FIXO";1;"0";"0";"0";"0";"0";"0";"0";"0";"1";"0";"Longo da via";"Bom";"Sem defeito";"Perfeito estado";"Seca";"Perfeito estado";"Outros";"Outras";"";"Única";"Faixa";"";""
"2447";2020-04-21;"00:42:00";"SEM VÍTIMA";"FINALIZADA";"BREJO DA GUABIRABA";"AV VEREADOR OTACILIO AZEVEDO";"792";"";"LADO OPOSTO AO Nº 792";"BREJO DA GUABIRABA";NA;"SUBURBIO";"ABALROAMENTO LONGITUDINAL";1;"0";"0";"0";"0";"0";"1";"0";"0";"0";"0";"Longo da via";"Bom";"Não existe";"Não existente";"Seca";"Perfeito estado";"Não existe";"Não há placas";"";"Dupla";"Não existe";"";""
"2448";2020-04-21;"02:29:00";"SEM VÍTIMA";"FINALIZADA";"BOA VIAGEM";"RUA VISCONDE DE JEQUITINHONHA";"";"RUA BARAO DE SOUZA LEAO";"";"BOA VIAGEM";"129";"SUBURBIO";"CHOQUE OBJETO FIXO";1;"0";"0";"0";"0";"0";"0";"0";"0";"0";"0";"Cruzamento";"Bom";"Sem defeito";"Perfeito estado";"Seca";"Perfeito estado";"Não existe";"Não há placas";"";"Única";"Faixa seccionada";"";""
"2449";2020-04-21;"21:45:00";"SEM VÍTIMA";"CANCELADA";"CORDEIRO";"RUA QUATA";"49";"";"PROX DO PETSHOP REINO DOS BICHOS";"CORDEIRO";NA;"";"CHOQUE VEÍCULO PARADO";2;"0";"0";"0";"0";"0";"0";"0";"0";"0";"0";"";"";"";"";"";"";"";"";"";"";"";"";""
"2450";2020-04-22;"14:06:00";"SEM VÍTIMA";"FINALIZADA";"IPSEP";"AV RECIFE";"3033";"";"EM FRENTE AO Nº 3033";"IPSEP";NA;"";"COLISÃO FRONTAL";1;"1";"0";"0";"0";"0";"0";"0";"0";"0";"0";"Longo da via";"Chuvoso";"Não existe";"Perfeito estado";"Molhada";"Perfeito estado";"Não existe";"Não há placas";"";"Dupla";"Canteiro central";"";""
"2451";2020-04-22;"14:30:00";"COM VÍTIMA";"FINALIZADA";"BOA VISTA";"AV JOAO DE BARROS";"";"";"E/F AO CONSERVATORIO DE MUSICA";"BOA VISTA";NA;"";"COLISÃO";1;"1";"0";"0";"0";"0";"0";"0";"0";"1";"0";"";"";"";"";"";"";"";"";"";"";"";"";""
"2452";2020-04-22;"16:14:00";"SEM VÍTIMA";"FINALIZADA";"TORRÕES";"RUA ZUMBI DOS PALMARES";"720";"";"PIZZARIA FAMILIA PASSIRA";"TORRÕES";NA;"SUBURBIO";"ABALROAMENTO TRANSVERSAL";NA;"2";"0";"0";"0";"0";"0";"0";"0";"0";"0";"Longo da via";"Bom";"Não existe";"Não existente";"Seca";"Mal conservada";"Não existe";"Não há placas";"";"Dupla";"Não existe";"";""
"2453";2020-04-22;"22:34:00";"COM VÍTIMA";"CANCELADA";"BOA VIAGEM";"AV ENGENHEIRO DOMINGOS FERREIRA";"";"RUA BRUNO VELOSO";"SEMÁFORO 338 / E/RF A DROGASIL";"BOA VIAGEM";NA;"";"COLISÃO";1;"1";"0";"0";"0";"0";"0";"0";"0";"1";"0";"";"";"";"";"";"";"";"";"";"";"";"";""
"2454";2020-04-22;"23:40:00";"COM VÍTIMA";"FINALIZADA";"ILHA DO RETIRO";"AV ENGENHEIRO ABDIAS DE CARVALHO";"";"AV JOSE GONCALVES DE MEDEIROS";"ENF AO MC DONALD´S";"ILHA DO RETIRO";"355";"SUBURBIO";"COLISÃO FRONTAL";2;"0";"0";"0";"0";"0";"0";"0";"0";"1";"0";"Cruzamento";"Chuvoso";"Sem defeito";"Perfeito estado";"Seca";"Perfeito estado";"";"";"60 km/h";"Dupla";"Canteiro central";"";""
"2455";2020-04-23;"05:04:00";"SEM VÍTIMA";"FINALIZADA";"GRAÇAS";"AV RUI BARBOSA";"";"";"EM FRENTE DO MUSEU DO ESTADO";"GRAÇAS";NA;"CIDADE";"CHOQUE OBJETO FIXO";1;"0";"0";"0";"0";"0";"0";"0";"0";"0";"0";"Longo da via";"Chuvoso";"";"";"Seca";"Perfeito estado";"";"";"60 km/h";"Única";"";"";""
"2456";2020-04-23;"21:05:00";"COM VÍTIMA";"FINALIZADA";"IBURA";"RUA AFONSO CUNHA";"347";"";"PRÓX AO PSF DO ALTO DA BELA VISTA";"IBURA";NA;"SUBURBIO";"COLISÃO FRONTAL";NA;"2";"0";"0";"0";"0";"0";"0";"0";"1";"0";"Longo da via";"Bom";"Não existe";"Não existente";"Seca";"Perfeito estado";"";"Não há placas";"30 km/h";"Dupla";"Não existe";"";""
"2457";2020-04-23;"21:47:00";"VÍTIMA FATAL";"FINALIZADA";"BOA VIAGEM";"RUA ERNESTO DE PAULA SANTOS";"";"RUA AMALIA BERNARDINO DE SOUZA";"PRÓX A UNINASSAU. EM FRENTE AO POSTO BR.";"BOA VIAGEM";NA;"ORLA DE BOA VIAGEM";"ABALROAMENTO TRANSVERSAL";1;"1";"0";"0";"0";"0";"0";"0";"0";"1";"1";"Cruzamento";"Bom";"Não existe";"Não existente";"Seca";"Mal iluminada";"Não existe";"Não há placas";"";"Única";"Não existe";"";""
"2458";2020-04-24;"14:53:00";"COM VÍTIMA";"FINALIZADA";"AFOGADOS";"RUA MOTOCOLOMBO";"S/N";"LARGO DA PAZ";"EM FRENTE A POLICLINICA AGAMENON MAGALHÃES";"AFOGADOS";NA;"SUBURBIO";"TOMBAMENTO";NA;"1";"0";"0";"0";"0";"0";"0";"0";"1";"0";"Longo da via";"Chuvoso";"Não existe";"Perfeito estado";"Molhada";"Perfeito estado";"Faixa de pedestre";"Não há placas";"";"Única";"Outros";"";""
"2459";2020-04-24;"19:36:00";"COM VÍTIMA";"FINALIZADA";"BOA VIAGEM";"RUA DEZ DE JULHO";"115";"RUA CAMBOIM";"PROX Maison Christal Recepções";"BOA VIAGEM";NA;"SUBURBIO";"ABALROAMENTO TRANSVERSAL";1;"1";"0";"0";"0";"1";"0";"0";"0";"1";"0";"Cruzamento";"Chuvoso";"Não existe";"Perfeito estado";"Molhada";"Perfeito estado";"Não existe";"Placas Pare";"";"Única";"Faixa seccionada";"";""
"2460";2020-04-25;"07:45:00";"COM VÍTIMA";"FINALIZADA";"MACAXEIRA";"AV NORTE";"";"";"ULTIMA PARADA DE ONIBUS (Nº 110052) DA AV NORTE NO SENTIDO TERMINAL DA MACAXEIRA.";"MACAXEIRA";NA;"SUBURBIO";"COLISÃO TRASEIRA";NA;"1";"0";"0";"0";"1";"0";"0";"0";"1";"0";"Longo da via";"Bom";"Não existe";"Perfeito estado";"Seca";"Perfeito estado";"";"Outras";"";"Dupla";"Blocos";"";""
"2461";2020-04-25;"14:00:00";"COM VÍTIMA";"FINALIZADA";"ESTÂNCIA";"AV RECIFE";"271";"AV ESTANCIA";"PROX AO MAKRO";"ESTÂNCIA";NA;"BOA VIAGEM";"TOMBAMENTO";NA;"1";"0";"0";"0";"0";"0";"0";"0";"1";"0";"Longo da via";"Bom";"Não existe";"Perfeito estado";"Seca";"Perfeito estado";"Não existe";"Não há placas";"";"Dupla";"Faixa contínua";"Canteiro central";"Blocos"
"2462";2020-04-26;"00:04:00";"COM VÍTIMA";"CANCELADA";"AFOGADOS";"RUA SAO MIGUEL";"";"";"PROXIMO AO RESTAURANTE BODE DO NÔ E ENTRADA DA ESTAÇÃO MANGUEIRA DO METRÔ";"AFOGADOS";NA;"";"COLISÃO";1;"1";"0";"0";"0";"0";"0";"0";"0";"2";"0";"";"";"";"";"";"";"";"";"";"";"";"";""
"2463";2020-04-26;"06:29:00";"SEM VÍTIMA";"FINALIZADA";"ENCRUZILHADA";"AV JOAO DE BARROS";"1750";"RUA CONS PORTELA";"EM FRENTE A ESCOLA TECNICA ETEPAM";"ENCRUZILHADA";NA;"CIDADE";"CAPOTAMENTO";1;"0";"0";"0";"0";"0";"0";"0";"0";"0";"0";"Longo da via";"Chuvoso";"Não existe";"Perfeito estado";"Molhada";"Perfeito estado";"Faixa de pedestre";"Outras";"";"Única";"Faixa contínua";"Faixa seccionada";"Canteiro central"
"2464";2020-04-27;"07:30:00";"SEM VÍTIMA";"FINALIZADA";"DERBY";"AV GOVERNADOR AGAMENON MAGALHAES";"";"PRC DO DERBY";"EM FRENTE A PRAÇA DO DERBY";"DERBY";"75";"BOA VIAGEM";"COLISÃO";2;"0";"0";"0";"0";"0";"0";"0";"0";"0";"0";"Longo da via";"Chuvoso";"Sem defeito";"Perfeito estado";"Molhada";"Perfeito estado";"Agente";"Outras";"60 km/h";"Dupla";"Faixa seccionada";"";""
"2465";2020-04-27;"11:35:00";"COM VÍTIMA";"FINALIZADA";"BOA VIAGEM";"RUA DOS NAVEGANTES";"2083";"RUA PADRE BERNADINO PESSOA";"EM FRENTE A O RESTAURANTE ILHA DOS NAVEGANTES";"BOA VIAGEM";NA;"";"ABALROAMENTO TRANSVERSAL";2;"0";"0";"0";"0";"0";"0";"0";"0";"1";"0";"Cruzamento";"Chuvoso";"Não existe";"Perfeito estado";"Seca";"Perfeito estado";"";"Placas Pare";"";"Única";"Faixa seccionada";"";""
"2466";2020-04-27;"16:45:00";"SEM VÍTIMA";"FINALIZADA";"ENCRUZILHADA";"";"1861";"AV NORTE";"";"ENCRUZILHADA";NA;"SUB/CID";"ABALROAMENTO LONGITUDINAL";2;"0";"0";"0";"0";"0";"0";"0";"0";"0";"0";"Cruzamento";"Bom";"Sem defeito";"Perfeito estado";"Seca";"Perfeito estado";"Agente";"Placas Pare";"";"Única";"";"";""
"2467";2020-04-28;"08:31:00";"COM VÍTIMA";"FINALIZADA";"CIDADE UNIVERSITÁRIA";"AV PROFESSOR LUIZ FREIRE";"500";"";"EM FRENTE AO IFPE";"CIDADE UNIVERSITÁRIA";NA;"CIDADE";"TOMBAMENTO";NA;"1";"0";"0";"0";"0";"0";"0";"0";"1";"0";"Longo da via";"Bom";"Não existe";"Perfeito estado";"Seca";"Perfeito estado";"Não existe";"Outras";"40 km/h";"Dupla";"Faixa seccionada";"";""
"2468";2020-04-28;"08:40:00";"COM VÍTIMA";"FINALIZADA";"TORRE";"RUA CONDE DE IRAJA";"";"AV BEIRA RIO";"PROX A ACADEMIA DA CIDADE";"TORRE";"630";"SUBURBIO";"ABALROAMENTO TRANSVERSAL";1;"1";"0";"0";"0";"0";"0";"0";"0";"1";"0";"Cruzamento";"Bom";"Sem defeito";"Perfeito estado";"Seca";"Perfeito estado";"Faixa de retenção";"Placas Pare";"";"Dupla";"Faixa contínua";"";""
"2469";2020-04-28;"13:26:00";"COM VÍTIMA";"FINALIZADA";"MADALENA";"AV ENGENHEIRO ABDIAS DE CARVALHO";"";"";"EM FRENTE A ESTACIO/ SENTIDO BR";"MADALENA";"328";"SUBURBIO";"ABALROAMENTO LONGITUDINAL";NA;"1";"0";"0";"0";"0";"0";"0";"1";"2";"0";"Longo da via";"Bom";"Não existe";"Perfeito estado";"Seca";"Perfeito estado";"Não existe";"Outras";"60 km/h";"Dupla";"Canteiro central";"";""
"2470";2020-04-28;"13:32:00";"COM VÍTIMA";"FINALIZADA";"TAMARINEIRA";"RUA CONEGO BARATA";"811";"";"AO LADO DA FERREIRA COSTA.";"TAMARINEIRA";NA;"CIDADE";"COLISÃO TRASEIRA";1;"1";"0";"0";"0";"0";"0";"0";"0";"1";"0";"Longo da via";"Bom";"Não existe";"Perfeito estado";"Seca";"Perfeito estado";"";"R-6a";"";"Dupla";"Canteiro central";"";""
"2471";2020-04-29;"07:45:00";"COM VÍTIMA";"FINALIZADA";"BARRO";"AV DR JOSE RUFINO";"2337";"RUA CAPITAO PONCIANO";"EM FRENTE A PANIFICADORA TONY ALBUQUERQUE";"BARRO";NA;"CIDADE";"ABALROAMENTO TRANSVERSAL";1;"1";"0";"0";"0";"0";"0";"0";"0";"2";"0";"Longo da via";"Bom";"Não existe";"Perfeito estado";"Seca";"Perfeito estado";"Não existe";"R-6a";"";"Dupla";"Faixa contínua";"";""
"2472";2020-04-29;"11:14:00";"SEM VÍTIMA";"FINALIZADA";"BAIRRO DO RECIFE";"PTE BUARQUE DE MACEDO";"";"";"NO INICIO DA PONTE BUARQUE DE MACEDO";"BAIRRO DO RECIFE";NA;"SUBURBIO";"COLISÃO";1;"0";"0";"0";"0";"0";"0";"1";"0";"0";"0";"Cruzamento";"Bom";"Sem defeito";"Perfeito estado";"Seca";"Perfeito estado";"Faixa de pedestre";"Outras";"";"Única";"Faixa seccionada";"";""