"";"data";"hora";"natureza_acidente";"situacao";"bairro";"endereco";"numero";"detalhe_endereco_acidente";"complemento";"bairro_cruzamento";"num_semaforo";"sentido_via";"tipo";"auto";"moto";"ciclom";"ciclista";"pedestre";"onibus";"caminhao";"viatura";"outros";"vitimas";"vitimasfatais";"acidente_verificado";"tempo_clima";"situacao_semaforo";"sinalizacao";"condicao_via";"conservacao_via";"ponto_controle";"situacao_placa";"velocidade_max_via";"mao_direcao";"divisao_via1";"divisao_via2";"divisao_via3"
"2643";2020-06-07;"14:48:00";"SEM VÍTIMA";"FINALIZADA";"TAMARINEIRA";"RUA PADRE ROMA";"";"";"EM FRENTE AO HOSPITAL CORREIA PICANÇO";"TAMARINEIRA";NA;"";"COLISÃO";2;"0";"0";"0";"0";"0";"0";"0";"0";"0";"0";"Longo da via";"Nublado";"Não existe";"Perfeito estado";"Seca";"Perfeito estado";"Não existe";"R-6a";"N/I";"Dupla";"Faixa seccionada";"Canteiro central";""
"2644";2020-06-08;"08:19:00";"COM VÍTIMA";"FINALIZADA";"TORRE";"RUA PROFESSOR TRAJANO DE MENDONCA";"148";"RUA VITORIANO PALHARES";"ATACADO DOS PRESENTES.";"TORRE";NA;"CIDADE";"ABALROAMENTO TRANSVERSAL";1;"1";"0";"0";"0";"0";"0";"0";"0";"1";"0";"Longo da via";"Bom";"Não existe";"Perfeito estado";"Seca";"Perfeito estado";"Não existe";"Outras";"";"Única";"Faixa contínua";"Faixa seccionada";""
"2645";2020-06-08;"08:57:00";"SEM VÍTIMA";"CANCELADA";"AFOGADOS";"RUA SAO MIGUEL";"1470";"";"EM FRENTE AO ARMAZEM CORAL";"AFOGADOS";NA;"SUBURBIO";"COLISÃO";1;"1";"0";"0";"0";"0";"0";"0";"0";"0";"0";"";"";"";"";"";"";"";"";"";"";"";"";""
"2646";2020-06-08;"12:35:00";"SEM VÍTIMA";"FINALIZADA";"ÁGUA FRIA";"AV BEBERIBE";"1796";"";"EM FRENTE AO N 1796";"ÁGUA FRIA";NA;"CIDADE";"COLISÃO";2;"0";"0";"0";"0";"0";"0";"0";"0";"0";"0";"Esquina";"Bom";"Não existe";"Incompleta";"Seca";"Perfeito estado";"Não existe";"Outras";"N/I";"Dupla";"Não existe";"";""
"2647";2020-06-08;"14:48:00";"COM VÍTIMA";"FINALIZADA";"IBURA";"AV DOIS RIOS";"250";"";"SESI IBURA.";"IBURA";"561";"SUBURBIO";"COLISÃO TRASEIRA";5;"0";"0";"0";"0";"0";"0";"0";"0";"1";"0";"Longo da via";"Bom";"Sem defeito";"Perfeito estado";"Seca";"Perfeito estado";"Faixa de pedestre";"R-6a";"";"Dupla";"Faixa contínua";"";""
"2648";2020-06-08;"18:02:00";"COM VÍTIMA";"FINALIZADA";"SANTO AMARO";"AV CRUZ CABUGA";"1065";"AV DR JAYME DA FONTE";"EM FRENTE AO N 1065 E AO LADO DO (D E R)";"SANTO AMARO";"343";"SUBURBIO";"COLISÃO COM CICLISTA";NA;"0";"0";"1";"0";"1";"0";"0";"0";"1";"0";"Cruzamento";"Bom";"Sem defeito";"Perfeito estado";"Seca";"Perfeito estado";"Faixa de pedestre";"Outras";"";"Dupla";"";"";""
"2649";2020-06-08;"18:29:00";"COM VÍTIMA";"FINALIZADA";"ENCRUZILHADA";"AV NORTE";"2390";"AV JOAO DE BARROS";"EM FRENTE AO N 2390. BANCO SANTANDER";"ENCRUZILHADA";"43";"CIDADE";"COLISÃO TRASEIRA";1;"1";"0";"0";"0";"0";"0";"0";"0";"1";"0";"Longo da via";"Bom";"Sem defeito";"Perfeito estado";"Seca";"Perfeito estado";"Faixa de pedestre";"Não há placas";"60 km/h";"Dupla";"Canteiro central";"";""
"2650";2020-06-08;"18:32:00";"COM VÍTIMA";"FINALIZADA";"CASA FORTE";"PRC DE CASA FORTE";"";"RUA VISCONDE DE OURO PRETO";"";"CASA FORTE";NA;"SUBURBIO";"ATROPELAMENTO";NA;"1";"0";"0";"1";"0";"0";"0";"0";"1";"0";"Esquina";"Bom";"Não existe";"Perfeito estado";"Seca";"Perfeito estado";"Não existe";"Outras";"";"Dupla";"Não existe";"";""
"2651";2020-06-09;"10:38:00";"COM VÍTIMA";"FINALIZADA";"MACAXEIRA";"AV NORTE";"";"RUA TIJUCAL";"LADO OPOSTO AO PARQUE DA MACAXEIRA. TAMBÉM PRÓXIMO A UMA ESCOLA TÉCNICA (CONFORME SOLICITANTE). MEGA ÓLEO CENTER CAR.";"MACAXEIRA";"451";"SUBURBIO";"ABALROAMENTO TRANSVERSAL";NA;"1";"0";"0";"0";"0";"1";"0";"0";"1";"0";"Cruzamento";"Bom";"Sem defeito";"Perfeito estado";"Seca";"Perfeito estado";"Faixa de pedestre";"R-6a";"";"Dupla";"Canteiro central";"";""
"2652";2020-06-09;"13:23:00";"COM VÍTIMA";"FINALIZADA";"BOA VISTA";"AV CONDE DA BOA VISTA";"1317";"RUA GONCALVES MAIA";"";"BOA VISTA";"299";"CIDADE";"CHOQUE OBJETO FIXO";1;"0";"0";"0";"0";"0";"0";"0";"0";"2";"0";"Cruzamento";"Bom";"Sem defeito";"Perfeito estado";"Seca";"Perfeito estado";"Faixa de pedestre";"R-6c";"";"Dupla";"Canteiro central";"";""
"2653";2020-06-09;"13:04:00";"COM VÍTIMA";"FINALIZADA";"IMBIRIBEIRA";"AV MARECHAL MASCARENHAS DE MORAES";"570";"RUA ARQUITETO FERNANDO ALMEIDA";"AO LADO DO ARMAZEM CORAL";"IMBIRIBEIRA";"286";"SUBURBIO";"CHOQUE VEÍCULO PARADO";3;"0";"0";"0";"0";"0";"0";"0";"0";"1";"0";"Longo da via";"Chuvoso";"Sem defeito";"Perfeito estado";"Molhada";"Perfeito estado";"Faixa de retenção";"Outras";"";"Única";"Não existe";"";""
"2654";2020-06-09;"13:21:00";"COM VÍTIMA";"FINALIZADA";"ESTÂNCIA";"RUA MORAIS E SILVA";"548";"AV DR JOSE RUFINO";"PROXIMO A IGREJA SANTA LUZIA";"ESTÂNCIA";NA;"SUBURBIO";"COLISÃO FRONTAL";NA;"1";"0";"0";"0";"1";"0";"0";"0";"2";"0";"Esquina";"Bom";"Não existe";"Não existente";"Seca";"Perfeito estado";"Não existe";"Não há placas";"";"Dupla";"Faixa contínua";"";""
"2655";2020-06-09;"14:19:00";"COM VÍTIMA";"FINALIZADA";"SANTO AMARO";"AV NORTE";"803";"RUA DO POMBAL";"";"SANTO AMARO";NA;"CIDADE";"ABALROAMENTO LONGITUDINAL";NA;"2";"0";"0";"0";"0";"0";"0";"0";"2";"0";"Esquina";"Bom";"Não existe";"Perfeito estado";"Seca";"Perfeito estado";"";"";"";"Dupla";"Canteiro central";"";""
"2656";2020-06-09;"14:56:00";"SEM VÍTIMA";"FINALIZADA";"SAN MARTIN";"RUA VINTE E UM DE ABRIL";"2009";"";"EM FRENTE COPERGÁS E JOEL DA BEBIDA";"SAN MARTIN";NA;"SUBURBIO";"COLISÃO TRASEIRA";2;"0";"0";"0";"0";"0";"0";"0";"0";"0";"0";"Longo da via";"Bom";"Não existe";"Perfeito estado";"Seca";"Perfeito estado";"Não existe";"Não há placas";"";"Dupla";"Não existe";"";""
"2657";2020-06-09;"15:27:00";"COM VÍTIMA";"FINALIZADA";"CAMPO GRANDE";"EST DE BELEM";"121";"RUA ODORICO MENDES";"";"CAMPO GRANDE";"26";"";"ATROPELAMENTO";1;"0";"0";"0";"1";"0";"0";"0";"0";"1";"0";"Longo da via";"Bom";"Com defeito";"Perfeito estado";"Seca";"Perfeito estado";"Faixa de pedestre";"";"";"Dupla";"Faixa contínua";"";""
"2658";2020-06-09;"16:09:00";"SEM VÍTIMA";"FINALIZADA";"MADALENA";"RUA JOSE OSORIO";"";"AV BEIRA RIO";"PONTE CAPUNGA";"MADALENA";"387";"SUBURBIO";"COLISÃO";1;"0";"0";"0";"0";"0";"0";"1";"0";"0";"0";"Ponte";"Bom";"Sem defeito";"Perfeito estado";"Seca";"Perfeito estado";"Faixa de pedestre";"Outras";"";"Dupla";"Faixa contínua";"";""
"2659";2020-06-09;"17:56:00";"COM VÍTIMA";"CANCELADA";"SÃO JOSÉ";"AV DANTAS BARRETO";"";"";"TERMINAL DA 1002";"SÃO JOSÉ";NA;"";"COLISÃO";1;"0";"0";"0";"0";"1";"0";"0";"0";"1";"0";"";"";"";"";"";"";"";"";"";"";"";"";""
"2660";2020-06-10;"06:58:00";"COM VÍTIMA";"FINALIZADA";"IBURA";"AV DOM HELDER CAMARA";"400";"";"Em frente ao comercial Fama";"IBURA";NA;"CIDADE";"ATROPELAMENTO";1;"0";"0";"0";"1";"0";"0";"0";"0";"1";"0";"Longo da via";"Chuvoso";"Sem defeito";"Incompleta";"Molhada";"Mal conservada";"Não existe";"Não há placas";"";"Dupla";"Canteiro central";"";""
"2661";2020-06-10;"07:45:00";"COM VÍTIMA";"FINALIZADA";"SANTO AMARO";"AV NORTE";"";"";"PONTE LIMOEIRO";"SANTO AMARO";"243";"CIDADE";"ACID. DE PERCURSO";NA;"1";"0";"0";"0";"0";"0";"0";"0";"1";"0";"Longo da via";"Chuvoso";"Sem defeito";"Perfeito estado";"Molhada";"Perfeito estado";"Faixa de pedestre";"R-6a";"";"Dupla";"Canteiro central";"";""
"2662";2020-06-10;"09:55:00";"COM VÍTIMA";"FINALIZADA";"NOVA DESCOBERTA";"RUA NOVA DESCOBERTA";"52";"";"Proximo semafóroro nº 065";"NOVA DESCOBERTA";NA;"CIDADE";"ABALROAMENTO LONGITUDINAL";NA;"1";"0";"0";"0";"1";"0";"0";"0";"1";"0";"Longo da via";"Bom";"Sem defeito";"Perfeito estado";"Seca";"Perfeito estado";"";"Outras";"";"Dupla";"Faixa seccionada";"";""
"2663";2020-06-10;"12:47:00";"COM VÍTIMA";"FINALIZADA";"BEBERIBE";"AV BEBERIBE";"3607";"";"Em frente ao Sest/ Senat";"BEBERIBE";"517";"";"COLISÃO COM CICLISTA";1;"0";"0";"1";"0";"0";"0";"0";"0";"1";"0";"Longo da via";"Bom";"Sem defeito";"Perfeito estado";"Seca";"Perfeito estado";"";"R-6a";"";"Dupla";"Faixa contínua";"";""
"2664";2020-06-10;"18:22:00";"COM VÍTIMA";"FINALIZADA";"GRAÇAS";"AV RUI BARBOSA";"";"RUA AMELIA";"POSTO SHELL";"GRAÇAS";"48";"CIDADE";"ABALROAMENTO TRANSVERSAL";1;"1";"0";"0";"0";"0";"0";"0";"0";"1";"0";"Cruzamento";"Bom";"Sem defeito";"Perfeito estado";"Seca";"Perfeito estado";"Faixa de pedestre";"Outras";"";"Única";"";"";""
"2665";2020-06-10;"19:56:00";"SEM VÍTIMA";"FINALIZADA";"CORDEIRO";"AV CAXANGA";"";"";"EM FRENTE A ESTAÇÃO DO BRT PROXIMO AO GETÚLIO VARGAS";"CORDEIRO";NA;"SUBURBIO";"COLISÃO";2;"0";"0";"0";"0";"0";"0";"0";"0";"0";"0";"Longo da via";"Chuvoso";"Sem defeito";"Perfeito estado";"Molhada";"Perfeito estado";"Faixa de pedestre";"Não há placas";"60km";"Dupla";"Canteiro central";"";""
"2666";2020-06-10;"20:46:00";"SEM VÍTIMA";"FINALIZADA";"CORDEIRO";"AV MAURICIO DE NASSAU";"";"";"PROXIMO A LOMBADA ELETRONICO";"CORDEIRO";NA;"SUBURBIO";"COLISÃO FRONTAL";2;"0";"0";"0";"0";"0";"0";"0";"0";"0";"0";"Longo da via";"Chuvoso";"Não existe";"Perfeito estado";"Molhada";"Mal iluminada";"Não existe";"Não há placas";"";"Dupla";"Faixa contínua";"";""
"2667";2020-06-11;"06:15:00";"SEM VÍTIMA";"FINALIZADA";"ESPINHEIRO";"RUA CONS PORTELA";"";"RUA QUARENTA E OITO";"";"ESPINHEIRO";"11";"CIDADE";"COLISÃO";1;"0";"0";"0";"0";"1";"0";"0";"0";"0";"0";"Cruzamento";"Bom";"Sem defeito";"Perfeito estado";"Seca";"Perfeito estado";"Faixa de pedestre";"Outras";"";"Única";"Faixa contínua";"";""
"2668";2020-06-11;"10:10:00";"COM VÍTIMA";"FINALIZADA";"AREIAS";"RUA SAO MIGUEL";"685";"";"EM FRENTE A OFICINA AUTO PEÇAS. IGREJA BATISTA DE AFOGADOS";"AREIAS";"394";"SUBURBIO";"ABALROAMENTO LONGITUDINAL";1;"1";"0";"0";"0";"0";"0";"0";"0";"1";"0";"Longo da via";"Bom";"Sem defeito";"Perfeito estado";"Seca";"Perfeito estado";"Não existe";"Não há placas";"";"Dupla";"Faixa contínua";"";""
"2669";2020-06-11;"11:15:00";"VÍTIMA FATAL";"FINALIZADA";"CAXANGÁ";"RUA GREGORIO JUNIOR";"";"AV CAXANGA";"";"CAXANGÁ";"236";"CIDADE";"ATROPELAMENTO";1;"1";"0";"0";"1";"0";"0";"0";"0";"2";"1";"Longo da via";"Nublado";"Sem defeito";"Perfeito estado";"Seca";"";"Faixa de pedestre";"Outras";"";"Única";"Canteiro central";"";""
"2670";2020-06-11;"11:23:00";"COM VÍTIMA";"FINALIZADA";"TORRE";"RUA CANTORA CLARA NUNES";"";"RUA SOUZA BANDEIRA";"ANTIGO POSTO DE SAÚDE ENTREA UPINHA EMOCI CRAUZE E O DISTRITO SANITÁRIO 4- RUA QUE DÁ ACESSO A COMUNIDADE DE SANTA LUZIA";"TORRE";NA;"CIDADE";"ABALROAMENTO TRANSVERSAL";1;"1";"0";"0";"0";"0";"0";"0";"0";"1";"0";"Cruzamento";"Bom";"Não existe";"Não existente";"Seca";"Perfeito estado";"Não existe";"Não há placas";"";"Dupla";"Não existe";"";""
"2671";2020-06-11;"18:57:00";"SEM VÍTIMA";"FINALIZADA";"CORDEIRO";"AV CAXANGA";"";"";"PRÓXIMO AO SUPERMECADO STYLUS E DA IGREJA CATOLICA - SENTIDO CAMARAGIBE";"CORDEIRO";NA;"SUBURBIO";"COLISÃO";2;"0";"0";"0";"0";"0";"0";"0";"0";"0";"0";"Longo da via";"Bom";"Não existe";"Perfeito estado";"Seca";"Perfeito estado";"Não existe";"Não há placas";"n/i";"Única";"Faixa seccionada";"Canteiro central";""
"2672";2020-06-12;"00:10:00";"COM VÍTIMA";"FINALIZADA";"CORDEIRO";"AV CAXANGA";"1814";"";"SUPERMERCADO SOBERANO. JACARÉ VEÍCULOS";"CORDEIRO";NA;"SUBURBIO";"COLISÃO FRONTAL";NA;"1";"0";"0";"0";"0";"1";"0";"0";"1";"0";"Longo da via";"Chuvoso";"Não existe";"Perfeito estado";"Molhada";"Perfeito estado";"Não existe";"Outras";"";"Dupla";"Canteiro central";"";""
"2673";2020-06-12;"10:01:00";"COM VÍTIMA";"FINALIZADA";"CORDEIRO";"AV CAXANGA";"833";"RUA CARATINGA";"EM FRENTE A WILL MOTOS RECIFE";"CORDEIRO";NA;"CIDADE";"ABALROAMENTO LONGITUDINAL";1;"1";"0";"0";"0";"0";"0";"0";"0";"2";"0";"Esquina";"Bom";"Sem defeito";"Perfeito estado";"Seca";"Perfeito estado";"Faixa de pedestre";"";"";"Dupla";"Faixa contínua";"Faixa seccionada";"Canteiro central"
"2674";2020-06-12;"12:44:00";"COM VÍTIMA";"FINALIZADA";"JIQUIÁ";"RUA SAO MIGUEL";"1850";"";"EM FRENTE DA DISTRIBUIDORA RENASCER";"JIQUIÁ";NA;"CIDADE";"ABALROAMENTO TRANSVERSAL";1;"2";"0";"0";"0";"0";"0";"0";"0";"1";"0";"Longo da via";"Bom";"";"Perfeito estado";"Seca";"Perfeito estado";"Não existe";"Não há placas";"";"Dupla";"Faixa contínua";"";""
"2675";2020-06-12;"14:48:00";"COM VÍTIMA";"FINALIZADA";"APIPUCOS";"AV DEZESSETE DE AGOSTO";"";"RUA GOVERNADOR SEABRA";"";"APIPUCOS";NA;"SUBURBIO";"ABALROAMENTO LONGITUDINAL";1;"1";"0";"0";"0";"0";"0";"0";"0";"2";"0";"Longo da via";"Bom";"Não existe";"Perfeito estado";"Seca";"Perfeito estado";"Não existe";"R-6a";"";"Dupla";"Faixa seccionada";"";""
"2676";2020-06-12;"19:19:00";"COM VÍTIMA";"CANCELADA";"CORDEIRO";"RUA N S DA SAUDE";"";"";"PROXIMO AO TERMINAL DO ONIBUS DA TORRE";"CORDEIRO";NA;"";"COLISÃO";2;"0";"0";"0";"0";"0";"0";"0";"0";"1";"0";"";"";"";"";"";"";"";"";"";"";"";"";""
"2677";2020-06-12;"20:45:00";"COM VÍTIMA";"FINALIZADA";"BOA VIAGEM";"RUA VISCONDE DE JEQUITINHONHA";"";"RUA BALTAZAR PASSOS";"COM A RUA BALTHAZR PASSOS";"BOA VIAGEM";"154";"CIDADE";"ABALROAMENTO TRANSVERSAL";1;"1";"0";"0";"0";"0";"0";"0";"0";"1";"0";"Cruzamento";"Bom";"Sem defeito";"Perfeito estado";"Seca";"Perfeito estado";"Faixa de pedestre";"";"";"Única";"";"";""
"2678";2020-06-13;"23:31:00";"COM VÍTIMA";"FINALIZADA";"MADALENA";"RUA REAL DA TORRE";"660";"RUA DOM JOAO DE SOUZA";"PPRÓXIMO AO MERCADO DA MADALENA";"MADALENA";NA;"SUBURBIO";"ABALROAMENTO TRANSVERSAL";1;"1";"0";"0";"0";"0";"0";"0";"0";"1";"0";"Esquina";"Chuvoso";"Não existe";"";"Molhada";"Perfeito estado";"";"Placas Pare";"";"";"";"";""
"2679";2020-06-14;"08:21:00";"COM VÍTIMA";"FINALIZADA";"CABANGA";"PTE GOVERNADOR PAULO GUERRA";"";"";"AO LADO DA ESTAÇÃO DA COMPESA";"CABANGA";NA;"SUBURBIO";"TOMBAMENTO";NA;"1";"0";"0";"0";"0";"0";"0";"0";"1";"0";"Longo da via";"Chuvoso";"Não existe";"Perfeito estado";"Molhada";"Perfeito estado";"Não existe";"Não há placas";"";"Única";"Faixa seccionada";"";""
"2680";2020-06-14;"11:24:00";"COM VÍTIMA";"CANCELADA";"TEJIPIÓ";"AV DR JOSE RUFINO";"";"";"PROX. AO ARMAZÉM CORAL";"TEJIPIÓ";NA;"";"COLISÃO COM CICLISTA";NA;"1";"0";"1";"0";"0";"0";"0";"0";"3";"0";"";"";"";"";"";"";"";"";"";"";"";"";""
"2681";2020-06-14;"19:56:00";"COM VÍTIMA";"FINALIZADA";"MADALENA";"RUA JOSE OSORIO";"414";"";"PROXIMO AO MERCADO DA MADALENA . POSTO PETROBRAS";"MADALENA";NA;"SUBURBIO";"CHOQUE VEÍCULO PARADO";1;"1";"0";"0";"0";"0";"0";"0";"0";"1";"0";"Longo da via";"Chuvoso";"Sem defeito";"Perfeito estado";"Molhada";"Perfeito estado";"Não existe";"Não há placas";"60 km/h";"Única";"Não existe";"";""
"2682";2020-06-15;"09:56:00";"SEM VÍTIMA";"FINALIZADA";"MUSTARDINHA";"AV MANOEL GONCALVES DA LUZ";"";"";"AO LADO PRAÇA MUSTARDINHA";"MUSTARDINHA";NA;"SUBURBIO";"COLISÃO";2;"0";"0";"0";"0";"0";"0";"0";"0";"0";"0";"Cruzamento";"Bom";"Não existe";"Perfeito estado";"Seca";"Perfeito estado";"Faixa de pedestre";"Outras";"N/I";"Dupla";"Faixa contínua";"";""
"2683";2020-06-15;"10:43:00";"SEM VÍTIMA";"FINALIZADA";"SÍTIO DOS PINTOS";"RUA VEREADOR PETRUS CAMARA";"65";"";"CAMPO SÍTIO DOS PINTOS";"SÍTIO DOS PINTOS";NA;"CIDADE";"COLISÃO";NA;"0";"0";"0";"0";"0";"0";"1";"1";"0";"0";"Longo da via";"Chuvoso";"Não existe";"Não existente";"Molhada";"Outros";"Não existe";"Não há placas";"N/I";"Dupla";"Não existe";"";""
"2684";2020-06-15;"15:42:00";"SEM VÍTIMA";"FINALIZADA";"SÃO JOSÉ";"AV N S DO CARMO";"";"RUA IMPERADOR PEDRO SEGUNDO";"";"SÃO JOSÉ";NA;"";"COLISÃO";2;"0";"0";"0";"0";"0";"0";"0";"0";"0";"0";"Cruzamento";"Chuvoso";"Sem defeito";"Perfeito estado";"Molhada";"Perfeito estado";"Faixa de pedestre";"Não há placas";"N/I";"Dupla";"Faixa contínua";"";""
"2685";2020-06-15;"19:28:00";"COM VÍTIMA";"FINALIZADA";"CASA AMARELA";"AV NORTE";"";"AV PROFESSOR JOSE DOS ANJOS";"PRÓXIMO AO SESC DE CASA AMARELA";"CASA AMARELA";"364";"SUBURBIO";"ABALROAMENTO TRANSVERSAL";1;"1";"0";"0";"0";"0";"0";"0";"0";"1";"0";"Cruzamento";"Chuvoso";"Sem defeito";"Perfeito estado";"Molhada";"Perfeito estado";"Faixa de pedestre";"Não há placas";"";"Dupla";"Faixa seccionada";"";""
"2686";2020-06-15;"19:35:00";"COM VÍTIMA";"CANCELADA";"IMBIRIBEIRA";"AV MARECHAL MASCARENHAS DE MORAES";"";"";"EM FRENTE AO ARMAZÉM CORAL";"IMBIRIBEIRA";NA;"SUBURBIO";"COLISÃO";1;"1";"0";"0";"0";"0";"0";"0";"0";"1";"0";"";"";"";"";"";"";"";"";"";"";"";"";""
"2687";2020-06-16;"08:25:00";"COM VÍTIMA";"FINALIZADA";"VÁRZEA";"AV JOAQUIM RIBEIRO";"";"RUA FRANCISCO TORRES";"DEFRONTE DA UPA DA CAXANGÁ";"VÁRZEA";"368";"CIDADE";"ABALROAMENTO LONGITUDINAL";1;"1";"0";"0";"0";"0";"0";"0";"0";"1";"0";"Longo da via";"Chuvoso";"Sem defeito";"Perfeito estado";"Molhada";"Perfeito estado";"Faixa de pedestre";"Não há placas";"60 km/h";"Única";"Faixa seccionada";"";""
"2688";2020-06-16;"14:42:00";"SEM VÍTIMA";"FINALIZADA";"IBURA";"AV DOIS RIOS";"";"";"EM FRENTE A IGREJA BATISTA DO IBURA";"IBURA";"594";"CIDADE";"COLISÃO";1;"0";"0";"0";"0";"0";"1";"0";"0";"0";"0";"Longo da via";"Bom";"Não existe";"Perfeito estado";"Seca";"Perfeito estado";"Não existe";"Outras";"N/I";"Dupla";"Faixa contínua";"Faixa seccionada";""
"2689";2020-06-16;"23:02:00";"SEM VÍTIMA";"FINALIZADA";"BOA VIAGEM";"AV CONSELHEIRO AGUIAR";"";"RUA FELIX DE BRITO E MELO";"CRUZAMENTO C/A RUA FELIX DE BRITO E MELO - EM FRENTE AO BRADESCO";"BOA VIAGEM";NA;"SUBURBIO";"CHOQUE OBJETO FIXO";NA;"0";"0";"0";"0";"1";"0";"0";"0";"0";"0";"Cruzamento";"Chuvoso";"Sem defeito";"Perfeito estado";"Molhada";"Perfeito estado";"Faixa de pedestre";"R-6a";"40KM";"Única";"Outros";"";""
"2690";2020-06-17;"11:29:00";"COM VÍTIMA";"FINALIZADA";"IBURA";"AV PERNAMBUCO";"150";"AV RIO SAO FRANCISCO";"PROXIMO O EREM SÃO SEBASTIÃO LEME";"IBURA";NA;"SUBURBIO";"ABALROAMENTO LONGITUDINAL";1;"1";"0";"0";"0";"0";"0";"0";"0";"1";"0";"Cruzamento";"Bom";"Não existe";"Perfeito estado";"Seca";"Perfeito estado";"Não existe";"Não há placas";"";"Dupla";"Faixa seccionada";"";""
"2691";2020-06-17;"15:20:00";"COM VÍTIMA";"FINALIZADA";"CASA FORTE";"AV DEZESSETE DE AGOSTO";"2187";"";"PROXIMO AO MUSEU. FUNDAÇÃO JOAQUIM NABUCO";"CASA FORTE";NA;"CIDADE";"COLISÃO TRASEIRA";2;"0";"0";"0";"0";"0";"0";"0";"0";"1";"0";"Longo da via";"Bom";"Não existe";"Perfeito estado";"Seca";"Perfeito estado";"Não existe";"Não há placas";"";"Dupla";"Faixa contínua";"";""
"2692";2020-06-17;"15:51:00";"COM VÍTIMA";"FINALIZADA";"MADALENA";"RUA MENEZES DRUMOND";"333";"RUA ERNANI BRAGA";"PRAÇA CALAZANS";"MADALENA";NA;"SUBURBIO";"ABALROAMENTO TRANSVERSAL";1;"1";"0";"0";"0";"0";"0";"0";"0";"1";"0";"Cruzamento";"Bom";"Não existe";"Perfeito estado";"Seca";"Perfeito estado";"Faixa de pedestre";"R-4a";"";"Única";"Faixa contínua";"Faixa seccionada";""
"2693";2020-06-17;"19:06:00";"COM VÍTIMA";"FINALIZADA";"JIQUIÁ";"AV DR JOSE RUFINO";"";"RUA ANTONIO CARNEIRO";"EM FRENTE AO COLISÃO VISÃO";"JIQUIÁ";NA;"";"ABALROAMENTO TRANSVERSAL";1;"1";"0";"0";"0";"0";"0";"0";"0";"1";"0";"Esquina";"Bom";"Não existe";"Perfeito estado";"Seca";"Perfeito estado";"Não existe";"Outras";"";"Dupla";"Faixa contínua";"Faixa seccionada";""
"2694";2020-06-17;"19:46:00";"COM VÍTIMA";"FINALIZADA";"JORDÃO";"RUA DR ALVARO FERRAZ";"";"";"RUA PRINCIPAL ONDE PASSA OS ÔNIBUS DO JORDÃO BAIXO";"JORDÃO";NA;"";"COLISÃO";NA;"2";"0";"0";"0";"0";"1";"0";"0";"1";"0";"Longo da via";"Chuvoso";"Não existe";"Incompleta";"Molhada";"Mal iluminada";"Não existe";"Não há placas";"30KM";"Única";"Não existe";"";""
"2695";2020-06-18;"09:53:00";"COM VÍTIMA";"FINALIZADA";"IPUTINGA";"AV CAXANGA";"";"AV PROFESSOR JOAQUIM CAVALCANTI";"";"IPUTINGA";NA;"SUBURBIO";"COLISÃO TRASEIRA";1;"1";"0";"0";"0";"0";"0";"0";"0";"1";"0";"Cruzamento";"Bom";"Não existe";"Perfeito estado";"Seca";"Perfeito estado";"Não existe";"Não há placas";"60 km/h";"Dupla";"Canteiro central";"";""
"2696";2020-06-18;"11:21:00";"COM VÍTIMA";"FINALIZADA";"IPSEP";"RUA ITACARI";"162";"RUA ITAJAI";"";"IPSEP";NA;"";"ABALROAMENTO TRANSVERSAL";2;"0";"0";"0";"0";"0";"0";"0";"0";"1";"0";"Cruzamento";"Nublado";"Não existe";"Perfeito estado";"Seca";"Perfeito estado";"Faixa de pedestre";"Placas Pare";"30 km/h";"Única";"Faixa seccionada";"";""
"2697";2020-06-18;"15:11:00";"SEM VÍTIMA";"FINALIZADA";"MADALENA";"RUA DOM MANOEL DA COSTA";"";"RUA PADRE LANDIM";"RUA PADRE LANDIM";"MADALENA";NA;"";"COLISÃO";2;"0";"0";"0";"0";"0";"0";"0";"0";"0";"0";"Cruzamento";"Bom";"Sem defeito";"Incompleta";"Seca";"Mal conservada";"Faixa de pedestre";"R-6a";"N/I";"Única";"Faixa contínua";"";""
"2698";2020-06-18;"15:12:00";"SEM VÍTIMA";"FINALIZADA";"BOA VIAGEM";"RUA ANTONIO FALCAO";"";"RUA DOS NAVEGANTES";"";"BOA VIAGEM";NA;"";"COLISÃO";2;"0";"0";"0";"0";"0";"0";"0";"0";"0";"0";"Cruzamento";"Chuvoso";"Não existe";"Ilegível";"Molhada";"Perfeito estado";"Outros";"Placas Pare";"N/I";"Única";"Não existe";"";""
"2699";2020-06-18;"15:52:00";"SEM VÍTIMA";"FINALIZADA";"TAMARINEIRA";"RUA CONEGO BARATA";"";"";"Em frente a Policlínica Albert Sabin sentido Água Fria";"TAMARINEIRA";NA;"SUBURBIO";"COLISÃO";NA;"0";"0";"0";"0";"0";"0";"0";"0";"0";"0";"Longo da via";"Chuvoso";"Sem defeito";"Perfeito estado";"Molhada";"Perfeito estado";"Faixa de pedestre";"R-6a";"N/I";"Única";"Canteiro central";"";""