"";"data";"hora";"natureza_acidente";"situacao";"bairro";"endereco";"numero";"detalhe_endereco_acidente";"complemento";"bairro_cruzamento";"num_semaforo";"sentido_via";"tipo";"auto";"moto";"ciclom";"ciclista";"pedestre";"onibus";"caminhao";"viatura";"outros";"vitimas";"vitimasfatais";"acidente_verificado";"tempo_clima";"situacao_semaforo";"sinalizacao";"condicao_via";"conservacao_via";"ponto_controle";"situacao_placa";"velocidade_max_via";"mao_direcao";"divisao_via1";"divisao_via2";"divisao_via3"
"2700";2020-06-18;"16:16:00";"COM VÍTIMA";"FINALIZADA";"SÃO JOSÉ";"AV SUL";"488";"";"ANTES DA ENTRADA DO CABANGA";"SÃO JOSÉ";"509";"SUBURBIO";"COLISÃO COM CICLISTA";NA;"0";"0";"1";"0";"1";"0";"0";"0";"1";"0";"Longo da via";"Chuvoso";"Sem defeito";"Perfeito estado";"Molhada";"Perfeito estado";"Não existe";"Outras";"60 km/h";"Dupla";"Faixa seccionada";"";""
"2701";2020-06-19;"04:52:00";"VÍTIMA FATAL";"FINALIZADA";"JOANA BEZERRA";"VIADUTO CAPITAO TEMUDO";"";"";"SENTIDO DERBY. ALÇA DE ACESSO A RUA IMPERIAL.";"JOANA BEZERRA";NA;"CIDADE";"COLISÃO COM CICLISTA";NA;"1";"0";"1";"0";"0";"0";"0";"0";"1";"1";"Viaduto";"Chuvoso";"Não existe";"Perfeito estado";"Molhada";"Perfeito estado";"Não existe";"R-19";"40 km/h";"Única";"Faixa contínua";"";""
"2702";2020-06-19;"07:46:00";"SEM VÍTIMA";"FINALIZADA";"CASA FORTE";"AV DEZESSETE DE AGOSTO";"";"";"EM FRENTE A PIZZARIA HUTT";"CASA FORTE";NA;"";"CHOQUE";1;"0";"0";"0";"0";"0";"0";"0";"0";"0";"0";"Longo da via";"Chuvoso";"Não existe";"Perfeito estado";"Molhada";"Perfeito estado";"Não existe";"Outras";"N/I";"Dupla";"Faixa contínua";"";""
"2703";2020-06-19;"07:55:00";"SEM VÍTIMA";"FINALIZADA";"ESPINHEIRO";"RUA CONS PORTELA";"";"RUA QUARENTA E OITO";"";"ESPINHEIRO";NA;"";"COLISÃO";2;"0";"0";"0";"0";"0";"0";"0";"0";"0";"0";"Cruzamento";"Chuvoso";"Sem defeito";"Perfeito estado";"Molhada";"Perfeito estado";"Agente";"Outras";"N/I";"Única";"Outros";"";""
"2704";2020-06-19;"08:28:00";"COM VÍTIMA";"FINALIZADA";"SANTO AMARO";"AV GOVERNADOR AGAMENON MAGALHAES";"1800";"";"PRÓXIMO REITORIA DA UNIVERSIDADE DE PERNAMBUCO- SENTIDO BOA VIAGEM";"SANTO AMARO";NA;"CIDADE";"COLISÃO TRASEIRA";1;"1";"0";"0";"0";"0";"0";"0";"0";"1";"0";"Longo da via";"Chuvoso";"Sem defeito";"Perfeito estado";"Molhada";"Perfeito estado";"Não existe";"Não há placas";"60 km/h";"Dupla";"Canteiro central";"";""
"2705";2020-06-19;"08:57:00";"COM VÍTIMA";"FINALIZADA";"TORRÕES";"AV ENGENHEIRO ABDIAS DE CARVALHO";"";"";"LADO OPOSTO DLP VINHOS E DESTILADOS";"TORRÕES";NA;"CIDADE";"ABALROAMENTO LONGITUDINAL";2;"1";"0";"0";"0";"0";"0";"0";"0";"1";"0";"Longo da via";"Bom";"Não existe";"Perfeito estado";"Seca";"Perfeito estado";"Não existe";"Não há placas";"";"Dupla";"Canteiro central";"";""
"2706";2020-06-19;"10:24:00";"COM VÍTIMA";"FINALIZADA";"ÁGUA FRIA";"AV BEBERIBE";"";"";"EM FRENTE PAGODE DA PRESSÃO E PRÓXIMO MERCADO ÀGUA FRIA";"ÁGUA FRIA";NA;"CIDADE";"COLISÃO";2;"0";"0";"0";"0";"0";"0";"0";"0";"1";"0";"Longo da via";"Bom";"Sem defeito";"Perfeito estado";"Seca";"Perfeito estado";"Faixa de pedestre";"Outras";"N/I";"Dupla";"Faixa contínua";"";""
"2707";2020-06-19;"14:22:00";"COM VÍTIMA";"FINALIZADA";"TAMARINEIRA";"AV NORTE";"3927";"RUA CONEGO BARATA";"PRÓX DE GASOLINA AV. NORTE. LADO OPOSTO A PADARIA BELLA NORTE.";"TAMARINEIRA";"62";"CIDADE";"ATROPELAMENTO";1;"0";"0";"0";"1";"0";"0";"0";"0";"1";"0";"Longo da via";"Chuvoso";"";"Perfeito estado";"Molhada";"Perfeito estado";"";"";"";"Dupla";"Canteiro central";"";""
"2708";2020-06-20;"03:38:00";"SEM VÍTIMA";"FINALIZADA";"BOA VISTA";"AV CONDE DA BOA VISTA";"";"";"EM FRENTE AO SHOPPING BOA VISTA";"BOA VISTA";NA;"SUBURBIO";"CHOQUE";1;"0";"0";"0";"0";"0";"0";"0";"0";"0";"0";"Cruzamento";"Bom";"Sem defeito";"Perfeito estado";"Seca";"Perfeito estado";"Outros";"Outras";"N/I";"Dupla";"Canteiro central";"";""
"2709";2020-06-20;"12:09:00";"COM VÍTIMA";"FINALIZADA";"SANTO AMARO";"AV CRUZ CABUGA";"1167";"AV DR JAYME DA FONTE";"EM FRENTE AO N 1189";"SANTO AMARO";"343";"CIDADE";"ABALROAMENTO TRANSVERSAL";NA;"2";"0";"0";"0";"0";"0";"0";"0";"2";"0";"Cruzamento";"Bom";"Sem defeito";"Perfeito estado";"Seca";"Perfeito estado";"Faixa de pedestre";"Não há placas";"40 km/h";"Dupla";"Faixa seccionada";"";""
"2710";2020-06-20;"13:26:00";"SEM VÍTIMA";"FINALIZADA";"CASA FORTE";"AV DEZESSETE DE AGOSTO";"508";"";"EM FRENTE AO SHOPPING PLAZA";"CASA FORTE";NA;"CIDADE";"COLISÃO";2;"1";"0";"0";"0";"0";"0";"0";"0";"0";"0";"Longo da via";"Bom";"Sem defeito";"Perfeito estado";"Seca";"Perfeito estado";"Faixa de pedestre";"Outras";"N/I";"Dupla";"Faixa contínua";"";""
"2711";2020-06-20;"14:58:00";"SEM VÍTIMA";"FINALIZADA";"CASA FORTE";"AV DEZESSETE DE AGOSTO";"487";"";"EM FRENTE AO N 487";"CASA FORTE";NA;"CIDADE";"COLISÃO";2;"0";"0";"0";"0";"0";"0";"0";"0";"0";"0";"Longo da via";"Bom";"Não existe";"Perfeito estado";"Seca";"Perfeito estado";"Outros";"Outras";"N/I";"Dupla";"Faixa contínua";"";""
"2712";2020-06-20;"16:29:00";"SEM VÍTIMA";"CANCELADA";"BOA VIAGEM";"RUA PROFESSOR JOSE BRANDAO";"390";"RUA FRANCISCO DA CUNHA";"EM FRENTE AO N 390";"BOA VIAGEM";NA;"SUBURBIO";"COLISÃO";1;"1";"0";"0";"0";"0";"0";"0";"0";"0";"0";"";"";"";"";"";"";"";"";"";"";"";"";""
"2713";2020-06-20;"19:51:00";"COM VÍTIMA";"FINALIZADA";"IMBIRIBEIRA";"AV MARECHAL MASCARENHAS DE MORAES";"2274";"";"LADO OPOSTO A FERREIRA COSTA.";"IMBIRIBEIRA";NA;"SUBURBIO";"ABALROAMENTO LONGITUDINAL";3;"1";"0";"0";"0";"0";"0";"0";"0";"3";"0";"Longo da via";"Chuvoso";"";"Perfeito estado";"Molhada";"Perfeito estado";"";"R-6a";"40 km/h";"Dupla";"Canteiro central";"";""
"2714";2020-06-21;"07:24:00";"SEM VÍTIMA";"FINALIZADA";"MACAXEIRA";"AV NORTE";"";"";"LADO OPSTO A ANTIGA FÁBRICA DA MACAXEIRA";"MACAXEIRA";NA;"";"CHOQUE OBJETO FIXO";1;"0";"0";"0";"0";"0";"0";"0";"0";"0";"0";"";"";"";"";"";"";"";"";"";"";"";"";""
"2715";2020-06-21;"12:22:00";"COM VÍTIMA";"FINALIZADA";"AREIAS";"AV RECIFE";"";"RUA AURORA CACOTE";"EM FRENTE AO HOSPITAL DE AREIAS. CHURRASCARIA E PIZZARIA GALETUS.";"AREIAS";NA;"BOA VIAGEM";"ABALROAMENTO TRANSVERSAL";1;"0";"1";"0";"0";"0";"0";"0";"0";"1";"0";"Esquina";"Bom";"Não existe";"Perfeito estado";"Seca";"Mal conservada";"Não existe";"Placas Pare";"60 km/h";"Dupla";"Canteiro central";"";""
"2716";2020-06-21;"16:39:00";"COM VÍTIMA";"FINALIZADA";"SÍTIO DOS PINTOS";"EST DOS PINTOS";"20";"";"PRÓXIMO UFRPE";"SÍTIO DOS PINTOS";NA;"CIDADE";"COLISÃO COM CICLISTA";1;"0";"0";"1";"2";"0";"0";"0";"0";"5";"0";"Longo da via";"Bom";"Não existe";"Incompleta";"Seca";"Perfeito estado";"Não existe";"Não há placas";"";"Dupla";"Não existe";"";""
"2717";2020-06-21;"20:14:00";"SEM VÍTIMA";"FINALIZADA";"SANTO AMARO";"AV JOAO DE BARROS";"";"";"PRÓXIMO AO POSTO BR- ENCONTRA-SE QUITANDARIA";"SANTO AMARO";NA;"SUBURBIO";"COLISÃO";2;"0";"0";"0";"0";"0";"0";"0";"0";"0";"0";"Longo da via";"Bom";"Não existe";"Perfeito estado";"Seca";"Perfeito estado";"Não existe";"Não há placas";"N/I";"Única";"Faixa seccionada";"";""
"2718";2020-06-21;"22:36:00";"COM VÍTIMA";"CANCELADA";"JARDIM SÃO PAULO";"AV SAO PAULO";"505";"";"PIZARIA PASSIRA";"JARDIM SÃO PAULO";NA;"SUBURBIO";"COLISÃO";1;"1";"0";"0";"0";"0";"0";"0";"0";"1";"0";"";"";"";"";"";"";"";"";"";"";"";"";""
"2719";2020-06-22;"08:56:00";"COM VÍTIMA";"FINALIZADA";"SANTO AMARO";"AV NORTE";"1255";"";"APOS O VIADUTO DA AV NORTE NO  SENTIDO CIDADE. UNIDADE DA SAÚDE DA FAMÍLIA DE SANTO AMARO 3.";"SANTO AMARO";NA;"CIDADE";"ATROPELAMENTO";NA;"1";"0";"0";"1";"0";"0";"0";"0";"2";"0";"Longo da via";"Bom";"Não existe";"Perfeito estado";"Seca";"Perfeito estado";"Não existe";"Outras";"60 km/h";"Dupla";"Canteiro central";"";""
"2720";2020-06-22;"09:50:00";"COM VÍTIMA";"FINALIZADA";"GRAÇAS";"RUA AMELIA";"293";"";"EM FRENTE A LOJA VIA MUNDI";"GRAÇAS";NA;"SUBURBIO";"COLISÃO TRASEIRA";1;"1";"0";"0";"0";"0";"0";"0";"0";"1";"0";"Longo da via";"Bom";"Sem defeito";"Perfeito estado";"Seca";"Perfeito estado";"Outros";"Outras";"";"Única";"Faixa contínua";"";""
"2721";2020-06-22;"12:31:00";"COM VÍTIMA";"FINALIZADA";"MACAXEIRA";"AV JOSE AMERICO DE ALMEIDA";"392";"";"EM FRENTE AO MERCADINHO BELA VISTA E EM FRENTE A ACADEMIA PONTO CERTO";"MACAXEIRA";NA;"SUBURBIO";"ABALROAMENTO LONGITUDINAL";NA;"1";"0";"0";"0";"1";"0";"0";"0";"1";"0";"Longo da via";"Bom";"Não existe";"Perfeito estado";"Seca";"Perfeito estado";"";"R-6a";"";"Dupla";"Canteiro central";"";""
"2722";2020-06-22;"13:20:00";"SEM VÍTIMA";"FINALIZADA";"IBURA";"RUA RIO DA PRATA";"";"";"NO FINAL DA RUA PROX AO CENTRO DE APOIO SOCIAL ESPORTIVO CULTURAL";"IBURA";NA;"";"COLISÃO";1;"0";"0";"0";"0";"0";"0";"1";"0";"0";"0";"Longo da via";"Bom";"Não existe";"Perfeito estado";"Seca";"Perfeito estado";"Não existe";"Não há placas";"N/I";"Dupla";"Faixa contínua";"";""
"2723";2020-06-22;"14:13:00";"COM VÍTIMA";"FINALIZADA";"CORDEIRO";"EST DO FORTE DO ARRAIAL N. DO B. JESUS";"1592";"RUA ONZE DE FEVEREIRO";"EM FRENTE A LAVANDERIA ROUPA LIMPA. FORTE DO COCO.";"CORDEIRO";NA;"SUBURBIO";"ABALROAMENTO LONGITUDINAL";NA;"2";"0";"0";"0";"0";"0";"0";"0";"1";"0";"Longo da via";"Bom";"Não existe";"Incompleta";"Seca";"Perfeito estado";"Não existe";"Outras";"";"Dupla";"Não existe";"";""
"2724";2020-06-22;"17:07:00";"COM VÍTIMA";"FINALIZADA";"ESTÂNCIA";"AV DR JOSE RUFINO";"13";"";"PRÓXIMO AO COLÉGIO VISÃO.";"ESTÂNCIA";NA;"SUBURBIO";"ACID. DE PERCURSO";NA;"1";"0";"0";"0";"0";"0";"0";"0";"1";"0";"Longo da via";"Bom";"Não existe";"Incompleta";"Oleosa";"Mal conservada";"Não existe";"Não há placas";"";"Dupla";"Faixa contínua";"";""
"2725";2020-06-22;"17:14:00";"SEM VÍTIMA";"FINALIZADA";"IBURA";"AV DOIS RIOS";"";"";"E/F A IGREJA EL SHADDAI";"IBURA";NA;"";"COLISÃO";NA;"2";"0";"0";"0";"0";"0";"0";"0";"0";"0";"Longo da via";"Bom";"Não existe";"Perfeito estado";"Seca";"Perfeito estado";"Não existe";"Não há placas";"N/I";"Dupla";"Faixa contínua";"";""
"2726";2020-06-22;"18:16:00";"SEM VÍTIMA";"FINALIZADA";"ROSARINHO";"RUA DR JOSE MARIA";"866";"RUA REGUEIRA COSTA";"PROX . AO EDF. ENRIQUE QUINTO E DROGASIL E GALERIA JOAO DE DEUS";"ROSARINHO";NA;"";"COLISÃO";2;"2";"0";"0";"0";"0";"0";"0";"0";"0";"0";"Longo da via";"Bom";"Não existe";"Perfeito estado";"Seca";"Perfeito estado";"Não existe";"Outras";"N/I";"Dupla";"Faixa contínua";"";""
"2727";2020-06-22;"19:54:00";"COM VÍTIMA";"FINALIZADA";"MADALENA";"AV VISCONDE DE ALBUQUERQUE";"401";"RUA LOPES DE CARVALHO";"GALERIA MADALENA CENTER";"MADALENA";NA;"SUBURBIO";"ABALROAMENTO TRANSVERSAL";NA;"2";"0";"0";"0";"0";"0";"0";"0";"2";"0";"Cruzamento";"Bom";"Não existe";"Perfeito estado";"Seca";"Perfeito estado";"";"";"40 km/h";"Única";"";"";""
"2728";2020-06-22;"20:32:00";"SEM VÍTIMA";"FINALIZADA";"ENCRUZILHADA";"RUA CASTRO ALVES";"";"RUA JOSE DE SA CARNEIRO";"*SEMÁFORO 666* /  E/F A QUALIMENTOS E CAIXA ECONÔMICA";"ENCRUZILHADA";"666";"";"ENGAVETAMENTO";3;"0";"0";"0";"0";"0";"0";"0";"0";"0";"0";"";"";"";"";"";"";"";"";"";"";"";"";""
"2729";2020-06-22;"21:48:00";"COM VÍTIMA";"FINALIZADA";"VÁRZEA";"RUA DONA MARIA LACERDA";"18";"";"NA RUA DA DELEGACIA DA VÁRZEA E 12º BATALHÃO";"VÁRZEA";NA;"SUBURBIO";"CHOQUE OBJETO FIXO";NA;"0";"0";"0";"0";"0";"0";"1";"1";"2";"0";"Longo da via";"Bom";"Não existe";"Perfeito estado";"Seca";"Perfeito estado";"Não existe";"Não há placas";"";"Dupla";"Faixa seccionada";"";""
"2730";2020-06-23;"02:03:00";"SEM VÍTIMA";"FINALIZADA";"MACAXEIRA";"AV NORTE";"";"";"PROXIMO DO TERMINLA DA MACAXEIRA";"MACAXEIRA";NA;"SUBURBIO";"CHOQUE OBJETO FIXO";1;"0";"0";"0";"0";"0";"0";"0";"0";"0";"0";"Outros";"Bom";"Não existe";"Perfeito estado";"Seca";"Perfeito estado";"Não existe";"Não há placas";"N/I";"Única";"Canteiro central";"";""
"2731";2020-06-23;"08:10:00";"COM VÍTIMA";"FINALIZADA";"BOA VIAGEM";"AVENIDA CELSO FURTADO (VIA MANGUE)";"";"";"SUBIDA DO VIADUTO DOM JOÃO VI";"BOA VIAGEM";NA;"SUBURBIO";"TOMBAMENTO";NA;"0";"0";"1";"0";"0";"0";"0";"0";"1";"0";"Longo da via";"Bom";"Não existe";"Perfeito estado";"Seca";"Perfeito estado";"Não existe";"R-19";"60 km/h";"Dupla";"Canteiro central";"";""
"2732";2020-06-23;"10:47:00";"SEM VÍTIMA";"FINALIZADA";"ÁGUA FRIA";"RUA SAO BENEDITO";"";"AV BEBERIBE";"EM FRENTE AO LAVA JATO";"ÁGUA FRIA";NA;"";"COLISÃO";1;"0";"0";"0";"0";"0";"1";"0";"0";"0";"0";"Cruzamento";"Bom";"Sem defeito";"Perfeito estado";"Seca";"Perfeito estado";"Faixa de pedestre";"Não há placas";"N/I";"Única";"Não existe";"";""
"2733";2020-06-23;"11:29:00";"COM VÍTIMA";"FINALIZADA";"SANTO AMARO";"AV JOAO DE BARROS";"";"RUA DOM VITAL";"";"SANTO AMARO";"412";"CIDADE";"ATROPELAMENTO";1;"0";"0";"0";"1";"0";"0";"0";"0";"1";"0";"Longo da via";"Bom";"Sem defeito";"Perfeito estado";"Seca";"Perfeito estado";"";"";"";"Dupla";"Faixa contínua";"Faixa seccionada";"Canteiro central"
"2734";2020-06-23;"12:57:00";"SEM VÍTIMA";"FINALIZADA";"AFOGADOS";"AV MARECHAL MASCARENHAS DE MORAES";"40";"";"EM FRENTE A IGREJA BATISTA DO LARGO DA PAZ (SENT. CIDADE) / PONTE MOTOCOLOMBO";"AFOGADOS";NA;"CIDADE";"COLISÃO";2;"0";"0";"0";"0";"0";"0";"0";"0";"0";"0";"Longo da via";"Bom";"Não existe";"Perfeito estado";"Seca";"Perfeito estado";"Outros";"R-6a";"60KM";"Dupla";"Canteiro central";"";""
"2735";2020-06-23;"14:37:00";"SEM VÍTIMA";"FINALIZADA";"BOA VIAGEM";"AV BOA VIAGEM";"30";"";"E/F AO EDF. ENSEADA DA BARRA";"BOA VIAGEM";NA;"";"COLISÃO";2;"0";"0";"0";"0";"0";"0";"0";"0";"0";"0";"Longo da via";"Bom";"Sem defeito";"Perfeito estado";"Seca";"Perfeito estado";"Faixa de retenção";"Outras";"N/I";"Única";"Faixa seccionada";"";""
"2736";2020-06-23;"17:49:00";"SEM VÍTIMA";"FINALIZADA";"SAN MARTIN";"AV ENGENHEIRO ABDIAS DE CARVALHO";"";"";"EM FRENTE A CHESF";"SAN MARTIN";NA;"CIDADE";"COLISÃO";1;"1";"0";"0";"0";"0";"0";"0";"0";"0";"0";"Longo da via";"Bom";"Não existe";"Perfeito estado";"Seca";"Perfeito estado";"Não existe";"Outras";"N/I";"Dupla";"Canteiro central";"";""
"2737";2020-06-23;"22:10:00";"COM VÍTIMA";"FINALIZADA";"ARRUDA";"RUA DO MACHADO";"946";"";"E/F A PRACINHA (MARIA JOSE DOS SANTOS)";"ARRUDA";NA;"";"COLISÃO COM CICLISTA";NA;"0";"0";"1";"0";"1";"0";"0";"0";"1";"0";"Longo da via";"Bom";"Não existe";"Perfeito estado";"Seca";"Perfeito estado";"Não existe";"R-6a";"";"Dupla";"Faixa seccionada";"";""
"2738";2020-06-24;"11:51:00";"SEM VÍTIMA";"FINALIZADA";"TORRE";"RUA JOAO TUDE DE MELO";"";"";"SENT. CARREFOUR- EM FRENTE AO POSTO DE GASOLINA PETROMEGA";"TORRE";NA;"";"COLISÃO";2;"0";"0";"0";"0";"0";"0";"0";"0";"0";"0";"Longo da via";"Bom";"Sem defeito";"Perfeito estado";"Seca";"Perfeito estado";"Faixa de pedestre";"Outras";"N/I";"Única";"Faixa seccionada";"";""
"2739";2020-06-24;"14:16:00";"COM VÍTIMA";"CANCELADA";"ESTÂNCIA";"AV RECIFE";"";"";"EM FRENTE AO MAKRO/ SENTIDO CAXANGA";"ESTÂNCIA";NA;"";"COLISÃO";1;"1";"0";"0";"0";"0";"0";"0";"0";"1";"0";"";"";"";"";"";"";"";"";"";"";"";"";""
"2740";2020-06-24;"20:53:00";"COM VÍTIMA";"FINALIZADA";"TEJIPIÓ";"AV DR JOSE RUFINO";"46";"RUA MAJOR CHAGAS DE OLIVEIRA";"POR CIMA DO VIADUTO DA BR NA CURVA SENTIDO AFOGADOS. SERRALHARIA GUEDES.";"TEJIPIÓ";NA;"SUBURBIO";"ABALROAMENTO LONGITUDINAL";1;"1";"0";"0";"0";"0";"0";"0";"0";"1";"0";"Longo da via";"Bom";"Não existe";"Incompleta";"Seca";"Mal iluminada";"Não existe";"Não há placas";"";"Dupla";"Faixa contínua";"";""
"2741";2020-06-24;"21:25:00";"COM VÍTIMA";"FINALIZADA";"NOVA DESCOBERTA";"RUA NOVA DESCOBERTA";"1921";"";"E/F AO MADRUGADA BURGUER / PRÓX AO BAR DA RABADA";"NOVA DESCOBERTA";NA;"";"COLISÃO FRONTAL";1;"1";"0";"0";"0";"0";"0";"0";"0";"1";"0";"Longo da via";"Bom";"Não existe";"Não existente";"Seca";"Perfeito estado";"Não existe";"Não há placas";"";"Dupla";"Não existe";"";""
"2742";2020-06-25;"10:41:00";"COM VÍTIMA";"FINALIZADA";"ILHA DO RETIRO";"RUA SPORT CLUBE DO RECIFE";"";"RUA PROFESSOR BENEDITO MONTEIRO";"LADO OPOSTO AO ESTÁDIO ADELMAR DA COSTA CARVALHO.";"ILHA DO RETIRO";"481";"SUBURBIO";"ABALROAMENTO LONGITUDINAL";1;"1";"0";"0";"0";"0";"0";"0";"0";"1";"0";"Longo da via";"Bom";"Sem defeito";"Perfeito estado";"Seca";"Perfeito estado";"Outros";"R-6a";"60 km/h";"Dupla";"Canteiro central";"";""
"2743";2020-06-25;"14:02:00";"SEM VÍTIMA";"FINALIZADA";"BOA VIAGEM";"RUA CAPITAO ZUZINHA";"22";"RUA VISCONDE DE JEQUITINHONHA";"PROXIMO DA LOCALIZA";"BOA VIAGEM";"433";"";"COLISÃO";2;"0";"0";"0";"0";"0";"0";"0";"0";"0";"0";"Longo da via";"Bom";"Sem defeito";"Perfeito estado";"Seca";"Perfeito estado";"Agente";"R-6a";"";"Única";"Faixa contínua";"";""
"2744";2020-06-25;"14:59:00";"SEM VÍTIMA";"FINALIZADA";"BOA VIAGEM";"RUA PADRE CARAPUCEIRO";"3572";"AV CONSELHEIRO AGUIAR";"SOB SEMAF 115";"BOA VIAGEM";"115";"CIDADE";"COLISÃO";NA;"2";"0";"0";"0";"0";"0";"0";"0";"0";"0";"Cruzamento";"Bom";"Sem defeito";"Perfeito estado";"Seca";"Perfeito estado";"Faixa de pedestre";"Outras";"60 km/h";"Única";"Faixa contínua";"Faixa seccionada";""
"2745";2020-06-25;"17:46:00";"SEM VÍTIMA";"FINALIZADA";"IMBIRIBEIRA";"AV GENERAL MAC ARTHUR";"100";"AV MARECHAL MASCARENHAS DE MORAES";"EM FRENTE AO Nº 100";"IMBIRIBEIRA";NA;"CIDADE";"COLISÃO";1;"1";"0";"0";"0";"0";"0";"1";"0";"0";"0";"Longo da via";"Bom";"Não existe";"Perfeito estado";"Seca";"Perfeito estado";"Não existe";"R-4a";"";"Única";"Faixa seccionada";"";""
"2746";2020-06-25;"22:29:00";"COM VÍTIMA";"FINALIZADA";"TORRE";"PRC PROFESSOR BARRETO CAMPELLO";"1199";"";"E/F A PRAÇA";"TORRE";NA;"SUBURBIO";"COLISÃO COM CICLISTA";1;"0";"0";"1";"0";"0";"0";"0";"0";"1";"0";"Longo da via";"Bom";"Não existe";"Perfeito estado";"Seca";"Perfeito estado";"Não existe";"R-6a";"";"Única";"Faixa seccionada";"";""
"2747";2020-06-26;"07:10:00";"COM VÍTIMA";"FINALIZADA";"BOA VIAGEM";"RUA ERNESTO DE PAULA SANTOS";"";"RUA AMALIA BERNARDINO DE SOUZA";"POR TRAS DA FACULDADE UNINASSAU EM FRENTE AO POSTO DE GASOLINA PETROCAL NA DESCIDA DO VIADUTO TANCREDO NEVES";"BOA VIAGEM";NA;"SUBURBIO";"ABALROAMENTO TRANSVERSAL";1;"1";"0";"0";"0";"0";"0";"0";"0";"1";"0";"Cruzamento";"Bom";"Não existe";"Incompleta";"Seca";"Perfeito estado";"Não existe";"Não há placas";"";"Única";"Faixa contínua";"";""
"2748";2020-06-26;"08:45:00";"COM VÍTIMA";"FINALIZADA";"TORREÃO";"AV NORTE";"";"";"EM FRENTE AKI BORRACHARIA / INÍCIO DO VIADUTO.";"TORREÃO";NA;"CIDADE";"ATROPELAMENTO ANIMAL";NA;"1";"0";"0";"0";"0";"0";"0";"0";"1";"0";"Longo da via";"Bom";"Não existe";"Perfeito estado";"Seca";"Perfeito estado";"Não existe";"Não há placas";"60 km/h";"";"Canteiro central";"";""
"2749";2020-06-26;"12:13:00";"COM VÍTIMA";"CANCELADA";"ARRUDA";"RUA ZEFERINO AGRA";"";"RUA DO MACHADO";"EM FRENTE A IGREJA SANTO ANTONIO";"ARRUDA";NA;"";"COLISÃO";1;"1";"0";"0";"0";"0";"0";"0";"0";"1";"0";"";"";"";"";"";"";"";"";"";"";"";"";""
"2750";2020-06-26;"12:56:00";"COM VÍTIMA";"FINALIZADA";"IMBIRIBEIRA";"AV MARECHAL MASCARENHAS DE MORAES";"";"RUA ITACARE";"NO SEMÁFORO 386/ SENTIDO AEROPORTO. LADO OPOSTO A FERREIRA COSTA.";"IMBIRIBEIRA";"386";"SUBURBIO";"ABALROAMENTO LONGITUDINAL";1;"1";"0";"0";"0";"0";"0";"0";"0";"1";"0";"Cruzamento";"Bom";"Sem defeito";"Perfeito estado";"Seca";"Perfeito estado";"Faixa de pedestre";"R-6a";"";"Dupla";"Canteiro central";"";""
"2751";2020-06-26;"13:16:00";"SEM VÍTIMA";"FINALIZADA";"PINA";"AV BOA VIAGEM";"110";"";"E/F AO POSTO BR";"PINA";NA;"CIDADE";"COLISÃO";2;"0";"0";"0";"0";"0";"0";"0";"0";"0";"0";"Longo da via";"Bom";"Sem defeito";"Perfeito estado";"Seca";"Perfeito estado";"Faixa de pedestre";"Não há placas";"60 km/h";"Única";"Faixa seccionada";"";""
"2752";2020-06-26;"14:43:00";"SEM VÍTIMA";"FINALIZADA";"IPSEP";"AV RECIFE";"";"AV TAPAJOS";"LADO OPOSTO DO POSTO BR VT 21 NO LOCAL";"IPSEP";"620";"";"COLISÃO";1;"0";"0";"0";"0";"0";"1";"0";"0";"0";"0";"Cruzamento";"Chuvoso";"Sem defeito";"Perfeito estado";"Outros";"Perfeito estado";"Faixa de pedestre";"";"";"Dupla";"Faixa seccionada";"Canteiro central";""
"2753";2020-06-26;"15:52:00";"SEM VÍTIMA";"FINALIZADA";"SANTO AMARO";"AV GOVERNADOR AGAMENON MAGALHAES";"";"VDO INDEPENDENCIA";"SOBRE O VIADUTO INDEPENDENCIA";"SANTO AMARO";NA;"OLINDA";"COLISÃO";3;"1";"0";"0";"0";"0";"0";"0";"0";"0";"0";"Viaduto";"Bom";"Não existe";"Não existente";"Seca";"Perfeito estado";"Não existe";"Não há placas";"60 km/h";"Dupla";"Faixa contínua";"";""
"2754";2020-06-26;"17:44:00";"COM VÍTIMA";"FINALIZADA";"ILHA DO RETIRO";"AV ENGENHEIRO ABDIAS DE CARVALHO";"";"EST DOS REMEDIOS";"DROGASIL";"ILHA DO RETIRO";"52";"SUBURBIO";"ABALROAMENTO TRANSVERSAL";1;"1";"0";"0";"0";"0";"0";"0";"0";"1";"0";"Cruzamento";"Bom";"Sem defeito";"Perfeito estado";"Seca";"Perfeito estado";"Agente";"R-6a";"";"Dupla";"Canteiro central";"";""
"2755";2020-06-27;"07:52:00";"SEM VÍTIMA";"FINALIZADA";"SANTO AMARO";"RUA DO POMBAL";"296";"RUA TREZE DE MAIO";"EM FRENTE A BORRACHARIA DO MODESTO";"SANTO AMARO";NA;"CIDADE";"COLISÃO";2;"0";"0";"0";"0";"0";"0";"0";"0";"0";"0";"Longo da via";"Chuvoso";"Não existe";"Perfeito estado";"Molhada";"Perfeito estado";"Faixa de retenção";"Não há placas";"40 km/h";"Dupla";"Faixa contínua";"";""