"";"data";"hora";"natureza_acidente";"situacao";"bairro";"endereco";"numero";"detalhe_endereco_acidente";"complemento";"bairro_cruzamento";"num_semaforo";"sentido_via";"tipo";"auto";"moto";"ciclom";"ciclista";"pedestre";"onibus";"caminhao";"viatura";"outros";"vitimas";"vitimasfatais";"acidente_verificado";"tempo_clima";"situacao_semaforo";"sinalizacao";"condicao_via";"conservacao_via";"ponto_controle";"situacao_placa";"velocidade_max_via";"mao_direcao";"divisao_via1";"divisao_via2";"divisao_via3"
"2927";2020-07-18;"23:17:00";"COM VÍTIMA";"FINALIZADA";"IMBIRIBEIRA";"RUA ARQUITETO LUIZ NUNES";"1900";"";"POR TRAS DO AÇAI DA IMBIRIBEIRA. FARMÁCIA DROGASIL.";"IMBIRIBEIRA";NA;"SUBURBIO";"ABALROAMENTO LONGITUDINAL";1;"1";"0";"0";"0";"0";"0";"0";"0";"2";"0";"Longo da via";"Bom";"Não existe";"Incompleta";"Seca";"Mal iluminada";"Não existe";"Outras";"";"Dupla";"Faixa contínua";"";""
"2928";2020-07-19;"11:08:00";"COM VÍTIMA";"FINALIZADA";"MANGUEIRA";"RUA VINTE E UM DE ABRIL";"1884";"";"PROX AO CLUBE ESMERALDA E ASSEMBLEIA DE DEUS.";"MANGUEIRA";NA;"SUBURBIO";"ABALROAMENTO TRANSVERSAL";1;"1";"0";"0";"0";"0";"0";"0";"0";"1";"0";"Cruzamento";"Bom";"Não existe";"Incompleta";"Seca";"Perfeito estado";"Não existe";"Não há placas";"";"Dupla";"Não existe";"";""
"2929";2020-07-19;"11:50:00";"COM VÍTIMA";"FINALIZADA";"ÁGUA FRIA";"RUA DR EUDES COSTA";"";"RUA BELO JARDIM";"PROX AO MERCADO DE AGUA FRIA";"ÁGUA FRIA";NA;"";"COLISÃO COM CICLISTA";1;"0";"0";"1";"0";"0";"0";"0";"0";"1";"0";"";"";"";"";"";"";"";"";"";"";"";"";""
"2930";2020-07-19;"12:52:00";"COM VÍTIMA";"FINALIZADA";"CASA AMARELA";"AV NORTE";"5600";"";"E/F AO CAPES";"CASA AMARELA";"676";"CIDADE";"ABALROAMENTO TRANSVERSAL";1;"1";"0";"0";"0";"0";"0";"0";"0";"2";"0";"Longo da via";"Bom";"Sem defeito";"Perfeito estado";"Seca";"Perfeito estado";"Faixa de pedestre";"Outras";"";"Única";"Faixa contínua";"";""
"2931";2020-07-19;"21:26:00";"SEM VÍTIMA";"CANCELADA";"GUABIRABA";"AV VEREADOR OTACILIO AZEVEDO";"2239";"";"PROX AO RAROS HOTEL";"GUABIRABA";NA;"";"COLISÃO";2;"0";"0";"0";"0";"0";"0";"0";"0";"0";"0";"";"";"";"";"";"";"";"";"";"";"";"";""
"2932";2020-07-20;"09:06:00";"COM VÍTIMA";"FINALIZADA";"IMBIRIBEIRA";"AV MARECHAL MASCARENHAS DE MORAES";"2160";"RUA PAMPULHA";"EM FRENTE A CONCESSIONARIA RENAULT EUROVIA";"IMBIRIBEIRA";"534";"SUBURBIO";"ABALROAMENTO LONGITUDINAL";1;"1";"0";"0";"0";"0";"0";"0";"0";"1";"0";"Cruzamento";"Chuvoso";"Sem defeito";"Perfeito estado";"Seca";"Perfeito estado";"Faixa de pedestre";"Não há placas";"60 km/h";"Dupla";"Canteiro central";"";""
"2933";2020-07-20;"14:29:00";"COM VÍTIMA";"FINALIZADA";"CASA AMARELA";"AV NORTE";"";"";"E/F A UPINHA 24 HORAS S/T CID";"CASA AMARELA";NA;"CIDADE";"ABALROAMENTO LONGITUDINAL";1;"1";"0";"0";"0";"0";"0";"0";"0";"1";"0";"Longo da via";"Bom";"Não existe";"Perfeito estado";"Seca";"Perfeito estado";"Não existe";"Outras";"60 km/h";"Dupla";"Canteiro central";"";""
"2934";2020-07-20;"20:31:00";"SEM VÍTIMA";"FINALIZADA";"PINA";"AV ANTONIO DE GOES";"194";"";"ENF A SECRETARIA DE ADMINISTRAÇAO";"PINA";NA;"";"COLISÃO";NA;"0";"0";"0";"0";"0";"0";"2";"0";"0";"0";"Longo da via";"Bom";"Sem defeito";"Perfeito estado";"Seca";"Perfeito estado";"Não existe";"Outras";"N/I";"Única";"Faixa seccionada";"";""
"2935";2020-07-21;"05:00:00";"SEM VÍTIMA";"FINALIZADA";"CASA AMARELA";"EST DO ARRAIAL";"";"";"OPOSTO AO Nº 4826";"CASA AMARELA";NA;"SUBURBIO";"CHOQUE OBJETO FIXO";1;"0";"0";"0";"0";"0";"0";"0";"0";"0";"0";"Longo da via";"Bom";"Não existe";"Perfeito estado";"Seca";"Perfeito estado";"";"";"40 km/h";"Única";"";"";""
"2936";2020-07-21;"08:04:00";"COM VÍTIMA";"FINALIZADA";"VÁRZEA";"RUA GENERAL POLIDORO";"";"AV PROFESSOR ARTUR DE SA";"AO LADO HOSPITAL DAS CLINICAS";"VÁRZEA";NA;"CIDADE";"COLISÃO COM CICLISTA";NA;"0";"0";"1";"0";"1";"0";"0";"0";"1";"0";"Esquina";"Bom";"Não existe";"Não existente";"Seca";"Perfeito estado";"Não existe";"Placas Pare";"";"Dupla";"Faixa contínua";"";""
"2937";2020-07-21;"09:13:00";"COM VÍTIMA";"CANCELADA";"AREIAS";"AV RECIFE";"";"";"EM FRENTE AO PAM DE AREIAS";"AREIAS";NA;"";"COLISÃO";NA;"0";"0";"0";"0";"0";"0";"0";"0";"3";"0";"";"";"";"";"";"";"";"";"";"";"";"";""
"2938";2020-07-21;"11:25:00";"COM VÍTIMA";"FINALIZADA";"BONGI";"AV GENERAL SAN MARTIN";"1000";"";"E/F AOS CORREIOS";"BONGI";NA;"SUBURBIO";"ABALROAMENTO LONGITUDINAL";1;"1";"0";"0";"0";"0";"0";"0";"0";"1";"0";"Longo da via";"Bom";"Não existe";"Perfeito estado";"Seca";"Perfeito estado";"Não existe";"R-6a";"60 km/h";"Dupla";"Faixa contínua";"";""
"2939";2020-07-21;"11:48:00";"SEM VÍTIMA";"FINALIZADA";"BOA VISTA";"RUA GERVASIO PIRES";"";"";"POR TRAS DO SHOPPING BOA VISTA NA RUA DAS OTICAS";"BOA VISTA";NA;"";"COLISÃO";1;"0";"0";"0";"0";"0";"1";"0";"0";"0";"0";"Longo da via";"Bom";"Não existe";"";"Seca";"Perfeito estado";"Não existe";"";"";"Única";"Faixa seccionada";"";""
"2940";2020-07-21;"15:42:00";"SEM VÍTIMA";"CANCELADA";"ÁGUA FRIA";"AV BEBERIBE";"";"";"EM FRENTE AO MERCADO DE AGUA FRIA/ PROX A LOJA MILENIO";"ÁGUA FRIA";"405";"";"COLISÃO";3;"0";"0";"0";"0";"0";"0";"0";"0";"0";"0";"";"";"";"";"";"";"";"";"";"";"";"";""
"2941";2020-07-21;"16:51:00";"COM VÍTIMA";"FINALIZADA";"FUNDÃO";"AV BEBERIBE";"2572";"";"EM FRENTE A CASA DE BOLO E A LORD BABEARIA";"FUNDÃO";NA;"SUBURBIO";"ATROPELAMENTO";NA;"1";"0";"0";"1";"0";"0";"0";"0";"2";"0";"Longo da via";"Bom";"Sem defeito";"Perfeito estado";"Seca";"Perfeito estado";"Não existe";"Não há placas";"";"Dupla";"Faixa contínua";"";""
"2942";2020-07-21;"17:04:00";"COM VÍTIMA";"CANCELADA";"CAXANGÁ";"AV CAXANGA";"";"";"EM FRENTE A ACADEMIA TOPFIT";"CAXANGÁ";NA;"";"ATROPELAMENTO";NA;"0";"0";"0";"1";"1";"0";"0";"0";"1";"0";"";"";"";"";"";"";"";"";"";"";"";"";""
"2943";2020-07-21;"17:51:00";"COM VÍTIMA";"FINALIZADA";"BOA VIAGEM";"RUA COSMORAMA";"262";"";"EM FRENTE A EPS LOGISTICA E NÚCLEO DA PM";"BOA VIAGEM";NA;"CIDADE";"COLISÃO FRONTAL";1;"1";"0";"0";"0";"0";"0";"0";"0";"1";"0";"Longo da via";"Bom";"Não existe";"Perfeito estado";"Seca";"Perfeito estado";"Não existe";"Outras";"";"Dupla";"Faixa seccionada";"";""
"2944";2020-07-21;"21:23:00";"COM VÍTIMA";"FINALIZADA";"IMBIRIBEIRA";"VIADUTO TANCREDO NEVES";"";"";"SENTIDO ESTAÇÃO TANCREDO NEVES.";"IMBIRIBEIRA";NA;"CIDADE";"COLISÃO TRASEIRA";2;"0";"0";"0";"0";"0";"0";"0";"0";"1";"0";"Viaduto";"Bom";"Não existe";"Perfeito estado";"Seca";"Mal iluminada";"Não existe";"Não há placas";"";"Única";"";"";""
"2945";2020-07-22;"08:46:00";"COM VÍTIMA";"FINALIZADA";"LINHA DO TIRO";"RUA URIEL DE HOLANDA";"1414";"RUA ELADIO CAMBOIM";"PROX. A PADARIA PÃO DE OURO";"LINHA DO TIRO";NA;"SUBURBIO";"COLISÃO COM CICLISTA";NA;"0";"0";"1";"0";"1";"0";"0";"0";"1";"0";"Cruzamento";"Bom";"Não existe";"Não existente";"Seca";"Mal iluminada";"Não existe";"Não há placas";"";"Dupla";"Não existe";"";""
"2946";2020-07-22;"09:13:00";"COM VÍTIMA";"FINALIZADA";"IMBIRIBEIRA";"AV MARECHAL MASCARENHAS DE MORAES";"4745";"";"EM FRENTE AO MARTELINHO DE OURO E À IGREJA ASSEMBLEIA DE DEUS.";"IMBIRIBEIRA";NA;"CIDADE";"ABALROAMENTO LONGITUDINAL";1;"2";"0";"0";"0";"0";"0";"0";"0";"2";"0";"Longo da via";"Bom";"Não existe";"Perfeito estado";"Seca";"Perfeito estado";"Não existe";"R-6a";"60 km/h";"Dupla";"Faixa seccionada";"Canteiro central";""
"2947";2020-07-22;"14:57:00";"COM VÍTIMA";"FINALIZADA";"BOA VIAGEM";"RUA DOS NAVEGANTES";"785";"RUA ERNESTO DE PAULA SANTOS";"NA RUA DO ANTIGO HOTEL RECIFE PALAS- PROX HOTEL GRAN MERCURI";"BOA VIAGEM";NA;"SUBURBIO";"ABALROAMENTO TRANSVERSAL";1;"1";"0";"0";"0";"0";"0";"0";"0";"2";"0";"Cruzamento";"Bom";"Não existe";"Perfeito estado";"Seca";"Perfeito estado";"Faixa de retenção";"Placas Pare";"";"Única";"Faixa seccionada";"";""
"2948";2020-07-23;"07:57:00";"COM VÍTIMA";"FINALIZADA";"SÃO JOSÉ";"RUA FLORIANO PEIXOTO";"417A";"RUA TOBIAS BARRETO";"E/F A CASA DA CULTURA. EM FRENTE A PRAÇA VISCONDE DE MAUÁ.";"SÃO JOSÉ";NA;"SUBURBIO";"ABALROAMENTO TRANSVERSAL";1;"1";"0";"0";"0";"0";"0";"0";"0";"1";"0";"Cruzamento";"Bom";"Não existe";"Perfeito estado";"Seca";"Perfeito estado";"Não existe";"Outras";"";"Única";"Faixa seccionada";"";""
"2949";2020-07-23;"08:15:00";"SEM VÍTIMA";"FINALIZADA";"DERBY";"RUA JENER DE SOUZA";"206";"RUA AMAURI DE MEDEIROS";"AO LADO DO MEMORIAL DE MEDICINA DA UPE";"DERBY";NA;"CIDADE";"ABALROAMENTO TRANSVERSAL";2;"0";"0";"0";"0";"0";"0";"0";"0";"0";"0";"Longo da via";"Bom";"Não existe";"Perfeito estado";"Seca";"Perfeito estado";"Agente";"Placas Pare";"";"Única";"Canteiro central";"";""
"2950";2020-07-23;"08:27:00";"COM VÍTIMA";"FINALIZADA";"BOA VISTA";"AV GOVERNADOR CARLOS DE LIMA CAVALCANTI";"141";"";"LADO OPOSTO AO LABORATORIO LUCILO MARANHÃO.";"BOA VISTA";NA;"SUBURBIO";"ABALROAMENTO TRANSVERSAL";1;"0";"0";"0";"0";"1";"0";"0";"0";"1";"0";"Longo da via";"Bom";"Não existe";"Perfeito estado";"Seca";"Perfeito estado";"Não existe";"Não há placas";"";"Dupla";"Canteiro central";"";""
"2951";2020-07-23;"14:17:00";"COM VÍTIMA";"FINALIZADA";"TORRÕES";"RUA ZUMBI DOS PALMARES";"145";"";"RUA DO MERCADO DO NALDO";"TORRÕES";NA;"SUBURBIO";"COLISÃO COM CICLISTA";NA;"1";"0";"1";"0";"0";"0";"0";"0";"1";"0";"Longo da via";"Bom";"Não existe";"Não existente";"Seca";"Perfeito estado";"Não existe";"R-6c";"30 km/h";"Dupla";"Não existe";"";""
"2952";2020-07-23;"14:35:00";"SEM VÍTIMA";"CANCELADA";"BOA VIAGEM";"RUA VISCONDE DE JEQUITINHONHA";"1874";"";"DEPOIS DO POSTO DE GASOLINA IPIRANGA";"BOA VIAGEM";NA;"";"ACID. DE PERCURSO";NA;"1";"0";"0";"0";"0";"0";"0";"0";"0";"0";"";"";"";"";"";"";"";"";"";"";"";"";""
"2953";2020-07-24;"07:06:00";"COM VÍTIMA";"FINALIZADA";"COELHOS";"RUA FRANCISCO ALVES";"107";"RUA CAPITAO JOSE DA LUZ";"EM FRENTE AO EMPRESARIAL RIO CAPIBARIBE";"COELHOS";NA;"";"ABALROAMENTO LONGITUDINAL";1;"1";"0";"0";"0";"0";"0";"0";"0";"1";"0";"Cruzamento";"Bom";"Não existe";"Perfeito estado";"Seca";"Perfeito estado";"Não existe";"Outras";"";"Dupla";"Faixa contínua";"Faixa seccionada";""
"2954";2020-07-24;"08:02:00";"COM VÍTIMA";"FINALIZADA";"SANTO AMARO";"AV CRUZ CABUGA";"";"";"EM FRENTE AO CEMITÉRIO DOS INGLESES";"SANTO AMARO";"34";"CIDADE";"ATROPELAMENTO";NA;"1";"0";"0";"1";"0";"0";"0";"0";"1";"0";"Longo da via";"Bom";"Sem defeito";"Perfeito estado";"Seca";"Perfeito estado";"Agente";"Não há placas";"60 km/h";"Dupla";"Faixa contínua";"";""
"2955";2020-07-24;"10:20:00";"SEM VÍTIMA";"FINALIZADA";"DERBY";"AV GOVERNADOR AGAMENON MAGALHAES";"";"";"EM FRENTE AO SEMÁFORO Nº 075";"DERBY";"75";"";"COLISÃO TRASEIRA";1;"0";"0";"0";"0";"0";"1";"0";"0";"0";"0";"Longo da via";"Bom";"Sem defeito";"Perfeito estado";"Seca";"Perfeito estado";"Faixa de pedestre";"Outras";"60 km/h";"Dupla";"Canteiro central";"";""
"2956";2020-07-24;"10:33:00";"SEM VÍTIMA";"FINALIZADA";"IMBIRIBEIRA";"RUA DR TAVARES CORREIA";"120";"RUA ALLAN KARDEC";"";"IMBIRIBEIRA";NA;"SUBURBIO";"CHOQUE OBJETO FIXO";NA;"0";"0";"0";"0";"0";"1";"0";"1";"0";"0";"Cruzamento";"Bom";"Não existe";"Perfeito estado";"Seca";"Perfeito estado";"Faixa de retenção";"Placas Pare";"30 km/h";"Única";"Faixa contínua";"";""
"2957";2020-07-24;"11:12:00";"SEM VÍTIMA";"FINALIZADA";"TORRÕES";"RUA ONZE DE FEVEREIRO";"680";"";"LADO OPOSTO SUPER PÃO";"TORRÕES";NA;"SUBURBIO";"CHOQUE VEÍCULO PARADO";1;"0";"0";"0";"0";"0";"1";"0";"0";"0";"0";"Cruzamento";"Bom";"Não existe";"Não existente";"Seca";"Mal conservada";"Não existe";"Não há placas";"";"Dupla";"Não existe";"";""
"2958";2020-07-24;"14:23:00";"COM VÍTIMA";"FINALIZADA";"SANCHO";"AV LIBERDADE";"";"AV TEMPO FELIZ";"E/F AO CEMITERIO PARQUE DAS FLORES  NA ENTRADA DO CONDOMINIO JARDIM PLANALTO";"SANCHO";NA;"";"COLISÃO TRASEIRA";1;"1";"0";"0";"0";"0";"0";"0";"0";"1";"0";"Cruzamento";"Bom";"Não existe";"Perfeito estado";"Seca";"Perfeito estado";"Faixa de pedestre";"R-6c";"";"Dupla";"Faixa contínua";"";""
"2959";2020-07-24;"19:30:00";"SEM VÍTIMA";"CANCELADA";"AREIAS";"AV DR JOSE RUFINO";"1271";"";"ENF AO SUPERMERCADO ARCO IRIS E FARMACIA DOS TRABALHADORES";"AREIAS";NA;"";"COLISÃO";2;"0";"0";"0";"0";"0";"0";"0";"0";"0";"0";"";"";"";"";"";"";"";"";"";"";"";"";""
"2960";2020-07-24;"21:14:00";"COM VÍTIMA";"FINALIZADA";"BOA VIAGEM";"RUA DEZ DE JULHO";"210";"RUA CAMBOIM";"E/F A I GREJA CRISTAL // PRÓX A ESTAÇÃO AEROPORTO- SNT BV";"BOA VIAGEM";NA;"SUBURBIO";"ABALROAMENTO TRANSVERSAL";1;"1";"0";"0";"0";"0";"0";"0";"0";"1";"0";"Cruzamento";"Bom";"Não existe";"Incompleta";"Seca";"Perfeito estado";"Não existe";"Placas Pare";"30 km/h";"Única";"";"";""
"2961";2020-07-25;"10:53:00";"COM VÍTIMA";"FINALIZADA";"AFLITOS";"RUA SAMUEL CAMPELO";"260";"RUA QUARENTA E OITO";"E/F AO EDF. PRAIA DE ITAOCA E GALERIA 218 CENTER.";"AFLITOS";NA;"SUBURBIO";"ABALROAMENTO LONGITUDINAL";2;"1";"0";"0";"0";"0";"0";"0";"0";"1";"0";"Cruzamento";"Bom";"Não existe";"Perfeito estado";"Seca";"Perfeito estado";"Faixa de pedestre";"R-6a";"";"Única";"Faixa seccionada";"";""
"2962";2020-07-25;"11:37:00";"COM VÍTIMA";"FINALIZADA";"BARRO";"AV DR JOSE RUFINO";"1808";"RUA PADRE NOBREGA";"E/F A CRECHE ESCOLA MUNICIPAL DO RECIFE PRES. TANCREDO NEVES";"BARRO";NA;"SUBURBIO";"ABALROAMENTO LONGITUDINAL";1;"1";"0";"0";"0";"0";"0";"0";"0";"1";"0";"Longo da via";"Bom";"Não existe";"Perfeito estado";"Seca";"Perfeito estado";"Não existe";"Não há placas";"";"Dupla";"Faixa contínua";"";""
"2963";2020-07-25;"12:26:00";"COM VÍTIMA";"FINALIZADA";"PRADO";"RUA GOMES TABORDA";"926";"";"PRÓXIMO A PADARIA PLANETA PÃO";"PRADO";NA;"";"COLISÃO COM CICLISTA";1;"0";"0";"1";"0";"0";"1";"0";"0";"1";"0";"Longo da via";"Bom";"Não existe";"Incompleta";"Seca";"Perfeito estado";"Não existe";"R-6a";"";"Dupla";"Faixa seccionada";"";""
"2964";2020-07-25;"17:57:00";"COM VÍTIMA";"FINALIZADA";"CAJUEIRO";"RUA CORONEL URBANO RIBEIRO DE SENA";"930";"RUA SUDESTE";"PROX A ANTIGA RADIO CAPIBARIBE/ EM FRENTE AO MERCADINHO CAPIBARIBE. AO LADO DA DELICATESSEN CAPIBARIBE.";"CAJUEIRO";NA;"SUBURBIO";"ABALROAMENTO TRANSVERSAL";1;"1";"0";"0";"0";"0";"0";"0";"0";"1";"0";"Cruzamento";"Bom";"Não existe";"Perfeito estado";"Seca";"Perfeito estado";"Faixa de pedestre";"R-6a";"20 km/h";"Dupla";"Faixa contínua";"Faixa seccionada";""
"2965";2020-07-25;"22:03:00";"COM VÍTIMA";"FINALIZADA";"BOA VIAGEM";"AV ENGENHEIRO DOMINGOS FERREIRA";"";"RUA HENRIQUE CAPITULINO";"FAIXA DA ESQUERDA // PROX A CORRETORA PAULO MIRANDA- AO LADO DO POSTO BR.";"BOA VIAGEM";"484";"ORLA DE BOA VIAGEM";"ABALROAMENTO TRANSVERSAL";1;"1";"0";"0";"0";"0";"0";"0";"0";"1";"0";"Cruzamento";"Bom";"Sem defeito";"Perfeito estado";"Seca";"Perfeito estado";"Não existe";"Outras";"";"Única";"";"";""
"2966";2020-07-26;"04:16:00";"SEM VÍTIMA";"FINALIZADA";"VÁRZEA";"RUA TENENTE ROLAND RITTMISTER";"224";"";"AO LADO DO Nº224";"VÁRZEA";NA;"";"CAPOTAMENTO";2;"0";"0";"0";"0";"0";"0";"0";"0";"0";"0";"Longo da via";"Chuvoso";"Não existe";"Não existente";"Molhada";"Perfeito estado";"Não existe";"Não há placas";"";"Dupla";"Não existe";"";""
"2967";2020-07-26;"12:58:00";"COM VÍTIMA";"FINALIZADA";"CÓRREGO DO JENIPAPO";"AV NORTE";"";"";"E/F A INTEGRAÇAO DA MACAXEIRA VT 31 E POSTE B033524.";"CÓRREGO DO JENIPAPO";NA;"SUBURBIO";"COLISÃO COM CICLISTA";NA;"1";"0";"1";"0";"0";"0";"0";"0";"1";"0";"Longo da via";"Chuvoso";"Não existe";"Perfeito estado";"Molhada";"Perfeito estado";"Não existe";"Não há placas";"60 km/h";"Única";"Faixa seccionada";"";""
"2968";2020-07-26;"16:24:00";"COM VÍTIMA";"FINALIZADA";"BOA VIAGEM";"AV BOA VIAGEM";"2198";"RUA HENRIQUE CAPITULINO";"EM FRENTE AO BANHEIRO PUBLICO NUMERO 5";"BOA VIAGEM";NA;"CIDADE";"ABALROAMENTO LONGITUDINAL";1;"1";"0";"0";"0";"0";"0";"0";"0";"1";"0";"Longo da via";"Bom";"Sem defeito";"Perfeito estado";"Seca";"Perfeito estado";"Faixa de pedestre";"Não há placas";"";"Única";"Não existe";"";""
"2969";2020-07-26;"21:33:00";"SEM VÍTIMA";"CANCELADA";"JORDÃO";"AV CENTENARIO ALBERTO SANTOS DUMONT";"S/N";"";"POR TRÁS DA AERONAUTICA / APÓS O AEROPORTO";"JORDÃO";NA;"";"CHOQUE OBJETO FIXO";NA;"0";"0";"0";"0";"0";"1";"0";"0";"0";"0";"";"";"";"";"";"";"";"";"";"";"";"";""
"2970";2020-07-27;"07:21:00";"COM VÍTIMA";"FINALIZADA";"BOA VIAGEM";"AV DES JOSE NEVES";"";"RUA DES JOAO PAES";"";"BOA VIAGEM";"567";"SUBURBIO";"ABALROAMENTO TRANSVERSAL";NA;"1";"0";"0";"0";"0";"0";"0";"0";"1";"0";"Cruzamento";"Chuvoso";"Sem defeito";"Perfeito estado";"Molhada";"Perfeito estado";"Faixa de pedestre";"";"";"Dupla";"Canal";"";""
"2971";2020-07-27;"07:58:00";"COM VÍTIMA";"FINALIZADA";"TAMARINEIRA";"EST VELHA DE AGUA FRIA";"647";"";"EM FRENTE A PANIFICADORA MANÁ";"TAMARINEIRA";NA;"CIDADE";"CHOQUE VEÍCULO PARADO";1;"1";"0";"0";"0";"0";"0";"0";"0";"2";"0";"Longo da via";"Bom";"Sem defeito";"Perfeito estado";"Seca";"Perfeito estado";"Outros";"Outras";"";"Dupla";"Faixa contínua";"";""
"2972";2020-07-27;"10:05:00";"SEM VÍTIMA";"FINALIZADA";"GRAÇAS";"AV GOVERNADOR AGAMENON MAGALHAES";"";"RUA DR BANDEIRA FILHO";"EM FRENTE A  ANTIGA EMBRATEL";"GRAÇAS";"173";"SUBURBIO";"COLISÃO";NA;"1";"0";"0";"0";"0";"0";"1";"0";"0";"0";"Cruzamento";"Chuvoso";"Sem defeito";"Perfeito estado";"Seca";"Perfeito estado";"Agente";"";"60 km/h";"Dupla";"Canteiro central";"";""
"2973";2020-07-27;"12:35:00";"SEM VÍTIMA";"FINALIZADA";"IMBIRIBEIRA";"AV PRESIDENTE DUTRA";"600";"RUA GONCALVES DE MAGALHAES";"EM FRENTE AO POSTO BR";"IMBIRIBEIRA";"393";"SUBURBIO";"COLISÃO";2;"0";"0";"0";"0";"0";"0";"0";"0";"0";"0";"";"";"";"";"";"";"";"";"";"";"";"";""
"2974";2020-07-28;"10:02:00";"COM VÍTIMA";"FINALIZADA";"BOA VISTA";"AV GOVERNADOR AGAMENON MAGALHAES";"";"RUA DR BANDEIRA FILHO";"SUPER BOMPREÇO";"BOA VISTA";"173";"SUBURBIO";"COLISÃO COM CICLISTA";1;"0";"0";"1";"0";"0";"0";"0";"0";"1";"0";"Cruzamento";"Bom";"Sem defeito";"Perfeito estado";"Seca";"Perfeito estado";"Outros";"Outras";"60 km/h";"";"Faixa seccionada";"";""
"2975";2020-07-28;"11:49:00";"COM VÍTIMA";"FINALIZADA";"ILHA DO RETIRO";"EST DOS REMEDIOS";"2024";"RUA ASTORGA";"PROX A O  SPORT CLUBE DO RECIFE  AO LADO DA FARMACIA DROGASIL";"ILHA DO RETIRO";NA;"SUBURBIO";"ABALROAMENTO TRANSVERSAL";1;"0";"0";"0";"0";"1";"0";"0";"0";"1";"0";"Longo da via";"Bom";"Não existe";"Perfeito estado";"Seca";"Perfeito estado";"";"Placas Pare";"40 km/h";"";"Faixa contínua";"";""
"2976";2020-07-28;"14:07:00";"COM VÍTIMA";"FINALIZADA";"SÃO JOSÉ";"RUA IMPERIAL";"86";"RUA DO PEIXOTO";"NO SEMAFORO 207 E/F AIGREJA MATRIZ DE SAO JOSE AO LADO DO TRE";"SÃO JOSÉ";"207";"SUBURBIO";"ABALROAMENTO TRANSVERSAL";4;"0";"0";"0";"0";"1";"0";"0";"0";"1";"0";"Cruzamento";"Bom";"Sem defeito";"Perfeito estado";"Seca";"Perfeito estado";"Não existe";"Outras";"40 km/h";"Única";"Faixa seccionada";"";""
"2977";2020-07-28;"14:31:00";"COM VÍTIMA";"FINALIZADA";"CAMPO GRANDE";"RUA ODORICO MENDES";"165";"RUA VISCONDE DE CAIRU";"PROX AO CLUBE DAS PAS";"CAMPO GRANDE";NA;"SUBURBIO";"ABALROAMENTO TRANSVERSAL";NA;"2";"0";"0";"0";"0";"0";"0";"0";"1";"0";"Cruzamento";"Bom";"Não existe";"Perfeito estado";"Seca";"Perfeito estado";"Não existe";"Placas Pare";"40 km/h";"Dupla";"Faixa seccionada";"";""
"2978";2020-07-28;"14:45:00";"COM VÍTIMA";"FINALIZADA";"DOIS UNIDOS";"AV HILDEBRANDO DE VASCONCELOS";"563";"";"ANTES DA FABRICA DA MINERVA- PRÓXIMO A CIP CÃES.";"DOIS UNIDOS";NA;"SUBURBIO";"COLISÃO TRASEIRA";1;"0";"0";"0";"0";"1";"0";"0";"0";"1";"0";"Longo da via";"Bom";"Não existe";"Perfeito estado";"Seca";"Perfeito estado";"Não existe";"Não há placas";"";"Dupla";"Não existe";"";""
"2979";2020-07-28;"16:13:00";"SEM VÍTIMA";"FINALIZADA";"BOA VIAGEM";"AV BOA VIAGEM";"704";"";"EM FRENTE AO EDF. NÁPOLIS";"BOA VIAGEM";NA;"CIDADE";"ABALROAMENTO LONGITUDINAL";2;"0";"0";"0";"0";"0";"0";"0";"1";"0";"0";"Longo da via";"Bom";"Não existe";"Perfeito estado";"Seca";"Perfeito estado";"Não existe";"Não há placas";"";"Única";"Faixa contínua";"";""
"2980";2020-07-28;"16:13:00";"COM VÍTIMA";"CANCELADA";"CAMPINA DO BARRETO";"RUA DAS MOCAS";"1294";"";"PROX A PIZZARIA ATLANTICO";"CAMPINA DO BARRETO";NA;"";"COLISÃO";1;"1";"0";"0";"0";"0";"0";"0";"0";"1";"0";"";"";"";"";"";"";"";"";"";"";"";"";""
"2981";2020-07-28;"17:23:00";"SEM VÍTIMA";"FINALIZADA";"GRAÇAS";"RUA JOAQUIM NABUCO";"";"";"";"GRAÇAS";NA;"SUBURBIO";"COLISÃO TRASEIRA";2;"0";"0";"0";"0";"0";"0";"0";"0";"0";"0";"Longo da via";"Bom";"Sem defeito";"Perfeito estado";"Seca";"Perfeito estado";"Outros";"";"";"Única";"Faixa seccionada";"";""
"2982";2020-07-28;"19:17:00";"COM VÍTIMA";"CANCELADA";"BOA VIAGEM";"RUA SA E SOUZA";"";"RUA CAPITAO ZUZINHA";"SEMÁFORO 420 / E/F A PADARIA SANTA ROSA";"BOA VIAGEM";NA;"";"COLISÃO";NA;"2";"0";"0";"0";"0";"0";"0";"0";"2";"0";"";"";"";"";"";"";"";"";"";"";"";"";""
"2983";2020-07-28;"19:39:00";"SEM VÍTIMA";"CANCELADA";"AFOGADOS";"RUA SAO MIGUEL";"268";"";"NA FAIXA EXCLUSIVA DE ONIBUS ENF. AO DEPATRI";"AFOGADOS";NA;"";"COLISÃO";1;"0";"0";"0";"0";"1";"0";"0";"0";"0";"0";"";"";"";"";"";"";"";"";"";"";"";"";""
"2984";2020-07-28;"19:41:00";"COM VÍTIMA";"FINALIZADA";"ÁGUA FRIA";"RUA SAO SEBASTIAO";"694";"";"PRÓX A ENTRADA DA BOMBA DO HEMETERIO E POSTO DA BOMBA";"ÁGUA FRIA";NA;"";"ABALROAMENTO LONGITUDINAL";NA;"2";"0";"0";"0";"0";"0";"0";"0";"1";"0";"Longo da via";"Bom";"Não existe";"";"Seca";"Perfeito estado";"Não existe";"Não há placas";"";"Dupla";"Faixa contínua";"";""