"";"data";"hora";"natureza_acidente";"situacao";"bairro";"endereco";"numero";"detalhe_endereco_acidente";"complemento";"bairro_cruzamento";"num_semaforo";"sentido_via";"tipo";"auto";"moto";"ciclom";"ciclista";"pedestre";"onibus";"caminhao";"viatura";"outros";"vitimas";"vitimasfatais";"acidente_verificado";"tempo_clima";"situacao_semaforo";"sinalizacao";"condicao_via";"conservacao_via";"ponto_controle";"situacao_placa";"velocidade_max_via";"mao_direcao";"divisao_via1";"divisao_via2";"divisao_via3"
"3098";2020-08-17;"21:20:00";"COM VÍTIMA";"FINALIZADA";"SANTO AMARO";"AV CRUZ CABUGA";"";"AV NORTE";"AO LADA DA CASA DA INDUSTRIA";"SANTO AMARO";NA;"SUBURBIO";"ABALROAMENTO TRANSVERSAL";1;"0";"0";"0";"0";"1";"0";"0";"0";"1";"0";"Cruzamento";"Bom";"Sem defeito";"Perfeito estado";"Seca";"Perfeito estado";"Faixa de pedestre";"";"";"Dupla";"Canteiro central";"";""
"3099";2020-08-17;"21:26:00";"COM VÍTIMA";"FINALIZADA";"BOA VIAGEM";"AV CONSELHEIRO AGUIAR";"4200";"RUA RIBEIRO DE BRITO";"SEMÁFORO 147 / E/F AO EDF HOLIDAY";"BOA VIAGEM";"147";"CIDADE";"ABALROAMENTO TRANSVERSAL";1;"1";"0";"0";"0";"0";"0";"0";"0";"1";"0";"Cruzamento";"Chuvoso";"Sem defeito";"Perfeito estado";"Molhada";"Perfeito estado";"Faixa de pedestre";"R-6a";"";"Única";"Faixa contínua";"";""
"3100";2020-08-18;"10:19:00";"COM VÍTIMA";"FINALIZADA";"SANTO ANTÔNIO";"RUA FLORIANO PEIXOTO";"";"RUA TOBIAS BARRETO";"EM FRENTE A CASA DA CULTIURA";"SANTO ANTÔNIO";NA;"SUBURBIO";"ABALROAMENTO LONGITUDINAL";NA;"1";"0";"0";"0";"1";"0";"0";"0";"1";"0";"Cruzamento";"Bom";"Não existe";"Perfeito estado";"Seca";"Perfeito estado";"Não existe";"Outras";"";"Única";"Faixa seccionada";"";""
"3101";2020-08-18;"11:36:00";"SEM VÍTIMA";"FINALIZADA";"BOA VIAGEM";"AV ENGENHEIRO DOMINGOS FERREIRA";"";"RUA FELIX DE BRITO E MELO";"SOB O SEMÁFORO Nº 545";"BOA VIAGEM";"545";"SUBURBIO";"ABALROAMENTO TRANSVERSAL";1;"0";"0";"0";"0";"0";"1";"0";"0";"0";"0";"Cruzamento";"Bom";"Sem defeito";"Perfeito estado";"Seca";"Perfeito estado";"Faixa de pedestre";"R-6a";"";"Única";"Faixa seccionada";"Canteiro central";""
"3102";2020-08-18;"14:52:00";"COM VÍTIMA";"FINALIZADA";"BOA VISTA";"RUA JOAO FERNANDES VIEIRA";"";"RUA DR BANDEIRA FILHO";"E/F A PRAÇA";"BOA VISTA";NA;"SUBURBIO";"ABALROAMENTO LONGITUDINAL";2;"1";"0";"0";"0";"0";"0";"0";"0";"1";"0";"Longo da via";"Bom";"Não existe";"Ilegível";"Seca";"Perfeito estado";"Não existe";"Não há placas";"60 km/h";"Única";"Não existe";"";""
"3103";2020-08-18;"17:45:00";"COM VÍTIMA";"FINALIZADA";"MADALENA";"AV BEIRA RIO";"591";"";"E/F AO EDF RIO CAPIBARIBE";"MADALENA";NA;"CIDADE";"ABALROAMENTO LONGITUDINAL";1;"1";"0";"0";"0";"0";"0";"0";"0";"2";"0";"Longo da via";"Bom";"Não existe";"Perfeito estado";"Seca";"Perfeito estado";"Não existe";"Não há placas";"40 km/h";"";"Faixa seccionada";"";""
"3104";2020-08-18;"21:57:00";"COM VÍTIMA";"FINALIZADA";"BOA VIAGEM";"RUA ANTONIO LUMACK DO MONTE";"203";"";"EM FRENTE AO HOTEL IMPERIAL SUITE- PROXIMO AO SHOPPING RECIFE";"BOA VIAGEM";NA;"SENT. RUA PADRE CARAPUCEIRO";"CHOQUE VEÍCULO PARADO";1;"1";"0";"0";"0";"0";"0";"0";"0";"1";"0";"Longo da via";"Bom";"Não existe";"Perfeito estado";"Seca";"Perfeito estado";"Não existe";"Outras";"";"Única";"Não existe";"";""
"3105";2020-08-19;"07:23:00";"COM VÍTIMA";"FINALIZADA";"IPUTINGA";"AV CAXANGA";"";"";"EM FRENTE À CAXANGÁ VEÍCULOS";"IPUTINGA";"270";"SUBURBIO";"ATROPELAMENTO";NA;"0";"0";"0";"1";"0";"0";"0";"0";"1";"0";"Longo da via";"Bom";"Sem defeito";"Perfeito estado";"Seca";"Perfeito estado";"Faixa de pedestre";"Não há placas";"60 km/h";"Dupla";"Canteiro central";"";""
"3106";2020-08-19;"10:39:00";"SEM VÍTIMA";"FINALIZADA";"MANGUEIRA";"RUA MANDARI";"";"";"PROX. À ESTAÇÃO MANGUEIRA";"MANGUEIRA";NA;"";"COLISÃO";2;"0";"0";"0";"0";"0";"0";"1";"0";"0";"0";"";"";"";"";"";"";"";"";"";"";"";"";""
"3107";2020-08-19;"13:23:00";"SEM VÍTIMA";"FINALIZADA";"IPUTINGA";"AV CAXANGA";"";"EST DO BARBALHO";"NO SEMÁFORO 533";"IPUTINGA";"533";"CIDADE";"COLISÃO";1;"1";"0";"0";"0";"0";"0";"0";"0";"0";"0";"";"";"";"";"";"";"";"";"";"";"";"";""
"3108";2020-08-24;"07:28:00";"SEM VÍTIMA";"FINALIZADA";"IBURA";"AV CHAPADA DO ARARIPE";"57";"";"EM FRENTE AO Nº 57";"IBURA";NA;"";"COLISÃO FRONTAL";2;"0";"0";"0";"0";"0";"0";"0";"0";"0";"0";"Longo da via";"Bom";"Não existe";"Não existente";"Seca";"Perfeito estado";"Não existe";"Não há placas";"";"Dupla";"Não existe";"";""
"3109";2020-08-19;"14:45:00";"SEM VÍTIMA";"FINALIZADA";"ESPINHEIRO";"AV CONSELHEIRO AGUIAR";"431";"";"";"ESPINHEIRO";NA;"SUBURBIO";"CHOQUE OBJETO FIXO";1;"0";"0";"0";"0";"0";"0";"0";"0";"0";"0";"Longo da via";"Bom";"Não existe";"Perfeito estado";"Seca";"Perfeito estado";"Não existe";"";"";"Única";"Faixa contínua";"Faixa seccionada";""
"3110";2020-08-19;"14:45:00";"SEM VÍTIMA";"FINALIZADA";"BOA VISTA";"AV CONDE DA BOA VISTA";"";"";"EM FRENTE AO SEMÁFORO Nº 025";"BOA VISTA";NA;"";"ABALROAMENTO TRANSVERSAL";2;"0";"0";"0";"0";"0";"0";"0";"0";"0";"0";"Longo da via";"Chuvoso";"Sem defeito";"Perfeito estado";"Molhada";"Perfeito estado";"Não existe";"Não há placas";"";"Dupla";"Canteiro central";"";""
"3111";2020-08-19;"14:30:00";"COM VÍTIMA";"FINALIZADA";"BOA VISTA";"AV GOVERNADOR AGAMENON MAGALHAES";"";"RUA JOAO FERNANDES VIEIRA";"COMEÇO DA PRAÇA PARQUE AMORIM.";"BOA VISTA";NA;"";"ABALROAMENTO LONGITUDINAL";NA;"1";"0";"0";"0";"1";"0";"0";"0";"1";"0";"";"";"";"";"";"";"";"";"";"";"";"";""
"3112";2020-08-19;"17:07:00";"COM VÍTIMA";"FINALIZADA";"MANGABEIRA";"AV NORTE";"4578";"RUA DA MANGABEIRA";"NO SEMÁFORO 096";"MANGABEIRA";"96";"SUBURBIO";"CHOQUE OBJETO FIXO";1;"1";"0";"0";"0";"0";"0";"0";"0";"2";"0";"Longo da via";"Bom";"Sem defeito";"Perfeito estado";"Seca";"Perfeito estado";"Faixa de pedestre";"Não há placas";"";"Única";"Canteiro central";"";""
"3113";2020-08-19;"18:38:00";"COM VÍTIMA";"FINALIZADA";"BEBERIBE";"AV BEBERIBE";"4575";"";"EM FRENTE A LOJA MAGAZINE LUIZA";"BEBERIBE";NA;"CIDADE";"COLISÃO FRONTAL";1;"1";"0";"0";"0";"0";"0";"0";"0";"1";"0";"Longo da via";"Bom";"Não existe";"Não existente";"Seca";"Perfeito estado";"Não existe";"Não há placas";"";"Dupla";"Não existe";"";""
"3114";2020-08-19;"18:53:00";"COM VÍTIMA";"FINALIZADA";"ALTO JOSÉ DO PINHO";"AV NORTE";"4861";"";"EM FRENTE AO ARMAZÉM CORAL";"ALTO JOSÉ DO PINHO";NA;"CIDADE";"ATROPELAMENTO";1;"1";"0";"0";"1";"0";"0";"0";"0";"1";"0";"Longo da via";"Bom";"Não existe";"Perfeito estado";"Seca";"Perfeito estado";"Não existe";"Não há placas";"40 km/h";"Dupla";"Canteiro central";"";""
"3115";2020-08-19;"19:32:00";"COM VÍTIMA";"FINALIZADA";"VÁRZEA";"RUA PROFESSOR ANTONIO COELHO";"447";"RUA MARECHAL MANOEL LUIS OSORIO";"E/F AO COLÉGIO PONTUAL E HOSPITAL HAPVIDA";"VÁRZEA";NA;"";"ABALROAMENTO TRANSVERSAL";NA;"1";"0";"0";"0";"1";"0";"0";"0";"1";"0";"Cruzamento";"Bom";"Não existe";"Perfeito estado";"Seca";"Perfeito estado";"Faixa de pedestre";"Placas Pare";"30 km/h";"Dupla";"Faixa seccionada";"";""
"3116";2020-08-20;"07:24:00";"COM VÍTIMA";"FINALIZADA";"CASA AMARELA";"RUA DA ESTRELA";"183";"RUA ASTRONAUTA NEIL ARMSTRONG";"";"CASA AMARELA";NA;"SUBURBIO";"ABALROAMENTO TRANSVERSAL";1;"1";"0";"0";"0";"0";"0";"0";"0";"1";"0";"Longo da via";"Bom";"Não existe";"Incompleta";"Seca";"Perfeito estado";"Não existe";"Não há placas";"";"Dupla";"Não existe";"";""
"3117";2020-08-20;"08:08:00";"COM VÍTIMA";"FINALIZADA";"BOA VISTA";"RUA PRINCESA IZABEL";"";"RUA DA AURORA";"SECRETARIA DE DEFESA SOCIAL. POLÍCIA CIVIL DE PERNAMBUCO.";"BOA VISTA";"22";"SUBURBIO";"ABALROAMENTO LONGITUDINAL";2;"1";"0";"0";"0";"0";"0";"0";"0";"1";"0";"Cruzamento";"Bom";"Sem defeito";"Perfeito estado";"Seca";"Perfeito estado";"Agente";"Não há placas";"";"Única";"Não existe";"";""
"3118";2020-08-20;"11:15:00";"COM VÍTIMA";"FINALIZADA";"ALTO JOSÉ DO PINHO";"COR DO BARTOLOMEU";"124";"";"LADO OPOSTO A PADARIA ANDRÉA";"ALTO JOSÉ DO PINHO";NA;"CIDADE";"ATROPELAMENTO";NA;"1";"0";"0";"1";"0";"0";"0";"0";"1";"0";"Longo da via";"Bom";"Não existe";"Incompleta";"Seca";"Mal conservada";"Não existe";"Não há placas";"";"Dupla";"Faixa seccionada";"";""
"3119";2020-08-20;"11:57:00";"COM VÍTIMA";"FINALIZADA";"IBURA";"RUA PINTOR AGENOR DE ALBUQUERQUE CESAR";"369";"";"PROX AO SESI DO BARRO";"IBURA";NA;"";"COLISÃO";1;"1";"0";"0";"0";"0";"0";"0";"0";"1";"0";"";"";"";"";"";"";"";"";"";"";"";"";""
"3120";2020-08-20;"12:33:00";"COM VÍTIMA";"FINALIZADA";"BOA VIAGEM";"AV ENGENHEIRO DOMINGOS FERREIRA";"";"RUA ARTUR MUNIZ";"PROX A O EXTRA. EM FRENTE AO CERPE DIAGNÓSTICO.";"BOA VIAGEM";"380";"SUBURBIO";"ABALROAMENTO TRANSVERSAL";1;"1";"0";"0";"0";"0";"0";"0";"0";"1";"0";"Cruzamento";"Bom";"Sem defeito";"Perfeito estado";"Seca";"Perfeito estado";"Faixa de pedestre";"";"60 km/h";"Única";"Canteiro central";"";""
"3121";2020-08-20;"15:20:00";"COM VÍTIMA";"FINALIZADA";"CAXANGÁ";"RUA RIBEIRO PESSOA";"931";"";"PROX UPA DA CAXANGA E HOTEL TURQUESA.";"CAXANGÁ";NA;"";"ABALROAMENTO LONGITUDINAL";2;"0";"0";"0";"0";"0";"1";"0";"0";"1";"0";"Longo da via";"Bom";"Não existe";"Incompleta";"Seca";"Mal conservada";"Não existe";"Outras";"";"Dupla";"Faixa seccionada";"";""
"3122";2020-08-20;"17:01:00";"SEM VÍTIMA";"FINALIZADA";"VASCO DA GAMA";"RUA VASCO DA GAMA";"464";"";"EM FRENTE A IGREJA CATOLICA";"VASCO DA GAMA";NA;"SUBURBIO";"COLISÃO";2;"0";"0";"0";"0";"0";"0";"0";"0";"0";"0";"Longo da via";"Bom";"Não existe";"Não existente";"Seca";"Perfeito estado";"Agente";"R-6a";"30 km/h";"Dupla";"Não existe";"";""
"3123";2020-08-21;"01:03:00";"COM VÍTIMA";"CANCELADA";"BOA VIAGEM";"AV CONSELHEIRO AGUIAR";"";"RUA ARTUR MUNIZ";"PRÓXIMO A MAC'DONALDS";"BOA VIAGEM";NA;"CIDADE";"COLISÃO";NA;"0";"0";"0";"0";"0";"0";"0";"0";"1";"0";"";"";"";"";"";"";"";"";"";"";"";"";""
"3124";2020-08-21;"07:08:00";"COM VÍTIMA";"FINALIZADA";"BOA VIAGEM";"RUA PROFESSOR JOAO MEDEIROS";"";"RUA RIBEIRO DE BRITO";"EM FRENTE AO RESTAURANTE MISTER FIT";"BOA VIAGEM";"332";"CIDADE";"ABALROAMENTO TRANSVERSAL";1;"1";"0";"0";"0";"0";"0";"0";"0";"1";"0";"Cruzamento";"Chuvoso";"Com defeito";"Perfeito estado";"Molhada";"Perfeito estado";"Faixa de pedestre";"Outras";"";"Única";"Faixa";"";""
"3125";2020-08-21;"09:10:00";"COM VÍTIMA";"FINALIZADA";"BONGI";"AV ENGENHEIRO ABDIAS DE CARVALHO";"";"";"LADO OPOSTO AO ARENA DO CAMARÃO. EM FRENTE A CHESF.";"BONGI";NA;"CIDADE";"COLISÃO TRASEIRA";2;"0";"0";"0";"0";"0";"0";"0";"0";"1";"0";"Longo da via";"Bom";"Não existe";"Perfeito estado";"Seca";"Perfeito estado";"Não existe";"R-6a";"60 km/h";"Dupla";"Faixa seccionada";"Canteiro central";""
"3126";2020-08-21;"13:22:00";"COM VÍTIMA";"FINALIZADA";"TAMARINEIRA";"RUA JUNDIA";"";"RUA IBIAPABA";"EM FRENTE A FERREIRA COSTA";"TAMARINEIRA";NA;"";"ABALROAMENTO TRANSVERSAL";1;"1";"0";"0";"0";"0";"0";"0";"0";"1";"0";"Cruzamento";"Bom";"Não existe";"Perfeito estado";"Seca";"Perfeito estado";"Não existe";"Placas Pare";"";"Dupla";"Não existe";"";""
"3127";2020-08-21;"19:44:00";"COM VÍTIMA";"FINALIZADA";"TORRE";"RUA LEONARDO BEZERRA CAVALCANTE";"340";"";"ENF. AO EDF PORTAL DE CAPIBARIBE E MUSEU MIRILO LAGREGA.";"TORRE";NA;"CIDADE";"ABALROAMENTO TRANSVERSAL";1;"1";"0";"0";"0";"0";"0";"0";"0";"1";"0";"Longo da via";"Bom";"Não existe";"Perfeito estado";"Seca";"Perfeito estado";"Não existe";"Não há placas";"";"Dupla";"Faixa contínua";"";""
"3128";2020-08-22;"04:25:00";"COM VÍTIMA";"FINALIZADA";"BOA VIAGEM";"AVENIDA CELSO FURTADO (VIA MANGUE)";"";"";"PRÓXIMO AO BOMPREÇO - SENTIDO BOA VIAGEM";"BOA VIAGEM";NA;"";"ACID. DE PERCURSO";NA;"0";"0";"0";"0";"0";"0";"0";"0";"1";"0";"";"";"";"";"";"";"";"";"";"";"";"";""
"3129";2020-08-22;"08:19:00";"COM VÍTIMA";"FINALIZADA";"IMBIRIBEIRA";"RUA ARQUITETO LUIZ NUNES";"1113";"";"EM FRENTE A IGREJA DOS MORMOS / PROX AO RESIDENCIAL PINHEIROS";"IMBIRIBEIRA";NA;"CIDADE";"ABALROAMENTO TRANSVERSAL";1;"1";"0";"0";"0";"0";"0";"0";"0";"1";"0";"Longo da via";"Bom";"Sem defeito";"Perfeito estado";"Seca";"Perfeito estado";"Não existe";"Outras";"";"Dupla";"Faixa contínua";"";""
"3130";2020-08-22;"11:21:00";"COM VÍTIMA";"FINALIZADA";"BEBERIBE";"AV BEBERIBE";"";"";"EM FRENTE AO ESTADIO DO ARRUDA E PROX AO ARMAZEM CORAL";"BEBERIBE";NA;"SUBURBIO";"ABALROAMENTO TRANSVERSAL";1;"1";"0";"0";"0";"0";"0";"0";"0";"1";"0";"Longo da via";"Bom";"Não existe";"Perfeito estado";"Seca";"Perfeito estado";"";"R-6a";"";"Dupla";"Faixa contínua";"";""
"3131";2020-08-22;"13:28:00";"COM VÍTIMA";"FINALIZADA";"PRADO";"AV ENGENHEIRO ABDIAS DE CARVALHO";"";"RUA SANTA EDWIRGES";"NO CRUZAMENTO DO SEMAFO 354";"PRADO";"354";"CIDADE";"ABALROAMENTO LONGITUDINAL";1;"1";"0";"0";"0";"0";"0";"0";"0";"1";"0";"Cruzamento";"Bom";"Sem defeito";"Perfeito estado";"Seca";"Perfeito estado";"Faixa de pedestre";"Outras";"";"Dupla";"Canteiro central";"";""
"3132";2020-08-22;"13:30:00";"COM VÍTIMA";"FINALIZADA";"BOA VIAGEM";"VIADUTO TANCREDO NEVES";"";"";"EM CIMA DO VIADUTO TANCREDO NEVES. NA ALÇA DO ATACADÃO.";"BOA VIAGEM";NA;"SUBURBIO";"CHOQUE OBJETO FIXO";1;"1";"0";"0";"0";"0";"0";"0";"0";"1";"0";"Longo da via";"Bom";"Não existe";"Incompleta";"Seca";"Perfeito estado";"Não existe";"Não há placas";"";"Única";"Canteiro central";"";""
"3133";2020-08-22;"17:25:00";"COM VÍTIMA";"FINALIZADA";"IBURA";"RUA EXP FRANCISCO VITORIANO";"83A";"RUA POETA MARIO DE ALENCAR";"DEPOIS DO MERCADINHO QUE ECONOMIA";"IBURA";NA;"SUBURBIO";"ATROPELAMENTO";1;"0";"0";"0";"5";"0";"0";"0";"0";"5";"0";"Cruzamento";"Chuvoso";"Não existe";"Incompleta";"Molhada";"Mal conservada";"Não existe";"Não há placas";"30 km/h";"Dupla";"Não existe";"";""
"3134";2020-08-22;"17:50:00";"SEM VÍTIMA";"FINALIZADA";"BOA VISTA";"AV CONDE DA BOA VISTA";"";"";"EM FRENTE AO SEMÁFORO Nº 025";"BOA VISTA";NA;"";"ABALROAMENTO TRANSVERSAL";2;"0";"0";"0";"0";"0";"0";"0";"0";"0";"0";"Longo da via";"Chuvoso";"Sem defeito";"Perfeito estado";"Molhada";"Perfeito estado";"Não existe";"Não há placas";"";"Dupla";"Canteiro central";"";""
"3135";2020-08-23;"03:20:00";"COM VÍTIMA";"FINALIZADA";"BOA VIAGEM";"AV CONSELHEIRO AGUIAR";"";"RUA SEVERINO BERNARDINO PEREIRA";"";"BOA VIAGEM";"125";"CIDADE";"ABALROAMENTO TRANSVERSAL";1;"1";"0";"0";"0";"0";"0";"0";"0";"1";"0";"Cruzamento";"Bom";"Sem defeito";"Perfeito estado";"Seca";"Perfeito estado";"Faixa de pedestre";"Outras";"";"Única";"Faixa seccionada";"";""
"3136";2020-08-23;"08:00:00";"SEM VÍTIMA";"CANCELADA";"ESPINHEIRO";"RUA MARQUES DO PARANA";"150";"";"EM FRENTE AO EDIFICIO SOLAR DO ESPINHEIRO";"ESPINHEIRO";NA;"";"COLISÃO";1;"1";"0";"0";"0";"0";"0";"0";"0";"0";"0";"";"";"";"";"";"";"";"";"";"";"";"";""
"3137";2020-08-23;"10:39:00";"SEM VÍTIMA";"FINALIZADA";"IBURA";"AV CHAPADA DO ARARIPE";"57";"";"EM FRENTE AO Nº 57";"IBURA";NA;"";"COLISÃO FRONTAL";2;"0";"0";"0";"0";"0";"0";"0";"0";"0";"0";"Longo da via";"Bom";"Não existe";"Não existente";"Seca";"Perfeito estado";"Não existe";"Não há placas";"";"Dupla";"Não existe";"";""
"3138";2020-08-23;"13:41:00";"COM VÍTIMA";"FINALIZADA";"IMBIRIBEIRA";"AV PRESIDENTE DUTRA";"";"";"NA SUBIDA DO VIADUTO TANCREDO NEVES S/T CEASA.";"IMBIRIBEIRA";NA;"CEASA";"ABALROAMENTO LONGITUDINAL";NA;"1";"0";"0";"0";"0";"0";"0";"0";"1";"0";"Longo da via";"Bom";"Não existe";"Ilegível";"Seca";"Perfeito estado";"Não existe";"Não há placas";"";"Dupla";"Blocos";"";""
"3139";2020-08-23;"14:57:00";"COM VÍTIMA";"FINALIZADA";"BOA VIAGEM";"RUA CAMBOIM";"210";"RUA DEZ DE JULHO";"EM FRENTE A MAISON CHRISTAL RECEPÇÕES";"BOA VIAGEM";NA;"CIDADE";"ABALROAMENTO TRANSVERSAL";2;"0";"0";"0";"0";"0";"0";"0";"0";"1";"0";"Cruzamento";"Bom";"Não existe";"Perfeito estado";"Seca";"Perfeito estado";"Não existe";"Placas Pare";"";"Única";"Faixa seccionada";"";""
"3140";2020-08-23;"18:38:00";"SEM VÍTIMA";"CANCELADA";"TORRÕES";"RUA CARLOS GOMES";"";"RUA DO FORTE";"PROX A LOJA DE BOMBA HIDROVITAL";"TORRÕES";NA;"";"COLISÃO";2;"0";"0";"0";"0";"0";"0";"0";"0";"0";"0";"";"";"";"";"";"";"";"";"";"";"";"";""
"3141";2020-08-23;"19:39:00";"SEM VÍTIMA";"FINALIZADA";"ESPINHEIRO";"AV CONS ROSA E SILVA";"431";"";"";"ESPINHEIRO";NA;"SUBURBIO";"CHOQUE OBJETO FIXO";1;"0";"0";"0";"0";"0";"0";"0";"0";"0";"0";"Longo da via";"Bom";"Não existe";"Perfeito estado";"Seca";"Perfeito estado";"Não existe";"";"";"Única";"Faixa contínua";"Faixa seccionada";""
"3142";2020-08-24;"06:45:00";"COM VÍTIMA";"FINALIZADA";"IMBIRIBEIRA";"AV MARECHAL MASCARENHAS DE MORAES";"4861";"";"EM FRENTE A FACULDADE FPS";"IMBIRIBEIRA";NA;"CIDADE";"ABALROAMENTO LONGITUDINAL";NA;"1";"0";"0";"0";"1";"1";"0";"0";"2";"0";"Longo da via";"Bom";"Sem defeito";"Perfeito estado";"Seca";"Perfeito estado";"Não existe";"R-6a";"";"Dupla";"Faixa seccionada";"Canteiro central";""
"3143";2020-08-24;"07:53:00";"COM VÍTIMA";"FINALIZADA";"DOIS IRMÃOS";"RUA MANUEL DE MEDEIROS";"2022";"AV LUIZ ANTONIO DE ARAUJO";"EM FRENTE A BORRACHARIA DO NADO.";"DOIS IRMÃOS";NA;"SUBURBIO";"ABALROAMENTO LONGITUDINAL";NA;"2";"0";"0";"0";"0";"0";"0";"0";"1";"0";"Esquina";"Bom";"Não existe";"Perfeito estado";"Seca";"Perfeito estado";"Não existe";"R-6a";"";"Dupla";"Faixa seccionada";"";""
"3144";2020-08-24;"10:41:00";"SEM VÍTIMA";"FINALIZADA";"TORRE";"RUA REAL DA TORRE";"1645";"RUA VISCONDE DE ITAPARICA";"EM FRENTE A ESCOLA DESPERTAR";"TORRE";NA;"";"COLISÃO";1;"0";"0";"0";"0";"0";"0";"1";"0";"0";"0";"Cruzamento";"Bom";"Não existe";"Incompleta";"Seca";"Perfeito estado";"Não existe";"Outras";"n/i";"Única";"Não existe";"";""
"3145";2020-08-24;"12:21:00";"COM VÍTIMA";"FINALIZADA";"TEJIPIÓ";"RUA DO SANCHO";"79";"RUA SARGENTO JUVENCIO";"DEPOIS DA ESTACÃO DO METRO DE TEJIPIO";"TEJIPIÓ";NA;"";"ABALROAMENTO LONGITUDINAL";2;"1";"0";"0";"0";"0";"0";"0";"0";"1";"0";"Esquina";"Bom";"Não existe";"Não existente";"Seca";"Mal conservada";"Não existe";"Não há placas";"";"Dupla";"Não existe";"";""
"3146";2020-08-24;"15:10:00";"COM VÍTIMA";"FINALIZADA";"ESPINHEIRO";"RUA BUENOS AYRES";"166";"";"PROX AO BANCO DO NORDESTE";"ESPINHEIRO";NA;"";"COLISÃO";1;"0";"1";"0";"0";"0";"0";"0";"0";"1";"0";"";"";"";"";"";"";"";"";"";"";"";"";""
"3147";2020-08-24;"18:33:00";"COM VÍTIMA";"CANCELADA";"PASSARINHO";"EST DE PASSARINHO";"";"";"PROXIMO DA FABRICA POUPE FRUTA- PROXIMO DA ASSEMBLEIA";"PASSARINHO";NA;"";"COLISÃO COM CICLISTA";NA;"0";"0";"1";"0";"0";"1";"0";"0";"1";"0";"";"";"";"";"";"";"";"";"";"";"";"";""
"3148";2020-08-24;"22:40:00";"COM VÍTIMA";"FINALIZADA";"CAJUEIRO";"AV CIDADE DE MONTEIRO";"";"";"PROXIMO DO ARMAZEM CORAL- PROXIMO DO MARTELINHO DE OURO";"CAJUEIRO";NA;"OLINDA";"ABALROAMENTO LONGITUDINAL";1;"1";"0";"0";"0";"0";"0";"0";"0";"2";"0";"Longo da via";"Bom";"Sem defeito";"Perfeito estado";"Seca";"Mal iluminada";"Não existe";"Não há placas";"60 km/h";"Dupla";"Faixa contínua";"";""
"3149";2020-08-25;"06:45:00";"COM VÍTIMA";"FINALIZADA";"IPSEP";"AV RECIFE";"3021";"";"LADO OPOSTO AO POSTO FEDERAL SENTIDO AEROPORTO";"IPSEP";NA;"";"ATROPELAMENTO";1;"0";"0";"0";"2";"0";"0";"0";"0";"2";"0";"Longo da via";"Bom";"Não existe";"Perfeito estado";"Seca";"Perfeito estado";"Não existe";"Não há placas";"";"Dupla";"Canteiro central";"";""
"3150";2020-08-25;"07:34:00";"COM VÍTIMA";"FINALIZADA";"TORRÕES";"AV ENGENHEIRO ABDIAS DE CARVALHO";"3068";"";"EM BAIXO DO SEMAFORO 272 EM FRENTE AO SOS AUTO PEÇAS";"TORRÕES";"272";"CIDADE";"COLISÃO TRASEIRA";1;"1";"0";"0";"0";"0";"0";"0";"0";"1";"0";"Longo da via";"Bom";"Sem defeito";"Perfeito estado";"Seca";"Perfeito estado";"Faixa de pedestre";"Outras";"";"Dupla";"Faixa contínua";"Faixa seccionada";"Canteiro central"
"3151";2020-08-25;"08:05:00";"COM VÍTIMA";"FINALIZADA";"BOA VIAGEM";"RUA DEZ DE JULHO";"";"RUA WALDEMAR NERY CARNEIRO MONTEIRO";"EM FRENTE AO EDIFICIO  TANGARA";"BOA VIAGEM";"573";"CIDADE";"COLISÃO TRASEIRA";NA;"1";"0";"0";"0";"1";"0";"0";"0";"1";"0";"Longo da via";"Bom";"Sem defeito";"Incompleta";"Seca";"Perfeito estado";"Faixa de pedestre";"Não há placas";"";"Única";"Faixa seccionada";"";""
"3152";2020-08-25;"09:01:00";"COM VÍTIMA";"FINALIZADA";"VÁRZEA";"AV AFONSO OLINDENSE";"690";"RUA AMOROSO COSTA";"";"VÁRZEA";NA;"SUBURBIO";"ABALROAMENTO LONGITUDINAL";1;"1";"0";"0";"0";"0";"0";"0";"0";"1";"0";"Longo da via";"Bom";"Não existe";"Perfeito estado";"Seca";"Perfeito estado";"Não existe";"Outras";"30 km/h";"Dupla";"Faixa contínua";"Faixa seccionada";""
"3153";2020-08-25;"09:59:00";"COM VÍTIMA";"FINALIZADA";"MADALENA";"AV VISCONDE DE ALBUQUERQUE";"";"";"EM FRENTE AO HOSPITAL D'AVILA";"MADALENA";"413";"SUBURBIO";"CHOQUE VEÍCULO PARADO";1;"1";"0";"0";"0";"0";"0";"0";"0";"1";"0";"Longo da via";"Bom";"Sem defeito";"Perfeito estado";"Seca";"Perfeito estado";"Faixa de pedestre";"R-6a";"";"Única";"Faixa contínua";"";""
"3154";2020-08-25;"11:20:00";"SEM VÍTIMA";"CANCELADA";"MADALENA";"EST DOS REMEDIOS";"2416";"";"EM FRENTE A POLICLINICA LESSA DE ANDRADE";"MADALENA";NA;"";"COLISÃO";1;"0";"0";"0";"0";"0";"1";"0";"0";"0";"0";"";"";"";"";"";"";"";"";"";"";"";"";""