"";"data";"hora";"natureza_acidente";"situacao";"bairro";"endereco";"numero";"detalhe_endereco_acidente";"complemento";"bairro_cruzamento";"num_semaforo";"sentido_via";"tipo";"auto";"moto";"ciclom";"ciclista";"pedestre";"onibus";"caminhao";"viatura";"outros";"vitimas";"vitimasfatais";"acidente_verificado";"tempo_clima";"situacao_semaforo";"sinalizacao";"condicao_via";"conservacao_via";"ponto_controle";"situacao_placa";"velocidade_max_via";"mao_direcao";"divisao_via1";"divisao_via2";"divisao_via3"
"3155";2020-08-25;"13:07:00";"COM VÍTIMA";"FINALIZADA";"SANTO AMARO";"RUA DO PROGRESSO";"71";"";"EM FRENTE AO ALTINO VENTURA";"SANTO AMARO";NA;"CIDADE";"CHOQUE OBJETO FIXO";1;"1";"0";"0";"0";"0";"0";"0";"0";"1";"0";"Longo da via";"Bom";"Não existe";"Perfeito estado";"Seca";"Perfeito estado";"Não existe";"Não há placas";"";"Única";"Não existe";"";""
"3156";2020-08-25;"13:22:00";"COM VÍTIMA";"FINALIZADA";"AREIAS";"RUA AURORA CACOTE";"";"";"EM FRENTE A FARMÁCIA FARMAVIDA";"AREIAS";NA;"SUBURBIO";"COLISÃO FRONTAL";NA;"2";"0";"0";"0";"0";"0";"0";"0";"1";"0";"Longo da via";"Bom";"Não existe";"Incompleta";"Seca";"Mal conservada";"Não existe";"R-6a";"";"Dupla";"Não existe";"";""
"3157";2020-08-25;"15:40:00";"COM VÍTIMA";"FINALIZADA";"PINA";"AV ANTONIO DE GOES";"275";"";"EM FRENTE AO ITC";"PINA";NA;"CIDADE";"COLISÃO TRASEIRA";1;"1";"0";"0";"0";"0";"0";"0";"0";"1";"0";"Longo da via";"Bom";"Sem defeito";"Perfeito estado";"Seca";"Perfeito estado";"Não existe";"Outras";"40 km/h";"Única";"Faixa seccionada";"Canteiro central";""
"3158";2020-08-25;"15:54:00";"SEM VÍTIMA";"FINALIZADA";"PINA";"AV ANTONIO DE GOES";"";"";"LADO OPOSTO DNIT";"PINA";NA;"CIDADE";"ABALROAMENTO LONGITUDINAL";1;"1";"0";"0";"0";"0";"0";"0";"0";"0";"0";"Longo da via";"Bom";"Não existe";"Perfeito estado";"Seca";"Perfeito estado";"Não existe";"Outras";"60 km/h";"Única";"Canteiro central";"";""
"3159";2020-08-25;"18:26:00";"COM VÍTIMA";"FINALIZADA";"MADALENA";"AV CAXANGA";"171";"RUA RODOLFO RANGEL MOREIRA";"ESQUINA COM A PAGUE MENOS // VT 20 NO LOCAL";"MADALENA";NA;"CIDADE";"TOMBAMENTO";NA;"1";"0";"0";"0";"0";"0";"0";"0";"1";"0";"Longo da via";"Bom";"Sem defeito";"Perfeito estado";"Seca";"Perfeito estado";"Faixa de pedestre";"Outras";"60 km/h";"Dupla";"Faixa contínua";"Faixa seccionada";"Canteiro central"
"3160";2020-08-26;"06:10:00";"COM VÍTIMA";"FINALIZADA";"CABANGA";"AV SUL";"";"RUA CARLOS COELHO LEAL VALENTE";"ENTRADA DO CABANGA";"CABANGA";"260";"CIDADE";"ABALROAMENTO TRANSVERSAL";NA;"0";"1";"0";"0";"1";"0";"0";"0";"1";"0";"Cruzamento";"Chuvoso";"Sem defeito";"Ilegível";"Molhada";"Perfeito estado";"Não existe";"Não há placas";"";"Dupla";"Canteiro central";"";""
"3161";2020-08-26;"08:36:00";"COM VÍTIMA";"FINALIZADA";"ROSARINHO";"AV NORTE";"3311";"";"";"ROSARINHO";NA;"CIDADE";"ABALROAMENTO LONGITUDINAL";NA;"2";"0";"0";"0";"0";"0";"0";"0";"2";"0";"Longo da via";"Bom";"Não existe";"Perfeito estado";"Seca";"Perfeito estado";"Não existe";"R-6a";"";"Dupla";"Canteiro central";"";""
"3162";2020-08-26;"10:09:00";"COM VÍTIMA";"FINALIZADA";"IPUTINGA";"EST DO BARBALHO";"889";"";"E/F AO DETRAN";"IPUTINGA";NA;"SUBURBIO";"ABALROAMENTO LONGITUDINAL";1;"1";"0";"0";"0";"0";"0";"0";"0";"1";"0";"Longo da via";"Bom";"Não existe";"Perfeito estado";"Seca";"Perfeito estado";"Faixa de pedestre";"R-6c";"";"Dupla";"Faixa contínua";"";""
"3163";2020-08-26;"23:34:00";"COM VÍTIMA";"FINALIZADA";"PARNAMIRIM";"RUA JOAO TUDE DE MELO";"";"";"PROXIMO AO SHOPPING PARNAMIRIM- NA PONTE QUE LIGA O BAIRRO DA TORRE A PARNAMIRIM";"PARNAMIRIM";NA;"SUBURBIO";"CHOQUE OBJETO FIXO";NA;"1";"0";"0";"0";"0";"0";"0";"0";"2";"0";"Ponte";"Bom";"Não existe";"Perfeito estado";"Seca";"Perfeito estado";"Não existe";"Não há placas";"40 km/h";"Única";"Faixa seccionada";"";""
"3164";2020-08-27;"07:45:00";"COM VÍTIMA";"CANCELADA";"CASA AMARELA";"AV NORTE";"4659";"";"NO SENTIDO CIDADE  AO LADO DA OFICINA PINHO MOTOS DE ESQUINA  COM A LOJA TOTAL CAR";"CASA AMARELA";NA;"";"COLISÃO";2;"1";"0";"0";"0";"0";"0";"0";"0";"1";"0";"";"";"";"";"";"";"";"";"";"";"";"";""
"3165";2020-08-27;"08:17:00";"COM VÍTIMA";"FINALIZADA";"ILHA JOANA BEZERRA";"VIADUTO CAPITAO TEMUDO";"";"";"EM CIMA DO VIADUTO CAPITÃO TEMUDO NO SENTIDO BOA VIAGEM";"ILHA JOANA BEZERRA";NA;"SUBURBIO";"COLISÃO TRASEIRA";NA;"1";"0";"0";"0";"1";"0";"0";"0";"2";"0";"Ponte";"Bom";"Não existe";"Perfeito estado";"Seca";"Perfeito estado";"Não existe";"Não há placas";"";"Dupla";"Canteiro central";"";""
"3166";2020-08-27;"12:15:00";"COM VÍTIMA";"FINALIZADA";"BOA VIAGEM";"AV DOM JOAO VI";"";"";"NA SAIDA DO TUNEL S/T CID";"BOA VIAGEM";"580";"CIDADE";"COLISÃO TRASEIRA";1;"1";"0";"0";"0";"0";"0";"0";"0";"1";"0";"Longo da via";"Bom";"Sem defeito";"Perfeito estado";"Seca";"Perfeito estado";"Faixa de pedestre";"Outras";"50 km/h";"Dupla";"Não existe";"";""
"3167";2020-08-27;"13:27:00";"COM VÍTIMA";"FINALIZADA";"CAMPO GRANDE";"RUA PROFESSOR FRANCISCO DA TRINDADE";"";"RUA SAO CAETANO";"PROX AO CLUBE DAS PAS";"CAMPO GRANDE";NA;"SUBURBIO";"ABALROAMENTO TRANSVERSAL";1;"1";"0";"0";"0";"0";"0";"0";"0";"1";"0";"Cruzamento";"Bom";"Não existe";"Incompleta";"Seca";"Perfeito estado";"Faixa de retenção";"Placas Pare";"30 km/h";"Dupla";"Faixa seccionada";"";""
"3168";2020-08-27;"14:08:00";"COM VÍTIMA";"FINALIZADA";"BOA VISTA";"AV GOVERNADOR AGAMENON MAGALHAES";"";"AV RUI BARBOSA";"NO SEMÁFORO 037";"BOA VISTA";"37";"OLINDA";"ABALROAMENTO LONGITUDINAL";1;"1";"0";"0";"0";"0";"0";"0";"0";"1";"0";"Cruzamento";"Bom";"Sem defeito";"Perfeito estado";"Seca";"Perfeito estado";"Agente";"Outras";"60 km/h";"Única";"";"";""
"3169";2020-08-27;"14:38:00";"COM VÍTIMA";"FINALIZADA";"MADALENA";"AV CAXANGA";"481";"";"EM FRENTE AO NUCLEO SAÚDE- LADO OPOSTO AO COLÉGIO FORMAÇÃO INTEGRAL.";"MADALENA";NA;"CIDADE";"COLISÃO TRASEIRA";1;"1";"0";"0";"0";"0";"0";"0";"0";"1";"0";"Longo da via";"Bom";"Não existe";"Perfeito estado";"Seca";"Perfeito estado";"Não existe";"Não há placas";"";"Única";"Faixa seccionada";"";""
"3170";2020-08-27;"16:41:00";"COM VÍTIMA";"FINALIZADA";"ESPINHEIRO";"RUA BARAO DE ITAMARACA";"209";"";"";"ESPINHEIRO";NA;"CIDADE";"ATROPELAMENTO";NA;"1";"0";"0";"1";"0";"0";"0";"0";"1";"0";"Longo da via";"Bom";"Não existe";"Perfeito estado";"Seca";"Perfeito estado";"Não existe";"Outras";"30 km/h";"Dupla";"Faixa contínua";"";""
"3171";2020-08-27;"17:34:00";"SEM VÍTIMA";"FINALIZADA";"SÃO JOSÉ";"RUA IMPERIAL";"";"RUA ITABIRA";"PROX AO VIADUTO CABO EUTROPIO";"SÃO JOSÉ";NA;"";"COLISÃO";1;"0";"0";"0";"0";"0";"0";"1";"0";"0";"0";"Longo da via";"Bom";"Não existe";"Não existente";"Seca";"Perfeito estado";"Não existe";"Não há placas";"N/I";"Única";"Não existe";"";""
"3172";2020-08-27;"18:56:00";"COM VÍTIMA";"FINALIZADA";"ESTÂNCIA";"AV RECIFE";"880";"";"ENF A IGREJA BATISTA DA ESTANCIA SENTIDO CAXANGA";"ESTÂNCIA";"261";"CIDADE";"COLISÃO TRASEIRA";1;"1";"0";"0";"0";"0";"0";"0";"0";"1";"0";"Longo da via";"Bom";"Sem defeito";"Perfeito estado";"Seca";"Perfeito estado";"Faixa de pedestre";"";"60 km/h";"Única";"Faixa contínua";"";""
"3173";2020-08-27;"23:18:00";"SEM VÍTIMA";"CANCELADA";"BOA VIAGEM";"RUA DEZ DE JULHO";"210";"RUA CAMBOIM";"NA RUA DA ESTAÇAO DO AEROPORTO";"BOA VIAGEM";NA;"";"COLISÃO";2;"0";"0";"0";"0";"0";"0";"0";"0";"0";"0";"";"";"";"";"";"";"";"";"";"";"";"";""
"3174";2020-08-28;"12:22:00";"SEM VÍTIMA";"FINALIZADA";"BOA VIAGEM";"RUA BARAO DE SOUZA LEAO";"698";"RUA PADRE LUIZ MARQUES TEIXEIRA";"RESTAURANTE COSTA BRAVA";"BOA VIAGEM";NA;"";"ABALROAMENTO LONGITUDINAL";1;"0";"0";"0";"0";"0";"0";"0";"0";"0";"0";"Longo da via";"Bom";"Não existe";"Perfeito estado";"Seca";"Perfeito estado";"Não existe";"R-6a";"";"Única";"Faixa seccionada";"";""
"3175";2020-08-28;"12:24:00";"COM VÍTIMA";"FINALIZADA";"BOA VIAGEM";"AV ENGENHEIRO DOMINGOS FERREIRA";"2574";"";"PROX A FARMACIA INDEPENDENTE";"BOA VIAGEM";NA;"CIDADE /SUB";"COLISÃO";1;"1";"0";"0";"0";"0";"0";"0";"0";"1";"0";"";"";"";"";"";"";"";"";"";"";"";"";""
"3176";2020-08-28;"12:35:00";"COM VÍTIMA";"FINALIZADA";"MADALENA";"AV VISCONDE DE ALBUQUERQUE";"75";"";"LADO OPOSTO AO BOMPREÇO";"MADALENA";NA;"SUBURBIO";"COLISÃO TRASEIRA";1;"1";"0";"0";"0";"0";"0";"0";"0";"1";"0";"Longo da via";"Bom";"Sem defeito";"Perfeito estado";"Seca";"Perfeito estado";"";"Outras";"";"Única";"Faixa seccionada";"";""
"3177";2020-08-28;"14:36:00";"COM VÍTIMA";"FINALIZADA";"BOA VIAGEM";"RUA BALTAZAR PASSOS";"";"RUA VISCONDE DE JEQUITINHONHA";"PROX A PADARIA PAN JOVEM- PROX AO PARQUE DONA LINDU SENTIDO PIEDADE";"BOA VIAGEM";"154";"";"ABALROAMENTO LONGITUDINAL";1;"1";"0";"0";"0";"0";"0";"0";"0";"1";"0";"Cruzamento";"Bom";"Sem defeito";"Perfeito estado";"Seca";"Perfeito estado";"Faixa de pedestre";"";"40 km/h";"";"Faixa seccionada";"";""
"3178";2020-08-28;"17:39:00";"COM VÍTIMA";"FINALIZADA";"MACAXEIRA";"RUA CARLOS MARIGHELLA";"306";"";"PROX A BARRACA DO SPOK";"MACAXEIRA";NA;"";"ATROPELAMENTO";NA;"0";"0";"0";"1";"1";"0";"0";"0";"1";"0";"Longo da via";"Bom";"Não existe";"Não existente";"Seca";"Perfeito estado";"Não existe";"Não há placas";"";"Dupla";"Não existe";"";""
"3179";2020-08-29;"15:21:00";"COM VÍTIMA";"FINALIZADA";"DOIS UNIDOS";"AV HILDEBRANDO DE VASCONCELOS";"27";"";"EN FRENTE A ALBUQUERQUE BEBIBAS. ESCOLA BRILHO DE JESUS.";"DOIS UNIDOS";NA;"BR 101";"ATROPELAMENTO";1;"0";"0";"0";"1";"0";"0";"0";"0";"1";"0";"Longo da via";"Bom";"Não existe";"Incompleta";"Seca";"Perfeito estado";"Não existe";"R-6a";"40 km/h";"Dupla";"Faixa seccionada";"";""
"3180";2020-08-29;"15:58:00";"COM VÍTIMA";"FINALIZADA";"FUNDÃO";"AV BEBERIBE";"";"RUA CORONEL URBANO RIBEIRO DE SENA";"NO SEMÁFORO 307 / SENTIDO BEBERIBE";"FUNDÃO";"307";"SUBURBIO";"ABALROAMENTO TRANSVERSAL";1;"1";"0";"0";"0";"0";"0";"0";"0";"1";"0";"Cruzamento";"Bom";"Sem defeito";"Perfeito estado";"Seca";"Perfeito estado";"Faixa de pedestre";"Outras";"";"Dupla";"";"";""
"3181";2020-08-29;"19:12:00";"SEM VÍTIMA";"CANCELADA";"IBURA";"RUA RIO CLARO";"55";"";"UMA RUA ENF. AO VAREJAO ESTRELA";"IBURA";NA;"";"COLISÃO";3;"0";"0";"0";"0";"0";"0";"0";"0";"0";"0";"";"";"";"";"";"";"";"";"";"";"";"";""
"3182";2020-08-29;"19:29:00";"COM VÍTIMA";"FINALIZADA";"SAN MARTIN";"AV GENERAL SAN MARTIN";"134";"";"PROX AO COLEGIO ADVENTISTA";"SAN MARTIN";NA;"SUBURBIO";"COLISÃO TRASEIRA";1;"1";"0";"0";"0";"0";"0";"0";"0";"1";"0";"Longo da via";"Bom";"Não existe";"Ilegível";"Seca";"Mal conservada";"Não existe";"Não há placas";"40 km/h";"Dupla";"Faixa contínua";"Faixa seccionada";""
"3183";2020-08-29;"20:27:00";"COM VÍTIMA";"CANCELADA";"CORDEIRO";"AV CAXANGA";"1792";"";"E/F A LOJA AGRO- ÚTIL - SNT SUB/CID / PRÓX AO SUPER MERCADO SOBERANO";"CORDEIRO";NA;"SUBURBIO";"COLISÃO";1;"1";"0";"0";"0";"0";"0";"0";"0";"2";"0";"";"";"";"";"";"";"";"";"";"";"";"";""
"3184";2020-08-30;"13:16:00";"SEM VÍTIMA";"FINALIZADA";"CAMPINA DO BARRETO";"RUA DOS PEIXINHOS";"958";"";"EM FRENTE AO NÚMERO 958";"CAMPINA DO BARRETO";NA;"";"CHOQUE OBJETO FIXO";1;"0";"0";"0";"0";"0";"0";"0";"0";"0";"0";"Longo da via";"Bom";"Não existe";"Perfeito estado";"Seca";"Perfeito estado";"Não existe";"Não há placas";"";"Dupla";"Não existe";"";""
"3185";2020-08-31;"03:46:00";"COM VÍTIMA";"FINALIZADA";"IPSEP";"AV RECIFE";"165-C";"";"PRÓXIMO AO SAL E BRASA. AO LADO DA LOJA GILVAN DOS PARABRISAS.";"IPSEP";"319";"IPSEP";"ABALROAMENTO TRANSVERSAL";1;"1";"0";"0";"0";"0";"0";"0";"0";"1";"0";"Longo da via";"Chuvoso";"Sem defeito";"";"Molhada";"Perfeito estado";"";"Outras";"";"Dupla";"Canteiro central";"";""
"3186";2020-08-31;"12:20:00";"COM VÍTIMA";"FINALIZADA";"PINA";"AV CONSELHEIRO AGUIAR";"960";"RUA TOME GIBSON";"EM FRENTE A PADARIA MIRAMAR";"PINA";"2";"CIDADE";"ABALROAMENTO LONGITUDINAL";1;"1";"0";"0";"0";"0";"0";"0";"0";"1";"0";"Cruzamento";"Bom";"Sem defeito";"Perfeito estado";"Seca";"Perfeito estado";"Faixa de pedestre";"R-6a";"";"Única";"Faixa contínua";"Faixa seccionada";""
"3187";2020-08-31;"16:51:00";"SEM VÍTIMA";"FINALIZADA";"GRAÇAS";"RUA GUILHERME PINTO";"360";"";"ENTRE A PRAÇA GUILHERME PINTO E O RESTAURANTE PORTAL DO DERBY";"GRAÇAS";NA;"";"COLISÃO";2;"0";"0";"0";"0";"0";"0";"0";"0";"0";"0";"Esquina";"Bom";"Não existe";"Perfeito estado";"Seca";"Perfeito estado";"Faixa de pedestre";"R-6a";"20km";"Única";"Faixa contínua";"Faixa seccionada";""
"3188";2020-08-31;"17:22:00";"COM VÍTIMA";"FINALIZADA";"CASA AMARELA";"AV NORTE";"";"RUA BELA VISTA";"E/F AO REI DA PICANHA S/T CID";"CASA AMARELA";"677";"CIDADE";"ABALROAMENTO TRANSVERSAL";1;"1";"0";"0";"0";"0";"0";"0";"0";"1";"0";"Cruzamento";"Bom";"Sem defeito";"Perfeito estado";"Seca";"Perfeito estado";"Faixa de pedestre";"Outras";"";"Dupla";"Blocos";"";""
"3189";2020-08-31;"17:25:00";"COM VÍTIMA";"CANCELADA";"IPSEP";"RUA JEAN EMILE FAVRE";"";"";"NA PRAÇA DA MAURICEIA E AO LADO DO COLEGIO ELEANOR ROOSEVELT";"IPSEP";NA;"";"COLISÃO";1;"1";"0";"0";"0";"0";"0";"0";"0";"1";"0";"";"";"";"";"";"";"";"";"";"";"";"";""
"3190";2020-08-31;"17:26:00";"COM VÍTIMA";"CANCELADA";"BARRO";"AV DR JOSE RUFINO";"";"AV LIBERDADE";"E/F AO QUARTEL 4 BCON";"BARRO";NA;"";"COLISÃO";1;"1";"0";"0";"0";"0";"0";"0";"0";"1";"0";"";"";"";"";"";"";"";"";"";"";"";"";""
"3191";2020-08-31;"21:53:00";"COM VÍTIMA";"EQUIPE NO LOCAL";"CAMPO GRANDE";"AV GOVERNADOR AGAMENON MAGALHAES";"";"";"ANTES DO VIADUTO KOAO DE BARROS SENTIDO BOA VIAGEM LOGO APOS A CENTRAL DE FLAGRANTES";"CAMPO GRANDE";"379";"SUBURBIO";"ATROPELAMENTO";1;"0";"0";"0";"1";"0";"0";"0";"0";"1";"0";"Longo da via";"Bom";"Sem defeito";"Perfeito estado";"Seca";"Perfeito estado";"Faixa de pedestre";"";"";"";"";"";""
"3192";2020-08-31;"23:16:00";"VÍTIMA FATAL";"FINALIZADA";"IPSEP";"RUA SAO NICOLAU";"";"RUA ABDIAS CABRAL DE MOURA";"PRÓXIMO À ENTRADA DO IBURA E CASA DAS BATERIAS";"IPSEP";"315";"SUBURBIO";"ABALROAMENTO TRANSVERSAL";NA;"1";"0";"0";"0";"1";"0";"0";"0";"0";"1";"Cruzamento";"Bom";"Sem defeito";"Perfeito estado";"Seca";"Perfeito estado";"Não existe";"Não há placas";"";"Única";"Não existe";"";""
"3193";2020-08-31;"23:43:00";"COM VÍTIMA";"FINALIZADA";"PINA";"PTE AGAMENON MAGALHAES";"";"AV ANTONIO DE GOES";"NA SAÍDA DA AV ANTONIO DE GÓES. IATE CLUBE.";"PINA";NA;"CIDADE";"ABALROAMENTO LONGITUDINAL";1;"1";"0";"0";"0";"0";"0";"0";"0";"2";"0";"Ponte";"Bom";"Não existe";"Perfeito estado";"Seca";"Perfeito estado";"Não existe";"Outras";"60 km/h";"Única";"Faixa contínua";"";""
"3194";2020-09-01;"02:15:00";"COM VÍTIMA";"FINALIZADA";"MADALENA";"AV ENGENHEIRO ABDIAS DE CARVALHO";"";"RUA JOAO IVO DA SILVA";"COM A RUA JOÃO IVO DA SILVA";"MADALENA";"132";"SUBURBIO";"ABALROAMENTO TRANSVERSAL";1;"1";"0";"0";"0";"0";"0";"0";"0";"1";"0";"Cruzamento";"Bom";"Sem defeito";"Perfeito estado";"Seca";"Perfeito estado";"Faixa de pedestre";"Outras";"60 km/h";"Dupla";"Faixa contínua";"Faixa seccionada";""
"3195";2020-09-01;"09:03:00";"COM VÍTIMA";"CANCELADA";"ESTÂNCIA";"AV DR JOSE RUFINO";"";"";"EM FRENTE AO COLÉGIO VISÃO";"ESTÂNCIA";NA;"";"COLISÃO";1;"1";"0";"0";"0";"0";"0";"0";"0";"1";"0";"";"";"";"";"";"";"";"";"";"";"";"";""
"3196";2020-09-01;"08:19:00";"COM VÍTIMA";"FINALIZADA";"ÁGUA FRIA";"AV BEBERIBE";"2406";"RUA SAO JOAQUIM DO MONTE";"";"ÁGUA FRIA";"153";"";"ABALROAMENTO LONGITUDINAL";1;"1";"0";"0";"0";"0";"0";"0";"0";"1";"0";"Longo da via";"Bom";"Sem defeito";"Perfeito estado";"Seca";"Perfeito estado";"Faixa de pedestre";"Não há placas";"";"Dupla";"";"";""
"3197";2020-09-01;"10:53:00";"COM VÍTIMA";"FINALIZADA";"TORRE";"RUA CONDE DE IRAJA";"109";"";"E/F AO CENTRO COMUNITÁRIO INTEGRAÇÃO";"TORRE";NA;"SUBURBIO";"ABALROAMENTO LONGITUDINAL";1;"1";"0";"0";"0";"0";"0";"0";"0";"1";"0";"Longo da via";"Bom";"Sem defeito";"Perfeito estado";"Seca";"Perfeito estado";"Não existe";"Outras";"";"Única";"Faixa seccionada";"";""
"3198";2020-09-01;"11:51:00";"SEM VÍTIMA";"FINALIZADA";"BOA VIAGEM";"RUA GENERAL EDSON AMANCIO RAMALHO";"18";"";"LOJA FINO DESIGN";"BOA VIAGEM";NA;"CIDADE";"CHOQUE OBJETO FIXO";1;"0";"0";"0";"0";"0";"0";"0";"0";"0";"0";"Longo da via";"Bom";"Não existe";"Perfeito estado";"Seca";"Perfeito estado";"Não existe";"Não há placas";"60 km/h";"Única";"Faixa contínua";"";""
"3199";2020-09-01;"18:24:00";"SEM VÍTIMA";"CANCELADA";"TORRE";"RUA LAGOA DO RANCHO";"510";"";"EM FRENTE A KITANDA DE FRUTAS E VERDURAS- PROXIMO DO GURA LANCHES";"TORRE";NA;"";"COLISÃO";2;"0";"0";"0";"0";"0";"0";"0";"0";"0";"0";"";"";"";"";"";"";"";"";"";"";"";"";""
"3200";2020-09-02;"07:46:00";"COM VÍTIMA";"FINALIZADA";"VÁRZEA";"AV CAXANGA";"";"";"EM FRENTE À UPA";"VÁRZEA";"281";"CIDADE";"COLISÃO TRASEIRA";1;"1";"0";"0";"0";"0";"0";"0";"0";"1";"0";"Longo da via";"Bom";"Sem defeito";"Perfeito estado";"Seca";"Perfeito estado";"Agente";"Não há placas";"60 km/h";"Única";"Canteiro central";"";""
"3201";2020-09-02;"13:56:00";"COM VÍTIMA";"FINALIZADA";"SÃO JOSÉ";"AV SUL";"1022";"";"NO SEMÁFORO 205";"SÃO JOSÉ";"205";"CIDADE";"COLISÃO TRASEIRA";1;"1";"0";"0";"0";"0";"0";"0";"0";"1";"0";"Longo da via";"Bom";"Sem defeito";"Perfeito estado";"Seca";"Perfeito estado";"";"";"";"Dupla";"Canteiro central";"";""
"3202";2020-09-02;"18:17:00";"COM VÍTIMA";"FINALIZADA";"BOA VIAGEM";"AVENIDA CELSO FURTADO (VIA MANGUE)";"";"";"FINAL DA VIA MANGUE. PRÓXIMO A AV. FERNANDO SIMÕES BARBOSA. LADO OPOSTO AO POSTE 2/17.";"BOA VIAGEM";NA;"SUBURBIO";"ABALROAMENTO LONGITUDINAL";1;"1";"0";"0";"0";"0";"0";"0";"0";"2";"0";"Longo da via";"Bom";"Não existe";"Ilegível";"Seca";"Mal iluminada";"Não existe";"Outras";"60 km/h";"Dupla";"Blocos";"";""
"3203";2020-09-02;"18:48:00";"COM VÍTIMA";"FINALIZADA";"PINA";"AV ANTONIO DE GOES";"124";"";"E/F AO GRUPO R1 AUTOS- FAIXA DA DIREITA / APÓS A LOMBADA ELETRONICA";"PINA";NA;"CIDADE";"COLISÃO TRASEIRA";1;"1";"0";"0";"0";"0";"0";"0";"0";"1";"0";"Longo da via";"Bom";"Não existe";"Perfeito estado";"Seca";"Perfeito estado";"Outros";"Outras";"";"Única";"Faixa seccionada";"";""
"3204";2020-09-02;"20:20:00";"SEM VÍTIMA";"CANCELADA";"BOA VIAGEM";"RUA RIBEIRO DE BRITO";"";"AV CONSELHEIRO AGUIAR";"PROXIMIDADES DA HABBIBS / SEMÁFORO 147";"BOA VIAGEM";NA;"";"COLISÃO";2;"0";"0";"0";"0";"0";"0";"0";"0";"0";"0";"";"";"";"";"";"";"";"";"";"";"";"";""
"3205";2020-09-03;"13:01:00";"COM VÍTIMA";"FINALIZADA";"BONGI";"AV ENGENHEIRO ABDIAS DE CARVALHO";"";"EST DOS REMEDIOS";"EM FRENTE AO BOB'S";"BONGI";"52";"CIDADE";"ABALROAMENTO LONGITUDINAL";1;"1";"0";"0";"0";"0";"0";"0";"0";"1";"0";"Cruzamento";"Bom";"Sem defeito";"Perfeito estado";"Seca";"Perfeito estado";"Faixa de pedestre";"Outras";"";"Dupla";"Canteiro central";"";""
"3206";2020-09-03;"17:43:00";"COM VÍTIMA";"FINALIZADA";"CASA AMARELA";"RUA CONS PERETTI";"234";"RUA MAJOR AFONSO LEAL";"NA MESMA RUA DA BIBLIOTECA PUBLICA DE CASA AMARELA";"CASA AMARELA";NA;"";"COLISÃO COM CICLISTA";1;"0";"0";"1";"0";"0";"0";"0";"0";"1";"0";"Cruzamento";"Bom";"Não existe";"Perfeito estado";"Seca";"Perfeito estado";"Não existe";"Placas Pare";"";"";"Não existe";"";""
"3207";2020-09-03;"19:14:00";"COM VÍTIMA";"FINALIZADA";"BOA VISTA";"RUA DO RIACHUELO";"";"RUA GERVASIO PIRES";"";"BOA VISTA";"175";"SUBURBIO";"ABALROAMENTO TRANSVERSAL";1;"1";"0";"0";"0";"0";"0";"0";"0";"1";"0";"Cruzamento";"Bom";"Sem defeito";"Perfeito estado";"Seca";"Perfeito estado";"Faixa de pedestre";"Não há placas";"";"Única";"Faixa contínua";"";""
"3208";2020-09-03;"20:07:00";"COM VÍTIMA";"FINALIZADA";"IMBIRIBEIRA";"AV SUL";"";"";"AO LADO DA INTEGRAÇÃO TANCREDO NEVES- SENTIDO BOA VIAGEM. ALÇA DE RETORNO.";"IMBIRIBEIRA";NA;"SUBURBIO";"COLISÃO TRASEIRA";2;"0";"0";"0";"0";"0";"0";"0";"0";"1";"0";"Longo da via";"Bom";"Não existe";"Perfeito estado";"Seca";"Perfeito estado";"Não existe";"Não há placas";"";"Dupla";"Blocos";"";""
"3209";2020-09-03;"21:46:00";"COM VÍTIMA";"FINALIZADA";"BOA VIAGEM";"AV DOM JOAO VI";"";"";"NA DESCIDA- SENTIDO AV ANTÔNIO FALCÃO- NA ALÇA DO VIADUTO. DECLIVE.";"BOA VIAGEM";NA;"SUBURBIO";"COLISÃO TRASEIRA";2;"0";"0";"0";"0";"0";"0";"0";"0";"2";"0";"Viaduto";"Chuvoso";"Não existe";"Perfeito estado";"Molhada";"Perfeito estado";"Não existe";"Não há placas";"";"Única";"Não existe";"";""
"3210";2020-09-04;"00:49:00";"SEM VÍTIMA";"FINALIZADA";"BOA VIAGEM";"AV ENGENHEIRO DOMINGOS FERREIRA";"3856";"RUA BRUNO VELOSO";"PISTA DA ESQUERDA";"BOA VIAGEM";"338";"SUBURBIO";"COLISÃO";2;"0";"0";"0";"0";"0";"0";"0";"0";"0";"0";"Longo da via";"Bom";"";"";"";"";"Não existe";"Não há placas";"";"Única";"Canteiro central";"";""
"3211";2020-09-04;"07:26:00";"COM VÍTIMA";"FINALIZADA";"SANTO AMARO";"AV GOVERNADOR AGAMENON MAGALHAES";"";"";"NO SENTIDO DERBY  AO LADO DO SHOPPING TACARUNA- LADO OPOSTO A FÁBRICA TACARUNA.";"SANTO AMARO";NA;"CIDADE";"ATROPELAMENTO";1;"0";"0";"0";"1";"0";"0";"0";"0";"1";"0";"Longo da via";"Bom";"Não existe";"Não existente";"Seca";"Perfeito estado";"Não existe";"Não há placas";"";"Dupla";"Canteiro central";"";""
"3212";2020-09-04;"07:54:00";"COM VÍTIMA";"FINALIZADA";"CAJUEIRO";"AV CIDADE DE MONTEIRO";"159";"";"PROX AO ARMAZEM CORAL EM FRENTE AO INOCOOP.";"CAJUEIRO";NA;"CIDADE";"ABALROAMENTO LONGITUDINAL";1;"1";"0";"0";"0";"0";"0";"0";"0";"2";"0";"Longo da via";"Bom";"Não existe";"Perfeito estado";"Seca";"Perfeito estado";"Não existe";"Outras";"40 km/h";"Dupla";"Faixa contínua";"";""