"";"data";"hora";"natureza_acidente";"situacao";"bairro";"endereco";"numero";"detalhe_endereco_acidente";"complemento";"bairro_cruzamento";"num_semaforo";"sentido_via";"tipo";"auto";"moto";"ciclom";"ciclista";"pedestre";"onibus";"caminhao";"viatura";"outros";"vitimas";"vitimasfatais";"acidente_verificado";"tempo_clima";"situacao_semaforo";"sinalizacao";"condicao_via";"conservacao_via";"ponto_controle";"situacao_placa";"velocidade_max_via";"mao_direcao";"divisao_via1";"divisao_via2";"divisao_via3"
"3213";2020-09-04;"10:20:00";"COM VÍTIMA";"FINALIZADA";"CAMPO GRANDE";"RUA SAO CAETANO";"394";"RUA GUAICURUS";"PROX. AO SUPERMERCADO STYLLO";"CAMPO GRANDE";NA;"SUBURBIO";"ABALROAMENTO TRANSVERSAL";1;"1";"0";"0";"0";"0";"0";"0";"0";"1";"0";"Cruzamento";"Bom";"Não existe";"Não existente";"Seca";"Perfeito estado";"Não existe";"Não há placas";"";"Dupla";"Não existe";"";""
"3214";2020-09-04;"12:51:00";"COM VÍTIMA";"FINALIZADA";"BOA VIAGEM";"AV VINTE DE JANEIRO";"1041";"";"PROX ANTIGA SADIA";"BOA VIAGEM";NA;"SUBURBIO";"CHOQUE VEÍCULO PARADO";1;"1";"0";"0";"0";"0";"1";"0";"0";"1";"0";"Longo da via";"Bom";"Não existe";"Não existente";"Seca";"Perfeito estado";"Não existe";"Não há placas";"";"Dupla";"Não existe";"";""
"3215";2020-09-04;"15:30:00";"SEM VÍTIMA";"FINALIZADA";"BARRO";"AV DR JOSE RUFINO";"2288";"";"EM FRENTE A IGREJA DO BARRO";"BARRO";"539";"SUBURBIO";"COLISÃO";1;"0";"0";"0";"0";"0";"0";"1";"0";"0";"0";"Longo da via";"Bom";"Não existe";"Perfeito estado";"Seca";"Perfeito estado";"Não existe";"Não há placas";"40 km/h";"Dupla";"Não existe";"";""
"3216";2020-09-04;"15:56:00";"COM VÍTIMA";"FINALIZADA";"ESTÂNCIA";"RUA SAO MIGUEL";"";"";"PROXIMO AO POSTO IPIRANGA- EM FRENTE AO POSTO PETROISA.";"ESTÂNCIA";NA;"CIDADE";"COLISÃO TRASEIRA";2;"0";"0";"0";"0";"0";"0";"0";"0";"1";"0";"Longo da via";"Bom";"Não existe";"Incompleta";"Seca";"Mal conservada";"Não existe";"R-6a";"";"Dupla";"Faixa contínua";"";""
"3217";2020-09-04;"16:14:00";"SEM VÍTIMA";"FINALIZADA";"ENCRUZILHADA";"AV NORTE";"";"RUA AUGUSTO RODRIGUES";"AO LADO DA PRACA DA PICANHA";"ENCRUZILHADA";"376";"SUBURBIO";"COLISÃO";1;"0";"0";"0";"0";"0";"0";"0";"1";"0";"0";"Cruzamento";"Bom";"Sem defeito";"Perfeito estado";"Seca";"Perfeito estado";"Faixa de pedestre";"";"";"";"Canteiro central";"";""
"3218";2020-09-04;"16:21:00";"COM VÍTIMA";"FINALIZADA";"CAMPO GRANDE";"EST DE BELEM";"";"RUA FONSECA OLIVEIRA";"E/F ACADEMIA HI";"CAMPO GRANDE";"504";"CIDADE";"ATROPELAMENTO";NA;"0";"0";"0";"1";"0";"0";"1";"0";"1";"0";"Longo da via";"Bom";"Sem defeito";"Perfeito estado";"Seca";"Perfeito estado";"Faixa de pedestre";"Outras";"50 km/h";"Dupla";"Faixa contínua";"";""
"3219";2020-09-04;"17:12:00";"COM VÍTIMA";"FINALIZADA";"MANGUEIRA";"RUA VINTE E UM DE ABRIL";"1757";"";"PROX AO SUPERMERCADO BARATEIRO";"MANGUEIRA";NA;"";"COLISÃO COM CICLISTA";NA;"1";"0";"1";"0";"0";"0";"0";"0";"2";"0";"Longo da via";"Chuvoso";"Não existe";"Não existente";"Molhada";"Perfeito estado";"Não existe";"Não há placas";"40 km/h";"Dupla";"Não existe";"";""
"3220";2020-09-05;"07:53:00";"SEM VÍTIMA";"FINALIZADA";"BOA VISTA";"RUA CAPITAO RUY LUCENA";"71";"RUA DOM BOSCO";"NA LATERAL DO BATALHÃO DA RADIO PATRULHA";"BOA VISTA";NA;"";"CHOQUE OBJETO FIXO";NA;"0";"0";"0";"0";"0";"0";"1";"0";"0";"0";"Longo da via";"Bom";"Não existe";"Perfeito estado";"Seca";"Perfeito estado";"Não existe";"Outras";"";"Dupla";"Faixa seccionada";"";""
"3221";2020-09-05;"10:18:00";"COM VÍTIMA";"FINALIZADA";"CIDADE UNIVERSITÁRIA";"RUA MAURICEIA";"515";"RUA GENERAL VARGAS";"AO LADO DA SUDENE";"CIDADE UNIVERSITÁRIA";NA;"SUBURBIO";"CHOQUE VEÍCULO PARADO";2;"0";"0";"0";"0";"0";"0";"0";"0";"2";"0";"Longo da via";"Bom";"Não existe";"Ilegível";"Seca";"Perfeito estado";"Faixa de pedestre";"Não há placas";"30 km/h";"Dupla";"Faixa seccionada";"";""
"3222";2020-09-05;"16:37:00";"VÍTIMA FATAL";"FINALIZADA";"PINA";"AVENIDA CELSO FURTADO (VIA MANGUE)";"";"";"SENTIDO PINA. ANTES DO SHOPPING RIO MAR.";"PINA";NA;"CIDADE";"CHOQUE OBJETO FIXO";NA;"1";"0";"0";"0";"0";"0";"0";"0";"0";"1";"Longo da via";"Bom";"Não existe";"Perfeito estado";"Seca";"Perfeito estado";"Não existe";"";"60 km/h";"Dupla";"Faixa seccionada";"Canteiro central";"Outros"
"3223";2020-09-07;"19:29:00";"COM VÍTIMA";"FINALIZADA";"JARDIM SÃO PAULO";"AV SAO PAULO";"376";"RUA OSORIO BORBA";"EM FRENTE AO SUPERMERCADO RENDE MAIS. LADO OPOSTO AO ABRIGO ESPÍRITA BATISTA DE CARVALHO.";"JARDIM SÃO PAULO";NA;"CIDADE";"ABALROAMENTO TRANSVERSAL";1;"1";"0";"0";"0";"0";"0";"0";"0";"1";"0";"Esquina";"Bom";"Não existe";"Perfeito estado";"Seca";"Perfeito estado";"Não existe";"Outras";"30 km/h";"Dupla";"Faixa seccionada";"";""
"3224";2020-09-06;"11:08:00";"COM VÍTIMA";"FINALIZADA";"CASA FORTE";"AV DEZESSETE DE AGOSTO";"";"";"NA ENTRADA DO SHOPPING PLAZA EM FRENTE AO MC DONALD´S";"CASA FORTE";NA;"SUBURBIO";"ABALROAMENTO LONGITUDINAL";1;"1";"0";"0";"0";"0";"0";"0";"0";"2";"0";"Longo da via";"Bom";"Não existe";"Perfeito estado";"Seca";"Perfeito estado";"Não existe";"Outras";"50 km/h";"Dupla";"Faixa contínua";"";""
"3225";2020-09-06;"14:58:00";"COM VÍTIMA";"FINALIZADA";"PASSARINHO";"RUA SANTA TEREZA";"96";"";"PROXIMO A DELEGACIA DA MACAXEIRA";"PASSARINHO";NA;"SUBURBIO";"ABALROAMENTO TRANSVERSAL";1;"1";"0";"0";"0";"0";"0";"0";"0";"1";"0";"Longo da via";"Bom";"Não existe";"Não existente";"Seca";"Perfeito estado";"Não existe";"Não há placas";"30 km/h";"Dupla";"Não existe";"";""
"3226";2020-09-06;"17:33:00";"COM VÍTIMA";"FINALIZADA";"BOA VIAGEM";"RUA BALTAZAR PASSOS";"1280";"RUA VISCONDE DE JEQUITINHONHA";"POR TRÁS DO PARQUE DONA LINDU / SEMÁFORO 154";"BOA VIAGEM";"154";"SUBURBIO";"ABALROAMENTO LONGITUDINAL";NA;"2";"0";"0";"0";"0";"0";"0";"0";"1";"0";"Cruzamento";"Bom";"Sem defeito";"Perfeito estado";"Seca";"Perfeito estado";"Faixa de pedestre";"";"";"Dupla";"Faixa contínua";"";""
"3227";2020-09-06;"19:08:00";"COM VÍTIMA";"CANCELADA";"BOA VIAGEM";"RUA BALTAZAR PASSOS";"1280";"RUA VISCONDE DE JEQUITINHONHA";"POR TRÁS DO PARQUE DONA LINDU / SEMÁFORO 154";"BOA VIAGEM";NA;"";"COLISÃO";1;"1";"0";"0";"0";"0";"0";"0";"0";"1";"0";"";"";"";"";"";"";"";"";"";"";"";"";""
"3228";2020-09-06;"20:06:00";"COM VÍTIMA";"FINALIZADA";"BOA VIAGEM";"RUA VISCONDE DE JEQUITINHONHA";"1280";"";"VT 13 NO LOCAL. LADO OPOSTO AO Nº 1280.";"BOA VIAGEM";NA;"SUBURBIO";"ABALROAMENTO LONGITUDINAL";1;"1";"0";"0";"0";"0";"0";"0";"0";"1";"0";"Longo da via";"Bom";"Não existe";"Perfeito estado";"Seca";"Perfeito estado";"Faixa de pedestre";"Outras";"";"Única";"Faixa seccionada";"";""
"3229";2020-09-07;"03:27:00";"COM VÍTIMA";"FINALIZADA";"JOANA BEZERRA";"PTE JOSE DE BARROS LIMA";"";"";"APÓS A PASSARELA DO FORUM- SENTIDO DERBY";"JOANA BEZERRA";NA;"CIDADE";"COLISÃO";2;"0";"0";"0";"0";"0";"0";"0";"0";"1";"0";"";"";"";"";"";"";"";"";"";"";"";"";""
"3230";2020-09-07;"15:43:00";"COM VÍTIMA";"FINALIZADA";"VÁRZEA";"RUA GASTAO VIDIGAL";"935";"";"APÓS A CAPELA SANTA CLARA- PROXIMO DA ASSEMBLEIA DE DEUS";"VÁRZEA";NA;"";"ABALROAMENTO TRANSVERSAL";1;"1";"0";"0";"0";"0";"0";"0";"0";"1";"0";"Longo da via";"Bom";"Não existe";"";"Seca";"Perfeito estado";"Não existe";"";"";"Dupla";"Faixa seccionada";"";""
"3231";2020-09-07;"19:59:00";"COM VÍTIMA";"FINALIZADA";"TORREÃO";"AV GOVERNADOR AGAMENON MAGALHAES";"";"";"EM FRENTE AO POSTO PETROBRAS- PROXIMO DA ACADEMIA DA CIDADE- SENTIDO RECIFE";"TORREÃO";"379";"CIDADE";"ABALROAMENTO TRANSVERSAL";1;"1";"0";"0";"0";"0";"0";"0";"0";"1";"0";"Longo da via";"Bom";"Sem defeito";"Perfeito estado";"Seca";"Perfeito estado";"Não existe";"Não há placas";"";"Única";"Faixa seccionada";"";""
"3232";2020-09-07;"20:27:00";"COM VÍTIMA";"FINALIZADA";"BOA VIAGEM";"AV ENGENHEIRO DOMINGOS FERREIRA";"2600";"RUA PROFESSOR JOSE BRANDAO";"AO LADO DA FARMÁCIA INDEPENDENTE";"BOA VIAGEM";"550";"SUBURBIO";"ABALROAMENTO TRANSVERSAL";2;"0";"0";"0";"0";"0";"0";"0";"0";"2";"0";"Cruzamento";"Bom";"Sem defeito";"Perfeito estado";"Seca";"Perfeito estado";"Faixa de pedestre";"Outras";"";"Única";"Canteiro central";"";""
"3233";2020-09-08;"02:24:00";"COM VÍTIMA";"FINALIZADA";"CAMPO GRANDE";"EST DE BELEM";"436";"";"APÓS A SECRETARIA DA FAZENDA";"CAMPO GRANDE";NA;"SUBURBIO";"COLISÃO TRASEIRA";NA;"2";"0";"0";"0";"0";"0";"0";"0";"2";"0";"Longo da via";"Bom";"Sem defeito";"Perfeito estado";"Seca";"Mal conservada";"";"";"";"Dupla";"Faixa contínua";"";""
"3234";2020-09-08;"03:15:00";"COM VÍTIMA";"FINALIZADA";"PINA";"AVENIDA CELSO FURTADO (VIA MANGUE)";"";"";"APÓS O SHOPPING RIO MAR.";"PINA";NA;"SUBURBIO";"ABALROAMENTO LONGITUDINAL";1;"1";"0";"0";"0";"0";"0";"0";"0";"1";"0";"Longo da via";"Bom";"Não existe";"Perfeito estado";"Seca";"Perfeito estado";"Não existe";"Não há placas";"";"Única";"Faixa seccionada";"";""
"3235";2020-09-08;"07:27:00";"COM VÍTIMA";"FINALIZADA";"MADALENA";"AV ENGENHEIRO ABDIAS DE CARVALHO";"1771";"";"LADO OPOSTO A FACULDADE ESTÁCIO";"MADALENA";"327";"CIDADE";"COLISÃO TRASEIRA";1;"1";"0";"0";"0";"0";"0";"0";"0";"1";"0";"Longo da via";"Bom";"Sem defeito";"Perfeito estado";"Seca";"Perfeito estado";"Faixa de pedestre";"Não há placas";"";"Única";"Canteiro central";"";""
"3236";2020-09-08;"09:01:00";"COM VÍTIMA";"FINALIZADA";"BOA VISTA";"AV GOVERNADOR AGAMENON MAGALHAES";"1387";"RUA DOM BOSCO";"";"BOA VISTA";"174";"OLINDA";"ABALROAMENTO LONGITUDINAL";1;"1";"0";"0";"0";"0";"0";"0";"0";"1";"0";"Cruzamento";"Bom";"Sem defeito";"Perfeito estado";"Seca";"Perfeito estado";"Agente";"R-4a";"60 km/h";"Dupla";"Canteiro central";"";""
"3237";2020-09-08;"10:56:00";"COM VÍTIMA";"FINALIZADA";"BAIRRO DO RECIFE";"CAIS DO APOLO";"";"";"EM BAIXO DO SEMAFORO 436  EM FRENTE A PREFEITURA DO RECIFE";"BAIRRO DO RECIFE";NA;"SUBURBIO";"ABALROAMENTO LONGITUDINAL";NA;"1";"0";"0";"0";"0";"0";"1";"0";"1";"0";"Longo da via";"Bom";"Sem defeito";"Perfeito estado";"Seca";"Perfeito estado";"Faixa de pedestre";"Outras";"40 km/h";"Dupla";"Canteiro central";"";""
"3238";2020-09-08;"12:52:00";"COM VÍTIMA";"CANCELADA";"TORRE";"RUA ALBERTO PAIVA";"192";"";"PROX A PIZZARIA HUT";"TORRE";NA;"";"COLISÃO";1;"1";"0";"0";"0";"0";"0";"0";"0";"1";"0";"";"";"";"";"";"";"";"";"";"";"";"";""
"3239";2020-09-08;"13:19:00";"COM VÍTIMA";"FINALIZADA";"SANTO AMARO";"RUA DO HOSPICIO";"";"RUA JOAO LIRA";"E/F A PRAÇA TREZE DE MAIO NO SEMAFORO 032";"SANTO AMARO";"32";"SUBURBIO";"COLISÃO TRASEIRA";NA;"1";"0";"0";"0";"1";"0";"0";"0";"2";"0";"Longo da via";"Bom";"Sem defeito";"Perfeito estado";"Seca";"Perfeito estado";"";"";"";"";"";"";""
"3240";2020-09-08;"14:10:00";"COM VÍTIMA";"FINALIZADA";"IBURA";"AV DOIS RIOS";"3";"";"EM FRENTE A KM GESSO E PROXIMO AO SEMAFORO 561";"IBURA";"561";"SUBURBIO";"ABALROAMENTO TRANSVERSAL";1;"0";"0";"0";"0";"0";"0";"0";"1";"1";"0";"Longo da via";"Bom";"Sem defeito";"Perfeito estado";"Seca";"Perfeito estado";"Não existe";"Não há placas";"";"Dupla";"Faixa contínua";"";""
"3241";2020-09-08;"14:19:00";"COM VÍTIMA";"FINALIZADA";"PINA";"AV ANTONIO DE GOES";"570";"";"PROXIMO A SAMSUNG";"PINA";NA;"CIDADE";"COLISÃO TRASEIRA";1;"1";"0";"0";"0";"0";"0";"0";"0";"1";"0";"Longo da via";"Bom";"Sem defeito";"Perfeito estado";"Seca";"Perfeito estado";"Outros";"Outras";"";"Única";"Faixa seccionada";"";""
"3242";2020-09-08;"18:30:00";"COM VÍTIMA";"FINALIZADA";"AFOGADOS";"RUA VINTE E UM DE ABRIL";"983";"";"E/F A FÁBRICA DE CAFÉ PETINHO";"AFOGADOS";NA;"SUBURBIO";"ABALROAMENTO LONGITUDINAL";1;"1";"0";"0";"0";"0";"0";"0";"0";"1";"0";"Longo da via";"Bom";"Não existe";"Ilegível";"Seca";"Mal iluminada";"Não existe";"";"";"Dupla";"Não existe";"";""
"3243";2020-09-09;"07:00:00";"COM VÍTIMA";"FINALIZADA";"CASA FORTE";"AV DEZESSETE DE AGOSTO";"2541";"EST DO ARRAIAL";"E/F A COMPESA. LIVRARIA E CAFÉ 17";"CASA FORTE";"107";"CIDADE";"COLISÃO COM CICLISTA";NA;"0";"0";"1";"0";"1";"0";"0";"0";"1";"0";"Cruzamento";"Chuvoso";"Sem defeito";"Perfeito estado";"Molhada";"Perfeito estado";"Faixa de pedestre";"R-6c";"60 km/h";"Dupla";"Faixa contínua";"";""
"3244";2020-09-09;"09:26:00";"COM VÍTIMA";"FINALIZADA";"CASA AMARELA";"AV NORTE";"6500";"";"LADO OPOSTO A POLICLÍNICA PROFESSOR BARROS LIMA.";"CASA AMARELA";"256";"SUBURBIO";"COLISÃO TRASEIRA";NA;"2";"0";"0";"0";"0";"0";"0";"0";"1";"0";"Longo da via";"Chuvoso";"Sem defeito";"Perfeito estado";"Seca";"Perfeito estado";"Faixa de pedestre";"R-6a";"";"Dupla";"Faixa contínua";"Canteiro central";""
"3245";2020-09-09;"09:53:00";"SEM VÍTIMA";"FINALIZADA";"BOA VIAGEM";"AV BOA VIAGEM";"1998";"";"EM FRENTE";"BOA VIAGEM";NA;"CIDADE";"COLISÃO TRASEIRA";1;"1";"0";"0";"0";"0";"0";"0";"0";"0";"0";"Longo da via";"Bom";"Sem defeito";"Perfeito estado";"Seca";"Perfeito estado";"Agente";"Não há placas";"60 km/h";"Única";"Faixa seccionada";"";""
"3246";2020-09-09;"15:34:00";"COM VÍTIMA";"FINALIZADA";"GRAÇAS";"RUA BRUNO MAIA";"50";"RUA JOAO RAMOS";"EM FRENTE A GALERIA JOAO RAMOS";"GRAÇAS";NA;"SUBURBIO";"COLISÃO";1;"0";"0";"0";"0";"0";"1";"0";"0";"1";"0";"Cruzamento";"Bom";"Não existe";"Perfeito estado";"Seca";"Perfeito estado";"Não existe";"Placas Pare";"";"Única";"Não existe";"";""
"3247";2020-09-09;"18:42:00";"COM VÍTIMA";"FINALIZADA";"JAQUEIRA";"AV RUI BARBOSA";"";"RUA MUNIZ TAVARES";"EM FRENTE AO HOSPITAL MARIA LUCINDA";"JAQUEIRA";"460";"CIDADE";"ABALROAMENTO LONGITUDINAL";1;"1";"0";"0";"0";"0";"0";"0";"0";"1";"0";"Cruzamento";"Bom";"Sem defeito";"Perfeito estado";"Seca";"Perfeito estado";"Faixa de pedestre";"Outras";"";"Dupla";"Faixa contínua";"";""
"3248";2020-09-10;"10:37:00";"VÍTIMA FATAL";"CANCELADA";"CAMPO GRANDE";"AV CORREIA DE BRITO";"536";"";"EM FRENTE A ACADEMIA UNIVERSO";"CAMPO GRANDE";NA;"";"COLISÃO";NA;"1";"0";"0";"0";"1";"0";"0";"0";"0";"1";"";"";"";"";"";"";"";"";"";"";"";"";""
"3249";2020-09-11;"08:35:00";"SEM VÍTIMA";"FINALIZADA";"PINA";"AV ANTONIO DE GOES";"";"RUA DAS OFICINAS";"";"PINA";NA;"CIDADE";"COLISÃO TRASEIRA";2;"0";"0";"0";"0";"0";"0";"0";"0";"0";"0";"Cruzamento";"Bom";"Não existe";"Perfeito estado";"Seca";"Perfeito estado";"Não existe";"Placas Pare";"";"Única";"Canteiro central";"";""
"3250";2020-09-11;"08:37:00";"SEM VÍTIMA";"DUPLICIDADE";"ROSARINHO";"AV CONS ROSA E SILVA";"";"RUA CONS PORTELA";"";"ROSARINHO";"459";"";"CHOQUE OBJETO FIXO";NA;"0";"0";"0";"0";"0";"0";"0";"0";"0";"0";"";"";"";"";"";"";"";"";"";"";"";"";""
"3251";2020-09-11;"08:52:00";"COM VÍTIMA";"FINALIZADA";"AFLITOS";"AV CONS ROSA E SILVA";"";"RUA EDGAR D'AMORIM";"EM FRENTE AO BOMPREÇO";"AFLITOS";"459";"";"CHOQUE OBJETO FIXO";1;"0";"0";"0";"0";"0";"0";"0";"0";"1";"0";"Cruzamento";"Bom";"Sem defeito";"Perfeito estado";"Seca";"Perfeito estado";"Faixa de pedestre";"R-6a";"";"Única";"Não existe";"";""
"3252";2020-09-11;"11:32:00";"COM VÍTIMA";"FINALIZADA";"BOA VISTA";"RUA DO HOSPICIO";"98";"";"E/F AO IEP. ESCOLA SIZENANDO SILVEIRA.";"BOA VISTA";NA;"SUBURBIO";"ABALROAMENTO LONGITUDINAL";NA;"1";"0";"0";"0";"1";"0";"0";"0";"1";"0";"Longo da via";"Bom";"Não existe";"Perfeito estado";"Seca";"Perfeito estado";"Não existe";"Não há placas";"";"Dupla";"Faixa contínua";"";""
"3253";2020-09-11;"12:47:00";"COM VÍTIMA";"FINALIZADA";"BOA VIAGEM";"RUA BARAO DE SOUZA LEAO";"1000";"";"E/F A CLINICA VETERINARIA DOG MANIA.";"BOA VIAGEM";NA;"";"ABALROAMENTO LONGITUDINAL";1;"1";"0";"0";"0";"0";"0";"0";"0";"1";"0";"Longo da via";"Bom";"Não existe";"Perfeito estado";"Seca";"Perfeito estado";"Não existe";"";"";"";"";"";""
"3254";2020-09-11;"13:51:00";"COM VÍTIMA";"FINALIZADA";"ROSARINHO";"RUA DR JOSE MARIA";"485";"RUA GOMES DE MATOS JUNIOR";"E/F AO EDF. VILA VELHA COLONIAL";"ROSARINHO";NA;"CIDADE";"ABALROAMENTO TRANSVERSAL";1;"1";"0";"0";"0";"0";"0";"0";"0";"1";"0";"Cruzamento";"Bom";"Não existe";"Perfeito estado";"Seca";"Perfeito estado";"Faixa de pedestre";"Placas Pare";"";"Dupla";"Faixa seccionada";"";""
"3255";2020-09-11;"14:39:00";"COM VÍTIMA";"FINALIZADA";"LINHA DO TIRO";"RUA URIEL DE HOLANDA";"417";"RUA BARAO DE CARUARU";"APÓS A UPINHA DA LINHA DO TIRO";"LINHA DO TIRO";NA;"SUBURBIO";"ABALROAMENTO TRANSVERSAL";1;"1";"0";"0";"0";"0";"0";"0";"0";"1";"0";"Cruzamento";"Bom";"Não existe";"Perfeito estado";"Seca";"Perfeito estado";"Não existe";"Outras";"";"Dupla";"Não existe";"";""
"3256";2020-09-11;"14:54:00";"COM VÍTIMA";"FINALIZADA";"ENCRUZILHADA";"RUA AMARO COUTINHO";"372";"RUA FORTALEZA";"AO LADO DO BAR E RESTAURANTE DO TONHAO";"ENCRUZILHADA";NA;"CIDADE";"ABALROAMENTO TRANSVERSAL";1;"1";"0";"0";"0";"0";"0";"0";"0";"1";"0";"Cruzamento";"Bom";"Não existe";"Perfeito estado";"Seca";"Perfeito estado";"";"Placas Pare";"";"Dupla";"Não existe";"";""
"3257";2020-09-11;"18:17:00";"COM VÍTIMA";"FINALIZADA";"BOA VIAGEM";"AV BOA VIAGEM";"";"RUA RIBEIRO DE BRITO";"";"BOA VIAGEM";NA;"CIDADE";"ABALROAMENTO LONGITUDINAL";1;"1";"0";"0";"0";"0";"0";"0";"0";"1";"0";"Cruzamento";"Bom";"Sem defeito";"";"Seca";"Mal iluminada";"Faixa de pedestre";"Outras";"60 km/h";"Única";"Faixa contínua";"";""
"3258";2020-09-11;"19:22:00";"COM VÍTIMA";"FINALIZADA";"CORDEIRO";"AV MAURICIO DE NASSAU";"";"";"PROX AO PORTAO DO EXPRESSO CIDADAO- EM FRENTE A CRECHE MUNICIPAL É LUTANDO QUE SE CONQUISTA.";"CORDEIRO";NA;"SUBURBIO";"COLISÃO COM CICLISTA";NA;"1";"0";"1";"0";"0";"0";"0";"0";"2";"0";"Longo da via";"Bom";"Não existe";"Perfeito estado";"Seca";"Perfeito estado";"Não existe";"Não há placas";"";"Dupla";"Faixa contínua";"";""
"3259";2020-09-11;"19:50:00";"COM VÍTIMA";"FINALIZADA";"IPUTINGA";"RUA MAURICEIA";"";"RUA GENERAL VARGAS";"AO LADO DO ESTACIONAMENTO DOS PRÉDIOS DA ANTIGA SUDENE / PRÓX AO RHODES HOTEL";"IPUTINGA";NA;"SUBURBIO";"ABALROAMENTO TRANSVERSAL";1;"1";"0";"0";"0";"0";"0";"0";"0";"1";"0";"Cruzamento";"Bom";"Não existe";"Perfeito estado";"Seca";"Perfeito estado";"Não existe";"Placas Pare";"30 km/h";"Dupla";"Não existe";"";""
"3260";2020-09-11;"20:00:00";"COM VÍTIMA";"FINALIZADA";"IPUTINGA";"RUA BOM PASTOR";"100";"";"AO LADO DO PRESÍDIO // EM FRENTE AO PETSHOP HS // PRÓX A PRAÇA DO BOM PASTOR. LIDER JATO.";"IPUTINGA";NA;"SUBURBIO";"ABALROAMENTO TRANSVERSAL";1;"1";"0";"0";"0";"0";"0";"0";"0";"1";"0";"Longo da via";"Bom";"Não existe";"Perfeito estado";"Seca";"Perfeito estado";"Não existe";"Outras";"";"Dupla";"Faixa seccionada";"";""
"3261";2020-09-11;"22:34:00";"SEM VÍTIMA";"CANCELADA";"CORDEIRO";"AV CAXANGA";"";"RUA CAMBUCI";"NO CRUZAMENTO";"CORDEIRO";NA;"";"COLISÃO";2;"1";"0";"0";"0";"0";"0";"0";"0";"0";"0";"";"";"";"";"";"";"";"";"";"";"";"";""
"3262";2020-09-12;"08:04:00";"COM VÍTIMA";"FINALIZADA";"CASA AMARELA";"AV NORTE";"";"COR DO BARTOLOMEU";"EM FRENTE A BIKE NORTE";"CASA AMARELA";"79";"CIDADE";"COLISÃO TRASEIRA";1;"0";"0";"0";"0";"1";"0";"0";"0";"1";"0";"Longo da via";"Bom";"Sem defeito";"Perfeito estado";"Seca";"Perfeito estado";"Faixa de pedestre";"Outras";"";"Dupla";"Faixa contínua";"";""
"3263";2020-09-12;"11:29:00";"SEM VÍTIMA";"FINALIZADA";"AFOGADOS";"EST DOS REMEDIOS";"126";"";"EM FRENTE AO SUPERMERCADO DULAR";"AFOGADOS";NA;"";"ABALROAMENTO LONGITUDINAL";1;"0";"0";"0";"0";"0";"0";"1";"0";"0";"0";"Longo da via";"Bom";"Não existe";"Perfeito estado";"Seca";"Perfeito estado";"";"";"";"Dupla";"Faixa contínua";"";""
"3264";2020-09-12;"12:13:00";"COM VÍTIMA";"FINALIZADA";"BOA VIAGEM";"AVENIDA CELSO FURTADO (VIA MANGUE)";"";"";"PROX AO EXTRA NA VIA MANGUE S/T CID";"BOA VIAGEM";NA;"CIDADE";"COLISÃO TRASEIRA";1;"1";"0";"0";"0";"0";"0";"0";"0";"1";"0";"Longo da via";"Bom";"Não existe";"Perfeito estado";"Seca";"Perfeito estado";"Não existe";"Não há placas";"";"Dupla";"Canteiro central";"";""
"3265";2020-09-12;"12:31:00";"COM VÍTIMA";"FINALIZADA";"ESPINHEIRO";"RUA DO ESPINHEIRO";"";"RUA QUARENTA E OITO";"NO SEMAFORO 166";"ESPINHEIRO";"166";"CIDADE";"ABALROAMENTO TRANSVERSAL";NA;"1";"0";"0";"0";"1";"0";"0";"0";"1";"0";"Cruzamento";"Bom";"Sem defeito";"Perfeito estado";"Seca";"Perfeito estado";"Faixa de pedestre";"R-6a";"";"Única";"Não existe";"";""
"3266";2020-09-12;"18:41:00";"COM VÍTIMA";"FINALIZADA";"PRADO";"AV ENGENHEIRO ABDIAS DE CARVALHO";"1373B";"";"PRÓX AO POSTO BR- AO LADO DA FACULDADE NASSAU";"PRADO";NA;"SUBURBIO";"ABALROAMENTO LONGITUDINAL";1;"1";"0";"0";"0";"0";"0";"0";"0";"1";"0";"Longo da via";"Bom";"Não existe";"Incompleta";"Seca";"Mal iluminada";"Não existe";"Não há placas";"60 km/h";"Dupla";"Canteiro central";"";""
"3267";2020-09-12;"20:52:00";"COM VÍTIMA";"CANCELADA";"LINHA DO TIRO";"RUA URIEL DE HOLANDA";"";"";"E/F A PADARIA PÃO DE OURO E FARMACIA SINDICAL";"LINHA DO TIRO";NA;"";"COLISÃO";1;"1";"0";"0";"0";"0";"0";"0";"0";"1";"0";"";"";"";"";"";"";"";"";"";"";"";"";""
"3268";2020-09-12;"21:57:00";"COM VÍTIMA";"FINALIZADA";"CAMPO GRANDE";"RUA FRANKLIN TAVORA";"888";"RUA FARIAS NEVES";"ENF A MADEREIRA MADECOL. ALCOÓLICOS ANÔNIMOS.";"CAMPO GRANDE";NA;"SUBURBIO";"ABALROAMENTO TRANSVERSAL";1;"1";"0";"0";"0";"0";"0";"0";"0";"1";"0";"Cruzamento";"Bom";"Não existe";"Incompleta";"Seca";"Mal conservada";"Não existe";"Não há placas";"";"Dupla";"Não existe";"";""