"";"data";"hora";"natureza_acidente";"situacao";"bairro";"endereco";"numero";"detalhe_endereco_acidente";"complemento";"bairro_cruzamento";"num_semaforo";"sentido_via";"tipo";"auto";"moto";"ciclom";"ciclista";"pedestre";"onibus";"caminhao";"viatura";"outros";"vitimas";"vitimasfatais";"acidente_verificado";"tempo_clima";"situacao_semaforo";"sinalizacao";"condicao_via";"conservacao_via";"ponto_controle";"situacao_placa";"velocidade_max_via";"mao_direcao";"divisao_via1";"divisao_via2";"divisao_via3"
"3269";2020-09-13;"02:15:00";"COM VÍTIMA";"CANCELADA";"CORDEIRO";"AV CAXANGA";"";"";"RUA CLAUDIO BROTHERHOOD";"CORDEIRO";NA;"CIDADE";"COLISÃO";1;"1";"0";"0";"0";"0";"0";"0";"0";"1";"0";"";"";"";"";"";"";"";"";"";"";"";"";""
"3270";2020-09-13;"02:46:00";"COM VÍTIMA";"CANCELADA";"CASA AMARELA";"RUA PADRE LEMOS";"734";"";"EM AO CENTRO COMERCIAL DE CASA AMARELA";"CASA AMARELA";NA;"";"COLISÃO";NA;"1";"0";"0";"0";"0";"0";"0";"0";"1";"0";"";"";"";"";"";"";"";"";"";"";"";"";""
"3271";2020-09-13;"05:01:00";"COM VÍTIMA";"FINALIZADA";"TAMARINEIRA";"AV CONS ROSA E SILVA";"";"";"COM A RUA CÔNEGO BARATA";"TAMARINEIRA";"61";"";"COLISÃO";2;"0";"0";"0";"0";"0";"0";"0";"0";"1";"0";"";"";"";"";"";"";"";"";"";"";"";"";""
"3272";2020-09-13;"07:24:00";"COM VÍTIMA";"FINALIZADA";"BOA VIAGEM";"RUA ERNESTO DE PAULA SANTOS";"";"RUA PROFESSOR JOAO MEDEIROS";"EM FRENTE AO POSTO SHELL E FARMÁCIA DROGASIL.";"BOA VIAGEM";"329";"CIDADE";"ABALROAMENTO LONGITUDINAL";1;"1";"0";"0";"0";"0";"0";"0";"0";"1";"0";"Cruzamento";"Bom";"Sem defeito";"Perfeito estado";"Seca";"Perfeito estado";"Faixa de retenção";"R-6a";"";"Única";"Não existe";"";""
"3273";2020-09-13;"16:45:00";"COM VÍTIMA";"FINALIZADA";"SAN MARTIN";"AV GENERAL SAN MARTIN";"";"RUA GOMES TABORDA";"EM FRENTE AO DROGASIL";"SAN MARTIN";"67";"";"COLISÃO COM CICLISTA";NA;"1";"0";"1";"0";"0";"0";"0";"0";"1";"0";"Cruzamento";"Bom";"Sem defeito";"Perfeito estado";"Seca";"Perfeito estado";"Faixa de pedestre";"Outras";"40 km/h";"Dupla";"Faixa contínua";"";""
"3274";2020-09-13;"19:07:00";"COM VÍTIMA";"FINALIZADA";"SANTO AMARO";"AV CRUZ CABUGA";"";"RUA DOS PALMARES";"EM FRENTE A ESTAÇÃO BRT.";"SANTO AMARO";"171";"SUBURBIO";"ABALROAMENTO TRANSVERSAL";1;"1";"0";"0";"0";"0";"0";"0";"0";"1";"0";"Cruzamento";"Bom";"Sem defeito";"Perfeito estado";"Seca";"Perfeito estado";"Faixa de pedestre";"R-6a";"";"Dupla";"Faixa seccionada";"";""
"3275";2020-09-14;"10:11:00";"COM VÍTIMA";"FINALIZADA";"VÁRZEA";"AV PROFESSOR ARTUR DE SA";"850";"";"PROXIMO AO CEMITÁRIO DA VÁRZEA E A UFPE.";"VÁRZEA";NA;"VÁRZEA";"ABALROAMENTO LONGITUDINAL";1;"1";"0";"0";"0";"0";"0";"0";"0";"1";"0";"Longo da via";"Bom";"Não existe";"Perfeito estado";"Seca";"Perfeito estado";"Não existe";"Não há placas";"";"Dupla";"Faixa contínua";"";""
"3276";2020-09-14;"12:43:00";"COM VÍTIMA";"FINALIZADA";"AFOGADOS";"RUA DA PAZ";"";"";"E/F A FABRICA DA ASA.";"AFOGADOS";NA;"SUBURBIO";"ABALROAMENTO LONGITUDINAL";NA;"1";"0";"0";"0";"0";"2";"0";"0";"1";"0";"Longo da via";"Bom";"Sem defeito";"Perfeito estado";"Seca";"Perfeito estado";"Faixa de pedestre";"Não há placas";"";"Única";"Não existe";"";""
"3277";2020-09-14;"13:09:00";"COM VÍTIMA";"FINALIZADA";"BOA VIAGEM";"AV ENGENHEIRO DOMINGOS FERREIRA";"2655";"";"EM FRENTE AO POSTO BR E PROXIMO A FARMACIA INDEPENDENTE/ PISTA DA DIREITA";"BOA VIAGEM";NA;"SUBURBIO";"ABALROAMENTO TRANSVERSAL";1;"1";"0";"0";"0";"0";"0";"0";"0";"1";"0";"Longo da via";"Bom";"";"Perfeito estado";"Seca";"Perfeito estado";"Não existe";"Não há placas";"";"Única";"Canteiro central";"";""
"3278";2020-09-14;"14:43:00";"COM VÍTIMA";"FINALIZADA";"ROSARINHO";"RUA TELES JUNIOR";"350";"";"EM FRENTE AO EDIFICIO QUINTA DAS LARANJEIRAS. LADO OPOSTO AO NÚMERO INFORMADO.";"ROSARINHO";NA;"";"CHOQUE VEÍCULO PARADO";1;"1";"0";"0";"0";"0";"0";"0";"0";"1";"0";"Longo da via";"Bom";"Não existe";"Perfeito estado";"Seca";"Perfeito estado";"Não existe";"Não há placas";"";"Dupla";"Faixa contínua";"";""
"3279";2020-09-14;"15:10:00";"COM VÍTIMA";"FINALIZADA";"IPUTINGA";"AV CAXANGA";"2636";"";"E/F AO ANTIGO PERNAMBUCO DA SRTE S/T CID VT 25 E 19 NO LOCAL . LADO OPOSTO A IGREJA VERBO DA VIDA.";"IPUTINGA";NA;"CIDADE";"ATROPELAMENTO";NA;"1";"0";"0";"1";"0";"0";"0";"0";"1";"0";"Longo da via";"Bom";"Sem defeito";"Perfeito estado";"Seca";"Perfeito estado";"Não existe";"Não há placas";"";"Única";"Canteiro central";"";""
"3280";2020-09-14;"21:48:00";"COM VÍTIMA";"FINALIZADA";"CAMPO GRANDE";"RUA ODORICO MENDES";"106";"";"PROX AO CLUBE DAS PÁS. RESIDENCIAL PREFEITO AUGUSTO LUCENA.";"CAMPO GRANDE";NA;"CIDADE";"COLISÃO TRASEIRA";1;"1";"0";"0";"0";"0";"0";"0";"0";"1";"0";"Longo da via";"Bom";"Não existe";"Perfeito estado";"Seca";"Perfeito estado";"Não existe";"Outras";"";"Dupla";"Faixa seccionada";"";""
"3281";2020-09-15;"06:07:00";"COM VÍTIMA";"FINALIZADA";"SANTO AMARO";"AV GOVERNADOR AGAMENON MAGALHAES";"";"";"E/F AO INSTITUTO CRIMINALISTICO DO RECIFE // VIA PRINCIPAL // SENT. JOANA BEZERRA";"SANTO AMARO";"49";"SUBURBIO";"ABALROAMENTO LONGITUDINAL";NA;"1";"0";"0";"0";"1";"0";"0";"0";"2";"0";"Longo da via";"Bom";"Sem defeito";"Perfeito estado";"Seca";"Perfeito estado";"Não existe";"Outras";"60 km/h";"Dupla";"Canal";"";""
"3282";2020-09-15;"07:39:00";"COM VÍTIMA";"FINALIZADA";"BEBERIBE";"AV BEBERIBE";"3390";"";"E/F A ARENA SHOW BAR";"BEBERIBE";"388";"SUBURBIO";"COLISÃO COM CICLISTA";NA;"1";"0";"1";"0";"0";"0";"0";"0";"2";"0";"Longo da via";"Bom";"Sem defeito";"Perfeito estado";"Seca";"Perfeito estado";"Outros";"Outras";"";"Dupla";"Faixa contínua";"";""
"3283";2020-09-15;"10:21:00";"COM VÍTIMA";"FINALIZADA";"JOANA BEZERRA";"AV CENTRAL";"5";"RUA REALEZA";"PROX AO CLUBE MOCIDADE DO COQUE";"JOANA BEZERRA";NA;"";"ABALROAMENTO TRANSVERSAL";1;"1";"0";"0";"0";"0";"0";"0";"0";"1";"0";"Cruzamento";"Bom";"Não existe";"Não existente";"Seca";"Perfeito estado";"Não existe";"Não há placas";"";"Dupla";"Não existe";"";""
"3284";2020-09-15;"12:20:00";"COM VÍTIMA";"FINALIZADA";"BOA VISTA";"RUA DO HOSPICIO";"";"RUA PRINCESA IZABEL";"EM FRENTE DA CAMARA MUNICIPAL DO RECIFE";"BOA VISTA";"31";"CIDADE";"ABALROAMENTO LONGITUDINAL";1;"1";"0";"0";"0";"0";"0";"0";"0";"1";"0";"Cruzamento";"Bom";"Sem defeito";"Perfeito estado";"Seca";"Perfeito estado";"Agente";"Outras";"60 km/h";"Única";"Outros";"";""
"3285";2020-09-15;"14:31:00";"COM VÍTIMA";"FINALIZADA";"AFOGADOS";"RUA VINTE E UM DE ABRIL";"566";"RUA JOAO BARRETO DE ACIOLY LINS";"PROX AO ANTIGO LEILAO. EM FRENTE AO CENTRO AUTOMOTIVO JLX.";"AFOGADOS";NA;"SUBURBIO";"COLISÃO FRONTAL";NA;"2";"0";"0";"0";"0";"0";"0";"0";"2";"0";"Esquina";"Bom";"Não existe";"Não existente";"Seca";"Perfeito estado";"Não existe";"Não há placas";"";"Dupla";"Não existe";"";""
"3286";2020-09-15;"19:40:00";"COM VÍTIMA";"FINALIZADA";"IBURA";"AV DOIS RIOS";"";"LAD DA COHAB";"PRÓXIMO A LADEIRA. AO LADO DO HOTEL MALICE";"IBURA";NA;"SUBURBIO";"ABALROAMENTO TRANSVERSAL";NA;"2";"0";"0";"0";"0";"0";"0";"0";"2";"0";"Longo da via";"Bom";"Não existe";"Perfeito estado";"Seca";"Perfeito estado";"Não existe";"Outras";"";"Dupla";"Faixa contínua";"";""
"3287";2020-09-15;"20:12:00";"COM VÍTIMA";"FINALIZADA";"JORDÃO";"AV DONA CARENTINA";"33";"";"PRÓX AO TERMINAL DO JORDÃO ALTO // EM FRENTE AO POSTO DE SAÚDE DO JORDÃO ALTO";"JORDÃO";NA;"";"ABALROAMENTO LONGITUDINAL";1;"1";"0";"0";"0";"0";"0";"0";"0";"1";"0";"Longo da via";"Bom";"Não existe";"Não existente";"Seca";"Perfeito estado";"Não existe";"Não há placas";"";"Dupla";"Não existe";"";""
"3288";2020-09-15;"22:55:00";"SEM VÍTIMA";"FINALIZADA";"MACAXEIRA";"RUA MARIA AMALIA";"422";"";"PROXIMO AO CAMPO DO UNIÃO- AO LADO DA LACASA DE PASTEL OFICIAL- PROXIMO DO MERCADINHO BRASILEIRINHO";"MACAXEIRA";NA;"";"CHOQUE";1;"0";"0";"0";"0";"0";"0";"0";"0";"0";"0";"";"";"";"";"";"";"";"";"";"";"";"";""
"3289";2020-09-16;"09:38:00";"COM VÍTIMA";"FINALIZADA";"CORDEIRO";"AV GENERAL SAN MARTIN";"1208";"";"EM FRENTE AO COMPAZ";"CORDEIRO";NA;"NORTE/SUL";"ABALROAMENTO LONGITUDINAL";NA;"1";"0";"0";"0";"0";"1";"0";"0";"1";"0";"Longo da via";"Bom";"Não existe";"Perfeito estado";"Seca";"Perfeito estado";"Não existe";"Não há placas";"";"Dupla";"Faixa contínua";"";""
"3290";2020-09-16;"10:46:00";"COM VÍTIMA";"FINALIZADA";"PINA";"AV HERCULANO BANDEIRA";"483";"";"EM FRENTE A IGREJA CATOLICA";"PINA";"137";"SUBURBIO";"COLISÃO TRASEIRA";1;"1";"0";"0";"0";"0";"0";"0";"0";"1";"0";"Longo da via";"Bom";"Sem defeito";"Perfeito estado";"Seca";"Perfeito estado";"Não existe";"Outras";"60 km/h";"Única";"Faixa contínua";"";""
"3291";2020-09-16;"11:16:00";"SEM VÍTIMA";"FINALIZADA";"BOA VISTA";"AV CRUZ CABUGA";"";"";"EM FRENTE AO COLÉGIO SIZENANDO SILVEIRA- PRÓXIMO AO PARQUE 13 MAIO.";"BOA VISTA";NA;"";"COLISÃO";NA;"1";"0";"0";"0";"0";"0";"1";"0";"0";"0";"";"";"";"";"";"";"";"";"";"";"";"";""
"3292";2020-09-16;"12:31:00";"COM VÍTIMA";"FINALIZADA";"TEJIPIÓ";"AV DR JOSE RUFINO";"2802";"";"PROXIMO A BR 101";"TEJIPIÓ";NA;"CIDADE";"ABALROAMENTO TRANSVERSAL";1;"1";"0";"0";"0";"0";"0";"0";"0";"1";"0";"Cruzamento";"Bom";"Não existe";"Ilegível";"Seca";"Perfeito estado";"Não existe";"R-6a";"";"Dupla";"Faixa contínua";"";""
"3293";2020-09-16;"13:16:00";"COM VÍTIMA";"FINALIZADA";"BOA VIAGEM";"AV ENGENHEIRO DOMINGOS FERREIRA";"1223";"";"EM FRENTE AO POSTO SHELL";"BOA VIAGEM";NA;"SUBURBIO";"COLISÃO FRONTAL";1;"1";"0";"0";"0";"0";"0";"0";"0";"1";"0";"Longo da via";"Bom";"Não existe";"Perfeito estado";"Seca";"Perfeito estado";"Não existe";"Não há placas";"60 km/h";"Única";"Faixa seccionada";"";""
"3294";2020-09-16;"17:10:00";"COM VÍTIMA";"FINALIZADA";"ESPINHEIRO";"AV JOAO DE BARROS";"1500";"";"E/F AO MERCADO EXTRA VT 18 NO LOCAL";"ESPINHEIRO";NA;"SUBURBIO";"COLISÃO TRASEIRA";1;"1";"0";"0";"0";"0";"0";"0";"0";"2";"0";"Longo da via";"Bom";"Sem defeito";"Perfeito estado";"Seca";"Perfeito estado";"Faixa de pedestre";"";"40 km/h";"Única";"";"";""
"3295";2020-09-16;"22:53:00";"COM VÍTIMA";"CANCELADA";"SANCHO";"2TR TRES DE AGOSTO";"20";"";"E/F AO CENTRO DA JUVENTUDE - BIDU KRAUSE";"SANCHO";NA;"";"COLISÃO";1;"1";"0";"0";"0";"0";"0";"0";"0";"1";"0";"";"";"";"";"";"";"";"";"";"";"";"";""
"3296";2020-09-17;"11:49:00";"COM VÍTIMA";"FINALIZADA";"BOA VISTA";"RUA JOAO FERNANDES VIEIRA";"405";"";"EM FRENTE AO CENTRO INTEGRADO DA CRIANÇA E DO ADOLESCENTE.";"BOA VISTA";NA;"CIDADE";"COLISÃO TRASEIRA";1;"1";"0";"0";"0";"0";"0";"0";"0";"1";"0";"Longo da via";"Bom";"Não existe";"Perfeito estado";"Seca";"Perfeito estado";"Faixa de pedestre";"";"";"Única";"Faixa contínua";"";""
"3297";2020-09-17;"15:27:00";"COM VÍTIMA";"FINALIZADA";"IPSEP";"RUA PINTOR ANTONIO ALBUQUERQUE";"322";"";"LADO OPOSTO AO Nº INFORMADO";"IPSEP";NA;"";"ABALROAMENTO LONGITUDINAL";2;"1";"0";"0";"0";"0";"0";"0";"0";"2";"0";"Longo da via";"Bom";"Não existe";"";"Seca";"Perfeito estado";"Não existe";"";"";"Única";"";"";""
"3298";2020-09-17;"15:48:00";"COM VÍTIMA";"FINALIZADA";"BOA VIAGEM";"AVENIDA CELSO FURTADO (VIA MANGUE)";"";"RUA PROFESSOR EDUARDO WANDERLEY FILHO";"PRÓXIMO A RUA PROF. EDUARDO WANDERLEY FILHO";"BOA VIAGEM";NA;"CIDADE";"COLISÃO TRASEIRA";1;"1";"0";"0";"0";"0";"0";"0";"0";"1";"0";"Longo da via";"Bom";"Não existe";"Perfeito estado";"Seca";"Perfeito estado";"Outros";"Outras";"";"Dupla";"Canteiro central";"";""
"3299";2020-09-17;"17:35:00";"COM VÍTIMA";"FINALIZADA";"CORDEIRO";"RUA GOMES TABORDA";"";"AV GENERAL SAN MARTIN";"EM FRENTE AO ATACAREJO";"CORDEIRO";"67";"SUBURBIO";"ABALROAMENTO TRANSVERSAL";1;"1";"0";"0";"0";"0";"0";"0";"0";"1";"0";"Cruzamento";"Bom";"Sem defeito";"Incompleta";"Seca";"Perfeito estado";"Faixa de pedestre";"R-6a";"";"Dupla";"Faixa seccionada";"";""
"3300";2020-09-17;"22:56:00";"COM VÍTIMA";"FINALIZADA";"IBURA";"AV RIO LARGO";"";"AV DOZE DE JUNHO";"AO LADO DO PROAB ALIMENTOS";"IBURA";"512";"SUBURBIO";"ABALROAMENTO LONGITUDINAL";NA;"1";"0";"0";"0";"1";"0";"0";"0";"1";"0";"Cruzamento";"Bom";"Sem defeito";"Perfeito estado";"Seca";"Perfeito estado";"Faixa de pedestre";"Outras";"";"Dupla";"Não existe";"";""
"3301";2020-09-18;"09:07:00";"COM VÍTIMA";"FINALIZADA";"DERBY";"RUA JENER DE SOUZA";"449";"RUA DA BAIXA VERDE";"PRÓXIMO AO QUARTEL DO DERBY";"DERBY";NA;"MADALENA";"ABALROAMENTO TRANSVERSAL";1;"1";"0";"0";"0";"0";"0";"0";"0";"1";"0";"Cruzamento";"Bom";"Não existe";"Perfeito estado";"Seca";"Perfeito estado";"";"R-6a";"40 km/h";"Dupla";"Canteiro central";"";""
"3302";2020-09-18;"13:16:00";"COM VÍTIMA";"FINALIZADA";"ENGENHO DO MEIO";"RUA FRANCISCO BEZERRA MONTEIRO";"423";"RUA GOVERNADOR LOPO GARRO";"NAE - NÚCLEO DE APOIO AOS ESTUDANTES.";"ENGENHO DO MEIO";NA;"SUBURBIO";"ABALROAMENTO LONGITUDINAL";1;"1";"0";"0";"0";"0";"0";"0";"0";"1";"0";"Cruzamento";"Bom";"Não existe";"";"Seca";"Perfeito estado";"Não existe";"Placas Pare";"";"Dupla";"Não existe";"";""
"3303";2020-09-18;"13:48:00";"COM VÍTIMA";"FINALIZADA";"BOMBA DO HEMETÉRIO";"RUA SAO BENTO";"84";"";"NA ENTRADA DA BOMBA DO HEMETERIO";"BOMBA DO HEMETÉRIO";NA;"SUBURBIO";"COLISÃO";1;"1";"0";"0";"0";"0";"0";"0";"0";"1";"0";"Longo da via";"Bom";"Não existe";"Perfeito estado";"Seca";"Perfeito estado";"Não existe";"Outras";"";"Única";"Faixa seccionada";"";""
"3304";2020-09-18;"15:21:00";"COM VÍTIMA";"FINALIZADA";"BOA VIAGEM";"RUA WALDEMAR NERY CARNEIRO MONTEIRO";"628";"RUA JOAO CARDOSO AIRES";"EM FRENTE A CLINICA VETERINARIA VETCENTER";"BOA VIAGEM";NA;"SUBURBIO";"ABALROAMENTO LONGITUDINAL";1;"1";"0";"0";"0";"0";"0";"0";"0";"1";"0";"Cruzamento";"Bom";"Não existe";"Perfeito estado";"Seca";"Perfeito estado";"Faixa de pedestre";"Placas Pare";"";"Dupla";"Faixa seccionada";"";""
"3305";2020-09-18;"16:22:00";"COM VÍTIMA";"FINALIZADA";"PARNAMIRIM";"EST DAS UBAIAS-";"105";"RUA RAIMUNDO FREIXEIRA";"E/F AO SUPERMERCADO BOM DEMAIS";"PARNAMIRIM";NA;"SUBURBIO";"COLISÃO COM CICLISTA";1;"0";"0";"1";"0";"0";"0";"0";"0";"1";"0";"Longo da via";"Bom";"Não existe";"Perfeito estado";"Seca";"Perfeito estado";"Não existe";"Outras";"40 km/h";"Dupla";"Faixa seccionada";"";""
"3306";2020-09-18;"22:28:00";"COM VÍTIMA";"CANCELADA";"AREIAS";"RUA IPOJUCA";"483";"";"PRÓX A PRAÇA HEROIS DA RESTAURAÇÃO / E/F A RC VIDROS";"AREIAS";NA;"";"COLISÃO COM CICLISTA";1;"0";"0";"1";"0";"0";"0";"0";"0";"2";"0";"";"";"";"";"";"";"";"";"";"";"";"";""
"3307";2020-09-19;"13:58:00";"COM VÍTIMA";"FINALIZADA";"ARRUDA";"RUA DA REGENERACAO";"312";"";"PROX A CLIMA GELAR";"ARRUDA";NA;"";"COLISÃO";1;"1";"0";"0";"0";"0";"0";"0";"0";"1";"0";"";"";"";"";"";"";"";"";"";"";"";"";""
"3308";2020-09-19;"14:11:00";"SEM VÍTIMA";"FINALIZADA";"MACAXEIRA";"AV JOSE AMERICO DE ALMEIDA";"";"AV NORTE";"PRÓXIMO A CHURRASCARIA NORTE GRILL";"MACAXEIRA";NA;"";"COLISÃO TRASEIRA";2;"0";"0";"0";"0";"0";"0";"0";"0";"0";"0";"Cruzamento";"Bom";"Não existe";"Perfeito estado";"Seca";"";"Faixa de pedestre";"Placas Pare";"";"Dupla";"Canteiro central";"";""
"3309";2020-09-19;"16:37:00";"COM VÍTIMA";"FINALIZADA";"CASA AMARELA";"EST DO ARRAIAL";"";"RUA DA HARMONIA";"EM FRENTE A IGREJA DA HARMONIA";"CASA AMARELA";"74";"";"ATROPELAMENTO";1;"0";"0";"0";"1";"0";"0";"0";"0";"1";"0";"";"";"";"";"";"";"";"";"";"";"";"";""
"3310";2020-09-19;"16:50:00";"COM VÍTIMA";"FINALIZADA";"MADALENA";"RUA BENFICA";"";"";"PROX AO CAMPO DO SPORT. AO LADO DA PRAÇA DA BANDEIRA- APÓS O TÚNEL CHICO SCIENCE.";"MADALENA";NA;"SUBURBIO";"COLISÃO";1;"1";"0";"0";"0";"0";"0";"0";"0";"1";"0";"Outros";"Bom";"Não existe";"Perfeito estado";"Seca";"Mal conservada";"Não existe";"Outras";"";"Única";"";"";""
"3311";2020-09-19;"17:20:00";"COM VÍTIMA";"FINALIZADA";"IPSEP";"AV RECIFE";"2677";"";"NA FRENTE DA PIZZARIA ATLANTICO";"IPSEP";NA;"SUBURBIO";"ABALROAMENTO LONGITUDINAL";1;"1";"0";"0";"0";"0";"0";"0";"0";"1";"0";"Longo da via";"Bom";"Sem defeito";"Perfeito estado";"Seca";"Perfeito estado";"";"";"";"";"";"";""
"3312";2020-09-19;"18:24:00";"COM VÍTIMA";"CANCELADA";"CAMPO GRANDE";"AV GOVERNADOR AGAMENON MAGALHAES";"";"";"PROXIMO DA FABRICA TACARUNA";"CAMPO GRANDE";NA;"";"COLISÃO";2;"0";"0";"0";"0";"0";"0";"0";"0";"2";"0";"";"";"";"";"";"";"";"";"";"";"";"";""
"3313";2020-09-19;"21:04:00";"SEM VÍTIMA";"CANCELADA";"TORRE";"RUA JOSE BONIFACIO";"481";"RUA PADRE ANCHIETA";"AO LADO DO MINUTO PÃO DE AÇUCAR";"TORRE";NA;"";"COLISÃO";2;"0";"0";"0";"0";"0";"0";"0";"0";"0";"0";"";"";"";"";"";"";"";"";"";"";"";"";""
"3314";2020-09-19;"21:28:00";"SEM VÍTIMA";"FINALIZADA";"COQUEIRAL";"RUA ANANIAS CATANHO";"431";"";"EM FRENTE AO Nº 431";"COQUEIRAL";NA;"SUBURBIO";"CHOQUE VEÍCULO PARADO";2;"0";"0";"0";"0";"0";"0";"0";"0";"0";"0";"Longo da via";"Bom";"Não existe";"";"Seca";"Perfeito estado";"Não existe";"Não há placas";"";"Dupla";"Não existe";"";""
"3315";2020-09-19;"22:24:00";"COM VÍTIMA";"FINALIZADA";"ESPINHEIRO";"RUA DO ESPINHEIRO";"";"RUA AMELIA";"APÓS O HOSPTAL ESPINHEIRO";"ESPINHEIRO";"195";"CIDADE";"ABALROAMENTO TRANSVERSAL";1;"1";"0";"0";"0";"0";"0";"0";"0";"2";"0";"Cruzamento";"Bom";"Desligado";"Perfeito estado";"Seca";"Perfeito estado";"Faixa de pedestre";"Outras";"";"";"";"";""
"3316";2020-09-20;"07:37:00";"COM VÍTIMA";"FINALIZADA";"IMBIRIBEIRA";"AV MARECHAL MASCARENHAS DE MORAES";"2716";"RUA JORNALISTA CLEOFHAS DE OLIVEIRA";"EM FRENTE AO GERALDÃO- SENT. AEROPORTO";"IMBIRIBEIRA";"290";"SUBURBIO";"COLISÃO TRASEIRA";1;"1";"0";"0";"0";"0";"0";"0";"0";"1";"0";"Cruzamento";"Bom";"Sem defeito";"Perfeito estado";"Seca";"Perfeito estado";"Faixa de pedestre";"Não há placas";"60 km/h";"Dupla";"Faixa contínua";"Faixa seccionada";"Canteiro central"
"3317";2020-09-20;"11:13:00";"COM VÍTIMA";"FINALIZADA";"BOA VIAGEM";"AV BOA VIAGEM";"328";"";"EM FRENTE AS QUADRAS DE TÊNIS. EDF. ARAUCÁRIA.";"BOA VIAGEM";NA;"CIDADE";"COLISÃO TRASEIRA";2;"0";"0";"2";"0";"0";"0";"0";"0";"3";"0";"Longo da via";"Bom";"Sem defeito";"Perfeito estado";"Seca";"Perfeito estado";"Não existe";"Outras";"60 km/h";"Única";"Faixa seccionada";"";""
"3318";2020-09-20;"16:39:00";"COM VÍTIMA";"FINALIZADA";"IBURA";"AV DOIS RIOS";"704";"RUA RIO DO OESTE";"APOS O POSTO TOTAL AO LADO DA COPE S/T BR";"IBURA";"325";"SUBURBIO";"ABALROAMENTO TRANSVERSAL";1;"1";"0";"0";"0";"0";"0";"0";"0";"2";"0";"Esquina";"Bom";"Sem defeito";"Perfeito estado";"Seca";"Perfeito estado";"Faixa de pedestre";"R-6a";"";"Dupla";"Faixa contínua";"";""
"3319";2020-09-20;"18:57:00";"SEM VÍTIMA";"FINALIZADA";"VÁRZEA";"AV PREFEITO ANTONIO PEREIRA";"";"";"TERMINAL INTEGRADO DE PASSAGEIRO";"VÁRZEA";NA;"CIDADE";"ABALROAMENTO LONGITUDINAL";1;"0";"0";"0";"0";"1";"0";"0";"0";"0";"0";"";"Bom";"Não existe";"Não existente";"Seca";"Perfeito estado";"Não existe";"Não há placas";"";"Dupla";"Canteiro central";"";""
"3320";2020-09-20;"19:20:00";"SEM VÍTIMA";"FINALIZADA";"PINA";"AV ANTONIO DE GOES";"";"PTE AGAMENON MAGALHAES";"NA SUBIDA DA PONTE DO PINA";"PINA";NA;"";"CHOQUE OBJETO FIXO";NA;"0";"0";"0";"0";"0";"0";"0";"0";"0";"0";"";"";"";"";"";"";"";"";"";"";"";"";""
"3321";2020-09-21;"01:01:00";"SEM VÍTIMA";"FINALIZADA";"BOA VIAGEM";"AV ENGENHEIRO DOMINGOS FERREIRA";"2025";"";"E/F A LOJA PETLAND";"BOA VIAGEM";NA;"SUBURBIO";"CHOQUE OBJETO FIXO";1;"0";"0";"0";"0";"0";"0";"0";"0";"0";"0";"Longo da via";"Bom";"Não existe";"Perfeito estado";"Seca";"Perfeito estado";"Não existe";"R-6a";"60 km/h";"Única";"Faixa seccionada";"Canteiro central";""
"3322";2020-09-21;"08:54:00";"SEM VÍTIMA";"FINALIZADA";"PINA";"AV ANTONIO DE GOES";"";"";"INÍCIO DA PONTE GOVERNADOR PAULO GUERRA";"PINA";NA;"CIDADE";"CHOQUE OBJETO FIXO";1;"0";"0";"0";"0";"0";"0";"0";"0";"0";"0";"Longo da via";"Bom";"Não existe";"Ilegível";"Seca";"Mal iluminada";"Não existe";"";"60 km/h";"Única";"Canteiro central";"";""
"3323";2020-09-21;"09:10:00";"COM VÍTIMA";"FINALIZADA";"IBURA";"AV DOIS RIOS";"1347";"";"EM FRENTE AO COSULTORIO MEDICO DO IBURA. PRÓXIMO AO CONSELHO TUTELAR.";"IBURA";NA;"CIDADE";"ABALROAMENTO TRANSVERSAL";1;"1";"0";"0";"0";"0";"0";"0";"0";"1";"0";"Longo da via";"Bom";"Não existe";"Ilegível";"Seca";"Perfeito estado";"Não existe";"Não há placas";"";"Dupla";"Não existe";"";""
"3324";2020-09-21;"11:09:00";"COM VÍTIMA";"CANCELADA";"TORRE";"RUA JOSE BONIFACIO";"359";"";"PROX. A JOÃO DA CARNE DE SOL";"TORRE";NA;"";"COLISÃO";1;"1";"0";"0";"0";"0";"0";"0";"0";"1";"0";"";"";"";"";"";"";"";"";"";"";"";"";""
"3325";2020-09-21;"11:28:00";"COM VÍTIMA";"FINALIZADA";"ENGENHO DO MEIO";"RUA MAURICEIA";"190";"";"E/F AO COLEGIO SABER";"ENGENHO DO MEIO";"652";"";"ABALROAMENTO LONGITUDINAL";1;"1";"0";"0";"0";"0";"0";"0";"0";"1";"0";"Longo da via";"Bom";"Sem defeito";"Incompleta";"Seca";"Perfeito estado";"Faixa de pedestre";"Outras";"30 km/h";"Dupla";"Não existe";"";""
"3326";2020-09-21;"19:30:00";"COM VÍTIMA";"FINALIZADA";"IPUTINGA";"AV CAXANGA";"5362";"";"EM FRENTE AO CAXANGÁ GOLF CLUB";"IPUTINGA";NA;"SUBURBIO";"ABALROAMENTO TRANSVERSAL";1;"1";"0";"0";"0";"0";"0";"0";"0";"1";"0";"Longo da via";"Bom";"Não existe";"Perfeito estado";"Seca";"Perfeito estado";"Não existe";"Não há placas";"";"Única";"Faixa contínua";"";""