"";"data";"hora";"natureza_acidente";"situacao";"bairro";"endereco";"numero";"detalhe_endereco_acidente";"complemento";"bairro_cruzamento";"num_semaforo";"sentido_via";"tipo";"auto";"moto";"ciclom";"ciclista";"pedestre";"onibus";"caminhao";"viatura";"outros";"vitimas";"vitimasfatais";"acidente_verificado";"tempo_clima";"situacao_semaforo";"sinalizacao";"condicao_via";"conservacao_via";"ponto_controle";"situacao_placa";"velocidade_max_via";"mao_direcao";"divisao_via1";"divisao_via2";"divisao_via3"
"3327";2020-09-22;"07:01:00";"COM VÍTIMA";"FINALIZADA";"IMBIRIBEIRA";"AV MARECHAL MASCARENHAS DE MORAES";"2777";"";"NO SENTIDO CIDADE  EM FRENTE A GMAG ESTOFADOS.";"IMBIRIBEIRA";NA;"CIDADE";"CHOQUE VEÍCULO PARADO";2;"1";"0";"0";"0";"0";"0";"0";"0";"1";"0";"Longo da via";"Bom";"Não existe";"Perfeito estado";"Seca";"Perfeito estado";"Não existe";"Não há placas";"60 km/h";"Única";"Faixa contínua";"Faixa seccionada";""
"3328";2020-09-22;"07:43:00";"COM VÍTIMA";"FINALIZADA";"SAN MARTIN";"RUA VINTE E UM DE ABRIL";"2130";"";"EM FRENTE A  PADARIA VINTE UM DE ABRIL";"SAN MARTIN";NA;"SUBURBIO";"ATROPELAMENTO";1;"0";"0";"0";"1";"0";"0";"0";"0";"1";"0";"Longo da via";"Bom";"Sem defeito";"Não existente";"Seca";"Perfeito estado";"Não existe";"Outras";"40 km/h";"Dupla";"Não existe";"";""
"3329";2020-09-22;"07:47:00";"COM VÍTIMA";"FINALIZADA";"DERBY";"AV GOVERNADOR AGAMENON MAGALHAES";"";"RUA DOM BOSCO";"EM FRENTE AO HOSPITAL DA RESTAURAÇÃO. PISTA CENTRAL.";"DERBY";"174";"BOA VIAGEM";"COLISÃO TRASEIRA";1;"1";"0";"0";"0";"0";"0";"0";"0";"1";"0";"Longo da via";"Bom";"Sem defeito";"Perfeito estado";"Seca";"Perfeito estado";"Agente";"Outras";"60 km/h";"Dupla";"Canteiro central";"";""
"3330";2020-09-22;"08:00:00";"COM VÍTIMA";"FINALIZADA";"VASCO DA GAMA";"RUA VASCO DA GAMA";"1688";"RUA BREJO BONITO";"NA SUBIDA DO VISGUEIRO";"VASCO DA GAMA";NA;"";"COLISÃO FRONTAL";NA;"1";"0";"0";"0";"1";"0";"0";"0";"1";"0";"Longo da via";"Bom";"Não existe";"Não existente";"Seca";"Mal conservada";"Não existe";"Não há placas";"40 km/h";"Dupla";"Não existe";"";""
"3331";2020-09-22;"08:43:00";"COM VÍTIMA";"FINALIZADA";"IPSEP";"RUA HELIO BRANDAO";"135";"RUA ADERBAL DE MELO";"EM FRENTE AO CHAMBARIL E FEIJOADA DO JOÃO";"IPSEP";NA;"";"ABALROAMENTO TRANSVERSAL";1;"1";"0";"0";"0";"0";"0";"0";"0";"1";"0";"Cruzamento";"Bom";"Não existe";"Perfeito estado";"Seca";"Perfeito estado";"";"Placas Pare";"30 km/h";"Única";"Faixa seccionada";"";""
"3332";2020-09-22;"09:23:00";"COM VÍTIMA";"FINALIZADA";"TORRÕES";"AV ENGENHEIRO ABDIAS DE CARVALHO";"";"RUA TIJUCAS";"CHESF";"TORRÕES";"422";"CIDADE";"TOMBAMENTO";NA;"1";"0";"0";"0";"0";"0";"0";"0";"1";"0";"Longo da via";"Bom";"Sem defeito";"Perfeito estado";"Seca";"Perfeito estado";"Faixa de pedestre";"Não há placas";"";"Única";"Canteiro central";"";""
"3333";2020-09-22;"15:10:00";"COM VÍTIMA";"FINALIZADA";"PARNAMIRIM";"RUA FERREIRA LOPES";"141";"RUA DA ESTRELA";"CONSULADO";"PARNAMIRIM";NA;"";"ABALROAMENTO TRANSVERSAL";NA;"2";"0";"0";"0";"0";"0";"0";"0";"1";"0";"Cruzamento";"Bom";"Não existe";"Perfeito estado";"Seca";"Perfeito estado";"";"Outras";"40 km/h";"Dupla";"Faixa seccionada";"";""
"3334";2020-09-22;"16:07:00";"COM VÍTIMA";"FINALIZADA";"SÃO JOSÉ";"AV SUL";"";"";"POR TRAS DO FORTE DAS CINCO PONTAS. POSTE B015690.";"SÃO JOSÉ";NA;"CIDADE";"COLISÃO";3;"0";"0";"0";"0";"0";"0";"0";"0";"1";"0";"Longo da via";"Bom";"Não existe";"Perfeito estado";"Seca";"Perfeito estado";"Não existe";"Outras";"60 km/h";"Única";"Faixa seccionada";"";""
"3335";2020-09-23;"08:35:00";"SEM VÍTIMA";"FINALIZADA";"SÃO JOSÉ";"VDO DAS CINCO PONTAS";"";"";"";"SÃO JOSÉ";NA;"";"CHOQUE OBJETO FIXO";NA;"0";"0";"0";"0";"0";"0";"0";"0";"0";"0";"Viaduto";"Bom";"Não existe";"Perfeito estado";"Seca";"Perfeito estado";"Não existe";"Não há placas";"n/i";"Única";"Canteiro central";"";""
"3336";2020-09-23;"11:15:00";"COM VÍTIMA";"FINALIZADA";"PRADO";"RUA CARLOS GOMES";"";"";"EM FRENTE AO HOSPITAL NOSSA SENHORA DO Ó";"PRADO";NA;"";"COLISÃO";1;"1";"0";"0";"0";"0";"0";"0";"0";"1";"0";"";"";"";"";"";"";"";"";"";"";"";"";""
"3337";2020-09-23;"14:41:00";"COM VÍTIMA";"FINALIZADA";"ESTÂNCIA";"AV RECIFE";"";"";"APÓS O BIG BOM PREÇO. LADO OPOSTO A FARMÁCIA PAGUE MENOS.";"ESTÂNCIA";NA;"SUBURBIO";"ABALROAMENTO LONGITUDINAL";1;"1";"0";"0";"0";"0";"0";"0";"0";"1";"0";"Longo da via";"Bom";"Sem defeito";"Perfeito estado";"Seca";"Perfeito estado";"Não existe";"Outras";"";"Dupla";"Canteiro central";"";""
"3338";2020-09-23;"15:41:00";"SEM VÍTIMA";"FINALIZADA";"ILHA JOANA BEZERRA";"VDO PAPA JOAO PAULO II";"";"";"";"ILHA JOANA BEZERRA";NA;"BOA VIAGEM";"COLISÃO";NA;"0";"0";"0";"0";"0";"0";"0";"0";"0";"0";"";"";"";"";"";"";"";"";"";"";"";"";""
"3339";2020-09-23;"18:01:00";"COM VÍTIMA";"FINALIZADA";"DERBY";"AV GOVERNADOR AGAMENON MAGALHAES";"";"RUA HENRIQUE DIAS";"";"DERBY";"68";"CIDADE";"ABALROAMENTO LONGITUDINAL";1;"1";"0";"0";"0";"0";"0";"0";"0";"1";"0";"Cruzamento";"Bom";"Sem defeito";"Perfeito estado";"Seca";"Perfeito estado";"Faixa de pedestre";"Não há placas";"60 km/h";"Única";"";"";""
"3340";2020-09-23;"20:40:00";"COM VÍTIMA";"FINALIZADA";"BEBERIBE";"AV BEBERIBE";"4250";"";"";"BEBERIBE";NA;"SUBURBIO";"ATROPELAMENTO";NA;"1";"0";"0";"1";"0";"0";"0";"0";"2";"0";"Longo da via";"Bom";"Não existe";"Perfeito estado";"Seca";"Perfeito estado";"Não existe";"Outras";"40 km/h";"Dupla";"Faixa contínua";"";""
"3341";2020-09-24;"08:29:00";"COM VÍTIMA";"FINALIZADA";"FUNDÃO";"AV BEBERIBE";"2584";"";"EM FRENTE AO ARMAZÉM LOJAS CONSTRUINDO.";"FUNDÃO";NA;"SUBURBIO";"COLISÃO COM CICLISTA";NA;"1";"0";"1";"0";"0";"0";"0";"0";"3";"0";"Longo da via";"Bom";"Não existe";"Perfeito estado";"Seca";"Perfeito estado";"Não existe";"Não há placas";"";"Dupla";"Faixa contínua";"";""
"3342";2020-09-24;"09:48:00";"COM VÍTIMA";"FINALIZADA";"IMBIRIBEIRA";"AV MARECHAL MASCARENHAS DE MORAES";"4075";"RUA CORONEL FABRICIANO";"PRÓX. AO ATACADO DOS PRESENTES";"IMBIRIBEIRA";"310";"CIDADE";"ABALROAMENTO LONGITUDINAL";NA;"1";"0";"0";"0";"0";"1";"0";"0";"1";"0";"Cruzamento";"Bom";"Sem defeito";"Perfeito estado";"Seca";"Perfeito estado";"Outros";"Não há placas";"60 km/h";"Única";"Faixa seccionada";"Canteiro central";""
"3343";2020-09-24;"09:48:00";"COM VÍTIMA";"FINALIZADA";"IMBIRIBEIRA";"AV MARECHAL MASCARENHAS DE MORAES";"";"";"ÁREA DE DESEMBARQUE DO AEROPORTO APÓS A PORTA A6. PORTÃO DE CARGA DO ANTIGO TERMINAL DO AEROPORTO.";"IMBIRIBEIRA";NA;"SUBURBIO";"CHOQUE OBJETO FIXO";1;"0";"0";"0";"0";"0";"0";"0";"0";"1";"0";"Longo da via";"Bom";"Não existe";"Perfeito estado";"Seca";"Perfeito estado";"Outros";"Outras";"";"Única";"Não existe";"";""
"3344";2020-09-24;"13:37:00";"SEM VÍTIMA";"FINALIZADA";"BOA VIAGEM";"RUA DOM JOSE LOPES";"747";"";"PANIFICADORA J. LORENA";"BOA VIAGEM";NA;"";"COLISÃO";2;"0";"0";"0";"0";"0";"0";"0";"0";"0";"0";"Longo da via";"Bom";"Não existe";"Perfeito estado";"Seca";"Perfeito estado";"Não existe";"Não há placas";"n/i";"Única";"Não existe";"";""
"3345";2020-09-24;"19:42:00";"COM VÍTIMA";"FINALIZADA";"DOIS IRMÃOS";"RUA DOIS IRMAOS";"";"";"E/F AO HORTO DE DOIS IRMÃOS E AO LAFEPE.";"DOIS IRMÃOS";NA;"SUBURBIO";"COLISÃO TRASEIRA";1;"1";"0";"0";"0";"0";"0";"0";"0";"1";"0";"Longo da via";"Bom";"Não existe";"Perfeito estado";"Seca";"Perfeito estado";"";"R-19";"60 km/h";"Dupla";"Não existe";"";""
"3346";2020-09-25;"16:32:00";"COM VÍTIMA";"FINALIZADA";"CORDEIRO";"AV CAXANGA";"1845";"";"PROX A CENTROCAR";"CORDEIRO";NA;"CIDADE";"ATROPELAMENTO";1;"1";"0";"0";"1";"0";"0";"0";"0";"1";"0";"Longo da via";"Bom";"Não existe";"Incompleta";"Seca";"Perfeito estado";"Não existe";"Não há placas";"";"Dupla";"Faixa seccionada";"";""
"3347";2020-09-25;"16:52:00";"COM VÍTIMA";"FINALIZADA";"CAMPO GRANDE";"AV PROFESSOR JOSE DOS ANJOS";"116A";"";"E/F A SUB ESTAÇAO DA COMPESA";"CAMPO GRANDE";NA;"CAMPO GRANDE";"COLISÃO FRONTAL";1;"1";"0";"0";"0";"0";"0";"0";"0";"1";"0";"Longo da via";"Bom";"Não existe";"Não existente";"Seca";"Perfeito estado";"Não existe";"Não há placas";"";"Inglesa";"Não existe";"";""
"3348";2020-09-25;"17:43:00";"COM VÍTIMA";"FINALIZADA";"IPUTINGA";"AV CAXANGA";"3516";"RUA SAO MATEUS";"LOGO APOS O CRUZAMENTO DO POSTO PETROCAL - BR. LADO OPOSTO AO CARTÓRIO DA VÁRZEA.";"IPUTINGA";"229";"CIDADE";"ABALROAMENTO LONGITUDINAL";NA;"1";"0";"0";"0";"0";"1";"0";"0";"1";"0";"Longo da via";"Bom";"Sem defeito";"Perfeito estado";"Seca";"Perfeito estado";"Faixa de pedestre";"Outras";"";"Dupla";"Não existe";"";""
"3349";2020-09-26;"04:50:00";"COM VÍTIMA";"FINALIZADA";"AREIAS";"AV RECIFE";"97";"";"EM FRENTE AO MAKRO SENTIDO UFPE- NA SUBIDA DO VIADUTO ULISSES GUIMARÃES.";"AREIAS";NA;"CIDADE";"COLISÃO TRASEIRA";1;"1";"0";"0";"0";"0";"0";"0";"0";"1";"0";"Longo da via";"Bom";"Não existe";"Perfeito estado";"Seca";"Mal conservada";"Não existe";"Não há placas";"60 km/h";"";"Faixa seccionada";"";""
"3350";2020-09-26;"07:24:00";"COM VÍTIMA";"FINALIZADA";"ÁGUA FRIA";"RUA DA REGENERACAO";"1122";"";"EM FRENTE A ANTIGA FABRICA DA COCA COLA";"ÁGUA FRIA";NA;"SUBURBIO";"COLISÃO FRONTAL";1;"1";"0";"0";"0";"0";"0";"0";"0";"1";"0";"Longo da via";"Bom";"Não existe";"Incompleta";"Seca";"Mal conservada";"Não existe";"Não há placas";"";"Dupla";"Não existe";"";""
"3351";2020-09-26;"10:45:00";"COM VÍTIMA";"FINALIZADA";"ILHA DO RETIRO";"AV BEIRA RIO";"400";"";"AO LADO DO SPORT CLUBE DO RECIFE NO SENTIDO TUNEL CHICO  SCIENCE. LADO OPOSTO AO Nº INFORMADO.";"ILHA DO RETIRO";NA;"ILHA DO RETIRO";"COLISÃO TRASEIRA";1;"1";"0";"0";"0";"0";"0";"0";"0";"1";"0";"Longo da via";"Bom";"Não existe";"Perfeito estado";"Seca";"Perfeito estado";"Não existe";"R-6a";"";"Dupla";"Faixa seccionada";"";""
"3352";2020-09-26;"17:50:00";"COM VÍTIMA";"FINALIZADA";"MANGABEIRA";"AV NORTE";"";"RUA GUIMARAES PEIXOTO";"PROXIMO AO SESC";"MANGABEIRA";"96";"CIDADE";"CHOQUE OBJETO FIXO";1;"2";"0";"0";"0";"0";"0";"0";"0";"3";"0";"Longo da via";"Bom";"Sem defeito";"Perfeito estado";"Seca";"Perfeito estado";"Faixa de pedestre";"Outras";"";"Dupla";"Canteiro central";"";""
"3353";2020-09-26;"22:19:00";"COM VÍTIMA";"FINALIZADA";"ILHA JOANA BEZERRA";"PTE JOSE DE BARROS LIMA";"";"";"PROXIMO A PASSARELA";"ILHA JOANA BEZERRA";NA;"BOA VIAGEM";"ATROPELAMENTO";NA;"1";"0";"0";"2";"0";"0";"0";"0";"3";"0";"Ponte";"Bom";"Não existe";"Perfeito estado";"Seca";"Perfeito estado";"";"Não há placas";"60 km/h";"Dupla";"Canteiro central";"";""
"3354";2020-09-27;"09:01:00";"COM VÍTIMA";"FINALIZADA";"DOIS UNIDOS";"RUA VISCONDE DE GARRETT";"142";"";"EM FRENTE AO EDUCANDARIO JARDIM GETSEMANI. PRÓXIMO A ASSEMBLEIA DE DEUS.";"DOIS UNIDOS";NA;"";"COLISÃO FRONTAL";NA;"2";"0";"0";"0";"0";"0";"0";"0";"2";"0";"Longo da via";"Bom";"Não existe";"Perfeito estado";"Seca";"Perfeito estado";"Não existe";"Não há placas";"";"";"Não existe";"";""
"3355";2020-09-27;"09:24:00";"COM VÍTIMA";"FINALIZADA";"BOA VIAGEM";"RUA DEZ DE JULHO";"210";"RUA CAMBOIM";"EM FRENTE A LOJA MAISON CRISTAL";"BOA VIAGEM";NA;"CIDADE";"ABALROAMENTO TRANSVERSAL";1;"1";"0";"0";"0";"0";"0";"0";"0";"1";"0";"Longo da via";"Bom";"Não existe";"Perfeito estado";"Seca";"Perfeito estado";"Não existe";"Não há placas";"40 km/h";"Única";"Faixa seccionada";"";""
"3356";2020-09-27;"10:53:00";"COM VÍTIMA";"FINALIZADA";"ARRUDA";"RUA DA REGENERACAO";"1147";"RUA CLARA";"E/F HYANNAH ESPAÇO DE EVENTOS";"ARRUDA";NA;"SUBURBIO";"ABALROAMENTO LONGITUDINAL";1;"1";"0";"0";"0";"0";"0";"0";"0";"1";"0";"Cruzamento";"Bom";"Não existe";"Não existente";"Seca";"Perfeito estado";"Não existe";"Não há placas";"";"Dupla";"Não existe";"";""
"3357";2020-09-27;"19:25:00";"COM VÍTIMA";"FINALIZADA";"IMBIRIBEIRA";"AV SUL";"";"";"AO LADO DA ESTAÇAO ANTONIO FALCAO";"IMBIRIBEIRA";NA;"SUBURBIO";"ABALROAMENTO LONGITUDINAL";1;"1";"0";"0";"0";"0";"0";"0";"0";"1";"0";"Longo da via";"Chuvoso";"Não existe";"Perfeito estado";"Molhada";"Perfeito estado";"Não existe";"Não há placas";"30 km/h";"Dupla";"Não existe";"";""
"3358";2020-09-27;"21:28:00";"COM VÍTIMA";"FINALIZADA";"CASA AMARELA";"RUA CONS NABUCO";"292";"";"PROX AO BOMPREÇO";"CASA AMARELA";NA;"";"ATROPELAMENTO";NA;"1";"0";"0";"1";"0";"0";"0";"0";"1";"0";"Longo da via";"Chuvoso";"Não existe";"Perfeito estado";"Molhada";"Perfeito estado";"Não existe";"Não há placas";"";"Dupla";"Não existe";"";""
"3359";2020-09-27;"21:49:00";"COM VÍTIMA";"FINALIZADA";"SANTO AMARO";"AV NORTE";"754";"3TR TREZE DE MAIO";"NO CRUZAMENTO";"SANTO AMARO";NA;"SUBURBIO";"COLISÃO TRASEIRA";1;"1";"0";"0";"0";"0";"0";"0";"0";"1";"0";"Longo da via";"Bom";"Não existe";"Perfeito estado";"Seca";"Perfeito estado";"Não existe";"Não há placas";"";"Única";"Faixa seccionada";"";""
"3360";2020-09-28;"07:15:00";"COM VÍTIMA";"FINALIZADA";"JORDÃO";"AV MARIA IRENE";"1064";"RUA CRISTALIA";"TERMINAL DA VAN";"JORDÃO";NA;"CIDADE";"ABALROAMENTO LONGITUDINAL";NA;"1";"0";"0";"0";"1";"0";"0";"0";"1";"0";"Longo da via";"Bom";"Não existe";"Perfeito estado";"Seca";"Perfeito estado";"Não existe";"Não há placas";"60 km/h";"Dupla";"Faixa contínua";"";""
"3361";2020-09-28;"10:13:00";"SEM VÍTIMA";"FINALIZADA";"ENCRUZILHADA";"RUA CASTRO ALVES";"";"";"PROX A PRAÇA DA PICANHA  EM FRENTE A LOJA ENCRUZILHADA VIDROS";"ENCRUZILHADA";NA;"SUBURBIO";"COLISÃO";2;"0";"0";"0";"0";"0";"0";"0";"0";"0";"0";"";"";"";"";"";"";"";"";"";"";"";"";""
"3362";2020-09-28;"11:05:00";"COM VÍTIMA";"FINALIZADA";"IMBIRIBEIRA";"AV MARECHAL MASCARENHAS DE MORAES";"4745";"";"APOS O AEROPORTO- ANTES DO ATACADOL DOS PRESENTES";"IMBIRIBEIRA";NA;"CIDADE";"COLISÃO COM CICLISTA";NA;"0";"0";"1";"0";"1";"0";"0";"0";"1";"0";"Longo da via";"Bom";"Sem defeito";"Perfeito estado";"Seca";"Perfeito estado";"Faixa de pedestre";"Não há placas";"";"Dupla";"Canteiro central";"";""
"3363";2020-09-28;"13:19:00";"COM VÍTIMA";"FINALIZADA";"IPSEP";"RUA HELIO BRANDAO";"135";"RUA ADERBAL DE MELO";"EM FRENTE AO CHAMBARIL DO JOÃO";"IPSEP";NA;"";"ABALROAMENTO TRANSVERSAL";1;"1";"0";"0";"0";"0";"0";"0";"0";"1";"0";"Cruzamento";"Bom";"Não existe";"Perfeito estado";"Seca";"Perfeito estado";"Outros";"Placas Pare";"";"Única";"Faixa seccionada";"";""
"3364";2020-09-29;"00:28:00";"COM VÍTIMA";"CANCELADA";"AFOGADOS";"RUA DA PAZ";"";"RUA NICOLAU PEREIRA";"CRUZAMENTO C/A RUA NICOLAU PEREIRA";"AFOGADOS";NA;"";"COLISÃO";2;"0";"0";"0";"0";"0";"0";"0";"0";"1";"0";"";"";"";"";"";"";"";"";"";"";"";"";""
"3365";2020-09-29;"00:28:00";"SEM VÍTIMA";"FINALIZADA";"BOMBA DO HEMETÉRIO";"RUA JACOB";"";"";"IMÓVEL Nº 31";"BOMBA DO HEMETÉRIO";NA;"CIDADE";"CHOQUE VEÍCULO PARADO";2;"0";"0";"0";"0";"0";"0";"0";"0";"0";"0";"Longo da via";"Bom";"Não existe";"Não existente";"Seca";"Perfeito estado";"Não existe";"Não há placas";"30 km/h";"Dupla";"Faixa seccionada";"";""
"3366";2020-09-29;"04:14:00";"COM VÍTIMA";"FINALIZADA";"NOVA DESCOBERTA";"RUA NOVA DESCOBERTA";"412";"";"EM FRENTE A IGREJA CONGRECIONAL. IGREJA DO EVANGELHO QUADRANGULAR.";"NOVA DESCOBERTA";NA;"CIDADE";"CHOQUE VEÍCULO PARADO";4;"0";"0";"0";"0";"0";"0";"0";"0";"1";"0";"Longo da via";"Bom";"Não existe";"Perfeito estado";"Seca";"Perfeito estado";"Não existe";"Não há placas";"";"Dupla";"Não existe";"";""
"3367";2020-09-29;"09:25:00";"COM VÍTIMA";"FINALIZADA";"LINHA DO TIRO";"RUA URIEL DE HOLANDA";"893";"";"APÓS A CHURRASCARIA CACHOEIRA";"LINHA DO TIRO";NA;"CIDADE";"COLISÃO FRONTAL";1;"0";"0";"0";"0";"1";"0";"0";"0";"1";"0";"Longo da via";"Bom";"Não existe";"Perfeito estado";"Seca";"Perfeito estado";"Não existe";"R-6a";"";"Dupla";"Faixa seccionada";"";""
"3368";2020-09-29;"10:37:00";"COM VÍTIMA";"FINALIZADA";"IMBIRIBEIRA";"AV MARECHAL MASCARENHAS DE MORAES";"";"";"EM FRENTE A FERREIRA COSTA";"IMBIRIBEIRA";"386";"CIDADE";"ABALROAMENTO LONGITUDINAL";1;"1";"0";"0";"0";"0";"0";"0";"0";"1";"0";"Longo da via";"Bom";"Sem defeito";"Perfeito estado";"Seca";"Perfeito estado";"Faixa de pedestre";"Não há placas";"60 km/h";"Dupla";"Canteiro central";"";""
"3369";2020-09-29;"14:48:00";"SEM VÍTIMA";"FINALIZADA";"BOA VIAGEM";"RUA RIBEIRO DE BRITO";"4121";"";"LADO OPOSTO AO BAR GRILL";"BOA VIAGEM";NA;"CIDADE";"COLISÃO TRASEIRA";2;"0";"0";"0";"0";"0";"0";"0";"0";"0";"0";"Longo da via";"Bom";"Sem defeito";"Perfeito estado";"Seca";"Perfeito estado";"Faixa de pedestre";"";"";"Única";"Faixa contínua";"";""
"3370";2020-09-29;"21:30:00";"COM VÍTIMA";"FINALIZADA";"VÁRZEA";"RUA DIOGO DE VASCONCELOS";"260";"RUA GOVERNADOR LEOPOLDO NEVES";"PROXIMO DA PIZZARIA PAULLYNE- PROXIMO DA PADARIA PÃO DE CRISTO DELLI";"VÁRZEA";NA;"SUBURBIO";"ABALROAMENTO TRANSVERSAL";1;"1";"0";"0";"0";"0";"0";"0";"0";"1";"0";"Longo da via";"Bom";"Não existe";"Perfeito estado";"Seca";"Perfeito estado";"Não existe";"Não há placas";"";"Dupla";"Faixa seccionada";"";""
"3371";2020-09-30;"10:15:00";"COM VÍTIMA";"CANCELADA";"TORRE";"RUA JOSE BONIFACIO";"";"";"EM FRENTE AO ANTIGO BANORTE";"TORRE";NA;"";"COLISÃO";1;"0";"1";"0";"0";"0";"0";"0";"0";"1";"0";"";"";"";"";"";"";"";"";"";"";"";"";""
"3372";2020-09-30;"14:09:00";"COM VÍTIMA";"FINALIZADA";"ROSARINHO";"AV NORTE";"3109";"";"EM FRENTE À PADARIA ROSARINHO";"ROSARINHO";NA;"CIDADE";"COLISÃO TRASEIRA";4;"0";"0";"0";"0";"0";"0";"0";"0";"1";"0";"Longo da via";"Bom";"Sem defeito";"Perfeito estado";"Seca";"Perfeito estado";"Não existe";"Não há placas";"40 km/h";"Dupla";"Canteiro central";"";""
"3373";2020-09-30;"14:44:00";"SEM VÍTIMA";"FINALIZADA";"IPSEP";"RUA HELIO BRANDAO";"135";"RUA ADERBAL DE MELO";"";"IPSEP";NA;"";"ABALROAMENTO TRANSVERSAL";2;"0";"0";"0";"0";"0";"0";"0";"0";"0";"0";"Longo da via";"Bom";"Não existe";"Perfeito estado";"Seca";"Perfeito estado";"";"Placas Pare";"";"Única";"Faixa seccionada";"";""
"3374";2020-09-30;"17:59:00";"COM VÍTIMA";"FINALIZADA";"SÃO JOSÉ";"AV DANTAS BARRETO";"1246";"RUA SAO JOAO";"N 946 S/T PRAÇA SERGIO LORETO";"SÃO JOSÉ";NA;"";"ATROPELAMENTO";NA;"0";"0";"0";"1";"1";"0";"0";"0";"1";"0";"Longo da via";"Bom";"Sem defeito";"Ilegível";"Seca";"Mal iluminada";"Não existe";"Outras";"";"Dupla";"Faixa contínua";"Faixa seccionada";"Canteiro central"
"3375";2020-09-30;"21:32:00";"COM VÍTIMA";"FINALIZADA";"JARDIM SÃO PAULO";"RUA SENADOR ALBERTO PASQUALINI";"";"";"E/F AO RESTAURANTE SUBWAY / PRÓX A JOTA LANCHES";"JARDIM SÃO PAULO";NA;"SUBURBIO";"COLISÃO COM CICLISTA";NA;"1";"0";"1";"0";"0";"0";"0";"0";"3";"0";"Longo da via";"Bom";"Não existe";"Ilegível";"Seca";"Mal iluminada";"Não existe";"Placas Pare";"";"Única";"Faixa seccionada";"";""
"3376";2020-09-30;"22:37:00";"COM VÍTIMA";"FINALIZADA";"MADALENA";"RUA ARLINDO GOUVEIA";"145";"";"PRÓX AO CLUBE INTERNACIONAL. PRAÇA JOSÉ DA MOTA SILVEIRA.";"MADALENA";NA;"SUBURBIO";"ABALROAMENTO TRANSVERSAL";1;"1";"0";"0";"0";"0";"0";"0";"0";"1";"0";"Longo da via";"Chuvoso";"Não existe";"Perfeito estado";"Seca";"Perfeito estado";"Não existe";"Não há placas";"";"Dupla";"Faixa contínua";"";""
"3377";2020-10-01;"03:23:00";"SEM VÍTIMA";"FINALIZADA";"JARDIM SÃO PAULO";"RUA LEANDRO BARRETO";"";"";"NA DESCIDA DO VIADUTO - SENTIDO LA ROCK";"JARDIM SÃO PAULO";NA;"";"CHOQUE OBJETO FIXO";1;"0";"0";"0";"0";"0";"0";"0";"0";"0";"0";"";"";"";"";"";"";"";"";"";"";"";"";""
"3378";2020-10-01;"09:38:00";"SEM VÍTIMA";"FINALIZADA";"BAIRRO DO RECIFE";"RUA JENER DE SOUZA";"";"PRC DO DERBY";"SOB O SEMÁFORO Nº 418";"BAIRRO DO RECIFE";"418";"CIDADE";"ABALROAMENTO LONGITUDINAL";2;"0";"0";"0";"0";"0";"0";"0";"0";"0";"0";"Cruzamento";"Bom";"Sem defeito";"";"Seca";"Perfeito estado";"";"R-25b";"40 km/h";"Dupla";"Faixa contínua";"";""
"3379";2020-10-01;"12:44:00";"COM VÍTIMA";"FINALIZADA";"ARRUDA";"AV PROFESSOR JOSE DOS ANJOS";"972";"";"PROX AO CRUZAMENTO DA EST VELHA DE ÁGUA FRIA";"ARRUDA";NA;"SUBURBIO";"COLISÃO COM CICLISTA";NA;"1";"0";"1";"0";"0";"0";"0";"0";"1";"0";"Longo da via";"Bom";"Não existe";"Perfeito estado";"Seca";"Perfeito estado";"Não existe";"Não há placas";"60 km/h";"Única";"Faixa seccionada";"";""
"3380";2020-10-01;"13:45:00";"COM VÍTIMA";"FINALIZADA";"AFOGADOS";"EST DOS REMEDIOS";"1462";"RUA BUGRE";"EM FRENTE A TUPAN";"AFOGADOS";NA;"";"COLISÃO";1;"1";"0";"0";"0";"0";"0";"0";"0";"1";"0";"";"";"";"";"";"";"";"";"";"";"";"";""
"3381";2020-10-01;"18:21:00";"COM VÍTIMA";"FINALIZADA";"MACAXEIRA";"AV NORTE";"";"RUA TIJUCAL";"EM FRENTE A ESCOLA ESTADUAL MARIA AMÁLIA";"MACAXEIRA";"451";"SUBURBIO";"COLISÃO COM CICLISTA";NA;"0";"0";"1";"0";"1";"0";"0";"0";"1";"0";"Longo da via";"Bom";"Sem defeito";"Incompleta";"Seca";"Mal iluminada";"Faixa de pedestre";"Outras";"60 km/h";"Dupla";"";"";""
"3382";2020-10-01;"19:32:00";"COM VÍTIMA";"FINALIZADA";"BONGI";"EST DO BONGI";"190";"RUA COSME VIANA";"AO LADO DO VAREJÃO DO POVO E WM GNV.";"BONGI";"100";"SUBURBIO";"ABALROAMENTO LONGITUDINAL";1;"1";"0";"0";"0";"0";"0";"0";"0";"1";"0";"Longo da via";"Bom";"Sem defeito";"Perfeito estado";"Seca";"Perfeito estado";"Faixa de pedestre";"Placas Dê a preferência";"40 km/h";"Dupla";"Faixa contínua";"";""