"";"data";"hora";"natureza_acidente";"situacao";"bairro";"endereco";"numero";"detalhe_endereco_acidente";"complemento";"bairro_cruzamento";"num_semaforo";"sentido_via";"tipo";"auto";"moto";"ciclom";"ciclista";"pedestre";"onibus";"caminhao";"viatura";"outros";"vitimas";"vitimasfatais";"acidente_verificado";"tempo_clima";"situacao_semaforo";"sinalizacao";"condicao_via";"conservacao_via";"ponto_controle";"situacao_placa";"velocidade_max_via";"mao_direcao";"divisao_via1";"divisao_via2";"divisao_via3"
"3383";2020-10-01;"19:49:00";"COM VÍTIMA";"CANCELADA";"CAMPO GRANDE";"AV CORREIA DE BRITO";"1206";"";"EM FRENTE AO POSTO DE COMBUSTIVEL DESLUB";"CAMPO GRANDE";NA;"";"ATROPELAMENTO";2;"0";"0";"0";"1";"0";"0";"0";"0";"1";"0";"";"";"";"";"";"";"";"";"";"";"";"";""
"3384";2020-10-01;"21:49:00";"SEM VÍTIMA";"FINALIZADA";"PARNAMIRIM";"RUA SEBASTIAO MALTA ARCOVERDE";"223";"";"EM FRENTE AO Nº 223";"PARNAMIRIM";NA;"SUBURBIO";"ABALROAMENTO LONGITUDINAL";NA;"2";"0";"0";"0";"0";"0";"0";"0";"0";"0";"Longo da via";"Bom";"Sem defeito";"Perfeito estado";"Seca";"Mal iluminada";"Faixa de pedestre";"Não há placas";"";"Única";"Não existe";"";""
"3385";2020-10-02;"10:36:00";"COM VÍTIMA";"FINALIZADA";"SANTO AMARO";"RUA PEDRO AFONSO";"318";"RUA TREZE DE MAIO";"DE ESQUINA COM O SESC  DE SANTO AMARO";"SANTO AMARO";"427";"CIDADE";"ABALROAMENTO TRANSVERSAL";1;"1";"0";"0";"0";"0";"0";"0";"0";"1";"0";"Longo da via";"Bom";"Sem defeito";"Perfeito estado";"Seca";"Perfeito estado";"Não existe";"Outras";"40 km/h";"Dupla";"Faixa contínua";"";""
"3386";2020-10-02;"11:18:00";"SEM VÍTIMA";"FINALIZADA";"BOA VIAGEM";"AV ENGENHEIRO DOMINGOS FERREIRA";"";"";"LADO OPOSTO AO 3638";"BOA VIAGEM";NA;"";"ABALROAMENTO LONGITUDINAL";2;"0";"0";"0";"0";"0";"0";"0";"0";"0";"0";"";"";"";"";"";"";"";"";"";"";"";"";""
"3387";2020-10-02;"14:34:00";"COM VÍTIMA";"FINALIZADA";"ILHA DO RETIRO";"RUA JOAO IVO DA SILVA";"";"";"E/F A AUTO LINE HONDA . AO LADO DA RENAULT.";"ILHA DO RETIRO";NA;"SUBURBIO";"COLISÃO TRASEIRA";1;"0";"0";"0";"0";"0";"0";"0";"1";"1";"0";"Longo da via";"Bom";"Não existe";"Incompleta";"Seca";"Perfeito estado";"Não existe";"R-6a";"";"Única";"Faixa seccionada";"";""
"3388";2020-10-02;"16:24:00";"COM VÍTIMA";"FINALIZADA";"AREIAS";"AV RECIFE";"758";"";"EM FRENTE A BRASIL VEÍCULOS/ SENTIDO CABO";"AREIAS";NA;"SUBURBIO";"COLISÃO";NA;"1";"0";"0";"0";"0";"1";"0";"0";"1";"0";"Longo da via";"Bom";"Não existe";"Perfeito estado";"Seca";"Perfeito estado";"Não existe";"Não há placas";"60 km/h";"Dupla";"Canteiro central";"";""
"3389";2020-10-02;"20:28:00";"COM VÍTIMA";"FINALIZADA";"BOA VIAGEM";"AV CONSELHEIRO AGUIAR";"";"RUA SOUTO FILHO";"PRÓX A ESCOLA ESTADUAL LANDELINO ROCHA";"BOA VIAGEM";"133";"CIDADE";"ABALROAMENTO LONGITUDINAL";1;"1";"0";"0";"0";"0";"0";"0";"0";"1";"0";"Cruzamento";"Bom";"Sem defeito";"Perfeito estado";"Seca";"Mal iluminada";"Faixa de pedestre";"R-6a";"60 km/h";"Única";"Faixa seccionada";"";""
"3390";2020-10-02;"21:06:00";"COM VÍTIMA";"FINALIZADA";"BARRO";"AV DR JOSE RUFINO";"2838";"";"PROX AO COLEGIO ALBERTO TORRES POR CIMA DO VIADUTO DO BARRO SENTIDO RECIFE. ALÇA QUE LIGA A BR-101.";"BARRO";NA;"";"ABALROAMENTO TRANSVERSAL";NA;"1";"0";"0";"0";"1";"0";"0";"0";"1";"0";"Cruzamento";"Bom";"Não existe";"Ilegível";"Seca";"Mal iluminada";"Não existe";"Não há placas";"";"Dupla";"Faixa seccionada";"";""
"3391";2020-10-02;"22:25:00";"COM VÍTIMA";"FINALIZADA";"MUSTARDINHA";"RUA VINTE E UM DE ABRIL";"1295";"";"PROX A FARMACIA COELHO E ROCK PIZZA. ESPETINHO E CALDINHO DOS AMIGOS.";"MUSTARDINHA";NA;"SUBURBIO";"ATROPELAMENTO";NA;"0";"0";"0";"1";"0";"1";"0";"0";"1";"0";"Longo da via";"Bom";"Sem defeito";"Perfeito estado";"Seca";"Perfeito estado";"";"Não há placas";"30 km/h";"Dupla";"Não existe";"";""
"3392";2020-10-03;"07:04:00";"SEM VÍTIMA";"FINALIZADA";"MACAXEIRA";"AV NORTE";"";"";"E/F AO PONTO DE TAXI TI MACAXEIRA";"MACAXEIRA";NA;"";"COLISÃO";NA;"0";"0";"0";"0";"1";"0";"1";"0";"0";"0";"";"";"";"";"";"";"";"";"";"";"";"";""
"3393";2020-10-03;"08:11:00";"COM VÍTIMA";"FINALIZADA";"AFOGADOS";"AV SUL";"";"PTE DE AFOGADOS";"NO INICIO DA FAIXA EXCLUSIVA DE ONIBUS";"AFOGADOS";"320";"CIDADE";"COLISÃO COM CICLISTA";1;"0";"0";"1";"0";"0";"0";"0";"0";"1";"0";"Ponte";"Bom";"Sem defeito";"Perfeito estado";"Seca";"Perfeito estado";"Não existe";"Outras";"";"Dupla";"Canteiro central";"";""
"3394";2020-10-03;"10:17:00";"COM VÍTIMA";"FINALIZADA";"SANTO AMARO";"AV GOVERNADOR AGAMENON MAGALHAES";"";"";"PRÓXIMO AO VIADUTO DA JOÃO DE BARROS.";"SANTO AMARO";"684";"SUBURBIO";"COLISÃO TRASEIRA";1;"1";"0";"0";"0";"0";"0";"0";"0";"1";"0";"Longo da via";"Bom";"Sem defeito";"Perfeito estado";"Seca";"Perfeito estado";"Faixa de pedestre";"Não há placas";"60 km/h";"Única";"Faixa contínua";"";""
"3395";2020-10-03;"14:16:00";"COM VÍTIMA";"FINALIZADA";"CORDEIRO";"AV GENERAL SAN MARTIN";"625";"RUA GOMES TABORDA";"PROX AO POSTO DE GASOLINA MULTI POSTO";"CORDEIRO";"67";"CIDADE";"ABALROAMENTO TRANSVERSAL";NA;"2";"0";"0";"0";"0";"0";"0";"0";"1";"0";"Longo da via";"Bom";"Sem defeito";"Perfeito estado";"Seca";"Perfeito estado";"Faixa de pedestre";"R-6a";"";"Dupla";"Faixa contínua";"";""
"3396";2020-10-03;"16:45:00";"COM VÍTIMA";"FINALIZADA";"CAJUEIRO";"RUA COUTO SOARES";"454";"RUA NOVA JALES";"PROX AO TERMINAL DE ONIBUS CAJUEIRO NA SUBIDA DA LADEIRA";"CAJUEIRO";NA;"SUBURBIO";"COLISÃO FRONTAL";1;"1";"0";"0";"0";"0";"0";"0";"0";"1";"0";"Cruzamento";"Bom";"Não existe";"Não existente";"Seca";"Perfeito estado";"Não existe";"Não há placas";"";"Dupla";"Não existe";"";""
"3397";2020-10-03;"19:52:00";"SEM VÍTIMA";"CANCELADA";"COHAB";"AV CAMPO VERDE";"48";"";"PROXIMO DA ASSEMBLEIA DE DEUS- PROXIMO DA KITANDA SANTO ANTÔNIO";"COHAB";NA;"";"CHOQUE";1;"0";"0";"0";"0";"0";"0";"0";"0";"0";"0";"";"";"";"";"";"";"";"";"";"";"";"";""
"3398";2020-10-04;"07:16:00";"COM VÍTIMA";"FINALIZADA";"SÃO JOSÉ";"VDO DAS CINCO PONTAS";"";"";"SOBRE O VIADUTO. AO LADO DO FORTE.";"SÃO JOSÉ";NA;"SUBURBIO";"CHOQUE OBJETO FIXO";NA;"1";"0";"0";"0";"0";"0";"0";"0";"1";"0";"Viaduto";"Bom";"Não existe";"Não existente";"Seca";"Mal conservada";"Não existe";"Não há placas";"";"Única";"Não existe";"";""
"3399";2020-10-04;"13:50:00";"COM VÍTIMA";"FINALIZADA";"CAMPO GRANDE";"RUA ODORICO MENDES";"434";"";"EM FRENTE AO SUPERMERCADO STYLLUS";"CAMPO GRANDE";NA;"SUBURBIO";"COLISÃO FRONTAL";1;"1";"0";"0";"0";"0";"0";"0";"0";"1";"0";"Longo da via";"Bom";"Não existe";"Perfeito estado";"Seca";"Perfeito estado";"Não existe";"";"";"Dupla";"Faixa seccionada";"";""
"3400";2020-10-04;"14:31:00";"COM VÍTIMA";"FINALIZADA";"JARDIM SÃO PAULO";"AV RECIFE";"5635";"RUA SENADOR ALBERTO PASQUALINI";"EM FRENTE A ESQUINA DO GALETO/ SENTIDO CENTRO";"JARDIM SÃO PAULO";"259";"AEROPORTO";"COLISÃO COM CICLISTA";1;"0";"0";"1";"0";"0";"0";"0";"0";"1";"0";"Cruzamento";"Bom";"Sem defeito";"Perfeito estado";"Seca";"Perfeito estado";"Faixa de pedestre";"R-6a";"";"Dupla";"Canteiro central";"";""
"3401";2020-10-04;"17:13:00";"SEM VÍTIMA";"FINALIZADA";"MACAXEIRA";"AV VEREADOR OTACILIO AZEVEDO";"4674";"";"PROX A DELEGACIA DA MACAXEIRA";"MACAXEIRA";NA;"";"COLISÃO";3;"0";"0";"0";"0";"0";"0";"0";"0";"0";"0";"";"";"";"";"";"";"";"";"";"";"";"";""
"3402";2020-10-04;"21:17:00";"COM VÍTIMA";"FINALIZADA";"BOA VIAGEM";"RUA PARIS";"630B";"";"PRÓX A FACULDADE BV";"BOA VIAGEM";NA;"CIDADE";"ABALROAMENTO LONGITUDINAL";1;"1";"0";"0";"0";"0";"0";"0";"0";"1";"0";"Longo da via";"Bom";"Sem defeito";"Ilegível";"Seca";"Mal iluminada";"Não existe";"Não há placas";"";"Dupla";"Faixa contínua";"";""
"3403";2020-10-05;"08:13:00";"COM VÍTIMA";"FINALIZADA";"ARRUDA";"AV PROFESSOR JOSE DOS ANJOS";"";"";"EM BAIXO DA ESTRUTURA DO ESTADIO DO ARRUDA / PROX DO BOMPREÇO DA AV BEBERIBE";"ARRUDA";NA;"SUBURBIO";"COLISÃO COM CICLISTA";1;"0";"0";"1";"0";"0";"0";"0";"0";"1";"0";"Longo da via";"Chuvoso";"Não existe";"Perfeito estado";"Seca";"Perfeito estado";"Não existe";"R-6a";"";"Única";"Faixa seccionada";"";""
"3404";2020-10-05;"08:27:00";"COM VÍTIMA";"FINALIZADA";"ARRUDA";"RUA RAMIZ GALVAO";"133";"RUA RAUL POMPEIA";"RUA DA FEIRA DO ARRUDA. EM FRENTE AO RESTAURANTE MISTUREBA.";"ARRUDA";NA;"CIDADE";"ABALROAMENTO LONGITUDINAL";1;"1";"0";"0";"0";"0";"0";"0";"0";"2";"0";"Cruzamento";"Bom";"Não existe";"Perfeito estado";"Seca";"Perfeito estado";"Faixa de pedestre";"Placas Pare";"30 km/h";"";"Faixa seccionada";"";""
"3405";2020-10-05;"11:27:00";"COM VÍTIMA";"FINALIZADA";"IBURA";"RUA DOZE DE JUNHO";"";"";"EM FRENTE AO RESIDENCIAL CAIQUE.";"IBURA";NA;"";"ABALROAMENTO LONGITUDINAL";NA;"1";"0";"0";"0";"1";"0";"0";"0";"1";"0";"Longo da via";"Bom";"Não existe";"Perfeito estado";"Seca";"Perfeito estado";"Não existe";"Não há placas";"";"Dupla";"Faixa seccionada";"";""
"3406";2020-10-05;"17:44:00";"COM VÍTIMA";"FINALIZADA";"MADALENA";"RUA LOPES DE CARVALHO";"401";"AV VISCONDE DE ALBUQUERQUE";"E/F A MADALENA CENTER";"MADALENA";NA;"";"ABALROAMENTO LONGITUDINAL";1;"1";"0";"0";"0";"0";"0";"0";"0";"1";"0";"Cruzamento";"Bom";"Não existe";"Perfeito estado";"Seca";"Perfeito estado";"";"Placas Pare";"";"Única";"Não existe";"";""
"3407";2020-10-05;"20:14:00";"COM VÍTIMA";"FINALIZADA";"JARDIM SÃO PAULO";"RUA LEANDRO BARRETO";"239";"";"PROXIMO DO GALETOS E CIA- PROXIMO DE NATTOS DOCES E SALGADOS- PROXIMO DA IGREJA DE JESUS CRISTO";"JARDIM SÃO PAULO";NA;"CIDADE";"COLISÃO COM CICLISTA";NA;"0";"0";"1";"0";"1";"0";"0";"0";"1";"0";"Longo da via";"Bom";"Não existe";"Perfeito estado";"Seca";"Perfeito estado";"Não existe";"Não há placas";"40 km/h";"Dupla";"Faixa seccionada";"";""
"3408";2020-10-05;"22:39:00";"COM VÍTIMA";"CANCELADA";"VASCO DA GAMA";"AV NORTE";"";"LGO DOM LUIZ";"EM FRENTE AO NORTE PET";"VASCO DA GAMA";"95";"";"COLISÃO";NA;"2";"0";"0";"0";"0";"0";"0";"0";"3";"0";"";"";"";"";"";"";"";"";"";"";"";"";""
"3409";2020-10-06;"07:39:00";"SEM VÍTIMA";"CANCELADA";"JORDÃO";"RUA PROFESSORA ARCELINA CAMARA";"";"";"NA SUBIDA DO ALTO  DA JAQUEIRA AO LADO DA ACADEMIA TOP FIT";"JORDÃO";NA;"";"CHOQUE";NA;"0";"0";"0";"0";"0";"0";"0";"0";"0";"0";"";"";"";"";"";"";"";"";"";"";"";"";""
"3410";2020-10-06;"07:48:00";"COM VÍTIMA";"CANCELADA";"BARRO";"AV DR JOSE RUFINO";"2337";"";"AO LADO DA IGREJA DO BARRO / CATOLICA";"BARRO";NA;"";"COLISÃO";1;"1";"0";"0";"0";"0";"0";"0";"0";"1";"0";"";"";"";"";"";"";"";"";"";"";"";"";""
"3411";2020-10-06;"09:04:00";"COM VÍTIMA";"FINALIZADA";"IBURA";"AV DOM HELDER CAMARA";"351";"";"IBURA DE BAIXO. CAPOTARIA VICTOR.";"IBURA";NA;"CIDADE";"ABALROAMENTO LONGITUDINAL";1;"1";"0";"0";"0";"0";"0";"0";"0";"1";"0";"Longo da via";"Bom";"Não existe";"Perfeito estado";"Seca";"Perfeito estado";"Não existe";"Outras";"40 km/h";"Dupla";"Canteiro central";"";""
"3412";2020-10-06;"09:45:00";"COM VÍTIMA";"FINALIZADA";"IPSEP";"RUA PROFESSOR JOSE VICENTE";"626";"RUA SAO NICOLAU";"PRÓXIMO A LOJA DE VEÍCULOS V8 MULT IMARCAS";"IPSEP";NA;"SUBURBIO";"ABALROAMENTO LONGITUDINAL";NA;"1";"0";"0";"0";"0";"1";"0";"0";"2";"0";"Longo da via";"Bom";"Não existe";"Perfeito estado";"Seca";"Perfeito estado";"Outros";"Outras";"";"Única";"Faixa seccionada";"";""
"3413";2020-10-06;"12:04:00";"COM VÍTIMA";"FINALIZADA";"ÁGUA FRIA";"AV BEBERIBE";"2047";"";"E/F A FARMACIA PAGUE MENOS LADO OPOSTO AO MERCADO DE AGUA FRIA";"ÁGUA FRIA";NA;"CIDADE";"ATROPELAMENTO";1;"0";"0";"0";"1";"0";"0";"0";"0";"1";"0";"Longo da via";"Bom";"Não existe";"Perfeito estado";"Seca";"Perfeito estado";"";"Outras";"";"Dupla";"Faixa contínua";"";""
"3414";2020-10-06;"12:07:00";"COM VÍTIMA";"FINALIZADA";"IMBIRIBEIRA";"AV GENERAL MAC ARTHUR";"1846";"";"AO LADO DA ESTAÇAO DO METRO E/F A IGREJA ASSEMBLEIA DE DEUS";"IMBIRIBEIRA";NA;"OESTE";"ABALROAMENTO LONGITUDINAL";1;"1";"0";"0";"0";"0";"0";"0";"0";"1";"0";"Cruzamento";"Bom";"Não existe";"Perfeito estado";"Seca";"Perfeito estado";"Não existe";"Não há placas";"60 km/h";"Única";"Faixa seccionada";"";""
"3415";2020-10-06;"14:34:00";"COM VÍTIMA";"FINALIZADA";"MADALENA";"AV VISCONDE DE ALBUQUERQUE";"862";"RUA JANUARIO BARBOSA";"EM FRENTE A PRAÇA DE EÇA DE QUEIROZ";"MADALENA";NA;"SUBURBIO";"ABALROAMENTO TRANSVERSAL";1;"0";"0";"0";"0";"1";"0";"0";"0";"2";"0";"Cruzamento";"Bom";"Não existe";"Perfeito estado";"Seca";"Perfeito estado";"Não existe";"Placas Pare";"";"Única";"Faixa seccionada";"";""
"3416";2020-10-06;"16:06:00";"SEM VÍTIMA";"FINALIZADA";"";"AV CENTRAL";"";"RUA LOURENCO DE SA";"EM FRENTE AO COMPAZ DO COQUE";"";NA;"SUBURBIO";"CHOQUE VEÍCULO PARADO";1;"0";"0";"0";"0";"0";"0";"0";"0";"0";"0";"Longo da via";"Bom";"Não existe";"Não existente";"Seca";"Mal conservada";"Não existe";"Não há placas";"30 km/h";"Dupla";"Não existe";"";""
"3417";2020-10-06;"18:26:00";"COM VÍTIMA";"CANCELADA";"JORDÃO";"AV DONA CARENTINA";"679";"";"ENF. A CARENTINA BIKE";"JORDÃO";NA;"";"COLISÃO";NA;"2";"0";"0";"0";"0";"0";"0";"0";"1";"0";"";"";"";"";"";"";"";"";"";"";"";"";""
"3418";2020-10-06;"19:13:00";"SEM VÍTIMA";"FINALIZADA";"CAMPO GRANDE";"AV PROFESSOR JOSE DOS ANJOS";"";"RUA FARIAS NEVES";"";"CAMPO GRANDE";NA;"SUBURBIO";"ABALROAMENTO LONGITUDINAL";2;"0";"0";"0";"0";"0";"0";"0";"0";"0";"0";"Cruzamento";"Bom";"Não existe";"Perfeito estado";"Seca";"Perfeito estado";"Não existe";"Não há placas";"";"Única";"Faixa contínua";"";""
"3419";2020-10-06;"20:06:00";"COM VÍTIMA";"FINALIZADA";"ESPINHEIRO";"AV GOVERNADOR AGAMENON MAGALHAES";"";"AV JOAO DE BARROS";"SOB O VIADUTO INDEPENDÊNCIA.";"ESPINHEIRO";NA;"SUBURBIO";"TOMBAMENTO";NA;"1";"0";"0";"0";"0";"0";"0";"0";"1";"0";"Longo da via";"Bom";"Sem defeito";"Perfeito estado";"Seca";"Perfeito estado";"Não existe";"Não há placas";"";"Única";"Não existe";"";""
"3420";2020-10-07;"08:37:00";"COM VÍTIMA";"FINALIZADA";"PINA";"AV ANTONIO DE GOES";"";"";"NA SAÍDA DO TUNEL DA VIA MANGUE (PISTA LESTE)";"PINA";"103";"CIDADE";"COLISÃO TRASEIRA";1;"1";"0";"0";"0";"0";"0";"0";"0";"1";"0";"Cruzamento";"Bom";"Sem defeito";"Perfeito estado";"Seca";"Perfeito estado";"Faixa de pedestre";"Não há placas";"60 km/h";"Única";"Faixa contínua";"Canteiro central";""
"3421";2020-10-07;"10:47:00";"COM VÍTIMA";"FINALIZADA";"IPUTINGA";"AV MAURICIO DE NASSAU";"276";"RUA LAVRAS DO SUL";"EM FRENTE AO REI DO BOLO E SUPERMERCADO RENDE MAIS.";"IPUTINGA";"109";"CIDADE";"ABALROAMENTO LONGITUDINAL";1;"1";"0";"0";"0";"0";"0";"0";"0";"1";"0";"Esquina";"Bom";"Sem defeito";"Perfeito estado";"Seca";"Perfeito estado";"Outros";"Outras";"40 km/h";"Dupla";"Não existe";"";""
"3422";2020-10-07;"11:27:00";"COM VÍTIMA";"FINALIZADA";"CORDEIRO";"RUA TIJUCA";"166";"RUA TABATINGA";"EM FRENTE DO RESTAURANTE JOAO DA CARNE DE SOL";"CORDEIRO";NA;"SUBURBIO";"ABALROAMENTO LONGITUDINAL";NA;"2";"0";"0";"0";"0";"0";"0";"0";"1";"0";"Cruzamento";"Bom";"Não existe";"Perfeito estado";"Seca";"Perfeito estado";"Não existe";"Placas Pare";"";"Dupla";"";"";""
"3423";2020-10-07;"12:51:00";"SEM VÍTIMA";"FINALIZADA";"BOA VIAGEM";"AV BOA VIAGEM";"6234";"RUA JEAN MERMOZ";"ED. PARQUE AVENIDA LIVING";"BOA VIAGEM";NA;"CIDADE";"COLISÃO TRASEIRA";2;"0";"0";"0";"0";"0";"0";"0";"0";"0";"0";"Longo da via";"Bom";"Sem defeito";"Perfeito estado";"Seca";"Perfeito estado";"Não existe";"Não há placas";"60 km/h";"Única";"Faixa contínua";"";""
"3424";2020-10-07;"13:13:00";"COM VÍTIMA";"FINALIZADA";"BOA VIAGEM";"AV ENGENHEIRO DOMINGOS FERREIRA";"3901";"";"EM FRENTE A ACADEMIA HI";"BOA VIAGEM";NA;"SUBURBIO";"COLISÃO TRASEIRA";1;"1";"0";"0";"0";"0";"0";"0";"0";"1";"0";"Longo da via";"Bom";"Não existe";"Perfeito estado";"Seca";"Perfeito estado";"Não existe";"";"60 km/h";"Única";"Faixa seccionada";"";""
"3425";2020-10-07;"13:21:00";"COM VÍTIMA";"FINALIZADA";"IPUTINGA";"AV MAURICIO DE NASSAU";"291";"RUA ODILON ARAUJO";"EM FRENTE A PADARIA E PASTELARIA ATLANTICA";"IPUTINGA";NA;"SUBURBIO";"COLISÃO COM CICLISTA";1;"0";"0";"1";"0";"0";"0";"0";"0";"1";"0";"Longo da via";"Bom";"Não existe";"Perfeito estado";"Seca";"Perfeito estado";"Outros";"R-6a";"40 km/h";"Dupla";"Faixa seccionada";"";""
"3426";2020-10-07;"14:07:00";"COM VÍTIMA";"FINALIZADA";"IPSEP";"RUA VIRGINIA HERACLIO";"155";"RUA LANDELINO CAMARA";"PROX A OFICINA DINAMICAR";"IPSEP";NA;"SUBURBIO";"ABALROAMENTO TRANSVERSAL";1;"1";"0";"0";"0";"0";"0";"0";"0";"1";"0";"Cruzamento";"Bom";"Não existe";"Não existente";"Seca";"Perfeito estado";"Não existe";"Não há placas";"";"Dupla";"Não existe";"";""
"3427";2020-10-07;"15:56:00";"COM VÍTIMA";"FINALIZADA";"BOA VISTA";"RUA JOSE DE ALENCAR";"264";"RUA BARAO DE SAO BORJA";"PROX AO HOTEL BOA VISTA";"BOA VISTA";NA;"CIDADE";"ABALROAMENTO TRANSVERSAL";2;"0";"0";"0";"0";"0";"0";"0";"0";"1";"0";"Longo da via";"Bom";"Não existe";"Perfeito estado";"Seca";"Perfeito estado";"Não existe";"Não há placas";"";"Única";"Não existe";"";""
"3428";2020-10-07;"18:59:00";"COM VÍTIMA";"FINALIZADA";"CASA AMARELA";"AV NORTE";"5400C";"";"PRÓXIMO A ESCOLA MUNICIPAL ROSEMAR DE MACEDO LIMA";"CASA AMARELA";NA;"SUBURBIO";"ABALROAMENTO LONGITUDINAL";1;"1";"0";"0";"0";"0";"1";"0";"0";"1";"0";"Longo da via";"Bom";"";"Perfeito estado";"Seca";"Perfeito estado";"";"";"";"Dupla";"Canteiro central";"";""
"3429";2020-10-07;"20:18:00";"COM VÍTIMA";"FINALIZADA";"IBURA";"AV RIO LARGO";"275";"";"PRÓX A PROAB // NO SOBE/DESCE DO IBURA";"IBURA";NA;"SUBURBIO";"ATROPELAMENTO";NA;"0";"0";"0";"1";"1";"0";"0";"0";"1";"0";"Longo da via";"Chuvoso";"Não existe";"Perfeito estado";"Molhada";"Perfeito estado";"Outros";"Outras";"";"Dupla";"Faixa";"";""
"3430";2020-10-07;"21:10:00";"COM VÍTIMA";"FINALIZADA";"CASA AMARELA";"RUA DA HARMONIA";"109";"RUA CONS NABUCO";"AO LADO DA MERCEARIA NABUCO- AO LADO DA PIZZARIA HEROES";"CASA AMARELA";NA;"SUBURBIO";"COLISÃO FRONTAL";1;"1";"0";"0";"0";"0";"0";"0";"0";"1";"0";"Cruzamento";"Bom";"Não existe";"Perfeito estado";"Seca";"Perfeito estado";"Não existe";"Não há placas";"";"Dupla";"Faixa contínua";"";""
"3431";2020-10-07;"22:30:00";"SEM VÍTIMA";"FINALIZADA";"MACAXEIRA";"AV NORTE";"";"";"PRÓX A INTEGRAÇÃO DA MACAXEIRA";"MACAXEIRA";NA;"";"COLISÃO";1;"0";"0";"0";"0";"0";"1";"0";"0";"0";"0";"Longo da via";"Bom";"Não existe";"Perfeito estado";"Seca";"Perfeito estado";"Não existe";"Não há placas";"n/i";"Única";"Faixa seccionada";"";""
"3432";2020-10-08;"08:18:00";"COM VÍTIMA";"FINALIZADA";"IPUTINGA";"RUA DR NINA RODRIGUES";"280";"RUA CORDISLANDIA";"RESIDENCIA  NA RUA DO BANCO SANTANDER";"IPUTINGA";NA;"";"ABALROAMENTO LONGITUDINAL";1;"1";"0";"0";"0";"0";"0";"0";"0";"1";"0";"Cruzamento";"Bom";"Não existe";"Perfeito estado";"Seca";"Perfeito estado";"Não existe";"Placas Pare";"30 km/h";"";"";"";""
"3433";2020-10-08;"08:25:00";"COM VÍTIMA";"FINALIZADA";"VÁRZEA";"RUA GENERAL POLIDORO";"267A";"";"PROX AO RESIDENCIAL RESERVA POLIDORO";"VÁRZEA";NA;"SUBURBIO";"ABALROAMENTO TRANSVERSAL";1;"1";"0";"0";"0";"0";"0";"0";"0";"1";"0";"Longo da via";"Bom";"Não existe";"Perfeito estado";"Seca";"Perfeito estado";"Não existe";"Não há placas";"";"Dupla";"Faixa contínua";"";""
"3434";2020-10-08;"09:43:00";"COM VÍTIMA";"FINALIZADA";"BOA VIAGEM";"AV MARECHAL MASCARENHAS DE MORAES";"6211";"";"NO SENTIDO CIDADE EM FRENTE AO PREDIO DA JUSTIÇA FEDERAL";"BOA VIAGEM";NA;"CIDADE";"ABALROAMENTO LONGITUDINAL";1;"1";"0";"0";"0";"0";"0";"0";"0";"1";"0";"Longo da via";"Bom";"Não existe";"Perfeito estado";"Seca";"Perfeito estado";"";"";"";"Dupla";"Canteiro central";"";""
"3435";2020-10-08;"10:02:00";"COM VÍTIMA";"FINALIZADA";"IPSEP";"RUA JAMAICA";"188";"RUA ITAJAI";"PROX. DO BANCO ITAÚ- NO RETORNO DA IMBIRIBEIRA BOA VIAGEM. IGREJA PRESBITERIANA DO BRASIL.";"IPSEP";NA;"CIDADE";"COLISÃO FRONTAL";2;"1";"0";"0";"0";"0";"0";"0";"0";"2";"0";"Cruzamento";"Bom";"Não existe";"Perfeito estado";"Seca";"Perfeito estado";"Faixa de pedestre";"Outras";"";"Única";"Faixa contínua";"";""
"3436";2020-10-08;"10:33:00";"COM VÍTIMA";"FINALIZADA";"MADALENA";"AV JOSE GONCALVES DE MEDEIROS";"165";"";"EM FRENTE A LOJA BYE BYE VESTIDOS. LADO OPOSTO À MEU IPHONE ASSISTÊNCIA TÉCNICA.";"MADALENA";NA;"CIDADE";"COLISÃO TRASEIRA";1;"1";"0";"0";"0";"0";"0";"0";"0";"1";"0";"Longo da via";"Bom";"Não existe";"Perfeito estado";"Seca";"Perfeito estado";"";"R-6a";"40 km/h";"Dupla";"Faixa contínua";"Faixa seccionada";""
"3437";2020-10-08;"12:26:00";"COM VÍTIMA";"FINALIZADA";"PARNAMIRIM";"RUA FERREIRA LOPES";"";"";"E/F AO CONSULADO CHINES";"PARNAMIRIM";NA;"SUBURBIO";"ABALROAMENTO LONGITUDINAL";1;"1";"0";"0";"0";"0";"0";"0";"0";"1";"0";"Longo da via";"Bom";"Não existe";"Perfeito estado";"Seca";"Perfeito estado";"Não existe";"Outras";"30 km/h";"Dupla";"Faixa seccionada";"";""
"3438";2020-10-08;"12:49:00";"COM VÍTIMA";"FINALIZADA";"BOA VIAGEM";"AV ENGENHEIRO DOMINGOS FERREIRA";"2600";"RUA PROFESSOR JOSE BRANDAO";"AO LADO DA FARMACIA INDEPENDENTE";"BOA VIAGEM";"550";"";"COLISÃO";NA;"2";"0";"0";"0";"0";"0";"0";"0";"1";"0";"Cruzamento";"Bom";"Sem defeito";"Perfeito estado";"Seca";"Perfeito estado";"Faixa de pedestre";"Não há placas";"60 km/h";"";"Canteiro central";"";""