"";"data";"hora";"natureza_acidente";"situacao";"bairro";"endereco";"numero";"detalhe_endereco_acidente";"complemento";"bairro_cruzamento";"num_semaforo";"sentido_via";"tipo";"auto";"moto";"ciclom";"ciclista";"pedestre";"onibus";"caminhao";"viatura";"outros";"vitimas";"vitimasfatais";"acidente_verificado";"tempo_clima";"situacao_semaforo";"sinalizacao";"condicao_via";"conservacao_via";"ponto_controle";"situacao_placa";"velocidade_max_via";"mao_direcao";"divisao_via1";"divisao_via2";"divisao_via3"
"3439";2020-10-08;"20:12:00";"SEM VÍTIMA";"FINALIZADA";"IMBIRIBEIRA";"VIADUTO TANCREDO NEVES";"";"";"SENTIDO DA INTEGRAÇAO TANCREDO NEVES";"IMBIRIBEIRA";NA;"";"COLISÃO";1;"1";"0";"0";"0";"0";"0";"0";"0";"0";"0";"";"";"";"";"";"";"";"";"";"";"";"";""
"3440";2020-10-09;"13:13:00";"SEM VÍTIMA";"FINALIZADA";"BOA VIAGEM";"AV DES JOSE NEVES";"";"";"APOIS O TUNEL";"BOA VIAGEM";NA;"JABOATAO";"COLISÃO";1;"0";"0";"0";"0";"0";"1";"0";"0";"0";"0";"";"";"";"";"";"";"";"";"";"";"";"";""
"3441";2020-10-09;"13:27:00";"SEM VÍTIMA";"FINALIZADA";"SÃO JOSÉ";"AV MARTINS DE BARROS";"";"";"E/F AO CAIS DE SANTA RITA";"SÃO JOSÉ";"383";"";"COLISÃO";2;"1";"0";"0";"0";"0";"0";"0";"0";"0";"0";"";"";"";"";"";"";"";"";"";"";"";"";""
"3442";2020-10-09;"13:47:00";"COM VÍTIMA";"FINALIZADA";"SANTO ANTÔNIO";"RUA VINTE E QUATRO DE MAIO";"83";"";"PROX A AGENCIA DOS CORREIOS";"SANTO ANTÔNIO";NA;"";"COLISÃO COM CICLISTA";1;"0";"0";"1";"0";"0";"0";"0";"0";"1";"0";"";"";"";"";"";"";"";"";"";"";"";"";""
"3443";2020-10-09;"17:23:00";"COM VÍTIMA";"FINALIZADA";"BOA VIAGEM";"AV CONSELHEIRO AGUIAR";"2034";"RUA PROFESSOR OSIAS RIBEIRO";"E/F AO SUPERMECARDO MINUTO";"BOA VIAGEM";NA;"SUBURBIO";"ABALROAMENTO TRANSVERSAL";2;"0";"0";"0";"0";"0";"0";"0";"0";"1";"0";"Cruzamento";"Bom";"Não existe";"";"Seca";"Perfeito estado";"Outros";"Outras";"";"Única";"Faixa seccionada";"";""
"3444";2020-10-09;"19:14:00";"COM VÍTIMA";"FINALIZADA";"CORDEIRO";"RUA ODETE MONTEIRO";"";"";"PROX AO GOE";"CORDEIRO";NA;"CIDADE";"COLISÃO COM CICLISTA";NA;"1";"0";"1";"0";"0";"0";"0";"0";"1";"0";"Longo da via";"Bom";"Não existe";"Perfeito estado";"Seca";"Perfeito estado";"";"Não há placas";"";"Dupla";"Faixa contínua";"";""
"3445";2020-10-09;"21:48:00";"COM VÍTIMA";"CANCELADA";"LINHA DO TIRO";"RUA URIEL DE HOLANDA";"";"";"PROX AO ARMAZEN SHALON";"LINHA DO TIRO";NA;"";"COLISÃO";1;"1";"0";"0";"0";"0";"0";"0";"0";"1";"0";"";"";"";"";"";"";"";"";"";"";"";"";""
"3446";2020-10-10;"03:55:00";"SEM VÍTIMA";"CANCELADA";"SAN MARTIN";"AV GENERAL SAN MARTIN";"";"";"PRÓXIMO AO BAR DO REGI E A ESCOLA ADVENTISTA";"SAN MARTIN";NA;"";"CHOQUE VEÍCULO PARADO";1;"0";"0";"0";"0";"0";"1";"0";"0";"0";"0";"";"";"";"";"";"";"";"";"";"";"";"";""
"3447";2020-10-10;"09:25:00";"COM VÍTIMA";"FINALIZADA";"BOA VIAGEM";"AV FERNANDO SIMOES BARBOSA";"266";"RUA JACK AYRES";"EM FRENTE  AO POSTO DE GASOLINA IPIRANGA. WECON VI EMPRESARIAL CENTER";"BOA VIAGEM";"183";"SUBURBIO";"ABALROAMENTO LONGITUDINAL";NA;"1";"0";"0";"0";"0";"0";"0";"1";"1";"0";"Longo da via";"Bom";"Sem defeito";"Perfeito estado";"Seca";"Perfeito estado";"Não existe";"Outras";"";"Dupla";"Canal";"";""
"3448";2020-10-10;"15:45:00";"COM VÍTIMA";"CANCELADA";"IPSEP";"AV SENADOR ROBERT KENNEDY";"";"";"E/F AO TERMINAL DE ONIBUS VILA DA SUDENE";"IPSEP";NA;"";"COLISÃO";1;"1";"0";"0";"0";"0";"0";"0";"0";"1";"0";"";"";"";"";"";"";"";"";"";"";"";"";""
"3449";2020-10-10;"16:07:00";"COM VÍTIMA";"FINALIZADA";"ENGENHO DO MEIO";"RUA GOVERNADOR LOPO GARRO";"353";"RUA LINDOLFO COLOR";"EM FRENTE AO EDIFICIO PARQUE DOS NOBRES";"ENGENHO DO MEIO";NA;"SUBURBIO";"ABALROAMENTO TRANSVERSAL";1;"1";"0";"0";"0";"0";"0";"0";"0";"1";"0";"Cruzamento";"Bom";"Não existe";"Perfeito estado";"Seca";"Perfeito estado";"Faixa de retenção";"Placas Pare";"30 km/h";"Dupla";"Faixa contínua";"";""
"3450";2020-10-10;"16:48:00";"SEM VÍTIMA";"CANCELADA";"JORDÃO";"RUA ALBERTO LUNDGREN";"";"";"E/F AO SUPERMERCADO BALAIO NO JORDAO BAIXO";"JORDÃO";NA;"";"COLISÃO";2;"0";"0";"0";"0";"0";"0";"0";"0";"0";"0";"";"";"";"";"";"";"";"";"";"";"";"";""
"3451";2020-10-10;"18:50:00";"COM VÍTIMA";"FINALIZADA";"TEJIPIÓ";"AV DR JOSE RUFINO";"2839";"";"PRÓX AO TERMINAL DE ÔNIBUS- APÓS A BR. SNT JABOATÃO";"TEJIPIÓ";NA;"CIDADE";"TOMBAMENTO";NA;"1";"0";"0";"0";"0";"0";"0";"0";"1";"0";"Viaduto";"Bom";"Sem defeito";"Incompleta";"Seca";"Mal iluminada";"Não existe";"Outras";"";"Dupla";"Faixa contínua";"";""
"3452";2020-10-11;"13:26:00";"COM VÍTIMA";"FINALIZADA";"ESPINHEIRO";"RUA DO ESPINHEIRO";"";"RUA TAMARA";"EM FRENTE AO DROGASIL";"ESPINHEIRO";NA;"";"COLISÃO";1;"1";"0";"0";"0";"0";"0";"0";"0";"1";"0";"";"";"";"";"";"";"";"";"";"";"";"";""
"3453";2020-10-11;"18:30:00";"SEM VÍTIMA";"FINALIZADA";"PINA";"RUA TOME GIBSON";"";"";"EM FRENTE A BASE DO GTO";"PINA";NA;"";"CHOQUE";1;"0";"0";"0";"0";"0";"0";"0";"0";"0";"0";"";"";"";"";"";"";"";"";"";"";"";"";""
"3454";2020-10-12;"09:31:00";"COM VÍTIMA";"FINALIZADA";"BOA VIAGEM";"AV ENGENHEIRO DOMINGOS FERREIRA";"";"";"LADO OPOSTO AO EXTRA";"BOA VIAGEM";"297";"SUBURBIO";"ATROPELAMENTO";1;"0";"0";"0";"1";"0";"0";"0";"0";"1";"0";"Longo da via";"Bom";"Sem defeito";"Perfeito estado";"";"";"Faixa de pedestre";"Outras";"";"Única";"Canteiro central";"";""
"3455";2020-10-12;"13:21:00";"COM VÍTIMA";"FINALIZADA";"IBURA";"RUA RIO XINGU";"923";"";"APOS A PADARIA ZILDA";"IBURA";NA;"";"COLISÃO";NA;"2";"0";"0";"0";"0";"0";"0";"0";"2";"0";"";"";"";"";"";"";"";"";"";"";"";"";""
"3456";2020-10-12;"18:22:00";"COM VÍTIMA";"FINALIZADA";"IPSEP";"AV RECIFE";"2856";"";"APÓS A ENTRADA DO IBURA. EM FRENTE A SÉRGIO'S MULTIMARCAS";"IPSEP";NA;"BR 101";"COLISÃO TRASEIRA";NA;"2";"0";"0";"0";"0";"0";"0";"0";"2";"0";"Longo da via";"Bom";"Não existe";"Perfeito estado";"Seca";"Perfeito estado";"Não existe";"Não há placas";"";"Dupla";"Canteiro central";"";""
"3457";2020-10-12;"18:37:00";"SEM VÍTIMA";"FINALIZADA";"VASCO DA GAMA";"RUA MIGUEL CARNEIRO";"425";"";"EM FRENTE A ESCOLA MUNICIPAL PROFESSOR ADERBAL GALVAO";"VASCO DA GAMA";NA;"";"COLISÃO";2;"0";"0";"0";"0";"0";"0";"0";"0";"0";"0";"";"";"";"";"";"";"";"";"";"";"";"";""
"3458";2020-10-12;"20:49:00";"COM VÍTIMA";"FINALIZADA";"SÃO JOSÉ";"RUA IMPERIAL";"981";"TRV DO RAPOSO";"SEMÁFORO 510 / E/F A CM FERRO E AÇO";"SÃO JOSÉ";"510";"SUBURBIO";"ABALROAMENTO TRANSVERSAL";1;"0";"0";"0";"0";"1";"0";"0";"0";"2";"0";"Cruzamento";"Bom";"Sem defeito";"Perfeito estado";"Seca";"Mal iluminada";"Faixa de pedestre";"";"";"Única";"";"";""
"3459";2020-10-13;"08:02:00";"COM VÍTIMA";"FINALIZADA";"ENCRUZILHADA";"AV JOAO DE BARROS";"1904";"";"EM FRENTE AO BRADESCO E ARMAZÉM DE CONSTRUÇÃO CEMAFEL.";"ENCRUZILHADA";NA;"CIDADE";"TOMBAMENTO";NA;"1";"0";"0";"0";"0";"0";"0";"0";"1";"0";"Longo da via";"Bom";"Não existe";"Perfeito estado";"Seca";"Perfeito estado";"Não existe";"Outras";"";"Única";"Faixa seccionada";"";""
"3460";2020-10-13;"09:56:00";"COM VÍTIMA";"FINALIZADA";"DOIS IRMÃOS";"RUA MANUEL DE MEDEIROS";"111";"RUA BARAO DO CAPIBARIBE";"PROX A ESCOLA LION.";"DOIS IRMÃOS";NA;"AV CAXANGÁ";"ABALROAMENTO LONGITUDINAL";NA;"1";"0";"0";"0";"1";"0";"0";"0";"2";"0";"Longo da via";"Bom";"Não existe";"Ilegível";"Seca";"Perfeito estado";"Não existe";"Outras";"";"Dupla";"";"";""
"3461";2020-10-13;"16:16:00";"SEM VÍTIMA";"FINALIZADA";"JOANA BEZERRA";"RUA MIRANDOPOLIS";"";"";"AO LADO DO TERMINAL INTEGRADO JOANA BEZERRA";"JOANA BEZERRA";NA;"SUBURBIO";"ABALROAMENTO LONGITUDINAL";1;"0";"0";"0";"0";"1";"0";"0";"0";"0";"0";"Longo da via";"Bom";"Não existe";"Não existente";"Seca";"Perfeito estado";"Não existe";"Não há placas";"";"Dupla";"Não existe";"";""
"3462";2020-10-13;"19:58:00";"COM VÍTIMA";"FINALIZADA";"IPSEP";"AV RECIFE";"";"AV DOM HELDER CAMARA";"EM FRENTE A LOCADORA DE VANS DE RECIFE";"IPSEP";"16";"SUBURBIO";"ABALROAMENTO TRANSVERSAL";1;"1";"0";"0";"0";"0";"0";"0";"0";"1";"0";"Cruzamento";"Bom";"Sem defeito";"Perfeito estado";"Seca";"Perfeito estado";"Faixa de pedestre";"Outras";"";"Única";"Faixa contínua";"Faixa seccionada";"Canteiro central"
"3463";2020-10-14;"08:11:00";"COM VÍTIMA";"FINALIZADA";"SÃO JOSÉ";"C SANTA RITA";"";"";"LADO OPOSTO AO 16° BATALHÃO.";"SÃO JOSÉ";NA;"CIDADE";"TOMBAMENTO";NA;"1";"0";"0";"0";"0";"0";"0";"0";"1";"0";"Longo da via";"Chuvoso";"Não existe";"Incompleta";"Molhada";"Perfeito estado";"Não existe";"R-6a";"60 km/h";"Única";"Canteiro central";"";""
"3464";2020-10-14;"09:11:00";"COM VÍTIMA";"FINALIZADA";"VÁRZEA";"AV AFONSO OLINDENSE";"1147";"RUA SITIO DOS COQUEIROS";"ARMAZEM KIOSK";"VÁRZEA";NA;"SUBURBIO";"ABALROAMENTO LONGITUDINAL";1;"1";"0";"0";"0";"0";"0";"0";"0";"1";"0";"Esquina";"Chuvoso";"Não existe";"Perfeito estado";"Molhada";"Perfeito estado";"Não existe";"Outras";"";"Dupla";"Faixa contínua";"";""
"3465";2020-10-14;"11:16:00";"COM VÍTIMA";"CANCELADA";"CAXANGÁ";"RUA GOMES TABORDA";"1692";"";"EM FRENTE A CHURRASCARIA VAPOR  82";"CAXANGÁ";NA;"";"COLISÃO";1;"1";"0";"0";"0";"0";"0";"0";"0";"1";"0";"";"";"";"";"";"";"";"";"";"";"";"";""
"3466";2020-10-14;"13:05:00";"COM VÍTIMA";"FINALIZADA";"JORDÃO";"RUA DR ALVARO FERRAZ";"26";"";"PROXIMO AO SUPERMERCADO KI PREÇO";"JORDÃO";NA;"SUBURBIO";"ABALROAMENTO LONGITUDINAL";1;"1";"0";"0";"0";"0";"0";"0";"0";"1";"0";"Longo da via";"Chuvoso";"Não existe";"Ilegível";"Molhada";"Mal iluminada";"Não existe";"Não há placas";"";"Única";"Não existe";"";""
"3467";2020-10-14;"13:10:00";"COM VÍTIMA";"FINALIZADA";"ALTO JOSÉ BONIFÁCIO";"RUA ALTO DA SERRINHA";"17";"";"PROX AO TERMINAL";"ALTO JOSÉ BONIFÁCIO";NA;"SUBURBIO";"COLISÃO FRONTAL";NA;"1";"0";"0";"0";"1";"0";"0";"0";"1";"0";"Longo da via";"Bom";"Não existe";"Perfeito estado";"Seca";"Perfeito estado";"Não existe";"Não há placas";"";"Dupla";"Não existe";"";""
"3468";2020-10-14;"14:13:00";"COM VÍTIMA";"FINALIZADA";"TAMARINEIRA";"AV CONS ROSA E SILVA";"";"RUA CONEGO BARATA";"EM FRENTE AO SEMÁFORO Nº 61- SENTIDO TAMARINEIRA / CASA AMARELA";"TAMARINEIRA";"61";"SUBURBIO";"ABALROAMENTO TRANSVERSAL";1;"1";"0";"0";"0";"0";"0";"0";"0";"1";"0";"Cruzamento";"Bom";"Sem defeito";"Perfeito estado";"Seca";"Perfeito estado";"Faixa de pedestre";"R-6a";"";"Única";"Faixa contínua";"";""
"3469";2020-10-14;"18:41:00";"COM VÍTIMA";"FINALIZADA";"SANTO AMARO";"PTE DO LIMOEIRO";"";"";"SOBRE A PONTE";"SANTO AMARO";NA;"SUBURBIO";"COLISÃO TRASEIRA";NA;"1";"0";"0";"0";"0";"0";"0";"1";"2";"0";"Ponte";"Bom";"Sem defeito";"Perfeito estado";"";"Perfeito estado";"";"";"";"";"Faixa contínua";"";""
"3470";2020-10-14;"22:19:00";"COM VÍTIMA";"FINALIZADA";"IPSEP";"AV RECIFE";"";"AV SENADOR ROBERT KENNEDY";"PROX AO CARLOS FUME E GILVAN DOS PARABRISAS";"IPSEP";"319";"CIDADE";"ABALROAMENTO LONGITUDINAL";1;"1";"0";"0";"0";"0";"0";"0";"0";"1";"0";"Longo da via";"Bom";"Sem defeito";"Perfeito estado";"Seca";"Perfeito estado";"Não existe";"";"";"Única";"";"";""
"3471";2020-10-15;"00:29:00";"COM VÍTIMA";"FINALIZADA";"IMBIRIBEIRA";"AV MARECHAL MASCARENHAS DE MORAES";"";"";"EM FRENTE A FLORART";"IMBIRIBEIRA";"316";"CIDADE";"CHOQUE OBJETO FIXO";1;"0";"0";"0";"0";"0";"0";"0";"0";"1";"0";"Longo da via";"Chuvoso";"Sem defeito";"Perfeito estado";"Molhada";"Perfeito estado";"Não existe";"Não há placas";"";"Dupla";"Canteiro central";"";""
"3472";2020-10-15;"07:03:00";"COM VÍTIMA";"FINALIZADA";"IPUTINGA";"AV CAXANGA";"4068";"";"AO LADO DA SUPLANOR";"IPUTINGA";NA;"SUBURBIO";"ACID. DE PERCURSO";NA;"1";"0";"0";"0";"0";"0";"0";"0";"1";"0";"";"";"";"";"";"";"";"";"";"";"";"";""
"3473";2020-10-15;"07:32:00";"COM VÍTIMA";"FINALIZADA";"DERBY";"RUA JOAQUIM NABUCO";"92";"";"EM FRENTE A O HOSPITAL DA RESTAURAÇÃO-NA RAMPA DE ACESSO DO HOSPITAL";"DERBY";NA;"SUBURBIO";"COLISÃO TRASEIRA";1;"1";"0";"0";"0";"0";"0";"0";"0";"1";"0";"Longo da via";"Chuvoso";"Sem defeito";"Perfeito estado";"Molhada";"Perfeito estado";"Faixa de pedestre";"R-6a";"";"Única";"Faixa seccionada";"";""
"3474";2020-10-15;"10:34:00";"COM VÍTIMA";"FINALIZADA";"IMBIRIBEIRA";"AV MARECHAL MASCARENHAS DE MORAES";"4900";"";"EM FRENTE A LOCALIZA";"IMBIRIBEIRA";"531";"SUBURBIO";"COLISÃO TRASEIRA";NA;"2";"0";"0";"0";"0";"0";"0";"0";"2";"0";"Longo da via";"Bom";"Sem defeito";"Perfeito estado";"Seca";"Perfeito estado";"Faixa de pedestre";"";"60 km/h";"Dupla";"Canteiro central";"";""
"3475";2020-10-15;"12:26:00";"COM VÍTIMA";"FINALIZADA";"VÁRZEA";"AV CAXANGA";"";"";"NO CRUZAMENTO DO HOSPITAL SANTA TEREZINHA E DO BOI E BRASA";"VÁRZEA";"230";"CIDADE";"ABALROAMENTO LONGITUDINAL";1;"1";"0";"0";"0";"0";"0";"0";"0";"2";"0";"Longo da via";"Bom";"Sem defeito";"Perfeito estado";"Seca";"Perfeito estado";"Outros";"Não há placas";"";"Única";"Não existe";"";""
"3476";2020-10-15;"13:01:00";"COM VÍTIMA";"FINALIZADA";"BOA VIAGEM";"RUA RIO AZUL";"";"RUA BARAO DE SOUZA LEAO";"E/F AO SUPERMERCADO TREVO";"BOA VIAGEM";"476";"";"ATROPELAMENTO";1;"0";"0";"0";"1";"0";"0";"0";"0";"1";"0";"Longo da via";"Bom";"Sem defeito";"Incompleta";"Seca";"Perfeito estado";"Outros";"Não há placas";"";"Única";"Faixa seccionada";"";""
"3477";2020-10-15;"13:58:00";"COM VÍTIMA";"FINALIZADA";"BOA VISTA";"RUA DO HOSPICIO";"208";"AV CONDE DA BOA VISTA";"EM FRENTE AO MINI-EXTRA";"BOA VISTA";"23";"";"ATROPELAMENTO";NA;"1";"0";"0";"1";"0";"0";"0";"0";"1";"0";"Cruzamento";"Bom";"Sem defeito";"Perfeito estado";"Seca";"Perfeito estado";"Faixa de pedestre";"Outras";"";"Única";"Não existe";"";""
"3478";2020-10-15;"15:15:00";"COM VÍTIMA";"FINALIZADA";"IMBIRIBEIRA";"AV MARECHAL MASCARENHAS DE MORAES";"";"";"PRAÇA MINISTRO SALGADO FILHO. AEROPORTO INTERNACIONAL DO RECIFE.";"IMBIRIBEIRA";NA;"SUBURBIO";"CHOQUE OBJETO FIXO";1;"0";"0";"0";"0";"0";"0";"0";"0";"1";"0";"Longo da via";"Bom";"Sem defeito";"Perfeito estado";"Seca";"Perfeito estado";"Não existe";"Não há placas";"60 km/h";"Única";"Faixa seccionada";"";""
"3479";2020-10-15;"16:15:00";"COM VÍTIMA";"FINALIZADA";"ÁGUA FRIA";"RUA CORREGO DO DEODATO";"375";"";"PROX A ASSEMBLEIA DE DEUS";"ÁGUA FRIA";NA;"SUBURBIO";"ABALROAMENTO LONGITUDINAL";1;"1";"0";"0";"0";"0";"0";"0";"0";"1";"0";"Longo da via";"Bom";"Não existe";"Não existente";"Seca";"Mal conservada";"Não existe";"Não há placas";"";"Dupla";"Não existe";"";""
"3480";2020-10-15;"18:25:00";"COM VÍTIMA";"FINALIZADA";"SANTO ANTÔNIO";"RUA IMPERADOR PEDRO SEGUNDO";"";"PRC DEZESSETE";"EM FRENTE AO FORÚM THOMAZ DE AQUINO";"SANTO ANTÔNIO";NA;"";"ATROPELAMENTO";1;"0";"0";"0";"1";"0";"0";"0";"0";"1";"0";"Esquina";"Bom";"Não existe";"Perfeito estado";"Seca";"Perfeito estado";"Não existe";"Não há placas";"";"Única";"Faixa contínua";"";""
"3481";2020-10-15;"18:28:00";"COM VÍTIMA";"FINALIZADA";"IPSEP";"AV RECIFE";"2273B";"";"EM FRENTE A PIZZARIA ATLÂNTICO";"IPSEP";NA;"SUBURBIO";"ABALROAMENTO LONGITUDINAL";1;"1";"0";"0";"0";"0";"0";"0";"0";"2";"0";"Longo da via";"Bom";"Sem defeito";"Perfeito estado";"Seca";"Perfeito estado";"Não existe";"R-6a";"";"Dupla";"Canteiro central";"";""
"3482";2020-10-15;"18:58:00";"COM VÍTIMA";"FINALIZADA";"BEBERIBE";"AV BEBERIBE";"4355";"";"AO LADO DA ACADEMINA H5 / PRÓX A LOJA TECNONET";"BEBERIBE";NA;"SUBURBIO";"COLISÃO TRASEIRA";1;"1";"0";"0";"0";"0";"0";"0";"0";"1";"0";"Longo da via";"Bom";"Não existe";"Perfeito estado";"Seca";"Perfeito estado";"Não existe";"Não há placas";"30 km/h";"Dupla";"Faixa contínua";"";""
"3483";2020-10-15;"19:39:00";"SEM VÍTIMA";"FINALIZADA";"BOA VIAGEM";"RUA VISCONDE DE JEQUITINHONHA";"2616";"";"EM FRENTE AO EDIFÍCIO MAR AZUL";"BOA VIAGEM";NA;"SUBURBIO";"COLISÃO TRASEIRA";2;"0";"0";"0";"0";"0";"0";"0";"0";"0";"0";"Longo da via";"Bom";"Não existe";"Perfeito estado";"Seca";"Perfeito estado";"Faixa de pedestre";"Não há placas";"60 km/h";"Única";"Faixa seccionada";"";""
"3484";2020-10-15;"20:06:00";"COM VÍTIMA";"FINALIZADA";"ARRUDA";"AV BEBERIBE";"1478";"";"LADO OPOSTO AO CANAL DA CONSTRUÇÃO- PROXIMO DA DOCE SABOR DA N.C";"ARRUDA";NA;"SUBURBIO";"COLISÃO TRASEIRA";2;"1";"0";"0";"0";"0";"0";"0";"0";"2";"0";"Longo da via";"Bom";"Não existe";"Perfeito estado";"Seca";"Perfeito estado";"";"Não há placas";"";"Dupla";"";"";""
"3485";2020-10-16;"01:09:00";"COM VÍTIMA";"FINALIZADA";"CAXANGÁ";"AV CAXANGA";"";"RUA RODRIGUES FERREIRA";"EM FRENTE A UPA";"CAXANGÁ";"232";"SUBURBIO";"ABALROAMENTO LONGITUDINAL";1;"1";"0";"0";"0";"0";"0";"0";"0";"1";"0";"Cruzamento";"Bom";"Sem defeito";"Perfeito estado";"Seca";"Perfeito estado";"Faixa de pedestre";"Outras";"";"Dupla";"Canteiro central";"";""
"3486";2020-10-16;"07:31:00";"VÍTIMA FATAL";"FINALIZADA";"PRADO";"RUA CARLOS GOMES";"";"RUA HERCULES FLORENCE";"EM FRENTE AO HOSPITAL NOSSA SENHORA DO Ó";"PRADO";NA;"SUBURBIO";"ABALROAMENTO TRANSVERSAL";1;"1";"0";"0";"0";"0";"0";"0";"0";"1";"1";"Cruzamento";"Bom";"Não existe";"Incompleta";"Seca";"Perfeito estado";"Não existe";"Outras";"40 km/h";"Única";"Faixa seccionada";"Canteiro central";""
"3487";2020-10-16;"11:39:00";"COM VÍTIMA";"FINALIZADA";"CASA AMARELA";"AV NORTE";"4681";"RUA RODRIGUES SETE";"AO LADO DA TOTAL CAR";"CASA AMARELA";NA;"CIDADE";"ABALROAMENTO LONGITUDINAL";NA;"2";"0";"0";"0";"0";"0";"0";"0";"1";"0";"Esquina";"Bom";"Não existe";"Perfeito estado";"Seca";"Perfeito estado";"";"Outras";"";"Dupla";"Canteiro central";"";""
"3488";2020-10-16;"11:54:00";"COM VÍTIMA";"FINALIZADA";"CASA FORTE";"AV DEZESSETE DE AGOSTO";"939";"";"LADO OPOSTO A PZZARIA HURT";"CASA FORTE";NA;"SUBURBIO";"COLISÃO TRASEIRA";1;"1";"0";"0";"0";"0";"0";"0";"0";"1";"0";"Longo da via";"Bom";"Não existe";"Perfeito estado";"Seca";"Perfeito estado";"Não existe";"Outras";"";"Dupla";"Faixa contínua";"";""
"3489";2020-10-16;"12:24:00";"COM VÍTIMA";"FINALIZADA";"VÁRZEA";"AV CAXANGA";"";"RUA GASTAO VIDIGAL";"LADO OPOSTO DA UPA/ SENTIDO CIDADE";"VÁRZEA";NA;"CIDADE";"ABALROAMENTO TRANSVERSAL";1;"1";"0";"0";"0";"0";"0";"0";"0";"1";"0";"Cruzamento";"Bom";"Sem defeito";"Incompleta";"Seca";"Perfeito estado";"Agente";"Não há placas";"60 km/h";"Única";"Faixa contínua";"Canteiro central";""
"3490";2020-10-16;"13:00:00";"COM VÍTIMA";"FINALIZADA";"PINA";"RUA JEMIL ASFORA";"23";"";"POR TRÁS DO SHOPPING RIOMAR";"PINA";NA;"";"ABALROAMENTO LONGITUDINAL";NA;"1";"0";"0";"0";"0";"1";"0";"0";"1";"0";"Longo da via";"Bom";"Não existe";"Ilegível";"Seca";"Perfeito estado";"Não existe";"Outras";"";"Única";"Não existe";"";""
"3491";2020-10-16;"13:06:00";"COM VÍTIMA";"FINALIZADA";"PINA";"AV HERCULANO BANDEIRA";"";"";"EM FRENTE A IGREJINHA DO PINA";"PINA";"137";"SUBURBIO";"ABALROAMENTO LONGITUDINAL";1;"1";"0";"0";"0";"0";"0";"0";"0";"1";"0";"Longo da via";"Bom";"Sem defeito";"Perfeito estado";"Seca";"Perfeito estado";"Faixa de pedestre";"Não há placas";"";"Única";"Faixa seccionada";"";""
"3492";2020-10-16;"15:59:00";"COM VÍTIMA";"FINALIZADA";"JOANA BEZERRA";"AV GOVERNADOR AGAMENON MAGALHAES";"";"";"EM FRENTE AO FORUM JOANA BEZERRA";"JOANA BEZERRA";NA;"SUBURBIO";"ABALROAMENTO LONGITUDINAL";1;"1";"0";"0";"0";"0";"0";"0";"0";"1";"0";"Longo da via";"Bom";"Não existe";"Perfeito estado";"Seca";"Perfeito estado";"Não existe";"R-6a";"60 km/h";"Dupla";"Canteiro central";"";""
"3493";2020-10-16;"17:25:00";"COM VÍTIMA";"CANCELADA";"CÓRREGO DO JENIPAPO";"AV DA RECUPERACAO";"1032";"";"PROXIMO AO RECANTO DO LAU/ APÓS O A UPINHA";"CÓRREGO DO JENIPAPO";NA;"";"COLISÃO";1;"1";"0";"0";"0";"0";"0";"0";"0";"1";"0";"";"";"";"";"";"";"";"";"";"";"";"";""
"3494";2020-10-16;"19:36:00";"COM VÍTIMA";"FINALIZADA";"GUABIRABA";"AV DA RECUPERACAO";"1032";"RUA TRES MORROS";"PROXIMO AO RECANTO DO LAU/ APÓS O A UPINHA";"GUABIRABA";NA;"SUBURBIO";"ABALROAMENTO LONGITUDINAL";2;"1";"0";"0";"0";"0";"0";"0";"0";"1";"0";"Longo da via";"Bom";"Não existe";"Incompleta";"Seca";"Mal iluminada";"Não existe";"";"";"Dupla";"Faixa seccionada";"";""
"3495";2020-10-16;"20:09:00";"COM VÍTIMA";"CANCELADA";"MACAXEIRA";"AV NORTE";"";"RUA MARIA CANDIDA";"SEMÁFORO 296 / PRÓX A ANTIGA TI DA MACAXEIRA";"MACAXEIRA";NA;"";"COLISÃO";1;"1";"0";"0";"0";"0";"0";"0";"0";"1";"0";"";"";"";"";"";"";"";"";"";"";"";"";""
"3496";2020-10-16;"20:28:00";"SEM VÍTIMA";"CANCELADA";"CASA FORTE";"AV DEZESSETE DE AGOSTO";"";"";"SEMÁFORO 469/ NO COMEÇO QUE DA NA EST DAS UBAIAS";"CASA FORTE";NA;"";"COLISÃO";2;"0";"0";"0";"0";"0";"0";"0";"0";"0";"0";"";"";"";"";"";"";"";"";"";"";"";"";""
"3497";2020-10-16;"20:45:00";"COM VÍTIMA";"FINALIZADA";"PARNAMIRIM";"EST DO ARRAIAL";"2949";"";"PRÓX AO CRUZAMENTO QUE DA NO HOSPITAL AGAMENON. COLÉGIO REINO MÁGICO.";"PARNAMIRIM";"446";"SUBURBIO";"CHOQUE OBJETO FIXO";1;"0";"0";"0";"0";"0";"0";"0";"0";"1";"0";"Longo da via";"Bom";"Sem defeito";"Perfeito estado";"Seca";"Perfeito estado";"Faixa de pedestre";"Outras";"";"Única";"Faixa seccionada";"";""
"3498";2020-10-16;"23:55:00";"COM VÍTIMA";"CANCELADA";"CASA FORTE";"AV DEZESSETE DE AGOSTO";"357";"";"EM FRENTE A BUGER KING";"CASA FORTE";NA;"";"COLISÃO";1;"1";"0";"0";"0";"0";"0";"0";"0";"1";"0";"";"";"";"";"";"";"";"";"";"";"";"";""