"";"data";"hora";"natureza_acidente";"situacao";"bairro";"endereco";"numero";"detalhe_endereco_acidente";"complemento";"bairro_cruzamento";"num_semaforo";"sentido_via";"tipo";"auto";"moto";"ciclom";"ciclista";"pedestre";"onibus";"caminhao";"viatura";"outros";"vitimas";"vitimasfatais";"acidente_verificado";"tempo_clima";"situacao_semaforo";"sinalizacao";"condicao_via";"conservacao_via";"ponto_controle";"situacao_placa";"velocidade_max_via";"mao_direcao";"divisao_via1";"divisao_via2";"divisao_via3"
"3499";2020-10-17;"09:02:00";"COM VÍTIMA";"FINALIZADA";"JARDIM SÃO PAULO";"AV RECIFE";"5460";"";"";"JARDIM SÃO PAULO";NA;"SUBURBIO";"COLISÃO TRASEIRA";NA;"1";"0";"0";"0";"0";"1";"0";"0";"1";"0";"Longo da via";"Bom";"Não existe";"Perfeito estado";"Seca";"Perfeito estado";"";"Não há placas";"";"Única";"Faixa seccionada";"";""
"3500";2020-10-17;"12:59:00";"COM VÍTIMA";"FINALIZADA";"ESPINHEIRO";"AV CONS ROSA E SILVA";"";"RUA CONFEDERACAO DO EQUADOR";"EM FRENTE AO HOSPITAL DOS SERVIDORES DO ESTADO.";"ESPINHEIRO";NA;"SUBURBIO";"ABALROAMENTO LONGITUDINAL";1;"1";"0";"0";"0";"0";"0";"0";"0";"1";"0";"Cruzamento";"Bom";"Sem defeito";"Perfeito estado";"Seca";"Perfeito estado";"Não existe";"R-6a";"60 km/h";"Única";"Faixa seccionada";"";""
"3501";2020-10-17;"15:23:00";"COM VÍTIMA";"FINALIZADA";"IBURA";"AV DOIS RIOS";"985";"";"EM FRENTE A FARMACIA PAGUE MENOS";"IBURA";"323";"SUBURBIO";"ABALROAMENTO TRANSVERSAL";1;"1";"0";"0";"0";"0";"0";"0";"0";"2";"0";"Longo da via";"Bom";"Sem defeito";"Perfeito estado";"Seca";"Perfeito estado";"Faixa de pedestre";"Não há placas";"60 km/h";"Dupla";"Faixa contínua";"";""
"3502";2020-10-17;"15:57:00";"COM VÍTIMA";"FINALIZADA";"TEJIPIÓ";"AV DR JOSE RUFINO";"3538";"";"AO LADO DO ARMAZEM CORAL";"TEJIPIÓ";NA;"";"CHOQUE OBJETO FIXO";1;"0";"0";"0";"0";"0";"0";"0";"0";"1";"0";"Longo da via";"Bom";"Não existe";"Incompleta";"Seca";"Perfeito estado";"Não existe";"Não há placas";"";"Dupla";"Faixa contínua";"";""
"3503";2020-10-17;"21:55:00";"SEM VÍTIMA";"FINALIZADA";"BOA VIAGEM";"AV BOA VIAGEM";"2334";"";"POSTO 5 / EM FRENTE AO EDF CATAMARÃ";"BOA VIAGEM";NA;"";"CHOQUE VEÍCULO PARADO";3;"0";"0";"0";"0";"0";"0";"0";"0";"0";"0";"";"";"";"";"";"";"";"";"";"";"";"";""
"3504";2020-10-18;"08:28:00";"COM VÍTIMA";"FINALIZADA";"SAN MARTIN";"AV GENERAL SAN MARTIN";"74";"RUA FLORA RICA";"PROX A ESCOLA ADVENTISTA";"SAN MARTIN";NA;"CIDADE";"ABALROAMENTO LONGITUDINAL";1;"1";"0";"0";"0";"0";"0";"0";"0";"1";"0";"Cruzamento";"Bom";"Não existe";"Perfeito estado";"Seca";"Perfeito estado";"Não existe";"Outras";"40 km/h";"Dupla";"Faixa contínua";"Faixa seccionada";""
"3505";2020-10-18;"10:05:00";"SEM VÍTIMA";"FINALIZADA";"PRADO";"AV ENGENHEIRO ABDIAS DE CARVALHO";"";"";"EM FRENTE AO POSTO DE GASOLINA IMPERIO";"PRADO";NA;"";"COLISÃO";1;"0";"0";"0";"0";"0";"0";"1";"0";"0";"0";"";"";"";"";"";"";"";"";"";"";"";"";""
"3506";2020-10-18;"12:54:00";"SEM VÍTIMA";"FINALIZADA";"AFOGADOS";"RUA COSME VIANA";"";"";"E/F A TUPAN";"AFOGADOS";"503";"SUBURBIO";"ABALROAMENTO LONGITUDINAL";2;"0";"0";"0";"0";"0";"0";"0";"0";"0";"0";"Cruzamento";"Bom";"Sem defeito";"Perfeito estado";"Seca";"";"";"";"";"Única";"Faixa seccionada";"";""
"3507";2020-10-18;"13:03:00";"COM VÍTIMA";"FINALIZADA";"BAIRRO DO RECIFE";"CAIS DO APOLO";"";"";"EM FRENTE AO TRIBUNAL REGIONAL FEDERAL";"BAIRRO DO RECIFE";NA;"CIDADE";"ABALROAMENTO LONGITUDINAL";1;"1";"0";"0";"0";"0";"0";"0";"0";"1";"0";"Longo da via";"Bom";"Não existe";"Perfeito estado";"Seca";"Perfeito estado";"Não existe";"Outras";"60 km/h";"Dupla";"Faixa seccionada";"Canteiro central";""
"3508";2020-10-18;"22:19:00";"SEM VÍTIMA";"FINALIZADA";"DOIS UNIDOS";"AV HILDEBRANDO DE VASCONCELOS";"13";"";"PROX A IGRJA BRASIL PARA CRISTO // ENTRE O CANIL E O TERMINAL DE ONIBUS DOIS UNIDOS";"DOIS UNIDOS";NA;"";"COLISÃO";NA;"1";"0";"0";"0";"0";"0";"1";"0";"0";"0";"";"";"";"";"";"";"";"";"";"";"";"";""
"3509";2020-10-19;"08:30:00";"COM VÍTIMA";"FINALIZADA";"AFOGADOS";"RUA DA PAZ";"396";"";"EM FRENTE AO BANCO ITAU";"AFOGADOS";NA;"SUBURBIO";"ATROPELAMENTO";1;"0";"0";"0";"1";"0";"0";"0";"0";"1";"0";"Longo da via";"Bom";"Sem defeito";"Incompleta";"Seca";"Perfeito estado";"Faixa de pedestre";"R-6a";"";"Única";"Faixa seccionada";"";""
"3510";2020-10-19;"09:34:00";"COM VÍTIMA";"FINALIZADA";"SAN MARTIN";"AV GENERAL SAN MARTIN";"1208";"AV ENGENHEIRO ABDIAS DE CARVALHO";"";"SAN MARTIN";"58";"NORTE/SUL";"COLISÃO FRONTAL";1;"1";"0";"0";"0";"0";"0";"0";"0";"1";"0";"Longo da via";"Bom";"Sem defeito";"Perfeito estado";"Seca";"Perfeito estado";"Agente";"Outras";"";"Dupla";"Faixa contínua";"";""
"3511";2020-10-19;"14:28:00";"COM VÍTIMA";"FINALIZADA";"CAMPO GRANDE";"AV GOVERNADOR AGAMENON MAGALHAES";"";"";"E/F AO SHOPPING TACARUNA";"CAMPO GRANDE";NA;"RECIFE";"CAPOTAMENTO";1;"0";"0";"0";"0";"0";"0";"0";"0";"1";"0";"";"";"";"";"";"";"";"";"";"";"";"";""
"3512";2020-10-19;"15:14:00";"COM VÍTIMA";"FINALIZADA";"BOA VIAGEM";"AV CONSELHEIRO AGUIAR";"1851";"RUA JORNALISTA FRANCISCO ALMEIDA";"NO CRUZAMENTO MESMO";"BOA VIAGEM";NA;"CIDADE";"ABALROAMENTO LONGITUDINAL";1;"1";"0";"0";"0";"0";"0";"0";"0";"2";"0";"Longo da via";"Bom";"Não existe";"Perfeito estado";"Seca";"";"";"Outras";"";"Única";"Faixa contínua";"Faixa seccionada";""
"3513";2020-10-19;"18:08:00";"COM VÍTIMA";"CANCELADA";"JORDÃO";"AV MARIA IRENE";"145";"";"AO LADO DO PET SHOP BICHINHO- EM FRENTE A IGREJA PENTECOSTAL- EM FRENTE A PIZZARIA ESQUINA 145";"JORDÃO";NA;"";"COLISÃO";1;"1";"0";"0";"0";"0";"0";"0";"0";"1";"0";"";"";"";"";"";"";"";"";"";"";"";"";""
"3514";2020-10-20;"09:49:00";"COM VÍTIMA";"FINALIZADA";"BOA VIAGEM";"RUA PROFESSOR JOAO MEDEIROS";"311";"RUA ERNESTO DE PAULA SANTOS";"POR TRAS DA DELEGACIA DE BOA VIAGEM";"BOA VIAGEM";NA;"CIDADE";"COLISÃO TRASEIRA";1;"1";"0";"0";"0";"0";"0";"0";"0";"1";"0";"Longo da via";"Bom";"Não existe";"Perfeito estado";"Seca";"Perfeito estado";"Não existe";"Outras";"";"Única";"Faixa seccionada";"";""
"3515";2020-10-20;"10:10:00";"COM VÍTIMA";"FINALIZADA";"ESPINHEIRO";"RUA SANTO ELIAS";"";"RUA DO ESPINHEIRO";"EM FRENTE AO POSTO DE GASOLINA IPIRANGA";"ESPINHEIRO";NA;"CIDADE";"ABALROAMENTO TRANSVERSAL";1;"1";"0";"0";"0";"0";"0";"0";"0";"1";"0";"Cruzamento";"Bom";"Não existe";"Incompleta";"Seca";"Perfeito estado";"Faixa de pedestre";"R-6a";"";"Única";"Não existe";"";""
"3516";2020-10-20;"10:10:00";"COM VÍTIMA";"FINALIZADA";"IMBIRIBEIRA";"RUA ITACARI";"301";"RUA ITAJAI";"JUNTO A LOJA YNOVE- ESQUINA DO BANCO ITAU";"IMBIRIBEIRA";NA;"CIDADE";"ABALROAMENTO LONGITUDINAL";1;"1";"0";"0";"0";"0";"0";"0";"0";"1";"0";"Cruzamento";"Bom";"Não existe";"Perfeito estado";"Seca";"Perfeito estado";"Faixa de pedestre";"Placas Pare";"40 km/h";"Dupla";"Faixa seccionada";"";""
"3517";2020-10-20;"13:47:00";"COM VÍTIMA";"FINALIZADA";"JOANA BEZERRA";"AV CENTRAL";"";"";"E/F A ESTAÇAO JOANA BEZERRA NA SAIDA DOS ONIBUS. AO LADO DO TERMINAL INTEGRADO.";"JOANA BEZERRA";NA;"";"COLISÃO FRONTAL";NA;"1";"0";"0";"0";"1";"0";"0";"1";"1";"0";"Longo da via";"Bom";"Não existe";"Não existente";"Seca";"Perfeito estado";"Não existe";"Não há placas";"";"Única";"Não existe";"";""
"3518";2020-10-20;"14:14:00";"SEM VÍTIMA";"FINALIZADA";"IMBIRIBEIRA";"RUA ANTONIO FALCAO";"475";"";"ANTES DA ESTAÇAO ANTONIO FALCAO E/F A GEOVANE SONDAS";"IMBIRIBEIRA";NA;"";"COLISÃO";2;"0";"0";"0";"0";"0";"0";"0";"0";"0";"0";"";"";"";"";"";"";"";"";"";"";"";"";""
"3519";2020-10-20;"17:35:00";"COM VÍTIMA";"FINALIZADA";"BOA VIAGEM";"AV CONSELHEIRO AGUIAR";"2610";"";"E/F AO ATACADAO MEC BATEDOR NA MOTO 08/39/06/35. TECNO HOUSE.";"BOA VIAGEM";NA;"";"COLISÃO TRASEIRA";1;"1";"0";"0";"0";"0";"0";"0";"0";"1";"0";"Longo da via";"Bom";"Não existe";"Perfeito estado";"Seca";"Perfeito estado";"Não existe";"Outras";"60 km/h";"Única";"Faixa contínua";"Faixa seccionada";""
"3520";2020-10-20;"18:27:00";"COM VÍTIMA";"FINALIZADA";"BEBERIBE";"AV BEBERIBE";"3195";"";"EM FRENTE A GALERIA CAJUEIRO E MARRON CAPOTARIA.";"BEBERIBE";NA;"CIDADE";"ABALROAMENTO LONGITUDINAL";1;"0";"0";"1";"0";"0";"1";"0";"0";"1";"0";"Longo da via";"Bom";"Não existe";"Incompleta";"Seca";"Perfeito estado";"Não existe";"R-19";"50 km/h";"Única";"Faixa seccionada";"";""
"3521";2020-10-20;"18:48:00";"COM VÍTIMA";"CANCELADA";"CAXANGÁ";"RUA RIBEIRO PESSOA";"733";"";"PROX A FABRICA DE RAÇAO (PINTO FAMOSO)";"CAXANGÁ";NA;"";"COLISÃO";1;"1";"0";"0";"0";"0";"0";"0";"0";"1";"0";"";"";"";"";"";"";"";"";"";"";"";"";""
"3522";2020-10-20;"21:49:00";"COM VÍTIMA";"FINALIZADA";"IMBIRIBEIRA";"RUA ITACARI";"301";"RUA ITAJAI";"EM FRENTE A EMPRESA YNOVE";"IMBIRIBEIRA";NA;"CIDADE";"ABALROAMENTO TRANSVERSAL";1;"1";"0";"0";"0";"0";"0";"0";"0";"2";"0";"Cruzamento";"Bom";"Não existe";"Perfeito estado";"Seca";"Perfeito estado";"Faixa de pedestre";"Placas Pare";"40 km/h";"Única";"Faixa contínua";"";""
"3523";2020-10-21;"07:27:00";"COM VÍTIMA";"FINALIZADA";"IMBIRIBEIRA";"AV MARECHAL MASCARENHAS DE MORAES";"2716";"";"EM FRENTE AO GERALDAO E INTER HOTEL";"IMBIRIBEIRA";"290";"SUBURBIO";"ABALROAMENTO TRANSVERSAL";1;"1";"0";"0";"0";"0";"0";"0";"0";"1";"0";"Cruzamento";"Bom";"Intermitente";"Perfeito estado";"Seca";"Perfeito estado";"Faixa de retenção";"Não há placas";"";"Dupla";"Canteiro central";"";""
"3524";2020-10-21;"13:03:00";"COM VÍTIMA";"FINALIZADA";"IMBIRIBEIRA";"AV MARECHAL MASCARENHAS DE MORAES";"4080";"";"EM FRENTE AO VENEZA AO MATERIAL DE CONSTRUÇAO";"IMBIRIBEIRA";"310";"SUBURBIO";"ABALROAMENTO TRANSVERSAL";1;"1";"0";"0";"0";"0";"0";"0";"0";"1";"0";"Cruzamento";"Bom";"Sem defeito";"Perfeito estado";"Seca";"Perfeito estado";"Outros";"";"60 km/h";"Dupla";"";"";""
"3525";2020-10-21;"13:56:00";"COM VÍTIMA";"CANCELADA";"BOA VIAGEM";"AV CONSELHEIRO AGUIAR";"";"";"E/F A PRACINHA DE BOA VIAGEM";"BOA VIAGEM";NA;"";"COLISÃO";1;"1";"0";"0";"0";"0";"0";"0";"0";"1";"0";"";"";"";"";"";"";"";"";"";"";"";"";""
"3526";2020-10-21;"15:10:00";"COM VÍTIMA";"FINALIZADA";"IPSEP";"AV RECIFE";"1600";"AV PRESIDENTE KENNEDY";"PROX A PONTE DO CAÇOTE. LADO OPOSTO AO NÚMERO INFORMADO.";"IPSEP";"212";"BR 101";"COLISÃO TRASEIRA";1;"1";"0";"0";"0";"0";"0";"0";"0";"1";"0";"Esquina";"Bom";"Sem defeito";"Perfeito estado";"Seca";"Perfeito estado";"Outros";"Outras";"60 km/h";"Dupla";"Canteiro central";"";""
"3527";2020-10-21;"17:22:00";"COM VÍTIMA";"FINALIZADA";"MADALENA";"RUA REAL DA TORRE";"";"RUA JOSE OSORIO";"";"MADALENA";"179";"SUBURBIO";"ATROPELAMENTO";NA;"0";"0";"1";"2";"0";"0";"0";"0";"3";"0";"Cruzamento";"Bom";"Sem defeito";"Perfeito estado";"";"";"Faixa de pedestre";"";"";"";"";"";""
"3528";2020-10-21;"21:30:00";"COM VÍTIMA";"FINALIZADA";"VÁRZEA";"RUA EMILIANO BRAGA";"";"AV PROFESSOR MORAES REGO";"AO LADO DO TERMINAL INTEGRADO CDU.";"VÁRZEA";NA;"SUBURBIO";"ABALROAMENTO LONGITUDINAL";NA;"1";"0";"0";"0";"1";"0";"0";"0";"1";"0";"Esquina";"Bom";"Não existe";"Perfeito estado";"Seca";"Perfeito estado";"Não existe";"Não há placas";"";"Única";"Não existe";"";""
"3529";2020-10-22;"07:01:00";"COM VÍTIMA";"FINALIZADA";"GRAÇAS";"AV RUI BARBOSA";"1104";"";"EM FRENTE AO COLEGIO MARISTA SÃO LUIZ.";"GRAÇAS";NA;"CIDADE";"ABALROAMENTO LONGITUDINAL";NA;"1";"0";"0";"0";"1";"0";"0";"0";"1";"0";"Longo da via";"Chuvoso";"Não existe";"Perfeito estado";"Seca";"Perfeito estado";"Não existe";"R-6a";"";"Única";"Faixa seccionada";"";""
"3530";2020-10-22;"07:35:00";"SEM VÍTIMA";"FINALIZADA";"SANTO AMARO";"AV CRUZ CABUGA";"991";"";"PROXIMO AO MAERCADO DE SANTO AMARO";"SANTO AMARO";NA;"";"COLISÃO";1;"0";"0";"0";"0";"0";"1";"0";"0";"0";"0";"Longo da via";"Bom";"Sem defeito";"Perfeito estado";"Seca";"Perfeito estado";"Faixa de pedestre";"";"";"Dupla";"Faixa contínua";"";""
"3531";2020-10-22;"07:38:00";"SEM VÍTIMA";"FINALIZADA";"SANTO ANTÔNIO";"RUA DA CONCORDIA";"";"";"AO LADO DO EDIFICIO GARAGEM DA SECRETARIA DA FAZENDA";"SANTO ANTÔNIO";NA;"";"COLISÃO";1;"0";"0";"0";"0";"0";"1";"0";"0";"0";"0";"Longo da via";"Bom";"Sem defeito";"Perfeito estado";"Seca";"Perfeito estado";"Outros";"Não há placas";"40km/h";"Única";"Outros";"";""
"3532";2020-10-22;"08:21:00";"COM VÍTIMA";"FINALIZADA";"AREIAS";"AV DR JOSE RUFINO";"2537";"";"IGREJA DO BARRO";"AREIAS";NA;"CIDADE";"COLISÃO";1;"1";"0";"0";"0";"0";"0";"0";"0";"1";"0";"";"";"";"";"";"";"";"";"";"";"";"";""
"3533";2020-10-22;"13:59:00";"COM VÍTIMA";"FINALIZADA";"AFOGADOS";"RUA SAO MIGUEL";"1331";"RUA DR ROBENILDO ROCHA LEAO";"PROX AO PARAISO DO PET";"AFOGADOS";NA;"SUBURBIO";"ABALROAMENTO TRANSVERSAL";1;"1";"0";"0";"0";"0";"0";"0";"0";"1";"0";"Cruzamento";"Bom";"Não existe";"Perfeito estado";"Seca";"Perfeito estado";"Não existe";"Não há placas";"60 km/h";"Dupla";"Faixa contínua";"Faixa seccionada";""
"3534";2020-10-22;"18:48:00";"COM VÍTIMA";"FINALIZADA";"DOIS IRMÃOS";"RUA DOIS IRMAOS";"";"AV DA RECUPERACAO";"SOB O VIADUTO DE DOIS IRMÃOS";"DOIS IRMÃOS";"416";"CIDADE";"CHOQUE OBJETO FIXO";NA;"0";"0";"0";"0";"0";"0";"1";"0";"2";"0";"Longo da via";"Bom";"Sem defeito";"Perfeito estado";"Seca";"Perfeito estado";"Não existe";"R-6a";"";"Dupla";"Faixa contínua";"";""
"3535";2020-10-23;"08:44:00";"COM VÍTIMA";"FINALIZADA";"ALTO JOSÉ DO PINHO";"AV NORTE";"4660";"";"LADO OPOSTO AO ARMAZÉM CORAL.";"ALTO JOSÉ DO PINHO";NA;"SUBURBIO";"COLISÃO TRASEIRA";3;"1";"0";"0";"0";"0";"0";"0";"0";"1";"0";"Longo da via";"Bom";"Não existe";"Perfeito estado";"Seca";"Perfeito estado";"Não existe";"R-6a";"60 km/h";"Única";"Faixa contínua";"";""
"3536";2020-10-23;"09:01:00";"COM VÍTIMA";"FINALIZADA";"VÁRZEA";"RUA GENERAL POLIDORO";"";"RUA AGRICOLANDIA";"";"VÁRZEA";"577";"";"ATROPELAMENTO";NA;"0";"0";"0";"1";"1";"0";"0";"0";"1";"0";"Cruzamento";"Bom";"Sem defeito";"Perfeito estado";"Seca";"Perfeito estado";"Faixa de pedestre";"Outras";"";"Dupla";"Faixa contínua";"";""
"3537";2020-10-23;"10:02:00";"COM VÍTIMA";"FINALIZADA";"MADALENA";"RUA REAL DA TORRE";"1201";"RUA CONDE DE IRAJA";"PRÓXIMO AO SUPERMERCADO EXTRABOM.";"MADALENA";"106";"SUBURBIO";"COLISÃO TRASEIRA";1;"1";"0";"0";"0";"0";"0";"0";"0";"1";"0";"Longo da via";"Bom";"Sem defeito";"Perfeito estado";"Seca";"Perfeito estado";"Faixa de pedestre";"R-6a";"";"Única";"Faixa seccionada";"";""
"3538";2020-10-23;"10:39:00";"COM VÍTIMA";"FINALIZADA";"ARRUDA";"AV BEBERIBE";"";"AV PROFESSOR JOSE DOS ANJOS";"";"ARRUDA";"131";"SUBURBIO";"CHOQUE VEÍCULO PARADO";1;"1";"0";"0";"0";"0";"0";"0";"0";"1";"0";"Longo da via";"Bom";"Sem defeito";"Perfeito estado";"Seca";"Perfeito estado";"Faixa de pedestre";"R-6a";"";"Dupla";"Faixa seccionada";"";""
"3539";2020-10-23;"12:31:00";"COM VÍTIMA";"FINALIZADA";"CAMPO GRANDE";"RUA PRUDENTE DE MORAES";"158";"RUA CARLOS FERNANDES";"ULTRAGÁS.";"CAMPO GRANDE";NA;"CIDADE";"ABALROAMENTO TRANSVERSAL";2;"0";"0";"0";"0";"0";"0";"0";"0";"3";"0";"Cruzamento";"Bom";"Não existe";"Perfeito estado";"Seca";"Perfeito estado";"Faixa de retenção";"Placas Pare";"30 km/h";"Dupla";"Faixa seccionada";"";""
"3540";2020-10-23;"13:36:00";"COM VÍTIMA";"FINALIZADA";"BOA VIAGEM";"AV DOM JOAO VI";"";"RUA PEDRO PAES DE MENDONCA";"POR TRÁS DO BIG BOMPRECO DE BOA VIAGEM.";"BOA VIAGEM";"543";"CIDADE";"ABALROAMENTO LONGITUDINAL";1;"1";"0";"0";"0";"0";"0";"0";"0";"1";"0";"Cruzamento";"Bom";"Sem defeito";"Perfeito estado";"Seca";"Perfeito estado";"Faixa de pedestre";"Não há placas";"60 km/h";"Dupla";"Faixa seccionada";"";""
"3541";2020-10-23;"16:29:00";"COM VÍTIMA";"FINALIZADA";"TAMARINEIRA";"AV CONS ROSA E SILVA";"1829";"";"EM FRENTE AO EDF. TABOCAS";"TAMARINEIRA";NA;"SUBURBIO";"CHOQUE OBJETO FIXO";NA;"0";"0";"1";"0";"0";"0";"0";"0";"1";"0";"Longo da via";"Bom";"Não existe";"Perfeito estado";"Seca";"Perfeito estado";"Não existe";"Não há placas";"";"Única";"Faixa seccionada";"";""
"3542";2020-10-23;"20:24:00";"COM VÍTIMA";"CANCELADA";"AFOGADOS";"RUA VINTE E UM DE ABRIL";"721";"";"EM FRENTE AO CLUBE FERROVIARIO";"AFOGADOS";NA;"";"ATROPELAMENTO";NA;"0";"0";"0";"1";"0";"0";"0";"0";"1";"0";"";"";"";"";"";"";"";"";"";"";"";"";""
"3543";2020-10-23;"23:37:00";"COM VÍTIMA";"FINALIZADA";"SANTO AMARO";"VDO ENG ROBERTO PEREIRA DE CARVALHO";"";"";"EM CIMA DO VIADUTO PROXIMO AO SHOPPING TACARUNA.";"SANTO AMARO";NA;"SUBURBIO";"COLISÃO TRASEIRA";2;"0";"0";"0";"0";"0";"0";"0";"0";"1";"0";"Viaduto";"Bom";"Não existe";"Perfeito estado";"Seca";"Perfeito estado";"Não existe";"Não há placas";"";"Única";"Faixa seccionada";"";""
"3544";2020-10-24;"01:35:00";"SEM VÍTIMA";"FINALIZADA";"PINA";"AV REPUBLICA ARABE UNIDA";"78";"";"PRÓXIMO AO SHOPPING RIOMAR";"PINA";NA;"CIDADE";"ABALROAMENTO LONGITUDINAL";1;"1";"0";"0";"0";"0";"0";"0";"0";"0";"0";"";"Bom";"Não existe";"Perfeito estado";"Seca";"Perfeito estado";"";"";"";"Única";"Faixa seccionada";"";""
"3545";2020-10-24;"01:39:00";"COM VÍTIMA";"CANCELADA";"SAN MARTIN";"RUA DUARTE FILHO";"";"";"PROX A LOMBADA DA GENERAL SAN MARTIN";"SAN MARTIN";NA;"";"COLISÃO";1;"1";"0";"0";"0";"0";"0";"0";"0";"1";"0";"";"";"";"";"";"";"";"";"";"";"";"";""
"3546";2020-10-24;"11:07:00";"COM VÍTIMA";"FINALIZADA";"MADALENA";"RUA CARLOS GOMES";"125";"RUA GOMES TABORDA";"EM FRENTE AO EDIFICIO JOAQUIM BANDEIRA";"MADALENA";"348";"CIDADE";"ABALROAMENTO LONGITUDINAL";1;"1";"0";"0";"0";"0";"0";"0";"0";"1";"0";"Longo da via";"Bom";"Sem defeito";"Perfeito estado";"Seca";"Perfeito estado";"Não existe";"R-6a";"";"Dupla";"Faixa seccionada";"";""
"3547";2020-10-24;"12:09:00";"COM VÍTIMA";"CANCELADA";"BOA VIAGEM";"AV ENGENHEIRO DOMINGOS FERREIRA";"";"";"E/F AO BIG BOMPREÇO S/T PIEDADE";"BOA VIAGEM";NA;"";"COLISÃO";1;"1";"0";"0";"0";"0";"0";"0";"0";"1";"0";"";"";"";"";"";"";"";"";"";"";"";"";""
"3548";2020-10-24;"12:13:00";"COM VÍTIMA";"FINALIZADA";"CAMPINA DO BARRETO";"AV POETA VINICIUS DE MORAIS";"32";"";"SENTIDO CAMPO GRANDE /LADO OPOSTO A ASSEMBLEIA DE DEUS";"CAMPINA DO BARRETO";NA;"SUBURBIO";"ATROPELAMENTO";NA;"1";"0";"0";"1";"0";"0";"0";"0";"2";"0";"Longo da via";"Bom";"Não existe";"Perfeito estado";"Seca";"Perfeito estado";"Não existe";"Não há placas";"";"Dupla";"Faixa seccionada";"";""
"3549";2020-10-24;"13:06:00";"COM VÍTIMA";"FINALIZADA";"SANTO AMARO";"AV NORTE";"";"";"COLISAO SOBRE O VIADUTO PRESIDENTE MÉDICI.";"SANTO AMARO";NA;"CIDADE";"COLISÃO TRASEIRA";NA;"1";"0";"0";"0";"1";"0";"0";"0";"1";"0";"Viaduto";"Bom";"Não existe";"Perfeito estado";"Seca";"Perfeito estado";"Não existe";"Não há placas";"";"Dupla";"Faixa seccionada";"";""
"3550";2020-10-24;"14:49:00";"COM VÍTIMA";"FINALIZADA";"PRADO";"AV ENGENHEIRO ABDIAS DE CARVALHO";"289";"RUA JOAO IVO DA SILVA";"HABIB'S.";"PRADO";"132";"";"ABALROAMENTO LONGITUDINAL";NA;"1";"0";"0";"0";"0";"0";"0";"0";"1";"0";"Longo da via";"Bom";"Sem defeito";"Perfeito estado";"Seca";"Perfeito estado";"Faixa de pedestre";"Outras";"";"Dupla";"Faixa contínua";"Faixa seccionada";"Canteiro central"
"3551";2020-10-24;"16:29:00";"COM VÍTIMA";"FINALIZADA";"ESPINHEIRO";"AV GOVERNADOR AGAMENON MAGALHAES";"";"RUA BUENOS AYRES";"EM FRENTE AO BANCO DO NORDESTE";"ESPINHEIRO";"78";"";"COLISÃO TRASEIRA";3;"0";"0";"0";"0";"0";"0";"0";"0";"2";"0";"Longo da via";"Bom";"Sem defeito";"Perfeito estado";"Seca";"Perfeito estado";"Faixa de retenção";"";"";"Dupla";"Outros";"";""
"3552";2020-10-24;"17:17:00";"COM VÍTIMA";"FINALIZADA";"ENGENHO DO MEIO";"RUA ANTONIO CURADO";"";"AV MUCIO UCHOA CAVALCANTE";"EM FRENTE AO BOM PASTOR";"ENGENHO DO MEIO";NA;"";"ABALROAMENTO LONGITUDINAL";1;"1";"0";"0";"0";"0";"0";"0";"0";"2";"0";"Cruzamento";"Bom";"Não existe";"Ilegível";"Seca";"Perfeito estado";"Faixa de retenção";"Não há placas";"40 km/h";"Dupla";"Faixa seccionada";"";""
"3553";2020-10-24;"19:39:00";"COM VÍTIMA";"FINALIZADA";"IPUTINGA";"AV MAURICIO DE NASSAU";"";"";"PROX A LOMBADA ELETRONICA";"IPUTINGA";NA;"SUBURBIO";"ATROPELAMENTO";NA;"1";"0";"0";"2";"0";"0";"0";"0";"3";"0";"Longo da via";"Bom";"Não existe";"Ilegível";"Seca";"Mal conservada";"Não existe";"";"";"Dupla";"Não existe";"";""
"3554";2020-10-25;"08:01:00";"SEM VÍTIMA";"FINALIZADA";"BOA VIAGEM";"AVENIDA CELSO FURTADO (VIA MANGUE)";"";"";"NA ALÇA DA ESQUERDA -ANTES DO BIG BOMPREÇO";"BOA VIAGEM";NA;"SUBURBIO";"CHOQUE";1;"0";"0";"0";"0";"0";"0";"0";"0";"0";"0";"";"";"";"";"";"";"";"";"";"";"";"";""
"3555";2020-10-25;"10:00:00";"COM VÍTIMA";"FINALIZADA";"TEJIPIÓ";"RUA FALCAO DE LACERDA";"387";"RUA QUINZE DE NOVEMBRO";"EM FRENTE AO CARTORIO DE TEJIPIO. LADO OPOSTO A MAXICLÍNICA MÉDICA AQUI DOUTOR.";"TEJIPIÓ";"285";"SUBURBIO";"ABALROAMENTO LONGITUDINAL";2;"0";"0";"0";"0";"0";"0";"0";"0";"1";"0";"Longo da via";"Bom";"Sem defeito";"Perfeito estado";"Seca";"Perfeito estado";"Não existe";"Outras";"";"Dupla";"Faixa contínua";"";""
"3556";2020-10-25;"12:26:00";"SEM VÍTIMA";"FINALIZADA";"IMBIRIBEIRA";"RUA JOAQUIM BANDEIRA";"";"AV SUL";"";"IMBIRIBEIRA";NA;"";"ABALROAMENTO TRANSVERSAL";2;"0";"0";"0";"0";"0";"0";"0";"0";"0";"0";"Cruzamento";"Bom";"Não existe";"Incompleta";"Seca";"Perfeito estado";"Não existe";"R-4a";"";"Única";"Faixa seccionada";"";""