"";"data";"hora";"natureza_acidente";"situacao";"bairro";"endereco";"numero";"detalhe_endereco_acidente";"complemento";"bairro_cruzamento";"num_semaforo";"sentido_via";"tipo";"auto";"moto";"ciclom";"ciclista";"pedestre";"onibus";"caminhao";"viatura";"outros";"vitimas";"vitimasfatais";"acidente_verificado";"tempo_clima";"situacao_semaforo";"sinalizacao";"condicao_via";"conservacao_via";"ponto_controle";"situacao_placa";"velocidade_max_via";"mao_direcao";"divisao_via1";"divisao_via2";"divisao_via3"
"3616";2020-11-05;"08:55:00";"COM VÍTIMA";"FINALIZADA";"ESTÂNCIA";"AV DR JOSE RUFINO";"";"RUA HAVAI";"PROX. A GALERIA MARGARIDA";"ESTÂNCIA";NA;"";"ABALROAMENTO TRANSVERSAL";1;"1";"0";"0";"0";"0";"0";"0";"0";"1";"0";"Cruzamento";"Bom";"Não existe";"Perfeito estado";"Seca";"Perfeito estado";"Não existe";"Não há placas";"40 km/h";"Dupla";"Faixa contínua";"";""
"3617";2020-11-05;"11:21:00";"SEM VÍTIMA";"FINALIZADA";"MADALENA";"RUA BELARMINO CARNEIRO";"";"RUA MANOEL BERNARDES";"PROX. A COMUNIDADE BATISTA";"MADALENA";NA;"";"ENGAVETAMENTO";3;"0";"0";"0";"0";"0";"0";"1";"0";"0";"0";"Cruzamento";"Bom";"Não existe";"Não existente";"Seca";"Perfeito estado";"Não existe";"Não há placas";"";"Dupla";"Não existe";"";""
"3618";2020-11-05;"13:25:00";"SEM VÍTIMA";"FINALIZADA";"COELHOS";"RUA FRANCISCO ALVES";"49";"";"PROX. AO IMIP";"COELHOS";NA;"";"COLISÃO";2;"0";"0";"0";"0";"0";"0";"0";"0";"0";"0";"Longo da via";"Bom";"Não existe";"Perfeito estado";"Seca";"Perfeito estado";"Outros";"Outras";"";"Dupla";"Faixa contínua";"";""
"3619";2020-11-05;"14:25:00";"COM VÍTIMA";"CANCELADA";"TORRE";"RUA MARQUES DE MARICA";"208";"";"APOS O CARREFOUR E/F A PRAÇA";"TORRE";NA;"";"COLISÃO";1;"1";"0";"0";"0";"0";"0";"0";"0";"1";"0";"";"";"";"";"";"";"";"";"";"";"";"";""
"3620";2020-11-05;"13:54:00";"COM VÍTIMA";"FINALIZADA";"CASA FORTE";"AV DEZESSETE DE AGOSTO";"1255";"";"ANTES DA PRAÇA VITORIA REGIA S/T CID ENTRE A FARMACIA DROGASIL E O POSTO PETROBRAS";"CASA FORTE";NA;"";"ABALROAMENTO TRANSVERSAL";1;"1";"0";"0";"0";"0";"0";"0";"0";"1";"0";"Longo da via";"Bom";"Não existe";"Perfeito estado";"Seca";"Perfeito estado";"Não existe";"Outras";"";"Dupla";"";"";""
"3621";2020-11-05;"21:00:00";"COM VÍTIMA";"FINALIZADA";"PINA";"AV HERCULANO BANDEIRA";"348";"";"APOS A IGREJA EM FRENTE A BIFURCAÇAO";"PINA";NA;"SUBURBIO";"COLISÃO TRASEIRA";1;"1";"0";"0";"0";"0";"0";"0";"0";"1";"0";"Longo da via";"Bom";"Não existe";"Perfeito estado";"Seca";"Perfeito estado";"Não existe";"R-6a";"50 km/h";"Única";"";"";""
"3622";2020-11-06;"01:29:00";"SEM VÍTIMA";"FINALIZADA";"TEJIPIÓ";"AV DR JOSE RUFINO";"";"";"EM FRENTE A ESCOLA ALBERTO TORRES";"TEJIPIÓ";NA;"";"COLISÃO";2;"0";"0";"0";"0";"0";"0";"0";"0";"0";"0";"Longo da via";"Chuvoso";"Não existe";"Perfeito estado";"Molhada";"Perfeito estado";"";"";"";"Dupla";"Faixa contínua";"";""
"3623";2020-11-06;"08:22:00";"COM VÍTIMA";"FINALIZADA";"JORDÃO";"AV MARIA IRENE";"55";"RUA ANTONIO ROCHA";"EM FRENTE AO MARTELINHO DE OURO ALTO CRUZ";"JORDÃO";NA;"CIDADE";"ABALROAMENTO TRANSVERSAL";1;"1";"0";"0";"0";"0";"0";"0";"0";"1";"0";"Cruzamento";"Bom";"Não existe";"Perfeito estado";"Seca";"Perfeito estado";"Não existe";"Não há placas";"";"Dupla";"Faixa contínua";"";""
"3624";2020-11-06;"10:05:00";"COM VÍTIMA";"FINALIZADA";"SÃO JOSÉ";"RUA IMPERIAL";"";"PRC SERGIO LORETO";"";"SÃO JOSÉ";"408";"CIDADE";"ATROPELAMENTO";NA;"1";"0";"0";"1";"0";"0";"0";"0";"1";"0";"Longo da via";"Bom";"Sem defeito";"Perfeito estado";"Seca";"Perfeito estado";"Não existe";"Não há placas";"";"Única";"Não existe";"";""
"3625";2020-11-06;"12:15:00";"SEM VÍTIMA";"FINALIZADA";"SANTO AMARO";"RUA DA UNIAO";"";"RUA PRINCESA IZABEL";"NA RUA DA ASSEMBLEA LEGISLATIVA";"SANTO AMARO";NA;"";"COLISÃO";1;"1";"0";"0";"0";"0";"0";"0";"0";"0";"0";"";"";"";"";"";"";"";"";"";"";"";"";""
"3626";2020-11-06;"12:36:00";"COM VÍTIMA";"FINALIZADA";"AFOGADOS";"RUA SAO MIGUEL";"1204";"RUA DONA MARIA DE ANGELIS";"EM FRENTE CLINICA JAILME CORDEIRO- AO LADO DO CHINA IN BOX";"AFOGADOS";NA;"CIDADE";"ABALROAMENTO LONGITUDINAL";1;"1";"0";"0";"0";"0";"0";"0";"0";"1";"0";"Esquina";"Bom";"Não existe";"Perfeito estado";"Seca";"Perfeito estado";"Outros";"Outras";"50 km/h";"Dupla";"Faixa";"";""
"3627";2020-11-06;"13:07:00";"COM VÍTIMA";"FINALIZADA";"APIPUCOS";"RUA DE APIPUCOS";"";"RUA MANDACARU";"EM FRENTE AO RESIDENCIAL E PARQUE APIPUCOS.";"APIPUCOS";"500";"CIDADE";"COLISÃO FRONTAL";1;"1";"0";"0";"0";"0";"0";"0";"0";"1";"0";"Longo da via";"Bom";"";"Perfeito estado";"Seca";"Perfeito estado";"";"";"50 km/h";"Dupla";"Faixa contínua";"";""
"3628";2020-11-06;"14:33:00";"COM VÍTIMA";"FINALIZADA";"PINA";"AV HERCULANO BANDEIRA";"";"RUA NOGUEIRA DE SOUZA";"INÍCIO DA AV HERCULANO BANDEIRA. EM FRENTE A MERCEDES BENZ.";"PINA";"657";"SUBURBIO";"ABALROAMENTO LONGITUDINAL";2;"1";"0";"0";"0";"0";"0";"0";"0";"2";"0";"Longo da via";"Bom";"Sem defeito";"Perfeito estado";"Seca";"Perfeito estado";"Faixa de pedestre";"Não há placas";"60 km/h";"Única";"Faixa seccionada";"";""
"3629";2020-11-06;"19:42:00";"COM VÍTIMA";"FINALIZADA";"VÁRZEA";"RUA TENENTE ROLAND RITTMISTER";"37";"";"PROX AO BAR DE QUETA. ASSOCIAÇÃO DOS MORADORES.";"VÁRZEA";NA;"SUBURBIO";"CHOQUE VEÍCULO PARADO";1;"1";"0";"0";"0";"0";"0";"0";"0";"1";"0";"Longo da via";"Bom";"Não existe";"Perfeito estado";"Seca";"Perfeito estado";"Não existe";"Não há placas";"";"Dupla";"Faixa contínua";"";""
"3630";2020-11-06;"19:52:00";"COM VÍTIMA";"FINALIZADA";"IBURA";"AV SANTOS";"186B";"RUA PARNARAMA";"EM FRENTE A ASSISTÊNCIA TÉCNICA.";"IBURA";NA;"CIDADE";"COLISÃO";NA;"2";"0";"0";"0";"0";"0";"0";"0";"2";"0";"Longo da via";"Bom";"Não existe";"Incompleta";"Seca";"Mal conservada";"Não existe";"Não há placas";"";"Dupla";"Faixa seccionada";"";""
"3631";2020-11-06;"22:15:00";"COM VÍTIMA";"FINALIZADA";"IPSEP";"RUA RIO DOCE";"500";"RUA PINTOR ANTONIO ALBUQUERQUE";"SINDICATO DOS MOTORISTAS";"IPSEP";NA;"SUBURBIO";"COLISÃO FRONTAL";1;"1";"0";"0";"0";"0";"0";"0";"0";"1";"0";"Cruzamento";"Bom";"Não existe";"Perfeito estado";"Seca";"Perfeito estado";"Faixa de pedestre";"Não há placas";"";"Dupla";"Faixa contínua";"";""
"3632";2020-11-07;"01:27:00";"SEM VÍTIMA";"CANCELADA";"IPSEP";"AV RECIFE";"";"";"EM FRENTE A PIZZARIA ATLANTICA";"IPSEP";NA;"";"CHOQUE OBJETO FIXO";1;"0";"0";"0";"0";"0";"0";"0";"0";"0";"0";"";"";"";"";"";"";"";"";"";"";"";"";""
"3633";2020-11-07;"09:09:00";"COM VÍTIMA";"FINALIZADA";"CAMPO GRANDE";"RUA ODORICO MENDES";"100";"";"EM FRENTE AO RESIDENCIAL AUGUSTO LUCENA";"CAMPO GRANDE";NA;"SUBURBIO";"ABALROAMENTO TRANSVERSAL";1;"1";"0";"0";"0";"0";"0";"0";"0";"1";"0";"Longo da via";"Bom";"Não existe";"Incompleta";"Seca";"Perfeito estado";"Não existe";"Não há placas";"";"Dupla";"Faixa seccionada";"";""
"3634";2020-11-07;"13:01:00";"SEM VÍTIMA";"CANCELADA";"PARNAMIRIM";"AV FLOR DE SANTANA";"360";"";"E/F AO RESTAURANTE LA TRATORIA";"PARNAMIRIM";NA;"";"COLISÃO";NA;"2";"0";"0";"0";"0";"0";"0";"0";"0";"0";"";"";"";"";"";"";"";"";"";"";"";"";""
"3635";2020-11-07;"13:53:00";"COM VÍTIMA";"CANCELADA";"IBURA";"AV DOIS RIOS";"515";"";"E/F AO PET SHOP PET CLINICA";"IBURA";NA;"";"COLISÃO";1;"1";"0";"0";"0";"0";"0";"0";"0";"1";"0";"";"";"";"";"";"";"";"";"";"";"";"";""
"3636";2020-11-07;"14:02:00";"COM VÍTIMA";"FINALIZADA";"ARRUDA";"RUA DO MACHADO";"";"RUA ZEFERINO AGRA";"IGREJA BATISTA DO ARRUDA.";"ARRUDA";NA;"";"COLISÃO FRONTAL";1;"1";"0";"0";"0";"0";"0";"0";"0";"1";"0";"Cruzamento";"Bom";"Não existe";"Perfeito estado";"Seca";"Perfeito estado";"Faixa de pedestre";"R-6a";"";"Dupla";"Faixa seccionada";"";""
"3637";2020-11-07;"14:42:00";"SEM VÍTIMA";"FINALIZADA";"";"RUA DR BENIGNO JORDAO DE VASCONCELOS";"386";"";"PROXIMO A IGREJA CATOLICA DE LAGOA ENCANTADA";"";NA;"SUBURBIO";"ABALROAMENTO LONGITUDINAL";2;"0";"0";"0";"0";"0";"0";"0";"0";"0";"0";"Longo da via";"Bom";"Não existe";"Perfeito estado";"Seca";"Perfeito estado";"";"Outras";"30 km/h";"Dupla";"Faixa seccionada";"";""
"3638";2020-11-07;"16:52:00";"SEM VÍTIMA";"EQUIPE EM DESLOCAMENTO";"ARRUDA";"AV PROFESSOR JOSE DOS ANJOS";"";"";"SOB O SEMÁFORO Nº 306";"ARRUDA";"306";"SUBURBIO";"CHOQUE VEÍCULO PARADO";2;"0";"0";"0";"0";"0";"0";"0";"0";"0";"0";"Cruzamento";"Bom";"Sem defeito";"Perfeito estado";"Seca";"Perfeito estado";"Não existe";"";"";"Dupla";"Canal";"";""
"3639";2020-11-07;"22:20:00";"COM VÍTIMA";"FINALIZADA";"SANTO AMARO";"AV JOAO DE BARROS";"594";"";"CONSERVATORIO PERNAMBUCANO DE MUSICA";"SANTO AMARO";NA;"SUBURBIO";"COLISÃO TRASEIRA";2;"0";"0";"0";"0";"0";"0";"0";"0";"1";"0";"Longo da via";"Chuvoso";"Sem defeito";"Perfeito estado";"Molhada";"Perfeito estado";"Faixa de pedestre";"Outras";"";"Única";"Não existe";"";""
"3640";2020-11-08;"02:35:00";"SEM VÍTIMA";"FINALIZADA";"BOA VISTA";"AV CONDE DA BOA VISTA";"357A";"RUA DAS NINFAS";"CASA AFRICANA";"BOA VISTA";"681";"SUBURBIO";"CHOQUE VEÍCULO PARADO";1;"1";"0";"0";"0";"0";"0";"0";"0";"0";"0";"Longo da via";"Bom";"Intermitente";"Perfeito estado";"Seca";"Perfeito estado";"Faixa de pedestre";"";"";"Única";"Faixa contínua";"";""
"3641";2020-11-08;"04:56:00";"SEM VÍTIMA";"FINALIZADA";"JORDÃO";"AV MARIA IRENE";"";"";"MURO DA BASE ÁEREA";"JORDÃO";NA;"";"CHOQUE OBJETO FIXO";1;"0";"0";"0";"0";"0";"0";"0";"0";"0";"0";"";"";"";"";"";"";"";"";"";"";"";"";""
"3642";2020-11-08;"05:03:00";"SEM VÍTIMA";"CANCELADA";"BOA VIAGEM";"RUA BARAO DE SOUZA LEAO";"1065";"";"EM FRENTE A LOJA ORTOBOM";"BOA VIAGEM";NA;"";"CHOQUE OBJETO FIXO";1;"0";"0";"0";"0";"0";"0";"0";"0";"0";"0";"";"";"";"";"";"";"";"";"";"";"";"";""
"3643";2020-11-08;"10:57:00";"SEM VÍTIMA";"FINALIZADA";"BOA VIAGEM";"AV BOA VIAGEM";"2784";"";"APÓS A PADARIA BOA VIAGEM";"BOA VIAGEM";NA;"CIDADE";"CHOQUE VEÍCULO PARADO";3;"0";"0";"0";"0";"0";"0";"0";"0";"0";"0";"Longo da via";"Bom";"Não existe";"Perfeito estado";"Seca";"Perfeito estado";"Não existe";"Não há placas";"";"Única";"Faixa seccionada";"";""
"3644";2020-11-08;"13:25:00";"COM VÍTIMA";"FINALIZADA";"MADALENA";"AV VISCONDE DE ALBUQUERQUE";"400";"RUA LOPES DE CARVALHO";"EM FRENTE A LOJA SPUK- AO LADO DO CENTRO ESPIRITA QUINTA LUZ. GALERIA MADALENA CENTER.";"MADALENA";NA;"TORRE";"ABALROAMENTO TRANSVERSAL";1;"1";"0";"0";"0";"0";"0";"0";"0";"1";"0";"Cruzamento";"Bom";"Não existe";"Perfeito estado";"Seca";"Perfeito estado";"Não existe";"Placas Pare";"";"Única";"Faixa seccionada";"";""
"3645";2020-11-08;"14:23:00";"COM VÍTIMA";"FINALIZADA";"ROSARINHO";"RUA AMARO COUTINHO";"";"AV SANTOS DUMONT";"AO LADO DA PRAÇA DO ROSARINHO";"ROSARINHO";NA;"";"ABALROAMENTO TRANSVERSAL";1;"1";"0";"0";"0";"0";"0";"0";"0";"1";"0";"Cruzamento";"Bom";"Não existe";"Perfeito estado";"Seca";"Perfeito estado";"Não existe";"Placas Pare";"40 km/h";"Dupla";"Faixa seccionada";"";""
"3646";2020-11-08;"15:44:00";"SEM VÍTIMA";"FINALIZADA";"IMBIRIBEIRA";"RUA ITACARI";"";"AV MARECHAL MASCARENHAS DE MORAES";"";"IMBIRIBEIRA";NA;"";"CHOQUE";NA;"0";"0";"0";"0";"0";"0";"0";"0";"0";"0";"";"";"";"";"";"";"";"";"";"";"";"";""
"3647";2020-11-08;"16:11:00";"COM VÍTIMA";"FINALIZADA";"LINHA DO TIRO";"RUA URIEL DE HOLANDA";"515A";"";"EM FRENTE AO NUMERO 515A. LADO OPOSTO AO LAVA JATO DEUS É FIEL.";"LINHA DO TIRO";NA;"PRAÇA DA CONVENÇÃO";"COLISÃO FRONTAL";1;"1";"0";"0";"0";"0";"0";"0";"0";"1";"0";"Longo da via";"Bom";"Não existe";"Incompleta";"Seca";"Perfeito estado";"Não existe";"R-6a";"";"Dupla";"Não existe";"";""
"3648";2020-11-08;"19:00:00";"COM VÍTIMA";"FINALIZADA";"IBURA";"AV DOM HELDER CAMARA";"309";"";"AO LADO DA MOTO SHOW DISTRIBUIDORA- PROXIMO DO FORMAQUINAS. PARADA DE ÔNIBUS 020180.";"IBURA";NA;"CIDADE";"CHOQUE VEÍCULO PARADO";NA;"1";"0";"0";"0";"1";"0";"0";"0";"1";"0";"Longo da via";"Bom";"Não existe";"Perfeito estado";"Seca";"Perfeito estado";"";"";"";"";"";"";""
"3649";2020-11-08;"19:40:00";"COM VÍTIMA";"FINALIZADA";"CAMPO GRANDE";"RUA PITIGUARAS";"470";"RUA ESBERARD";"PROX. A COMUNIDADE DO CHIE";"CAMPO GRANDE";NA;"SUBURBIO";"CHOQUE VEÍCULO PARADO";1;"0";"0";"0";"0";"0";"1";"0";"0";"1";"0";"Longo da via";"Chuvoso";"Não existe";"Incompleta";"Molhada";"Mal conservada";"Não existe";"Não há placas";"";"Dupla";"Não existe";"";""
"3650";2020-11-09;"00:22:00";"COM VÍTIMA";"CANCELADA";"MADALENA";"EST DOS REMEDIOS";"";"AV JOSE GONCALVES DE MEDEIROS";"PROXIMO A POLICLINICA LESSA DE ANDRADE";"MADALENA";NA;"";"COLISÃO";NA;"0";"0";"0";"0";"0";"0";"0";"0";"2";"0";"";"";"";"";"";"";"";"";"";"";"";"";""
"3651";2020-11-09;"02:58:00";"SEM VÍTIMA";"FINALIZADA";"TAMARINEIRA";"AV CONS ROSA E SILVA";"";"RUA CONEGO BARATA";"";"TAMARINEIRA";NA;"";"COLISÃO";1;"0";"0";"0";"0";"0";"1";"0";"0";"0";"0";"Cruzamento";"Chuvoso";"Sem defeito";"Perfeito estado";"Molhada";"Perfeito estado";"Faixa de pedestre";"Outras";"";"";"";"";""
"3652";2020-11-09;"08:46:00";"COM VÍTIMA";"FINALIZADA";"ILHA DO LEITE";"AV BEIRA RIO";"-8.0667434- -34.8967541";"";"AO LADO DO HOSPITAL ESPERANÇA- EMBAIXO DO VIADUTO JOSÉ DE BARROS LIMA.";"ILHA DO LEITE";NA;"ILHA DO LEITE";"COLISÃO TRASEIRA";1;"1";"0";"0";"0";"0";"0";"0";"0";"1";"0";"Longo da via";"Bom";"Não existe";"Perfeito estado";"Seca";"Perfeito estado";"Não existe";"Não há placas";"40 km/h";"";"Faixa seccionada";"";""
"3653";2020-11-09;"12:14:00";"COM VÍTIMA";"FINALIZADA";"PARNAMIRIM";"RUA FERREIRA LOPES";"249";"";"LADO OPOSTO AO EDIFICIO TIGNANELLO";"PARNAMIRIM";NA;"EST. ENCANAMENTO";"ABALROAMENTO LONGITUDINAL";1;"1";"0";"0";"0";"0";"0";"0";"0";"1";"0";"Longo da via";"Bom";"Sem defeito";"Perfeito estado";"Seca";"Perfeito estado";"Não existe";"Não há placas";"";"Dupla";"Faixa seccionada";"";""
"3654";2020-11-09;"12:34:00";"COM VÍTIMA";"FINALIZADA";"ENCRUZILHADA";"AV BEBERIBE";"259";"RUA PROFESSOR MIRANDA CURIO";"PROXIMO A AUTO ESCOLA NOVA YORK/ SENTIDO ARRUDA";"ENCRUZILHADA";NA;"SUBURBIO";"ABALROAMENTO TRANSVERSAL";1;"1";"0";"0";"0";"0";"0";"0";"0";"1";"0";"Longo da via";"Bom";"Não existe";"Perfeito estado";"Seca";"Perfeito estado";"Não existe";"Outras";"";"Dupla";"Faixa seccionada";"";""
"3655";2020-11-09;"14:09:00";"COM VÍTIMA";"FINALIZADA";"ÁGUA FRIA";"AV BEBERIBE";"2202";"RUA DA REGENERACAO";"NO LARGO DE AGUA FRIA E/F AO POSTO DE GASOLINA IPIRANGA";"ÁGUA FRIA";"187";"SUBURBIO";"ATROPELAMENTO";1;"0";"0";"0";"1";"0";"0";"0";"0";"2";"0";"Longo da via";"Bom";"Sem defeito";"Perfeito estado";"Seca";"Perfeito estado";"Faixa de pedestre";"";"40 km/h";"Dupla";"Faixa contínua";"";""
"3656";2020-11-09;"14:25:00";"COM VÍTIMA";"FINALIZADA";"SANTO ANTÔNIO";"AV GUARARAPES";"161";"";"E/F A CAIXA ECONOMICA DA GUARARAPES";"SANTO ANTÔNIO";"603";"CIDADE";"ATROPELAMENTO";1;"0";"0";"0";"1";"0";"0";"0";"0";"1";"0";"Longo da via";"Bom";"Sem defeito";"Perfeito estado";"Seca";"Perfeito estado";"Faixa de pedestre";"Outras";"";"Dupla";"Faixa seccionada";"Canteiro central";""
"3657";2020-11-09;"15:16:00";"COM VÍTIMA";"FINALIZADA";"BOA VISTA";"AV GOVERNADOR AGAMENON MAGALHAES";"";"RUA DR BANDEIRA FILHO";"E/F AO AO WALMART NO SEMAFORO 173";"BOA VISTA";"173";"SUBURBIO";"COLISÃO TRASEIRA";1;"1";"0";"0";"0";"0";"0";"0";"0";"1";"0";"Longo da via";"Bom";"Sem defeito";"Perfeito estado";"Seca";"Perfeito estado";"";"R-6a";"60 km/h";"Dupla";"Canteiro central";"";""
"3658";2020-11-09;"16:07:00";"COM VÍTIMA";"FINALIZADA";"MADALENA";"AV CAXANGA";"1086";"";"EM FRENTE A IGREJA UNIVERSAL.";"MADALENA";NA;"SUBURBIO";"COLISÃO COM CICLISTA";NA;"0";"0";"1";"0";"1";"1";"0";"0";"1";"0";"Longo da via";"Bom";"Não existe";"Perfeito estado";"Seca";"Perfeito estado";"";"Outras";"";"Dupla";"Canteiro central";"";""
"3659";2020-11-09;"16:45:00";"COM VÍTIMA";"CANCELADA";"IPSEP";"AV RECIFE";"3021";"";"E/F AO POSTO FEDERAL S/T AREIAS";"IPSEP";NA;"";"COLISÃO COM CICLISTA";1;"0";"0";"1";"0";"0";"0";"0";"0";"1";"0";"";"";"";"";"";"";"";"";"";"";"";"";""
"3660";2020-11-09;"17:51:00";"COM VÍTIMA";"FINALIZADA";"CAMPO GRANDE";"RUA PROFESSOR FRANCISCO DA TRINDADE";"481";"RUA CATULO DA PAIXAO CEARENSE";"PROXIMO AO ATELIER FRANCISCO FERREIRA";"CAMPO GRANDE";NA;"OLINDA";"ABALROAMENTO TRANSVERSAL";1;"2";"0";"0";"0";"0";"0";"0";"0";"2";"0";"Cruzamento";"Chuvoso";"Não existe";"Perfeito estado";"Seca";"Perfeito estado";"Faixa de retenção";"Placas Pare";"";"Dupla";"Faixa seccionada";"";""
"3661";2020-11-09;"17:55:00";"COM VÍTIMA";"FINALIZADA";"JOANA BEZERRA";"RUA DOM PAULO II";"-8.071333- -34.895516";"";"LADO OPOSTO AO FORUM JOANA BEZERRA S/T BOA VIAGEM";"JOANA BEZERRA";NA;"SUBURBIO";"COLISÃO COM CICLISTA";1;"1";"0";"1";"0";"0";"0";"0";"0";"1";"0";"Longo da via";"Chuvoso";"Não existe";"Perfeito estado";"Molhada";"Perfeito estado";"Não existe";"Não há placas";"60 km/h";"Única";"Faixa seccionada";"";""
"3662";2020-11-09;"18:20:00";"COM VÍTIMA";"FINALIZADA";"MACAXEIRA";"RUA CORONEL JOAO BATISTA DO REGO BARROS";"101";"";"AO LADO DO PARQUE DA MACAXEIRA";"MACAXEIRA";NA;"CIDADE";"ATROPELAMENTO";NA;"1";"0";"0";"1";"0";"0";"0";"0";"1";"0";"Longo da via";"Bom";"Não existe";"Perfeito estado";"Seca";"Perfeito estado";"Não existe";"Outras";"";"Dupla";"Não existe";"";""
"3663";2020-11-09;"20:04:00";"SEM VÍTIMA";"FINALIZADA";"SANTO AMARO";"AV GOVERNADOR AGAMENON MAGALHAES";"";"";"ENF A REITORIA DA UPE VIA PRINCIPAL";"SANTO AMARO";NA;"";"COLISÃO";1;"0";"0";"0";"0";"0";"0";"1";"0";"0";"0";"Longo da via";"Bom";"Não existe";"Perfeito estado";"Seca";"Perfeito estado";"Não existe";"";"60 km/h";"Dupla";"Canteiro central";"";""
"3664";2020-11-09;"21:23:00";"COM VÍTIMA";"FINALIZADA";"TOTÓ";"RUA DES PAULO ANDRE";"91";"";"AO LADO DA PADARIA ONZE DE AGOSTO / BIDO KRAUSE.";"TOTÓ";NA;"SUBURBIO";"COLISÃO FRONTAL";1;"1";"0";"0";"0";"0";"0";"0";"0";"1";"0";"Longo da via";"Bom";"Não existe";"Perfeito estado";"Seca";"Perfeito estado";"Não existe";"Não há placas";"";"Dupla";"Não existe";"";""
"3665";2020-11-10;"08:22:00";"COM VÍTIMA";"FINALIZADA";"IPSEP";"AV RECIFE";"3592";"";"EM FRENTE A RECIFE HONDA MOTOS";"IPSEP";NA;"BOA VIAGEM";"COLISÃO TRASEIRA";1;"1";"0";"0";"0";"0";"0";"0";"0";"2";"0";"Longo da via";"Bom";"Não existe";"Perfeito estado";"Seca";"Perfeito estado";"Outros";"Outras";"";"Dupla";"Faixa contínua";"Faixa seccionada";"Canteiro central"
"3666";2020-11-10;"08:32:00";"COM VÍTIMA";"FINALIZADA";"ROSARINHO";"AV NORTE";"3533";"";"EM FRENTE AO RESIDENCIAL SANTA LUZIA";"ROSARINHO";NA;"CIDADE";"COLISÃO TRASEIRA";NA;"1";"1";"0";"0";"0";"0";"0";"0";"1";"0";"Longo da via";"Chuvoso";"Sem defeito";"Perfeito estado";"Molhada";"Perfeito estado";"Não existe";"Não há placas";"60 km/h";"Única";"Faixa seccionada";"";""
"3667";2020-11-10;"09:30:00";"COM VÍTIMA";"FINALIZADA";"IPUTINGA";"AV CAXANGA";"";"AV PROFESSOR JOAQUIM CAVALCANTI";"EMBAIXO DO VIADUTO -APÓS A SUPLANOR";"IPUTINGA";NA;"SUBURBIO";"COLISÃO COM CICLISTA";1;"0";"0";"1";"0";"0";"0";"0";"0";"1";"0";"Cruzamento";"Bom";"Não existe";"Perfeito estado";"Seca";"Perfeito estado";"Não existe";"";"60 km/h";"Dupla";"Faixa contínua";"Faixa seccionada";"Canteiro central"
"3668";2020-11-10;"09:33:00";"COM VÍTIMA";"FINALIZADA";"TAMARINEIRA";"RUA CONEGO BARATA";"275";"";"AO LADO DA FERREIRA COSTA";"TAMARINEIRA";NA;"CIDADE";"ENGAVETAMENTO";5;"0";"0";"0";"0";"0";"0";"0";"0";"1";"0";"Longo da via";"Bom";"Não existe";"Perfeito estado";"Seca";"Perfeito estado";"Outros";"R-6a";"";"Dupla";"Faixa seccionada";"Canteiro central";""
"3669";2020-11-10;"09:37:00";"COM VÍTIMA";"FINALIZADA";"BARRO";"AV DR JOSE RUFINO";"";"RUA MAJOR CHAGAS DE OLIVEIRA";"EM CIMA DO VIADUTO. AO LADO DA SERRALHARIA GUEDES.";"BARRO";NA;"";"COLISÃO FRONTAL";1;"1";"0";"0";"0";"0";"0";"0";"0";"1";"0";"Cruzamento";"Bom";"Não existe";"Perfeito estado";"Seca";"Perfeito estado";"Não existe";"Não há placas";"";"Dupla";"Faixa contínua";"";""
"3670";2020-11-10;"09:45:00";"COM VÍTIMA";"FINALIZADA";"PINA";"AV HERCULANO BANDEIRA";"949";"RUA ARQUITETO AUGUSTO REINALDO";"EM FRENTE AO ATACADO DOS PRESENTES E A PARVI.";"PINA";"660";"SUBURBIO";"COLISÃO TRASEIRA";NA;"2";"0";"0";"0";"0";"0";"0";"0";"1";"0";"Longo da via";"Bom";"Sem defeito";"Perfeito estado";"Seca";"Perfeito estado";"Não existe";"Não há placas";"60 km/h";"Única";"Faixa seccionada";"";""
"3671";2020-11-10;"12:46:00";"COM VÍTIMA";"FINALIZADA";"HIPÓDROMO";"EST DE BELEM";"84";"RUA DONA ELVIRA";"EM FRENTE A QUITANDARIA / PROX A IGREJA DE BELEM";"HIPÓDROMO";NA;"SUBURBIO";"ABALROAMENTO LONGITUDINAL";1;"0";"0";"0";"0";"0";"1";"0";"0";"1";"0";"Longo da via";"Bom";"Não existe";"Perfeito estado";"Seca";"Perfeito estado";"Não existe";"R-6b";"";"Dupla";"Não existe";"";""
"3672";2020-11-10;"14:48:00";"COM VÍTIMA";"FINALIZADA";"PRADO";"RUA GOMES TABORDA";"284";"";"DEPOIS DO BAR DO PERFUMADO. LADO OPOSTO AO TERRENO DO JOCKEY CLUB DE PERNAMBUCO.";"PRADO";NA;"SUBURBIO";"ABALROAMENTO LONGITUDINAL";1;"1";"0";"0";"0";"0";"0";"0";"0";"2";"0";"Longo da via";"Bom";"Não existe";"Não existente";"Seca";"Perfeito estado";"Não existe";"Não há placas";"";"Dupla";"Faixa seccionada";"";""