"";"data";"hora";"natureza_acidente";"situacao";"bairro";"endereco";"numero";"detalhe_endereco_acidente";"complemento";"bairro_cruzamento";"num_semaforo";"sentido_via";"tipo";"auto";"moto";"ciclom";"ciclista";"pedestre";"onibus";"caminhao";"viatura";"outros";"vitimas";"vitimasfatais";"acidente_verificado";"tempo_clima";"situacao_semaforo";"sinalizacao";"condicao_via";"conservacao_via";"ponto_controle";"situacao_placa";"velocidade_max_via";"mao_direcao";"divisao_via1";"divisao_via2";"divisao_via3"
"3673";2020-11-10;"19:44:00";"COM VÍTIMA";"FINALIZADA";"CAXANGÁ";"AV CAXANGA";"";"PRC DO CAXANGA";"NA SAIDA DA INTEGRAÇÃO DA CAXANGÁ";"CAXANGÁ";"262";"SUBURBIO";"ABALROAMENTO TRANSVERSAL";NA;"1";"0";"0";"0";"1";"0";"0";"0";"1";"0";"Cruzamento";"Bom";"Sem defeito";"Perfeito estado";"Seca";"Perfeito estado";"";"Não há placas";"60 km/h";"Dupla";"Canteiro central";"";""
"3674";2020-11-10;"21:15:00";"SEM VÍTIMA";"FINALIZADA";"BOA VISTA";"RUA DA CONCEICAO";"";"";"POR TRAS DO ATACADO DOS PRESENTES- PROXIMO DO COLEGIO E CURSO BANDEIRA";"BOA VISTA";NA;"";"COLISÃO";2;"0";"0";"0";"0";"0";"0";"0";"0";"0";"0";"";"";"";"";"";"";"";"";"";"";"";"";""
"3675";2020-11-10;"22:25:00";"COM VÍTIMA";"FINALIZADA";"AFOGADOS";"RUA SAO MIGUEL";"2035";"";"NA QUADRA EM FRENTE DO POSTO IPIRANGA";"AFOGADOS";NA;"SUBURBIO";"ABALROAMENTO TRANSVERSAL";1;"2";"0";"0";"0";"0";"0";"0";"0";"1";"0";"Longo da via";"Bom";"Não existe";"Perfeito estado";"Seca";"Perfeito estado";"Não existe";"Não há placas";"";"Dupla";"Faixa seccionada";"";""
"3676";2020-11-11;"08:24:00";"COM VÍTIMA";"FINALIZADA";"IPUTINGA";"AV MAURICIO DE NASSAU";"2075";"";"EM FRENTE AO HOSPITAL FUNDAÇÃO ALTINO VENTURA";"IPUTINGA";"645";"CIDADE";"ABALROAMENTO TRANSVERSAL";1;"1";"0";"0";"0";"0";"0";"0";"0";"1";"0";"Longo da via";"Bom";"Sem defeito";"Perfeito estado";"Seca";"Perfeito estado";"Faixa de pedestre";"Não há placas";"";"Dupla";"Faixa contínua";"";""
"3677";2020-11-11;"09:52:00";"COM VÍTIMA";"FINALIZADA";"JIQUIÁ";"RUA SAO MIGUEL";"1892";"";"";"JIQUIÁ";NA;"SUBURBIO";"COLISÃO COM CICLISTA";NA;"1";"0";"1";"0";"0";"0";"0";"0";"2";"0";"Longo da via";"Bom";"Não existe";"Perfeito estado";"Seca";"Perfeito estado";"";"Não há placas";"40 km/h";"Dupla";"Faixa contínua";"";""
"3678";2020-11-11;"10:42:00";"COM VÍTIMA";"FINALIZADA";"SANTO AMARO";"RUA DOS PALMARES";"158";"";"PARTIDO DO TRABALHADOR- POSTE B022084";"SANTO AMARO";NA;"CIDADE";"ABALROAMENTO LONGITUDINAL";1;"1";"0";"0";"0";"0";"0";"0";"0";"1";"0";"Longo da via";"Bom";"Não existe";"Perfeito estado";"Seca";"Perfeito estado";"Outros";"Outras";"";"Única";"Não existe";"";""
"3679";2020-11-11;"11:29:00";"COM VÍTIMA";"FINALIZADA";"DERBY";"AV GOVERNADOR AGAMENON MAGALHAES";"";"RUA HENRIQUE DIAS";"";"DERBY";"68";"CIDADE";"COLISÃO TRASEIRA";1;"1";"0";"0";"0";"0";"0";"0";"0";"1";"0";"Cruzamento";"Bom";"Sem defeito";"Perfeito estado";"Seca";"Perfeito estado";"Agente";"Não há placas";"";"Única";"Não existe";"";""
"3680";2020-11-11;"12:25:00";"COM VÍTIMA";"FINALIZADA";"SANTO AMARO";"RUA DOS PALMARES";"1301";"";"LADO OPOSTO AO PROCAPE";"SANTO AMARO";NA;"CIDADE";"ABALROAMENTO LONGITUDINAL";1;"1";"0";"0";"0";"0";"0";"0";"0";"1";"0";"Longo da via";"Bom";"Não existe";"";"Seca";"Outros";"Não existe";"R-6a";"";"Única";"Faixa seccionada";"";""
"3681";2020-11-11;"14:12:00";"SEM VÍTIMA";"FINALIZADA";"AFOGADOS";"RUA MOTOCOLOMBO";"228";"";"PRÓXIMO AO TROCÃO";"AFOGADOS";NA;"SUBURBIO";"ABALROAMENTO LONGITUDINAL";2;"0";"0";"0";"0";"0";"0";"0";"0";"0";"0";"Longo da via";"Bom";"Sem defeito";"Perfeito estado";"Seca";"Perfeito estado";"Faixa de retenção";"Não há placas";"";"Única";"Não existe";"";""
"3682";2020-11-11;"14:28:00";"COM VÍTIMA";"FINALIZADA";"CAMPO GRANDE";"RUA VISCONDE DE CAIRU";"74";"RUA HAMILTON RIBEIRO";"PROXIMO AO CLUBE DAS PAS";"CAMPO GRANDE";NA;"SUBURBIO";"COLISÃO FRONTAL";1;"1";"0";"0";"0";"0";"0";"0";"0";"1";"0";"Esquina";"Bom";"Não existe";"Não existente";"Seca";"Perfeito estado";"Não existe";"Não há placas";"";"";"";"";""
"3683";2020-11-11;"18:11:00";"COM VÍTIMA";"FINALIZADA";"TAMARINEIRA";"AV NORTE";"";"RUA IAPU";"APÓS O CRUZAMENTO DA CONEGO BARATA";"TAMARINEIRA";NA;"SUBURBIO";"ABALROAMENTO LONGITUDINAL";NA;"2";"0";"0";"0";"0";"0";"0";"0";"2";"0";"Cruzamento";"Bom";"Não existe";"Perfeito estado";"Seca";"Perfeito estado";"Não existe";"Não há placas";"40 km/h";"Dupla";"Canteiro central";"";""
"3684";2020-11-11;"20:21:00";"COM VÍTIMA";"FINALIZADA";"CAXANGÁ";"AV CAXANGA";"";"RUA RODRIGUES FERREIRA";"E/F A ASSEMBLEIA DE DEUS / SEMAFORO 232";"CAXANGÁ";NA;"";"COLISÃO";NA;"1";"0";"0";"0";"1";"0";"0";"0";"1";"0";"";"";"";"";"";"";"";"";"";"";"";"";""
"3685";2020-11-11;"20:45:00";"COM VÍTIMA";"FINALIZADA";"CASA FORTE";"AV DEZESSETE DE AGOSTO";"1691";"EST DAS UBAIAS";"PROX AO FORTE FESTA";"CASA FORTE";"469";"SUBURBIO";"ABALROAMENTO LONGITUDINAL";1;"1";"0";"0";"0";"0";"0";"0";"0";"1";"0";"Cruzamento";"Bom";"Sem defeito";"Perfeito estado";"Seca";"Perfeito estado";"Faixa de pedestre";"Outras";"";"Dupla";"Faixa contínua";"";""
"3686";2020-11-12;"05:38:00";"SEM VÍTIMA";"CANCELADA";"PINA";"RUA NOGUEIRA DE SOUZA";"";"";"";"PINA";NA;"";"COLISÃO";2;"0";"0";"0";"0";"0";"0";"0";"0";"0";"0";"";"";"";"";"";"";"";"";"";"";"";"";""
"3687";2020-11-12;"07:09:00";"COM VÍTIMA";"FINALIZADA";"JAQUEIRA";"AV PARNAMIRIM";"25";"RUA LEONARDO BEZERRA CAVALCANTE";"AO LADO DO HOSPITAL MARIA LUCINDA / E EM FRENTE AO LABORATORIO A MAIS . EDF. PRÍNCIPE DE CASTELLAS.";"JAQUEIRA";"460";"";"COLISÃO COM CICLISTA";1;"0";"0";"1";"0";"0";"0";"0";"0";"1";"0";"Longo da via";"Bom";"Sem defeito";"Ilegível";"Seca";"Perfeito estado";"Agente";"R-6a";"";"Dupla";"Faixa seccionada";"";""
"3688";2020-11-12;"07:21:00";"COM VÍTIMA";"FINALIZADA";"IMBIRIBEIRA";"AV ENGENHEIRO ALVES DE SOUZA";"416";"";"EM FRENT SUB ESTAÇAO DA CELPE";"IMBIRIBEIRA";NA;"CIDADE";"ABALROAMENTO LONGITUDINAL";1;"0";"0";"0";"0";"0";"1";"0";"0";"1";"0";"Longo da via";"Bom";"Não existe";"Perfeito estado";"Seca";"Perfeito estado";"Não existe";"Não há placas";"";"Dupla";"Faixa seccionada";"";""
"3689";2020-11-12;"07:45:00";"COM VÍTIMA";"FINALIZADA";"BARRO";"AV DR JOSE RUFINO";"2365";"RUA CAPITAO PONCIANO";"AO LADO DA IGREJA DO BARRO";"BARRO";NA;"SUBURBIO";"ABALROAMENTO TRANSVERSAL";1;"1";"0";"0";"0";"0";"0";"0";"0";"1";"0";"Cruzamento";"Bom";"Não existe";"Incompleta";"Seca";"Perfeito estado";"Não existe";"Placas Pare";"";"Dupla";"Faixa contínua";"Faixa seccionada";""
"3690";2020-11-12;"14:33:00";"COM VÍTIMA";"FINALIZADA";"BARRO";"AV DR JOSE RUFINO";"2906";"";"PROX AO CONJUTO RESIDENCIAL PEDRO MACHADO";"BARRO";NA;"SUBURBIO";"ABALROAMENTO LONGITUDINAL";1;"1";"0";"0";"0";"0";"0";"0";"0";"2";"0";"Longo da via";"Bom";"Não existe";"Perfeito estado";"Seca";"Perfeito estado";"Não existe";"Outras";"60 km/h";"Dupla";"Faixa contínua";"Faixa seccionada";""
"3691";2020-11-12;"15:40:00";"COM VÍTIMA";"FINALIZADA";"IPUTINGA";"RUA BOM PASTOR";"430";"1 TRV JUSTICA E PAZ";"EM FRENTE A GALERIA MARCELA CENTER";"IPUTINGA";NA;"";"COLISÃO FRONTAL";1;"1";"0";"0";"0";"0";"0";"0";"0";"1";"0";"Longo da via";"Bom";"Não existe";"";"Seca";"";"Não existe";"R-6b";"";"Dupla";"Não existe";"";""
"3692";2020-11-12;"15:49:00";"COM VÍTIMA";"DUPLICIDADE";"IPUTINGA";"RUA BOM PASTOR";"430";"";"E/F A GALERIA MARCELA CENTER";"IPUTINGA";NA;"";"COLISÃO";1;"1";"0";"0";"0";"0";"0";"0";"0";"1";"0";"";"";"";"";"";"";"";"";"";"";"";"";""
"3693";2020-11-12;"16:18:00";"";"";"AFOGADOS";"RUA SAO MIGUEL";"";"";"EM FRENTE AO DEPATRI";"AFOGADOS";NA;"";"COLISÃO";1;"0";"0";"0";"0";"1";"0";"0";"0";"0";"0";"";"";"";"";"";"";"";"";"";"";"";"";""
"3694";2020-11-12;"16:20:00";"SEM VÍTIMA";"FINALIZADA";"IMBIRIBEIRA";"RUA SARGENTO SILVINO DE MACEDO";"71";"";"";"IMBIRIBEIRA";NA;"SUBURBIO";"COLISÃO TRASEIRA";2;"0";"0";"0";"0";"0";"0";"0";"0";"0";"0";"Longo da via";"Bom";"Não existe";"Perfeito estado";"Seca";"Perfeito estado";"Não existe";"Não há placas";"";"Dupla";"Faixa contínua";"";""
"3695";2020-11-12;"17:00:00";"COM VÍTIMA";"FINALIZADA";"IMBIRIBEIRA";"AV DOM JOAO VI";"";"RUA JOSE DA SILVA LUCENA";"AO LADO DO COLÉGIO GGE.";"IMBIRIBEIRA";"669";"SUBURBIO";"COLISÃO FRONTAL";NA;"2";"0";"0";"0";"0";"1";"0";"0";"1";"0";"Longo da via";"Bom";"Sem defeito";"Perfeito estado";"Seca";"Perfeito estado";"Faixa de pedestre";"Placas Dê a preferência";"50 km/h";"Única";"Não existe";"";""
"3696";2020-11-12;"20:14:00";"COM VÍTIMA";"FINALIZADA";"BOA VIAGEM";"RUA VISCONDE DE JEQUITINHONHA";"";"RUA BALTAZAR PASSOS";"LADO ESQUERDO DA JEQUITINHONHA- AO LADO DO EDIFICIO COSTA DOS NAVEGANTES";"BOA VIAGEM";"154";"SUBURBIO";"ABALROAMENTO LONGITUDINAL";1;"1";"0";"0";"0";"0";"0";"0";"0";"1";"0";"Cruzamento";"Bom";"Sem defeito";"Perfeito estado";"Seca";"Perfeito estado";"Faixa de pedestre";"Não há placas";"";"Dupla";"Faixa contínua";"";""
"3697";2020-11-12;"21:31:00";"COM VÍTIMA";"FINALIZADA";"IMBIRIBEIRA";"AV MARECHAL MASCARENHAS DE MORAES";"5313";"";"EM FRENTE AO HOTEL IBIS HOTEL";"IMBIRIBEIRA";NA;"CIDADE";"CHOQUE OBJETO FIXO";NA;"1";"0";"0";"0";"0";"0";"0";"0";"1";"0";"Longo da via";"Bom";"Não existe";"Perfeito estado";"Seca";"Perfeito estado";"Não existe";"Não há placas";"";"Única";"Canteiro central";"";""
"3698";2020-11-12;"23:53:00";"COM VÍTIMA";"FINALIZADA";"JARDIM SÃO PAULO";"RUA LEANDRO BARRETO";"1309";"RUA LEOBINA PEREIRA";"EM FRENTE A PIZZARIA DO GORDO";"JARDIM SÃO PAULO";NA;"SUBURBIO";"ABALROAMENTO TRANSVERSAL";1;"1";"0";"0";"0";"0";"0";"0";"0";"1";"0";"Cruzamento";"Bom";"Não existe";"Incompleta";"Seca";"Perfeito estado";"Não existe";"Não há placas";"";"Dupla";"Faixa seccionada";"";""
"3699";2020-11-13;"01:33:00";"COM VÍTIMA";"FINALIZADA";"BAIRRO DO RECIFE";"CAIS DO APOLO";"";"AV MILITAR";"SEMAFORO 436 EM FRENTE A PCR";"BAIRRO DO RECIFE";"436";"";"CHOQUE OBJETO FIXO";1;"0";"0";"0";"0";"0";"0";"0";"0";"1";"0";"Longo da via";"Bom";"";"Perfeito estado";"Seca";"Perfeito estado";"Faixa de pedestre";"Não há placas";"";"Única";"Faixa contínua";"Faixa seccionada";""
"3700";2020-11-13;"08:09:00";"COM VÍTIMA";"FINALIZADA";"PRADO";"RUA SANTA EDWIRGES";"123";"RUA PADRE TEOFILO TWORZ";"POR TRAS DA ENGEFRIO";"PRADO";NA;"SUBURBIO";"ABALROAMENTO TRANSVERSAL";2;"0";"0";"0";"0";"0";"0";"0";"0";"1";"0";"Cruzamento";"Bom";"Sem defeito";"";"Seca";"Mal conservada";"Faixa de retenção";"R-4a";"";"Única";"Não existe";"";""
"3701";2020-11-13;"09:32:00";"COM VÍTIMA";"CANCELADA";"PINA";"AV HERCULANO BANDEIRA";"348";"";"EM FRENTE AO RJ SERVIÇOS AUTOMOTIVOS";"PINA";NA;"";"COLISÃO";NA;"2";"0";"0";"0";"0";"0";"0";"0";"1";"0";"";"";"";"";"";"";"";"";"";"";"";"";""
"3702";2020-11-13;"10:12:00";"COM VÍTIMA";"FINALIZADA";"BARRO";"AV DR JOSE RUFINO";"2125";"";"E/F AO MERCADINHO FRUTOS E FRUTAS";"BARRO";"213";"CIDADE";"COLISÃO TRASEIRA";2;"1";"0";"0";"0";"0";"0";"0";"0";"1";"0";"Longo da via";"Bom";"Sem defeito";"Perfeito estado";"Seca";"Perfeito estado";"Faixa de pedestre";"R-19";"40 km/h";"Dupla";"Faixa contínua";"";""
"3703";2020-11-13;"11:05:00";"COM VÍTIMA";"FINALIZADA";"IBURA";"RUA JORNALISTA EDSON REGIS";"809";"";"PROX. AO HOTEL CRISTAL";"IBURA";NA;"SUBURBIO";"ABALROAMENTO TRANSVERSAL";1;"1";"0";"0";"0";"0";"0";"0";"0";"1";"0";"Longo da via";"Bom";"Não existe";"Perfeito estado";"Seca";"Perfeito estado";"Outros";"Outras";"";"Dupla";"Faixa seccionada";"";""
"3704";2020-11-13;"13:02:00";"COM VÍTIMA";"CANCELADA";"ÁGUA FRIA";"RUA MANOEL SILVA";"320";"";"AO LADO DO ESPETINHO DO BEU";"ÁGUA FRIA";NA;"";"COLISÃO";NA;"1";"0";"0";"0";"0";"1";"0";"0";"1";"0";"";"";"";"";"";"";"";"";"";"";"";"";""
"3705";2020-11-13;"14:36:00";"SEM VÍTIMA";"FINALIZADA";"TORRE";"PTE ENGENHEIRO CANDIDO PINTO DE MELO";"";"";"PONTE QUE LIGA RUA AMELIA COM A RUA CONDE DE IRAJÁ";"TORRE";NA;"";"COLISÃO";1;"1";"0";"0";"0";"0";"0";"0";"0";"0";"0";"Ponte";"Bom";"Sem defeito";"Perfeito estado";"Seca";"Perfeito estado";"Faixa de pedestre";"";"";"Dupla";"Faixa contínua";"";""
"3706";2020-11-13;"16:09:00";"SEM VÍTIMA";"CANCELADA";"BAIRRO DO RECIFE";"AV ALFREDO LISBOA";"";"";"E/F A RECEITA FEDEAL E AO MINISTERIO DA ECONOMIA";"BAIRRO DO RECIFE";NA;"";"COLISÃO";2;"0";"0";"0";"0";"0";"0";"0";"0";"0";"0";"";"";"";"";"";"";"";"";"";"";"";"";""
"3707";2020-11-13;"16:42:00";"COM VÍTIMA";"FINALIZADA";"PINA";"AV ENGENHEIRO DOMINGOS FERREIRA";"99";"";"APOS A IGREJA DO PINA. EM FRENTE AO POSTO PETRONAC.";"PINA";NA;"SUBURBIO";"ABALROAMENTO LONGITUDINAL";1;"1";"0";"0";"0";"0";"0";"0";"0";"1";"0";"Longo da via";"Bom";"Não existe";"Perfeito estado";"Seca";"Perfeito estado";"Outros";"Outras";"";"Única";"Faixa contínua";"Faixa seccionada";""
"3708";2020-11-13;"19:01:00";"COM VÍTIMA";"FINALIZADA";"PINA";"AV ENGENHEIRO DOMINGOS FERREIRA";"467";"";"PISTA LESTE. LADO OPOSTO AO MUNDO PET.";"PINA";NA;"SUBURBIO";"ABALROAMENTO LONGITUDINAL";1;"1";"0";"0";"0";"0";"0";"0";"0";"1";"0";"Longo da via";"Bom";"Não existe";"Perfeito estado";"Seca";"Perfeito estado";"Não existe";"Não há placas";"60 km/h";"Única";"Canteiro central";"";""
"3709";2020-11-13;"20:32:00";"SEM VÍTIMA";"FINALIZADA";"VÁRZEA";"RUA VALE DO SIRIJI";"2010";"";"NO COMEÇO DA LADEIRA DO UR7";"VÁRZEA";NA;"";"COLISÃO";3;"0";"0";"0";"0";"0";"0";"0";"0";"0";"0";"Longo da via";"Bom";"Não existe";"Incompleta";"Seca";"Mal iluminada";"Não existe";"Não há placas";"";"Dupla";"Não existe";"";""
"3710";2020-11-13;"21:16:00";"COM VÍTIMA";"FINALIZADA";"ILHA DO RETIRO";"AV ENGENHEIRO ABDIAS DE CARVALHO";"";"EST DOS REMEDIOS";"EM FRENTE A BOB´S E FARMACIA DEPENDENTE";"ILHA DO RETIRO";"52";"SUBURBIO";"ABALROAMENTO TRANSVERSAL";2;"0";"0";"0";"0";"0";"0";"0";"0";"1";"0";"Cruzamento";"Bom";"Sem defeito";"Perfeito estado";"Seca";"Perfeito estado";"Faixa de pedestre";"Placas Pare";"";"Dupla";"Canteiro central";"";""
"3711";2020-11-14;"00:39:00";"COM VÍTIMA";"FINALIZADA";"TORRE";"RUA TOMAZ GONZAGA";"";"RUA SOUZA BANDEIRA";"COM A RUA SOUZA BANDEIRA";"TORRE";"448";"CIDADE";"ABALROAMENTO TRANSVERSAL";1;"1";"0";"0";"0";"0";"0";"0";"0";"1";"0";"Cruzamento";"Bom";"Intermitente";"Perfeito estado";"Seca";"Perfeito estado";"Faixa de pedestre";"R-4b";"";"Dupla";"Faixa contínua";"";""
"3712";2020-11-14;"08:01:00";"COM VÍTIMA";"FINALIZADA";"ARRUDA";"RUA SETE PECADOS";"167";"RUA RAUL POMPEIA";"EM FRENTE AO EDIFÍCIO RESIDENCIAL CHATEAU";"ARRUDA";NA;"SUBURBIO";"ABALROAMENTO LONGITUDINAL";NA;"2";"0";"0";"0";"0";"0";"0";"0";"2";"0";"Esquina";"Bom";"Não existe";"Perfeito estado";"Seca";"Perfeito estado";"Faixa de pedestre";"Placas Pare";"20 km/h";"Dupla";"Faixa seccionada";"";""
"3713";2020-11-14;"09:34:00";"COM VÍTIMA";"FINALIZADA";"MADALENA";"AV ENGENHEIRO ABDIAS DE CARVALHO";"2116";"EST DOS REMEDIOS";"FARMACIA INDEPENDENTE";"MADALENA";"52";"SUBURBIO";"ABALROAMENTO LONGITUDINAL";1;"1";"0";"0";"0";"0";"0";"0";"0";"1";"0";"Cruzamento";"Bom";"Sem defeito";"Perfeito estado";"Seca";"Perfeito estado";"Faixa de pedestre";"Não há placas";"";"Única";"Canteiro central";"";""
"3714";2020-11-14;"09:37:00";"COM VÍTIMA";"FINALIZADA";"CORDEIRO";"AV CAXANGA";"3124";"";"LADO CONTRARIO DA SEMI NOVOS MOVIDA";"CORDEIRO";NA;"CIDADE";"TOMBAMENTO";NA;"1";"0";"0";"0";"0";"0";"0";"0";"1";"0";"Longo da via";"Bom";"Não existe";"Perfeito estado";"Seca";"Perfeito estado";"Não existe";"R-6a";"";"Única";"Faixa seccionada";"";""
"3715";2020-11-14;"10:01:00";"COM VÍTIMA";"FINALIZADA";"IPSEP";"RUA JEAN EMILE FAVRE";"509";"RUA JAMAICA";"EM FRENTE A FACULDADE BOA VIAGEM";"IPSEP";NA;"";"COLISÃO COM CICLISTA";NA;"1";"0";"1";"0";"0";"0";"0";"0";"1";"0";"Longo da via";"Bom";"Não existe";"Perfeito estado";"Seca";"Perfeito estado";"Faixa de pedestre";"";"";"Dupla";"Faixa contínua";"";""
"3716";2020-11-14;"15:15:00";"COM VÍTIMA";"FINALIZADA";"CABANGA";"AV SUL";"1030";"";"";"CABANGA";"205";"CIDADE";"ATROPELAMENTO ANIMAL";NA;"1";"0";"0";"0";"0";"0";"0";"0";"1";"0";"Longo da via";"Bom";"Sem defeito";"Perfeito estado";"Seca";"Perfeito estado";"Faixa de pedestre";"";"60 km/h";"Dupla";"Faixa seccionada";"";""
"3717";2020-11-14;"16:27:00";"COM VÍTIMA";"FINALIZADA";"JOANA BEZERRA";"AV CENTRAL";"";"";"PROX A ESTAÇÃO JOANA BEZERRA";"JOANA BEZERRA";NA;"SUBURBIO";"ABALROAMENTO LONGITUDINAL";NA;"1";"0";"0";"0";"1";"0";"0";"0";"1";"0";"Longo da via";"Bom";"Não existe";"Perfeito estado";"Seca";"Perfeito estado";"Não existe";"R-26";"";"Única";"Não existe";"";""
"3718";2020-11-14;"16:49:00";"COM VÍTIMA";"FINALIZADA";"BARRO";"AV DR JOSE RUFINO";"";"";"SOBRE O VIADUTO DA BR101";"BARRO";NA;"";"COLISÃO";1;"1";"0";"0";"0";"0";"0";"0";"0";"1";"0";"Longo da via";"Bom";"Não existe";"Perfeito estado";"Seca";"Perfeito estado";"Não existe";"";"";"Dupla";"Não existe";"";""
"3719";2020-11-14;"17:00:00";"COM VÍTIMA";"FINALIZADA";"CAJUEIRO";"AV BEBERIBE";"";"";"BAR DA FAVA";"CAJUEIRO";"388";"CIDADE";"ABALROAMENTO LONGITUDINAL";1;"1";"0";"0";"0";"0";"0";"0";"0";"1";"0";"Longo da via";"Bom";"Sem defeito";"Perfeito estado";"Seca";"Perfeito estado";"Faixa de pedestre";"Outras";"";"Dupla";"Faixa contínua";"";""
"3720";2020-11-14;"17:56:00";"SEM VÍTIMA";"FINALIZADA";"SANTO AMARO";"RUA DOS PALMARES";"";"";"E/F AO PROCAPE";"SANTO AMARO";NA;"";"COLISÃO";1;"0";"0";"0";"0";"0";"0";"1";"0";"0";"0";"";"";"";"";"";"";"";"";"";"";"";"";""
"3721";2020-11-14;"19:07:00";"COM VÍTIMA";"FINALIZADA";"BOA VIAGEM";"RUA DEZ DE JULHO";"";"RUA CAMBOIM";"NO CRUZAMENTO MESMO";"BOA VIAGEM";NA;"CIDADE";"ABALROAMENTO TRANSVERSAL";1;"1";"0";"0";"0";"0";"0";"0";"0";"1";"0";"Cruzamento";"Bom";"Não existe";"Perfeito estado";"Seca";"Perfeito estado";"Não existe";"Não há placas";"";"Única";"Faixa seccionada";"";""
"3722";2020-11-14;"21:13:00";"SEM VÍTIMA";"CANCELADA";"IMBIRIBEIRA";"AV MARECHAL MASCARENHAS DE MORAES";"884";"";"E/F A GRILO";"IMBIRIBEIRA";NA;"";"COLISÃO";3;"0";"0";"0";"0";"0";"0";"0";"0";"0";"0";"";"";"";"";"";"";"";"";"";"";"";"";""
"3723";2020-11-14;"21:41:00";"COM VÍTIMA";"FINALIZADA";"ÁGUA FRIA";"RUA DA REGENERACAO";"230";"";"PROX A JOSE LUIZ DA FONSECA";"ÁGUA FRIA";NA;"SUBURBIO";"COLISÃO FRONTAL";1;"1";"0";"0";"0";"0";"0";"0";"0";"1";"0";"Longo da via";"Bom";"Não existe";"Incompleta";"Seca";"Perfeito estado";"Não existe";"Não há placas";"40 km/h";"Dupla";"Não existe";"";""
"3724";2020-11-15;"00:51:00";"COM VÍTIMA";"FINALIZADA";"BOA VIAGEM";"RUA ARTUR MUNIZ";"";"AV CONSELHEIRO AGUIAR";"POSTO DE COMBUSTÍVEL BR";"BOA VIAGEM";"5";"SUBURBIO";"COLISÃO FRONTAL";1;"1";"0";"0";"0";"0";"0";"0";"0";"1";"0";"Cruzamento";"Bom";"Sem defeito";"Perfeito estado";"Seca";"Perfeito estado";"Faixa de pedestre";"";"";"Dupla";"Não existe";"";""
"3725";2020-11-15;"10:32:00";"COM VÍTIMA";"FINALIZADA";"BOA VISTA";"AV GOVERNADOR AGAMENON MAGALHAES";"2997";"RUA DR LEOPOLDO LINS";"EM FRENTE A CAIXA ECONÔMICA FEDERAL E RECEITA FEDERAL DO BRASIL.";"BOA VISTA";"78";"SUBURBIO";"TOMBAMENTO";NA;"1";"0";"0";"0";"0";"0";"0";"0";"1";"0";"Longo da via";"Bom";"Sem defeito";"Perfeito estado";"Seca";"Perfeito estado";"Faixa de pedestre";"Outras";"";"Dupla";"Faixa seccionada";"Canteiro central";""
"3726";2020-11-15;"11:58:00";"COM VÍTIMA";"CANCELADA";"JORDÃO";"AV MARIA IRENE";"1542";"";"EM FRENTE AO CONDOMINIO JAIME RAMALHO E UPINHA";"JORDÃO";NA;"";"COLISÃO";1;"1";"0";"0";"0";"0";"0";"0";"0";"1";"0";"";"";"";"";"";"";"";"";"";"";"";"";""
"3727";2020-11-15;"12:40:00";"COM VÍTIMA";"FINALIZADA";"CAMPO GRANDE";"EST DE BELEM";"65";"";"LADO OPOSTO DO BANCO ITAU. EM FRENTE A IGREJA BATISTA.";"CAMPO GRANDE";NA;"CIDADE";"COLISÃO COM CICLISTA";1;"0";"0";"1";"0";"0";"0";"0";"0";"1";"0";"Longo da via";"Bom";"Não existe";"Não existente";"Seca";"Perfeito estado";"Não existe";"Não há placas";"";"Dupla";"Faixa contínua";"";""
"3728";2020-11-15;"12:49:00";"COM VÍTIMA";"FINALIZADA";"SANTO AMARO";"AV CRUZ CABUGA";"212";"";"LADO OPOSTO A ASSEMBLÉIA DE DEUS.";"SANTO AMARO";NA;"SUBURBIO";"ABALROAMENTO TRANSVERSAL";1;"1";"0";"0";"0";"0";"0";"0";"0";"1";"0";"Longo da via";"Bom";"Não existe";"Perfeito estado";"Seca";"Perfeito estado";"Não existe";"Não há placas";"40 km/h";"Dupla";"Faixa contínua";"";""
"3729";2020-11-15;"13:18:00";"COM VÍTIMA";"FINALIZADA";"PINA";"AV ENGENHEIRO DOMINGOS FERREIRA";"40";"RUA BARREIROS";"LADO OPOSTO AO ARMAZÉM BEIRA MAR";"PINA";NA;"SUBURBIO";"ABALROAMENTO LONGITUDINAL";1;"1";"0";"0";"0";"0";"0";"0";"0";"1";"0";"Longo da via";"Bom";"Não existe";"Perfeito estado";"Seca";"Perfeito estado";"Não existe";"Não há placas";"60 km/h";"Única";"Faixa contínua";"";""
"3730";2020-11-16;"01:32:00";"COM VÍTIMA";"FINALIZADA";"AFOGADOS";"RUA VINTE E UM DE ABRIL";"66";"RUA VISCONDE DE PELOTAS";"APOS O EROS";"AFOGADOS";"334";"";"ABALROAMENTO TRANSVERSAL";1;"1";"0";"1";"0";"0";"0";"0";"0";"1";"0";"Cruzamento";"Bom";"Intermitente";"Incompleta";"Seca";"Perfeito estado";"Outros";"R-6a";"";"Única";"Faixa";"";""