"";"data";"hora";"natureza_acidente";"situacao";"bairro";"endereco";"numero";"detalhe_endereco_acidente";"complemento";"bairro_cruzamento";"num_semaforo";"sentido_via";"tipo";"auto";"moto";"ciclom";"ciclista";"pedestre";"onibus";"caminhao";"viatura";"outros";"vitimas";"vitimasfatais";"acidente_verificado";"tempo_clima";"situacao_semaforo";"sinalizacao";"condicao_via";"conservacao_via";"ponto_controle";"situacao_placa";"velocidade_max_via";"mao_direcao";"divisao_via1";"divisao_via2";"divisao_via3"
"3845";2020-11-29;"19:52:00";"COM VÍTIMA";"FINALIZADA";"IPUTINGA";"AV MAURICIO DE NASSAU";"434";"EST DO BARBALHO";"SEMÁFORO 246 / E/F AO MERCADO DAS RAÇÕES E LANCHONETE DA NANDA";"IPUTINGA";"246";"SUBURBIO";"ABALROAMENTO LONGITUDINAL";NA;"2";"0";"0";"0";"0";"0";"0";"0";"2";"0";"Longo da via";"Bom";"Sem defeito";"Perfeito estado";"Seca";"Perfeito estado";"Faixa de pedestre";"";"";"Dupla";"Faixa contínua";"";""
"3846";2020-11-29;"20:14:00";"COM VÍTIMA";"FINALIZADA";"BOA VIAGEM";"RUA CORONEL ANIZIO RODRIGUES COELHO";"618";"RUA DES JOAO PAES";"AO LADO DO NORTE SUL NEGOCIOS";"BOA VIAGEM";NA;"";"ABALROAMENTO TRANSVERSAL";1;"1";"0";"0";"0";"0";"0";"0";"0";"1";"0";"Cruzamento";"Bom";"Não existe";"Perfeito estado";"Seca";"Perfeito estado";"Faixa de pedestre";"Placas Pare";"";"Única";"Não existe";"";""
"3847";2020-11-30;"02:51:00";"SEM VÍTIMA";"FINALIZADA";"BOA VIAGEM";"RUA ANTONIO FALCAO";"211";"";"EM FRENTE AO PADERÃO";"BOA VIAGEM";NA;"";"CHOQUE OBJETO FIXO";1;"0";"0";"0";"0";"0";"0";"0";"0";"0";"0";"";"";"";"";"";"";"";"";"";"";"";"";""
"3848";2020-11-30;"10:47:00";"COM VÍTIMA";"FINALIZADA";"BOA VISTA";"RUA MONTE CASTELO";"166";"";"EM FRENTE AO ANEXO TRES DA CAMARA MUNICIPAL DO RECIFE.";"BOA VISTA";NA;"";"ABALROAMENTO LONGITUDINAL";2;"0";"0";"0";"0";"0";"0";"0";"0";"1";"0";"Longo da via";"Bom";"Não existe";"Perfeito estado";"Seca";"Perfeito estado";"Não existe";"Não há placas";"";"Única";"";"";""
"3849";2020-11-30;"12:12:00";"COM VÍTIMA";"CANCELADA";"ENCRUZILHADA";"AV NORTE";"2760";"RUA CEARA";"POR TRÁS DO EXTRABOM /";"ENCRUZILHADA";NA;"";"COLISÃO";1;"1";"0";"0";"0";"0";"0";"0";"0";"1";"0";"";"";"";"";"";"";"";"";"";"";"";"";""
"3850";2020-11-30;"12:47:00";"COM VÍTIMA";"FINALIZADA";"PINA";"AV CONSELHEIRO AGUIAR";"";"RUA ONDINA";"EM FRENTE A VIA CAR";"PINA";NA;"CIDADE";"ABALROAMENTO LONGITUDINAL";1;"1";"0";"0";"0";"0";"0";"0";"0";"1";"0";"Cruzamento";"Bom";"Não existe";"Incompleta";"Seca";"Perfeito estado";"Não existe";"R-6a";"";"Única";"Faixa seccionada";"";""
"3851";2020-11-30;"12:51:00";"SEM VÍTIMA";"FINALIZADA";"MADALENA";"AV CAXANGA";"";"";"ESTRADA DOS REMÉDIOS";"MADALENA";"353";"CIDADE";"ABALROAMENTO LONGITUDINAL";2;"0";"0";"0";"0";"0";"0";"0";"0";"0";"0";"Cruzamento";"Bom";"Sem defeito";"Perfeito estado";"Seca";"Perfeito estado";"Faixa de pedestre";"Não há placas";"60 km/h";"Dupla";"Blocos";"";""
"3852";2020-11-30;"13:30:00";"COM VÍTIMA";"FINALIZADA";"MADALENA";"RUA JOAO IVO DA SILVA";"267";"RUA NOBRE DE LACERDA";"PROX AO POSTO PETROVIA / APOS A SAIDO DO TUNEL MADALENA";"MADALENA";NA;"CIDADE";"ABALROAMENTO LONGITUDINAL";1;"1";"0";"0";"0";"0";"0";"0";"0";"1";"0";"Longo da via";"Bom";"Não existe";"Perfeito estado";"Seca";"Perfeito estado";"Não existe";"Não há placas";"";"Única";"Faixa seccionada";"";""
"3853";2020-11-30;"14:52:00";"COM VÍTIMA";"FINALIZADA";"IBURA";"AV DOIS RIOS";"106";"";"ANTES DA POLICLINICA ARNALDO MARQUES. PRÓXIMO A AUTO ESCOLA PILOTO.";"IBURA";NA;"CIDADE";"ABALROAMENTO TRANSVERSAL";1;"1";"0";"0";"0";"0";"0";"0";"0";"1";"0";"Longo da via";"Bom";"Sem defeito";"Perfeito estado";"Seca";"Perfeito estado";"";"Não há placas";"";"Dupla";"Faixa contínua";"";""
"3854";2020-11-30;"15:00:00";"SEM VÍTIMA";"FINALIZADA";"CASA AMARELA";"RUA XAVANTES";"101";"RUA VISCONDE DE TAUNAY";"";"CASA AMARELA";NA;"";"ABALROAMENTO LONGITUDINAL";1;"0";"0";"0";"0";"0";"1";"0";"0";"0";"0";"Longo da via";"Bom";"Não existe";"Perfeito estado";"Seca";"Perfeito estado";"Faixa de pedestre";"Placas Pare";"";"";"Não existe";"";""
"3855";2020-11-30;"15:38:00";"COM VÍTIMA";"FINALIZADA";"SOLEDADE";"RUA DAS NINFAS";"269";"RUA DO PROGRESSO";"PRÓX À UNI SÃO MIGUEL. AO LADO DA ODONTO LEITE.";"SOLEDADE";NA;"CIDADE";"ABALROAMENTO TRANSVERSAL";2;"0";"0";"0";"0";"0";"0";"0";"0";"1";"0";"Cruzamento";"Bom";"Não existe";"Perfeito estado";"Seca";"Perfeito estado";"Faixa de pedestre";"Placas Pare";"";"Única";"Não existe";"";""
"3856";2020-11-30;"16:40:00";"COM VÍTIMA";"FINALIZADA";"BREJO DE BEBERIBE";"AV VEREADOR OTACILIO AZEVEDO";"1015";"";"";"BREJO DE BEBERIBE";NA;"CIDADE";"CHOQUE VEÍCULO PARADO";2;"0";"0";"0";"0";"0";"0";"0";"0";"1";"0";"Longo da via";"Bom";"Não existe";"Incompleta";"Seca";"Perfeito estado";"Não existe";"Não há placas";"";"Dupla";"Faixa seccionada";"";""
"3857";2020-11-30;"16:51:00";"COM VÍTIMA";"FINALIZADA";"CAXANGÁ";"AV CAXANGA";"";"";"NA PONTE DA CAXANGA / PROX A UPA CAXANGA";"CAXANGÁ";NA;"SUBURBIO";"ABALROAMENTO TRANSVERSAL";NA;"2";"0";"0";"0";"0";"0";"0";"0";"1";"0";"Longo da via";"Bom";"Não existe";"Perfeito estado";"Seca";"Perfeito estado";"Agente";"Não há placas";"";"Única";"Faixa seccionada";"";""
"3858";2020-11-30;"17:28:00";"COM VÍTIMA";"CANCELADA";"VÁRZEA";"AV PROFESSOR LUIZ FREIRE";"600";"";"AO LADO DO IFPE";"VÁRZEA";NA;"";"COLISÃO";NA;"2";"0";"0";"0";"0";"0";"0";"0";"2";"0";"";"";"";"";"";"";"";"";"";"";"";"";""
"3859";2020-11-30;"17:47:00";"COM VÍTIMA";"FINALIZADA";"BREJO DE BEBERIBE";"RUA URIEL DE HOLANDA";"1615";"";"PRÓX AO ARMAZÉM E SERRARIA OLIVEIRA";"BREJO DE BEBERIBE";NA;"";"ABALROAMENTO LONGITUDINAL";1;"1";"0";"0";"0";"0";"0";"0";"0";"2";"0";"Longo da via";"Bom";"Não existe";"Perfeito estado";"Seca";"Perfeito estado";"Não existe";"Não há placas";"";"Dupla";"Não existe";"";""
"3860";2020-11-30;"18:01:00";"COM VÍTIMA";"FINALIZADA";"SÃO JOSÉ";"AV SUL";"1800";"";"PRÓXIMO AO HOTEL LUA DE MEL. AO LADO DO NÚMERO 1800";"SÃO JOSÉ";NA;"CIDADE";"ABALROAMENTO TRANSVERSAL";NA;"2";"0";"0";"0";"0";"0";"0";"0";"1";"0";"Longo da via";"Bom";"Não existe";"Perfeito estado";"Seca";"Perfeito estado";"Outros";"";"";"Dupla";"Canteiro central";"Blocos";""
"3861";2020-11-30;"19:40:00";"COM VÍTIMA";"FINALIZADA";"CASA AMARELA";"RUA CONS PERETTI";"106";"RUA OSCAR DE BARROS";"PRÓX A CAIXA ECONÔMICA DE CASA AMARELA";"CASA AMARELA";NA;"";"COLISÃO";1;"1";"0";"0";"0";"0";"0";"0";"0";"1";"0";"";"";"";"";"";"";"";"";"";"";"";"";""
"3862";2020-11-30;"20:46:00";"COM VÍTIMA";"CANCELADA";"BONGI";"AV ENGENHEIRO ABDIAS DE CARVALHO";"";"";"EM FRENTE A PRAÇA DA CHESF- SENTIDO BR / PROX AO YOKI";"BONGI";NA;"";"ENGAVETAMENTO";4;"0";"0";"0";"0";"0";"0";"0";"0";"2";"0";"";"";"";"";"";"";"";"";"";"";"";"";""
"3863";2020-11-30;"22:14:00";"COM VÍTIMA";"CANCELADA";"MADALENA";"AV VISCONDE DE ALBUQUERQUE";"913";"";"EM FRENTE AO POSTO IPIRANGA // PRÓX AO HOSPITAL DE ÁVILLA";"MADALENA";NA;"";"COLISÃO";2;"0";"0";"0";"0";"0";"0";"0";"0";"1";"0";"";"";"";"";"";"";"";"";"";"";"";"";""
"3864";2020-12-01;"08:46:00";"SEM VÍTIMA";"FINALIZADA";"VASCO DA GAMA";"AV NORTE";"5956";"";"";"VASCO DA GAMA";NA;"";"COLISÃO";3;"0";"0";"0";"0";"0";"0";"0";"0";"0";"0";"Longo da via";"Bom";"Não existe";"Perfeito estado";"Seca";"Perfeito estado";"Não existe";"";"";"Dupla";"Canteiro central";"";""
"3865";2020-12-01;"08:57:00";"SEM VÍTIMA";"FINALIZADA";"IMBIRIBEIRA";"";"";"";"RUA DES. AGENOR FERREIRA DE LIMA/ ESCOLA MUNIC. JULIO DE OLIVEIRA";"IMBIRIBEIRA";NA;"";"COLISÃO";1;"0";"0";"0";"0";"0";"0";"1";"0";"0";"0";"Longo da via";"Bom";"Não existe";"Não existente";"Seca";"Perfeito estado";"Não existe";"Não há placas";"";"Dupla";"Não existe";"";""
"3866";2020-12-01;"21:56:00";"COM VÍTIMA";"FINALIZADA";"ESPINHEIRO";"RUA QUARENTA E OITO";"395";"RUA DO ESPINHEIRO";"E/F A PADARIA DO ESPINHEIRO E EDIFICIO ARAÇOYABA VILLAGE / SEMÁFORO 166";"ESPINHEIRO";"166";"CIDADE";"ABALROAMENTO TRANSVERSAL";NA;"2";"0";"0";"0";"0";"0";"0";"0";"2";"0";"Cruzamento";"Chuvoso";"Sem defeito";"Perfeito estado";"Seca";"Perfeito estado";"Faixa de pedestre";"R-3";"30 km/h";"Única";"";"";""
"3867";2020-12-01;"22:02:00";"COM VÍTIMA";"CANCELADA";"TEJIPIÓ";"AV DR JOSE RUFINO";"5767";"";"E/F AO POSTO BR E REDES DA BATERIAS- SNT RECIFE";"TEJIPIÓ";NA;"";"COLISÃO";NA;"2";"0";"0";"0";"0";"0";"0";"0";"2";"0";"";"";"";"";"";"";"";"";"";"";"";"";""
"3868";2020-12-02;"08:17:00";"COM VÍTIMA";"FINALIZADA";"CASA FORTE";"AV DEZESSETE DE AGOSTO";"1961";"";"EM FRENTE AO LABORATORIO MARCELO MAGALHAES";"CASA FORTE";NA;"CIDADE";"ABALROAMENTO LONGITUDINAL";1;"1";"0";"0";"0";"0";"0";"0";"0";"2";"0";"Longo da via";"Bom";"Sem defeito";"Perfeito estado";"Seca";"Perfeito estado";"Não existe";"R-6a";"";"Dupla";"Faixa contínua";"";""
"3869";2020-12-02;"09:59:00";"SEM VÍTIMA";"FINALIZADA";"CORDEIRO";"RUA TOMAZ GONZAGA";"";"AV PROFESSOR ESTEVAO FRANCISCO DA COSTA";"";"CORDEIRO";"280";"";"COLISÃO";NA;"0";"0";"0";"0";"0";"0";"0";"0";"0";"0";"";"";"";"";"";"";"";"";"";"";"";"";""
"3870";2020-12-02;"11:11:00";"COM VÍTIMA";"FINALIZADA";"IMBIRIBEIRA";"RUA MURITIBA";"210";"";"RUA LATERAL AO BANCO DO BRASIL. POR TRÁS DO BANCO.";"IMBIRIBEIRA";NA;"IPSEP";"ABALROAMENTO LONGITUDINAL";1;"1";"0";"0";"0";"0";"0";"0";"0";"1";"0";"Longo da via";"Bom";"Não existe";"Não existente";"Seca";"Perfeito estado";"Não existe";"Outras";"";"Dupla";"Não existe";"";""
"3871";2020-12-02;"11:31:00";"COM VÍTIMA";"FINALIZADA";"ESTÂNCIA";"AV DR JOSE RUFINO";"548";"";"RUA DA GALERIA MARGARIDA";"ESTÂNCIA";NA;"SUBURBIO";"ABALROAMENTO LONGITUDINAL";1;"1";"0";"0";"0";"0";"0";"0";"0";"1";"0";"Longo da via";"Bom";"Não existe";"Perfeito estado";"Seca";"Perfeito estado";"Não existe";"Não há placas";"";"Dupla";"";"";""
"3872";2020-12-02;"13:47:00";"COM VÍTIMA";"FINALIZADA";"PINA";"RUA DAGOBERTO PIRES";"415";"AV BRASILIA FORMOSA";"PROX KIOSKE PALAFITA";"PINA";NA;"CIDADE";"ABALROAMENTO TRANSVERSAL";1;"1";"0";"0";"0";"0";"0";"0";"0";"1";"0";"Longo da via";"Bom";"Não existe";"Perfeito estado";"Seca";"Perfeito estado";"Não existe";"Não há placas";"";"Dupla";"Faixa seccionada";"";""
"3873";2020-12-02;"16:00:00";"SEM VÍTIMA";"FINALIZADA";"BOA VIAGEM";"AV ENGENHEIRO DOMINGOS FERREIRA";"4060";"RUA RIBEIRO DE BRITO";"";"BOA VIAGEM";"155";"SUBURBIO";"COLISÃO TRASEIRA";1;"1";"0";"0";"0";"0";"0";"0";"0";"0";"0";"Longo da via";"Bom";"Sem defeito";"Perfeito estado";"Seca";"Perfeito estado";"Faixa de pedestre";"";"60 km/h";"Única";"Canteiro central";"";""
"3874";2020-12-02;"17:43:00";"COM VÍTIMA";"FINALIZADA";"CAMPO GRANDE";"EST DE BELEM";"1605A";"RUA COELHO NETO";"EM FRENTE A IGREJA UNIVERSAL / EM FRENTE A PRAÇA CAMPO GRANDE";"CAMPO GRANDE";NA;"OLINDA";"COLISÃO TRASEIRA";1;"1";"0";"0";"0";"0";"0";"0";"0";"2";"0";"Longo da via";"Bom";"Não existe";"Perfeito estado";"Seca";"Perfeito estado";"Outros";"R-6a";"";"Dupla";"Faixa contínua";"Faixa seccionada";""
"3875";2020-12-02;"17:47:00";"COM VÍTIMA";"FINALIZADA";"SANTO AMARO";"RUA TUPINAMBAS";"646";"";"";"SANTO AMARO";NA;"SUBURBIO";"COLISÃO FRONTAL";1;"1";"0";"0";"0";"0";"0";"0";"0";"1";"0";"Longo da via";"Bom";"Não existe";"Perfeito estado";"Seca";"Perfeito estado";"Não existe";"Não há placas";"";"Dupla";"Faixa seccionada";"";""
"3876";2020-12-02;"19:51:00";"SEM VÍTIMA";"CANCELADA";"BOA VIAGEM";"AV BOA VIAGEM";"4338";"";"APÓS O POINT DA JAMAICA- EM FRENTE AO EDIFICIO MOHANA";"BOA VIAGEM";NA;"";"CHOQUE";2;"0";"0";"0";"0";"0";"0";"0";"0";"0";"0";"";"";"";"";"";"";"";"";"";"";"";"";""
"3877";2020-12-02;"20:22:00";"COM VÍTIMA";"CANCELADA";"CASA FORTE";"AV DEZESSETE DE AGOSTO";"1953";"";"EM FRENTE A CNA- AO LADO DO LABORATORIO MARCELO MAGALHÃES";"CASA FORTE";NA;"";"COLISÃO";1;"1";"0";"0";"0";"0";"0";"0";"0";"1";"0";"";"";"";"";"";"";"";"";"";"";"";"";""
"3878";2020-12-02;"21:32:00";"COM VÍTIMA";"FINALIZADA";"ILHA JOANA BEZERRA";"VIADUTO CAPITAO TEMUDO";"";"";"EM CIMA DO VIADUTO- SENTIDO BOA VIAGEM";"ILHA JOANA BEZERRA";NA;"SUBURBIO";"COLISÃO TRASEIRA";1;"1";"0";"0";"0";"0";"0";"0";"0";"1";"0";"Viaduto";"Bom";"Não existe";"Perfeito estado";"Seca";"Perfeito estado";"Não existe";"Não há placas";"";"Única";"Faixa seccionada";"";""
"3879";2020-12-02;"23:00:00";"COM VÍTIMA";"FINALIZADA";"BOA VIAGEM";"RUA PADRE BERNADINO PESSOA";"317";"RUA FRANCISCO DA CUNHA";"EM FRENTE AO MERCADINHO SINAS";"BOA VIAGEM";NA;"CIDADE";"ABALROAMENTO TRANSVERSAL";3;"0";"0";"0";"0";"0";"0";"0";"0";"1";"0";"Cruzamento";"Bom";"Não existe";"Perfeito estado";"Seca";"Perfeito estado";"Não existe";"Placas Pare";"";"Única";"Não existe";"";""
"3880";2020-12-02;"23:41:00";"COM VÍTIMA";"CANCELADA";"MADALENA";"RUA COMENDADOR BENTO AGUIAR";"";"";"EM FRENTE AO EXTRA DA BENFICA";"MADALENA";NA;"";"COLISÃO";1;"1";"0";"0";"0";"0";"0";"0";"0";"1";"0";"";"";"";"";"";"";"";"";"";"";"";"";""
"3881";2020-12-03;"08:37:00";"SEM VÍTIMA";"FINALIZADA";"IPUTINGA";"AV MARIO ALVARES PEREIRA DE LYRA";"";"";"BOM PASTOR";"IPUTINGA";NA;"";"ABALROAMENTO LONGITUDINAL";1;"0";"0";"0";"0";"0";"0";"0";"1";"0";"0";"Cruzamento";"Bom";"Não existe";"Perfeito estado";"Seca";"Perfeito estado";"Faixa de retenção";"Placas Pare";"40 km/h";"Única";"Canteiro central";"";""
"3882";2020-12-03;"09:13:00";"COM VÍTIMA";"FINALIZADA";"IBURA";"AV DOIS RIOS";"430";"";"PRÓXIMO A IGREJA UNIVERSAL DOS SANTOS DOS ÚLTIMOS DIAS- SENTIDO BR";"IBURA";NA;"SUBURBIO";"COLISÃO FRONTAL";2;"0";"0";"0";"0";"0";"0";"0";"0";"2";"0";"Longo da via";"Bom";"Não existe";"Perfeito estado";"Seca";"Perfeito estado";"";"R-6a";"";"Dupla";"Faixa contínua";"";""
"3883";2020-12-03;"10:33:00";"COM VÍTIMA";"CANCELADA";"ENCRUZILHADA";"RUA CONS PORTELA";"665";"";"GALERIA";"ENCRUZILHADA";NA;"";"COLISÃO";1;"1";"0";"0";"0";"0";"0";"0";"0";"2";"0";"";"";"";"";"";"";"";"";"";"";"";"";""
"3884";2020-12-03;"10:48:00";"VÍTIMA FATAL";"FINALIZADA";"BOA VISTA";"AV CONDE DA BOA VISTA";"";"RUA DA UNIAO";"ESQUINA COM O ED. PESSOA DE MELO. EM FRENTE AO POSTE H038159.";"BOA VISTA";NA;"SUBURBIO";"ATROPELAMENTO";NA;"0";"0";"0";"1";"1";"0";"0";"0";"0";"1";"Longo da via";"Bom";"Não existe";"Perfeito estado";"Seca";"Perfeito estado";"Faixa de pedestre";"R-6c";"";"Dupla";"Canteiro central";"";""
"3885";2020-12-03;"11:39:00";"COM VÍTIMA";"FINALIZADA";"VÁRZEA";"AV JOAQUIM RIBEIRO";"200";"";"PROX. DA UPA DA CAXANGA. GRANERO TRANSPORTES- LADO OPOSTO AO NÚMERO 200.";"VÁRZEA";NA;"CIDADE";"ABALROAMENTO LONGITUDINAL";1;"1";"0";"0";"0";"0";"0";"0";"0";"1";"0";"Longo da via";"Bom";"Não existe";"Perfeito estado";"Seca";"Perfeito estado";"Não existe";"Não há placas";"";"Dupla";"Canteiro central";"";""
"3886";2020-12-03;"14:12:00";"COM VÍTIMA";"FINALIZADA";"VÁRZEA";"AV CAXANGA";"";"RUA DONA INES CORREA DE ARAUJO";"E/F A IGREJA ASSEMBLEIA DE DEUS NO SEMAFORO 232";"VÁRZEA";"232";"CIDADE";"ABALROAMENTO LONGITUDINAL";1;"1";"0";"0";"0";"0";"0";"0";"0";"1";"0";"Cruzamento";"Bom";"Sem defeito";"Perfeito estado";"Seca";"Perfeito estado";"Faixa de pedestre";"Não há placas";"60 km/h";"Dupla";"Canteiro central";"";""
"3887";2020-12-03;"14:20:00";"COM VÍTIMA";"FINALIZADA";"ROSARINHO";"AV NORTE";"";"";"E/F A PADARIA DO ROSARINHO S/T CID";"ROSARINHO";NA;"CIDADE";"COLISÃO COM CICLISTA";NA;"0";"0";"1";"0";"1";"0";"0";"0";"1";"0";"Longo da via";"Bom";"Não existe";"Perfeito estado";"Seca";"Perfeito estado";"Não existe";"Não há placas";"40 km/h";"Dupla";"Canteiro central";"";""
"3888";2020-12-03;"17:30:00";"COM VÍTIMA";"FINALIZADA";"CAXANGÁ";"AV CAXANGA";"";"";"EM FRENTE AO GOLF CLUB SENTIDO CAMARAGIBE";"CAXANGÁ";NA;"";"COLISÃO";NA;"2";"0";"0";"0";"0";"0";"0";"0";"2";"0";"";"";"";"";"";"";"";"";"";"";"";"";""
"3889";2020-12-03;"17:30:00";"COM VÍTIMA";"FINALIZADA";"VÁRZEA";"AV AFONSO OLINDENSE";"228";"";"EM FRENTE AO CONDOMINIO PARQUE CAXANGA E PADARIA CAXANGÁ.";"VÁRZEA";NA;"SUBURBIO";"ABALROAMENTO TRANSVERSAL";1;"1";"0";"0";"0";"0";"0";"0";"0";"1";"0";"Longo da via";"Bom";"Sem defeito";"Perfeito estado";"Seca";"Perfeito estado";"Não existe";"Outras";"";"Dupla";"Faixa contínua";"Faixa seccionada";""
"3890";2020-12-03;"18:13:00";"COM VÍTIMA";"FINALIZADA";"CASA FORTE";"RUA LEONARDO BEZERRA CAVALCANTE";"540";"";"E/F AO MUNDO PEET E LOJA SEDATEX TECIDOS.";"CASA FORTE";NA;"SUBURBIO";"COLISÃO TRASEIRA";1;"1";"0";"0";"0";"0";"0";"0";"0";"1";"0";"Longo da via";"Bom";"Não existe";"Perfeito estado";"Seca";"Perfeito estado";"Não existe";"Não há placas";"";"Única";"Não existe";"";""
"3891";2020-12-03;"18:25:00";"COM VÍTIMA";"CANCELADA";"TEJIPIÓ";"AV LIBERDADE";"950";"";"E/F A ANTIGA DELEGACIA DE FURTOS DE VEÍCULOS";"TEJIPIÓ";NA;"";"COLISÃO";1;"1";"0";"0";"0";"0";"0";"0";"0";"1";"0";"";"";"";"";"";"";"";"";"";"";"";"";""
"3892";2020-12-03;"20:09:00";"COM VÍTIMA";"FINALIZADA";"BOA VISTA";"RUA DA SOLEDADE";"";"AV OLIVEIRA LIMA";"E/F A IGREJA DA SOLEDADE";"BOA VISTA";"222";"CIDADE";"COLISÃO TRASEIRA";1;"3";"0";"0";"0";"0";"0";"0";"0";"1";"0";"Cruzamento";"Bom";"Sem defeito";"Perfeito estado";"Seca";"Perfeito estado";"Faixa de pedestre";"Não há placas";"";"Única";"Faixa contínua";"";""
"3893";2020-12-03;"21:19:00";"COM VÍTIMA";"FINALIZADA";"CORDEIRO";"AV CAXANGA";"";"RUA SOUZA BANDEIRA";"E/F A DROGASIL";"CORDEIRO";"236";"SUBURBIO";"COLISÃO COM CICLISTA";NA;"0";"0";"1";"0";"1";"0";"0";"0";"1";"0";"Cruzamento";"Bom";"Sem defeito";"Perfeito estado";"Seca";"Perfeito estado";"Faixa de pedestre";"R-6a";"40 km/h";"Dupla";"Canteiro central";"";""
"3894";2020-12-03;"23:31:00";"SEM VÍTIMA";"FINALIZADA";"";"RUA JOSE OSORIO";"";"";"COM A AV CAXANGÁ";"";NA;"";"COLISÃO";2;"0";"0";"0";"0";"0";"0";"0";"0";"0";"0";"";"";"";"";"";"";"";"";"";"";"";"";""
"3895";2020-12-03;"23:46:00";"COM VÍTIMA";"FINALIZADA";"IMBIRIBEIRA";"RUA SARGENTO SILVINO DE MACEDO";"273";"RUA JOSE DA SILVA LUCENA";"TOPPUS SERVIÇOS TERCERIZADOS";"IMBIRIBEIRA";NA;"SUBURBIO";"ABALROAMENTO TRANSVERSAL";1;"1";"0";"0";"0";"0";"0";"0";"0";"1";"0";"Cruzamento";"Bom";"Não existe";"Incompleta";"Seca";"Perfeito estado";"Não existe";"Placas Pare";"30 km/h";"Dupla";"Não existe";"";""
"3896";2020-12-04;"10:16:00";"COM VÍTIMA";"FINALIZADA";"TORRE";"RUA PROFESSOR TRAJANO DE MENDONCA";"";"";"PRÓXIMO A ENTRADA DO ESTACIONAMENTO DO ATACADO DOS PRESENTES.";"TORRE";NA;"SUBURBIO";"TOMBAMENTO";1;"1";"0";"0";"0";"0";"0";"0";"0";"1";"0";"Longo da via";"Bom";"Sem defeito";"Perfeito estado";"Seca";"Perfeito estado";"Não existe";"Não há placas";"";"Única";"Faixa seccionada";"";""
"3897";2020-12-04;"11:46:00";"COM VÍTIMA";"FINALIZADA";"VÁRZEA";"AV AFONSO OLINDENSE";"988";"";"NA LOMBADA ELETRONICA";"VÁRZEA";NA;"SUBURBIO";"ATROPELAMENTO";NA;"1";"0";"0";"1";"0";"0";"0";"0";"1";"0";"Longo da via";"Bom";"Não existe";"Perfeito estado";"Seca";"Perfeito estado";"Faixa de pedestre";"Outras";"40 km/h";"Dupla";"Faixa contínua";"";""
"3898";2020-12-04;"12:47:00";"SEM VÍTIMA";"FINALIZADA";"BOA VIAGEM";"AVENIDA CELSO FURTADO (VIA MANGUE)";"";"";"";"BOA VIAGEM";NA;"";"ENGAVETAMENTO";3;"0";"0";"0";"0";"0";"0";"0";"0";"0";"0";"";"";"";"";"";"";"";"";"";"";"";"";""
"3899";2020-12-04;"12:55:00";"COM VÍTIMA";"FINALIZADA";"IMBIRIBEIRA";"AV MARECHAL MASCARENHAS DE MORAES";"";"";"EM FRENTE À FERREIRA COSTA";"IMBIRIBEIRA";NA;"";"COLISÃO";1;"0";"1";"0";"0";"0";"0";"0";"0";"1";"0";"";"";"";"";"";"";"";"";"";"";"";"";""
"3900";2020-12-04;"13:25:00";"SEM VÍTIMA";"CANCELADA";"PAISSANDU";"AV GOVERNADOR AGAMENON MAGALHAES";"";"";"APÓS O CRUZAMENTO DA RUA HENRIQUE DIAS";"PAISSANDU";NA;"BOA VIAGEM";"COLISÃO";2;"0";"0";"0";"0";"0";"0";"0";"0";"0";"0";"";"";"";"";"";"";"";"";"";"";"";"";""
"3901";2020-12-04;"15:22:00";"COM VÍTIMA";"CANCELADA";"BOA VISTA";"AV CONDE DA BOA VISTA";"";"";"EM FRENTE A FAFIRE";"BOA VISTA";NA;"";"COLISÃO";1;"1";"0";"0";"0";"0";"0";"0";"0";"1";"0";"";"";"";"";"";"";"";"";"";"";"";"";""
"3902";2020-12-04;"16:24:00";"COM VÍTIMA";"FINALIZADA";"IBURA";"AV DOIS RIOS";"";"RUA RIO DO OESTE";"PRÓX AO MERCADO RM.";"IBURA";NA;"IPSEP / IBURA";"COLISÃO TRASEIRA";1;"1";"0";"0";"0";"0";"0";"0";"0";"2";"0";"Longo da via";"Bom";"Não existe";"Perfeito estado";"Seca";"Perfeito estado";"Não existe";"Não há placas";"";"Dupla";"Faixa contínua";"";""
"3903";2020-12-04;"17:10:00";"COM VÍTIMA";"FINALIZADA";"MADALENA";"RUA REAL DA TORRE";"607";"RUA MENEZES DRUMOND";"EM FRENTE A PRAÇA DO MERCADO MADALENA. POR TRÁS DELE.";"MADALENA";NA;"SUBURBIO";"ATROPELAMENTO";1;"1";"0";"0";"1";"0";"0";"0";"0";"1";"0";"Longo da via";"Bom";"Não existe";"Perfeito estado";"Seca";"Perfeito estado";"Não existe";"Não há placas";"";"Única";"Faixa seccionada";"";""
"3904";2020-12-04;"17:32:00";"COM VÍTIMA";"FINALIZADA";"CORDEIRO";"RUA PROFESSOR JOAQUIM XAVIER DE BRITO";"";"RUA OCIDENTAL";"PROX JC CONSTRUÇÕES / LYA GALETOS";"CORDEIRO";NA;"SUBURBIO";"COLISÃO FRONTAL";2;"1";"0";"0";"0";"0";"0";"0";"0";"1";"0";"Cruzamento";"Bom";"Não existe";"Incompleta";"Seca";"Perfeito estado";"Não existe";"";"40 km/h";"Dupla";"Canteiro central";"";""
"3905";2020-12-04;"18:26:00";"COM VÍTIMA";"FINALIZADA";"MONTEIRO";"RUA DE APIPUCOS";"";"";"PRÓXIMO AO EDIFICIO PORTA D' ÁGUA- APÓS A PRAÇA DO MONTEIRO.";"MONTEIRO";NA;"CIDADE";"COLISÃO FRONTAL";NA;"2";"0";"0";"0";"0";"0";"0";"0";"2";"0";"Longo da via";"Bom";"Não existe";"Perfeito estado";"Seca";"Perfeito estado";"Não existe";"Não há placas";"";"Dupla";"Faixa contínua";"";""