"";"data";"hora";"natureza_acidente";"situacao";"bairro";"endereco";"numero";"detalhe_endereco_acidente";"complemento";"bairro_cruzamento";"num_semaforo";"sentido_via";"tipo";"auto";"moto";"ciclom";"ciclista";"pedestre";"onibus";"caminhao";"viatura";"outros";"vitimas";"vitimasfatais";"acidente_verificado";"tempo_clima";"situacao_semaforo";"sinalizacao";"condicao_via";"conservacao_via";"ponto_controle";"situacao_placa";"velocidade_max_via";"mao_direcao";"divisao_via1";"divisao_via2";"divisao_via3"
"4021";2020-12-22;"07:24:00";"COM VÍTIMA";"FINALIZADA";"MANGUEIRA";"RUA ALEXANDRE RODRIGUES FERREIRA";"563";"RUA MEDINA";"EM FRENTE AO ARMAZEM REDE CONSTRUIR";"MANGUEIRA";NA;"CIDADE";"COLISÃO COM CICLISTA";1;"0";"0";"1";"0";"0";"0";"0";"0";"2";"0";"Cruzamento";"Bom";"Não existe";"Incompleta";"Seca";"Perfeito estado";"Não existe";"Não há placas";"";"Única";"Não existe";"";""
"4022";2020-12-22;"10:19:00";"COM VÍTIMA";"FINALIZADA";"SANTO AMARO";"AV CRUZ CABUGA";"";"";"EM FRENTE A ESCOLA DE APRENDIZES DE MARINHEIROS";"SANTO AMARO";NA;"";"COLISÃO";NA;"2";"0";"0";"0";"0";"0";"0";"0";"2";"0";"";"";"";"";"";"";"";"";"";"";"";"";""
"4023";2020-12-22;"10:52:00";"SEM VÍTIMA";"FINALIZADA";"BOA VISTA";"RUA JOAO FERNANDES VIEIRA";"";"RUA OSVALDO CRUZ";"TEATRO WALDEMAR DE OLIVEIRA";"BOA VISTA";NA;"";"COLISÃO";2;"0";"0";"0";"0";"0";"0";"0";"0";"0";"0";"Longo da via";"Bom";"Não existe";"Perfeito estado";"Seca";"Perfeito estado";"Não existe";"Não há placas";"";"Única";"Faixa seccionada";"";""
"4024";2020-12-22;"11:44:00";"COM VÍTIMA";"FINALIZADA";"IMBIRIBEIRA";"AV MARECHAL MASCARENHAS DE MORAES";"1919";"";"EM FRENTE AO JUIZADO ESPECIAL DO RECIFE";"IMBIRIBEIRA";NA;"CIDADE";"COLISÃO TRASEIRA";1;"1";"0";"0";"0";"0";"0";"0";"0";"2";"0";"Longo da via";"Bom";"Não existe";"Perfeito estado";"Seca";"Perfeito estado";"Não existe";"Não há placas";"60 km/h";"Única";"Faixa seccionada";"";""
"4025";2020-12-22;"11:50:00";"COM VÍTIMA";"FINALIZADA";"CASA AMARELA";"AV NORTE";"3799";"RUA OSCAR DE BARROS";"";"CASA AMARELA";"676";"SUBURBIO";"COLISÃO COM CICLISTA";NA;"1";"0";"1";"0";"0";"0";"0";"0";"1";"0";"Cruzamento";"Bom";"Sem defeito";"Perfeito estado";"Seca";"Perfeito estado";"Faixa de pedestre";"R-6a";"";"Dupla";"Faixa contínua";"";""
"4026";2020-12-22;"14:58:00";"COM VÍTIMA";"FINALIZADA";"TORRE";"RUA JOSE BONIFACIO";"";"RUA JOSE DE HOLANDA";"EM FRENTE AO MERCADO TORRE";"TORRE";"601";"";"COLISÃO";1;"1";"0";"0";"0";"0";"0";"0";"0";"1";"0";"";"";"";"";"";"";"";"";"";"";"";"";""
"4027";2020-12-22;"16:08:00";"COM VÍTIMA";"FINALIZADA";"BOA VIAGEM";"AV CONSELHEIRO AGUIAR";"3384";"";"EM FRENTE AO ED. TROPICAL / APOS A CAIXA ECONIMICA";"BOA VIAGEM";NA;"SUBURBIO";"ATROPELAMENTO";NA;"0";"0";"0";"1";"1";"0";"0";"0";"1";"0";"Longo da via";"Bom";"Sem defeito";"Perfeito estado";"Seca";"Perfeito estado";"Não existe";"Não há placas";"";"Única";"Não existe";"";""
"4028";2020-12-22;"17:22:00";"SEM VÍTIMA";"FINALIZADA";"PINA";"";"";"";"NA SAIDA DO TUNEL ANTONIO DE GOES";"PINA";NA;"";"COLISÃO";NA;"0";"0";"0";"0";"0";"0";"0";"0";"0";"0";"";"";"";"";"";"";"";"";"";"";"";"";""
"4029";2020-12-22;"17:41:00";"COM VÍTIMA";"FINALIZADA";"SÃO JOSÉ";"RUA SAO JOAO";"209";"RUA PASSO DA PATRIA";"";"SÃO JOSÉ";NA;"SUBURBIO";"ABALROAMENTO TRANSVERSAL";1;"1";"0";"0";"0";"0";"0";"0";"0";"2";"0";"Cruzamento";"Bom";"Não existe";"";"Seca";"Perfeito estado";"Não existe";"R-4b";"40 km/h";"Única";"Não existe";"";""
"4030";2020-12-22;"18:11:00";"COM VÍTIMA";"FINALIZADA";"BEBERIBE";"AV BEBERIBE";"2329";"";"LADO OPOSTO AO SUPERMERCADO SOBERANO";"BEBERIBE";NA;"CIDADE";"COLISÃO TRASEIRA";1;"1";"0";"0";"0";"0";"0";"0";"0";"1";"0";"Longo da via";"Bom";"Não existe";"Não existente";"Seca";"Perfeito estado";"Não existe";"R-6a";"";"Dupla";"Faixa contínua";"";""
"4031";2020-12-23;"05:46:00";"SEM VÍTIMA";"CANCELADA";"ESPINHEIRO";"RUA JOSE LUIZ DA SILVEIRA BARROS";"63";"";"DEPOIS DO CRUZAMENTO DA RUA AMELIA";"ESPINHEIRO";NA;"";"CHOQUE";NA;"0";"0";"0";"0";"0";"0";"0";"0";"0";"0";"";"";"";"";"";"";"";"";"";"";"";"";""
"4032";2020-12-23;"07:15:00";"COM VÍTIMA";"FINALIZADA";"MADALENA";"RUA JOAO IVO DA SILVA";"205";"";"SENTIDO AFOGADOS  NA SAÍDA DO TÚNEL DA ABOLIÇÃO.";"MADALENA";NA;"CIDADE";"ABALROAMENTO LONGITUDINAL";NA;"2";"0";"0";"0";"0";"0";"0";"0";"1";"0";"Longo da via";"Bom";"Não existe";"Perfeito estado";"Seca";"Perfeito estado";"Não existe";"Não há placas";"";"Única";"Faixa contínua";"";""
"4033";2020-12-23;"08:30:00";"COM VÍTIMA";"FINALIZADA";"MANGUEIRA";"RUA VINTE E UM DE ABRIL";"2058";"RUA ALEXANDRE RODRIGUES FERREIRA";"EM FRENTE  A LOJA J.A PAPEIS";"MANGUEIRA";NA;"";"COLISÃO FRONTAL";1;"1";"0";"0";"0";"0";"0";"0";"0";"2";"0";"Cruzamento";"Bom";"Não existe";"Incompleta";"Seca";"Perfeito estado";"Não existe";"Placas Pare";"";"Dupla";"Não existe";"";""
"4034";2020-12-23;"08:38:00";"COM VÍTIMA";"FINALIZADA";"CORDEIRO";"RUA TIJUCA";"2";"AV ENGENHEIRO ABDIAS DE CARVALHO";"DROGAMAIA-AQUITEM";"CORDEIRO";"422";"SUBURBIO";"ABALROAMENTO TRANSVERSAL";2;"0";"0";"0";"0";"0";"0";"0";"0";"1";"0";"Cruzamento";"Bom";"Sem defeito";"Perfeito estado";"Seca";"Perfeito estado";"Outros";"R-4a";"60 km/h";"Única";"Canteiro central";"";""
"4035";2020-12-23;"15:16:00";"COM VÍTIMA";"FINALIZADA";"AFOGADOS";"RUA SAO MIGUEL";"1166";"";"PROXIMO AO CHINA BOX";"AFOGADOS";NA;"AFOGADOS";"COLISÃO FRONTAL";2;"1";"0";"0";"0";"0";"0";"0";"0";"1";"0";"Longo da via";"Bom";"Não existe";"Perfeito estado";"Seca";"Perfeito estado";"Não existe";"Não há placas";"50 km/h";"Dupla";"Faixa contínua";"";""
"4036";2020-12-23;"18:55:00";"COM VÍTIMA";"FINALIZADA";"MADALENA";"EST DOS REMEDIOS";"400";"";"PRÓX A GALERIA MADALENA CENTER 401";"MADALENA";NA;"SUBURBIO";"ABALROAMENTO TRANSVERSAL";1;"1";"0";"0";"0";"0";"0";"0";"0";"1";"0";"Cruzamento";"Bom";"Não existe";"Não existente";"Seca";"Perfeito estado";"Não existe";"Placas Pare";"";"Única";"Faixa seccionada";"";""
"4037";2020-12-24;"06:24:00";"COM VÍTIMA";"FINALIZADA";"MORRO DA CONCEIÇÃO";"RUA DOIS DE FEVEREIRO";"137";"";"CASA / CENTRO ESPIRITA PEDRO CARNEIRO";"MORRO DA CONCEIÇÃO";NA;"";"ABALROAMENTO LONGITUDINAL";NA;"1";"0";"0";"0";"1";"0";"0";"0";"1";"0";"Longo da via";"Chuvoso";"Não existe";"Não existente";"";"Mal conservada";"Não existe";"Não há placas";"30 km/h";"Dupla";"Não existe";"";""
"4038";2020-12-24;"07:23:00";"COM VÍTIMA";"FINALIZADA";"CASA AMARELA";"AV NORTE";"5237";"RUA DA HARMONIA";"EM FRENTE A FARMACIA PAGUE MENOS";"CASA AMARELA";"312";"";"COLISÃO";1;"1";"0";"0";"0";"0";"0";"0";"0";"2";"0";"";"";"";"";"";"";"";"";"";"";"";"";""
"4039";2020-12-24;"07:59:00";"COM VÍTIMA";"FINALIZADA";"CAXANGÁ";"AV CAXANGA";"5532";"";"LADO OPOSTO AO RESIDENCIAL CAXANGÁ.";"CAXANGÁ";NA;"SUBURBIO";"COLISÃO COM CICLISTA";1;"0";"0";"1";"0";"0";"0";"0";"0";"1";"0";"Longo da via";"Bom";"Sem defeito";"Perfeito estado";"Seca";"Perfeito estado";"Faixa de pedestre";"Não há placas";"60 km/h";"Dupla";"Faixa seccionada";"";""
"4040";2020-12-24;"08:38:00";"COM VÍTIMA";"FINALIZADA";"NOVA DESCOBERTA";"RUA NOVA DESCOBERTA";"2061";"";"";"NOVA DESCOBERTA";NA;"VASCO DA GAMA";"COLISÃO";1;"1";"0";"0";"0";"0";"0";"0";"0";"1";"0";"Longo da via";"Bom";"Não existe";"Perfeito estado";"Seca";"Perfeito estado";"Não existe";"R-6a";"";"Dupla";"Faixa seccionada";"";""
"4041";2020-12-24;"09:28:00";"SEM VÍTIMA";"FINALIZADA";"JORDÃO";"AV DONA CARENTINA";"20";"";"NA SUBIDA DA LADEIRA";"JORDÃO";NA;"";"CHOQUE OBJETO FIXO";1;"0";"0";"0";"0";"0";"0";"0";"1";"0";"0";"Longo da via";"Chuvoso";"Não existe";"Perfeito estado";"Molhada";"Perfeito estado";"Não existe";"Não há placas";"";"Dupla";"Faixa contínua";"";""
"4042";2020-12-24;"09:35:00";"COM VÍTIMA";"FINALIZADA";"AFOGADOS";"RUA VINTE E UM DE ABRIL";"411";"";"EM FRENTE AO AFOGADOS CENTER";"AFOGADOS";NA;"";"COLISÃO";NA;"1";"1";"0";"0";"0";"0";"0";"0";"1";"0";"";"";"";"";"";"";"";"";"";"";"";"";""
"4043";2020-12-24;"11:47:00";"COM VÍTIMA";"FINALIZADA";"ALTO JOSÉ DO PINHO";"COR DO BARTOLOMEU";"";"RUA PADRE OLIVEIRA";"FEIRA DA RODINHA - PANIFICADORA SENHOR DO BOMFIM.";"ALTO JOSÉ DO PINHO";NA;"SUBURBIO";"ATROPELAMENTO";1;"0";"0";"0";"1";"0";"0";"0";"0";"1";"0";"Longo da via";"Bom";"Não existe";"Perfeito estado";"Seca";"Perfeito estado";"Não existe";"Outras";"";"Dupla";"Faixa contínua";"";""
"4044";2020-12-24;"13:21:00";"COM VÍTIMA";"FINALIZADA";"IMBIRIBEIRA";"AV MARECHAL MASCARENHAS DE MORAES";"";"";"EM FRENTE À UNIVERSIDADE UNIVERSO";"IMBIRIBEIRA";"501";"CIDADE";"COLISÃO TRASEIRA";1;"1";"0";"0";"0";"0";"0";"0";"0";"1";"0";"Longo da via";"Bom";"Sem defeito";"Perfeito estado";"Seca";"Perfeito estado";"Faixa de pedestre";"R-6a";"60 km/h";"Dupla";"Canteiro central";"";""
"4045";2020-12-22;"09:16:00";"SEM VÍTIMA";"FINALIZADA";"GRAÇAS";"AV GOVERNADOR AGAMENON MAGALHAES";"";"";"";"GRAÇAS";"37";"PARNAMIRIM-DERBY";"COLISÃO";1;"1";"0";"0";"0";"0";"0";"0";"0";"0";"0";"";"";"";"";"";"";"";"";"";"";"";"";""
"4046";2020-12-24;"15:16:00";"SEM VÍTIMA";"FINALIZADA";"ENCRUZILHADA";"AV JOAO DE BARROS";"";"AV NORTE";"";"ENCRUZILHADA";"43";"CIDADE";"COLISÃO";2;"0";"0";"0";"0";"0";"0";"0";"0";"0";"0";"";"";"";"";"";"";"";"";"";"";"";"";""
"4047";2020-12-24;"15:27:00";"COM VÍTIMA";"FINALIZADA";"VÁRZEA";"AV CAXANGA";"5759";"";"LADO OPOSTO AO TERMINAL INTEGRADO DA CAXANGÁ";"VÁRZEA";"262";"CIDADE";"COLISÃO TRASEIRA";1;"1";"0";"0";"0";"0";"0";"0";"0";"1";"0";"Longo da via";"Bom";"Sem defeito";"Perfeito estado";"Seca";"Perfeito estado";"Faixa de pedestre";"Não há placas";"60 km/h";"Única";"Faixa contínua";"";""
"4048";2020-12-24;"17:37:00";"COM VÍTIMA";"FINALIZADA";"BOA VIAGEM";"AV ENGENHEIRO DOMINGOS FERREIRA";"3340";"RUA FAUSTINO PORTO";"EM FRENTE AO ED. ERICA";"BOA VIAGEM";NA;"PIEDADE";"COLISÃO TRASEIRA";2;"1";"0";"0";"0";"0";"0";"0";"0";"1";"0";"Longo da via";"Bom";"Sem defeito";"Perfeito estado";"Seca";"Perfeito estado";"Não existe";"R-6a";"";"Dupla";"Faixa contínua";"Faixa seccionada";""
"4049";2020-12-24;"18:24:00";"COM VÍTIMA";"FINALIZADA";"ALTO JOSÉ DO PINHO";"AV NORTE";"12";"";"APÓS A ENTRADA DA MANGABEIRA / EM FRENTE AO ARMAZÉM CORAL.";"ALTO JOSÉ DO PINHO";NA;"SUBURBIO";"COLISÃO COM CICLISTA";NA;"1";"0";"1";"0";"0";"0";"0";"0";"2";"0";"Longo da via";"Bom";"Não existe";"Perfeito estado";"Seca";"Perfeito estado";"Não existe";"Não há placas";"60 km/h";"Única";"Canteiro central";"";""
"4050";2020-12-25;"07:24:00";"SEM VÍTIMA";"CANCELADA";"TORRE";"RUA MARCOS ANDRE";"280";"";"EM FRENTE AO CONDOMINIO PRIVE BOSQUE DA TORRE";"TORRE";NA;"";"CHOQUE";NA;"0";"0";"0";"0";"0";"0";"0";"0";"0";"0";"";"";"";"";"";"";"";"";"";"";"";"";""
"4051";2020-12-25;"16:07:00";"COM VÍTIMA";"FINALIZADA";"IMBIRIBEIRA";"RUA ITAJAI";"160";"RUA PAMPULHA";"E/F PORTO DELICATESSEN. CASA BRANCA BUFFET.";"IMBIRIBEIRA";NA;"CIDADE";"ABALROAMENTO TRANSVERSAL";1;"1";"0";"0";"0";"0";"0";"0";"0";"1";"0";"Cruzamento";"Bom";"Não existe";"Perfeito estado";"Seca";"Perfeito estado";"Faixa de retenção";"Placas Pare";"";"Dupla";"Faixa contínua";"";""
"4052";2020-12-25;"22:53:00";"COM VÍTIMA";"FINALIZADA";"ENGENHO DO MEIO";"RUA ANTONIO CURADO";"427";"RUA MANUEL ALVES DEUSDARA";"AO LADO DA COMPESA / PRÓX A PRC DO ENGENHO DO MEIO. IGREJA PENTECOSTAL JESUS É A ESPERANÇA.";"ENGENHO DO MEIO";NA;"CIDADE";"COLISÃO COM CICLISTA";1;"0";"0";"1";"0";"0";"0";"0";"0";"2";"0";"Longo da via";"Bom";"Não existe";"Perfeito estado";"Seca";"Perfeito estado";"Não existe";"Outras";"";"Dupla";"Faixa seccionada";"";""
"4053";2020-12-26;"05:22:00";"SEM VÍTIMA";"FINALIZADA";"SOLEDADE";"RUA JOAO FERNANDES VIEIRA";"11";"";"PRÓXIMO AO CRUZAMENTO C/A RUA DA SOLEDADE";"SOLEDADE";NA;"";"CHOQUE OBJETO FIXO";1;"0";"0";"0";"0";"0";"0";"0";"0";"0";"0";"";"";"";"";"";"";"";"";"";"";"";"";""
"4054";2020-12-26;"09:59:00";"SEM VÍTIMA";"FINALIZADA";"CORDEIRO";"AV CAXANGA";"";"RUA SAO MATEUS";"FATO OCORRIDO NO ELEVADO DA AV CASXANGA- NO SENTIDO CIDADE / SUBURBIO.";"CORDEIRO";NA;"SUBURBIO";"COLISÃO COM CICLISTA";NA;"0";"0";"2";"0";"0";"0";"0";"0";"0";"0";"";"";"";"";"";"";"";"";"";"";"";"";""
"4055";2020-12-26;"10:34:00";"COM VÍTIMA";"FINALIZADA";"CORDEIRO";"RUA MAURICIO DE NASSAU";"";"";"POR TRAS DO PARQUE DE EXPOSIÇÕES.";"CORDEIRO";NA;"SUBURBIO";"COLISÃO COM CICLISTA";NA;"1";"0";"1";"0";"0";"0";"0";"0";"1";"0";"Longo da via";"Bom";"Não existe";"Perfeito estado";"Seca";"Perfeito estado";"Não existe";"Não há placas";"";"Dupla";"Faixa contínua";"Faixa seccionada";""
"4056";2020-12-26;"17:39:00";"SEM VÍTIMA";"FINALIZADA";"IMBIRIBEIRA";"RUA JORGE DE LIMA";"2245";"";"EM FRENTE A GEOVANE SONDA / EM FRENTE AO ED- VITA CLUBE";"IMBIRIBEIRA";"402";"";"COLISÃO";2;"0";"0";"0";"0";"0";"0";"0";"0";"0";"0";"";"";"";"";"";"";"";"";"";"";"";"";""
"4057";2020-12-26;"17:47:00";"COM VÍTIMA";"FINALIZADA";"TORRE";"VDO GOVERNADOR CORDEIRO DE FARIAS";"";"";"PONTE DA TORRE AO LADO DO CARREFOUR";"TORRE";NA;"SUBURBIO";"TOMBAMENTO";NA;"1";"0";"0";"0";"0";"0";"0";"0";"1";"0";"Viaduto";"Bom";"Não existe";"Perfeito estado";"Seca";"Perfeito estado";"Não existe";"Não há placas";"";"Única";"Faixa seccionada";"";""
"4058";2020-12-26;"19:44:00";"SEM VÍTIMA";"FINALIZADA";"IMBIRIBEIRA";"AV MARECHAL MASCARENHAS DE MORAES";"";"";"EM FRENTE A CHEVROLET TAMBAI";"IMBIRIBEIRA";"161";"SUBURBIO";"COLISÃO";1;"0";"0";"0";"0";"0";"0";"1";"0";"0";"0";"Longo da via";"Bom";"Sem defeito";"Perfeito estado";"Seca";"Perfeito estado";"Faixa de pedestre";"Não há placas";"60 KM/H";"Única";"Canteiro central";"";""
"4059";2020-12-27;"00:53:00";"SEM VÍTIMA";"FINALIZADA";"BOA VIAGEM";"AV CONSELHEIRO AGUIAR";"635";"";"";"BOA VIAGEM";NA;"";"COLISÃO";2;"0";"0";"0";"0";"0";"0";"1";"0";"0";"0";"";"";"";"";"";"";"";"";"";"";"";"";""
"4060";2020-12-27;"08:44:00";"COM VÍTIMA";"FINALIZADA";"IMBIRIBEIRA";"RUA ITAJAI";"159";"RUA PAMPULHA";"EM FRENTE A PADARIA PORTO DELICATESSEN";"IMBIRIBEIRA";NA;"SUBURBIO";"ABALROAMENTO TRANSVERSAL";2;"0";"0";"0";"0";"0";"0";"0";"0";"1";"0";"Cruzamento";"Bom";"Não existe";"Perfeito estado";"Seca";"Perfeito estado";"Faixa de retenção";"Placas Pare";"";"Dupla";"Faixa contínua";"";""
"4061";2020-12-27;"11:57:00";"COM VÍTIMA";"CANCELADA";"JORDÃO";"AV MARIA IRENE";"1252";"";"E/F A DINO SORVETES E PROX A DELEGACIA DO JORDAO";"JORDÃO";NA;"";"COLISÃO";1;"1";"0";"0";"0";"0";"0";"0";"0";"1";"0";"";"";"";"";"";"";"";"";"";"";"";"";""
"4062";2020-12-27;"12:06:00";"COM VÍTIMA";"FINALIZADA";"IPSEP";"RUA SAO NICOLAU";"231";"RUA PROFESSOR JOSE VICENTE";"PROX A NUCLEO DA POLICIA E FARMÁCIA BOM CONSELHO.";"IPSEP";NA;"SUBURBIO";"ABALROAMENTO TRANSVERSAL";1;"1";"0";"0";"0";"0";"0";"0";"0";"1";"0";"Longo da via";"Bom";"Não existe";"Perfeito estado";"Seca";"Perfeito estado";"Faixa de pedestre";"Placas Pare";"";"Única";"Não existe";"";""
"4063";2020-12-27;"15:44:00";"SEM VÍTIMA";"CANCELADA";"PINA";"RUA CARNEIRO PESSOA";"";"";"PROXIMO A IGREJA CATOLICA DO PINA";"PINA";NA;"";"CHOQUE";NA;"0";"0";"0";"0";"0";"0";"1";"0";"0";"0";"";"";"";"";"";"";"";"";"";"";"";"";""
"4064";2020-12-27;"23:09:00";"SEM VÍTIMA";"CANCELADA";"SAN MARTIN";"RUA DELMIRO GOUVEIA";"";"";"EM FRENTE A TORRE DA CHESF";"SAN MARTIN";NA;"";"COLISÃO";1;"0";"0";"0";"0";"0";"1";"0";"0";"0";"0";"";"";"";"";"";"";"";"";"";"";"";"";""
"4065";2020-12-28;"06:22:00";"COM VÍTIMA";"FINALIZADA";"CABANGA";"AV SUL";"1180";"";"APÓS O VIADUTO - SENTIDO SUB/CID";"CABANGA";NA;"CIDADE";"CHOQUE OBJETO FIXO";NA;"1";"0";"0";"0";"0";"0";"0";"0";"1";"0";"Longo da via";"Bom";"Não existe";"Não existente";"Molhada";"Outros";"Não existe";"Não há placas";"";"Dupla";"Faixa seccionada";"Canteiro central";""
"4066";2020-12-28;"07:28:00";"COM VÍTIMA";"FINALIZADA";"BOA VIAGEM";"AVENIDA CELSO FURTADO (VIA MANGUE)";"";"";"NO FINAL DA VIA MANGUE- NA ALÇA DA ANTÔNIO FALCÃO.";"BOA VIAGEM";NA;"SUBURBIO";"ABALROAMENTO LONGITUDINAL";1;"1";"0";"0";"0";"0";"0";"0";"0";"2";"0";"Longo da via";"Bom";"Não existe";"Incompleta";"Seca";"Perfeito estado";"Não existe";"Não há placas";"";"Única";"Não existe";"";""
"4067";2020-12-28;"12:03:00";"COM VÍTIMA";"FINALIZADA";"BOA VIAGEM";"RUA ERNESTO DE PAULA SANTOS";"";"AV ENGENHEIRO DOMINGOS FERREIRA";"PROX A RESTAURANTE DOMINGOS FERREIRA";"BOA VIAGEM";"217";"SUBURBIO";"ABALROAMENTO TRANSVERSAL";1;"2";"0";"0";"0";"0";"0";"0";"0";"1";"0";"Cruzamento";"Bom";"Sem defeito";"Perfeito estado";"Seca";"Perfeito estado";"Faixa de retenção";"Não há placas";"60 km/h";"Única";"Faixa contínua";"";""
"4068";2020-12-28;"12:22:00";"SEM VÍTIMA";"FINALIZADA";"IMBIRIBEIRA";"AV MARECHAL MASCARENHAS DE MORAES";"";"RUA MIS JOEL CARLSON";"PRÓX AO DEPÓSITO DA LASER ELETRO";"IMBIRIBEIRA";"287";"";"COLISÃO";2;"0";"0";"0";"0";"0";"0";"0";"0";"0";"0";"Longo da via";"Bom";"Sem defeito";"Perfeito estado";"Seca";"Perfeito estado";"Não existe";"Não há placas";"60 KM/H";"Dupla";"Canteiro central";"";""
"4069";2020-12-28;"14:55:00";"SEM VÍTIMA";"FINALIZADA";"ARRUDA";"AV BEBERIBE";"";"";"EM FRENTE AO MERCADAO OLEO / PROX AO CAMPO DO ARRUDA";"ARRUDA";NA;"";"COLISÃO";NA;"0";"0";"0";"0";"1";"1";"0";"0";"0";"0";"Longo da via";"Bom";"Sem defeito";"Perfeito estado";"Seca";"Perfeito estado";"";"";"";"Dupla";"Faixa contínua";"";""
"4070";2020-12-28;"15:23:00";"COM VÍTIMA";"FINALIZADA";"BOA VIAGEM";"AV DOM JOAO VI";"";"";"AO LADO DO BIG BOMPREÇO.";"BOA VIAGEM";NA;"SUBURBIO";"ABALROAMENTO TRANSVERSAL";NA;"1";"0";"0";"0";"1";"0";"0";"0";"1";"0";"Longo da via";"Bom";"Sem defeito";"Perfeito estado";"Seca";"Perfeito estado";"Não existe";"Não há placas";"";"Única";"Não existe";"";""
"4071";2020-12-28;"16:26:00";"COM VÍTIMA";"FINALIZADA";"BOA VIAGEM";"RUA JOAO CARDOSO AIRES";"647";"RUA ALMIRANTE BATISTA LEAO";"PROX AO COLEGIO MADRE DE DEUS / PROX AO HAPVIDA DIAGNÓSTICOS.";"BOA VIAGEM";NA;"SUBURBIO";"ABALROAMENTO TRANSVERSAL";1;"1";"0";"0";"0";"0";"0";"0";"0";"1";"0";"Cruzamento";"Chuvoso";"Não existe";"Perfeito estado";"Seca";"Perfeito estado";"Não existe";"Placas Pare";"";"Única";"Não existe";"";""
"4072";2020-12-28;"16:42:00";"COM VÍTIMA";"FINALIZADA";"SANTO AMARO";"AV NORTE";"866";"";"EM FRENTE AO CENTRO DE JUVENTUDE E O CRAS";"SANTO AMARO";"397";"SUBURBIO";"ATROPELAMENTO";NA;"1";"0";"0";"1";"0";"0";"0";"0";"1";"0";"Longo da via";"Bom";"Sem defeito";"Perfeito estado";"Seca";"Perfeito estado";"Não existe";"Outras";"60 km/h";"Dupla";"Canteiro central";"";""
"4073";2020-12-28;"20:23:00";"COM VÍTIMA";"FINALIZADA";"IMBIRIBEIRA";"RUA JAMAICA";"71";"RUA IZABEL DE SOUZA";"EM FRENTE A BSS BLINDAGEM";"IMBIRIBEIRA";NA;"";"COLISÃO";1;"1";"0";"0";"0";"0";"0";"0";"0";"2";"0";"Cruzamento";"Bom";"Não existe";"Perfeito estado";"Seca";"Perfeito estado";"Não existe";"Placas Pare";"";"Única";"Faixa seccionada";"";""
"4074";2020-12-29;"07:20:00";"SEM VÍTIMA";"FINALIZADA";"BOA VISTA";"RUA JOSE DE ALENCAR";"";"RUA BARAO DE SAO BORJA";"POR TRAS DO SHOPPING BOA VISTA";"BOA VISTA";NA;"";"CAPOTAMENTO";2;"0";"0";"0";"0";"0";"0";"0";"0";"0";"0";"";"";"";"";"";"";"";"";"";"";"";"";""
"4075";2020-12-29;"10:22:00";"COM VÍTIMA";"FINALIZADA";"AREIAS";"RUA CAPITAO DOMINGOS DA COSTA";"555";"RUA AURORA CACOTE";"EM FRENTE AO SUPERMERCADO COBAL";"AREIAS";"569";"";"ATROPELAMENTO";1;"0";"0";"0";"1";"0";"0";"0";"0";"1";"0";"Cruzamento";"Bom";"Sem defeito";"";"Seca";"Perfeito estado";"Não existe";"R-19";"30 km/h";"Dupla";"Não existe";"";""
"4076";2020-12-29;"10:55:00";"COM VÍTIMA";"FINALIZADA";"ARRUDA";"RUA SAO BENTO";"195";"";"NA ENTRADA DA BOMBA DO HEMETERIO PROX AO POSTO DE GASOLINA DESATIVADO BR";"ARRUDA";NA;"SUBURBIO";"COLISÃO TRASEIRA";1;"1";"0";"0";"0";"0";"0";"0";"0";"1";"0";"Longo da via";"Bom";"Sem defeito";"Perfeito estado";"Seca";"Perfeito estado";"Outros";"Placas Pare";"";"Única";"Faixa seccionada";"";""
"4077";2020-12-29;"15:12:00";"COM VÍTIMA";"FINALIZADA";"ESPINHEIRO";"RUA QUARENTA E OITO";"347";"RUA DO ESPINHEIRO";"EM FRENTE A DELICATENSSEN ESPINHEIRO";"ESPINHEIRO";"166";"CIDADE";"ABALROAMENTO LONGITUDINAL";1;"1";"0";"0";"0";"0";"0";"0";"0";"1";"0";"Cruzamento";"Bom";"Sem defeito";"Perfeito estado";"Seca";"Perfeito estado";"Faixa de pedestre";"Outras";"";"Única";"Faixa seccionada";"";""
"4078";2020-12-29;"18:14:00";"COM VÍTIMA";"FINALIZADA";"SANTO ANTÔNIO";"AV GUARARAPES";"";"RUA DO SOL";"AO LADO DA AGENCIA DOS CORREIOS";"SANTO ANTÔNIO";"14";"CIDADE";"ATROPELAMENTO";NA;"0";"0";"0";"1";"1";"0";"0";"0";"1";"0";"Cruzamento";"Bom";"Sem defeito";"Perfeito estado";"Seca";"Perfeito estado";"Faixa de pedestre";"Outras";"60 km/h";"Única";"Faixa contínua";"";""
"4079";2020-12-29;"20:02:00";"SEM VÍTIMA";"FINALIZADA";"JORDÃO";"RUA DR ALVARO FERRAZ";"24";"";"PROX AO TERMINAL DO JORDAO";"JORDÃO";NA;"";"COLISÃO";NA;"1";"0";"0";"0";"0";"0";"1";"0";"0";"0";"Longo da via";"Bom";"Não existe";"Perfeito estado";"Seca";"Perfeito estado";"Não existe";"R-6a";"";"Única";"Não existe";"";""