"";"data";"hora";"natureza_acidente";"situacao";"bairro";"endereco";"numero";"detalhe_endereco_acidente";"complemento";"bairro_cruzamento";"num_semaforo";"sentido_via";"tipo";"auto";"moto";"ciclom";"ciclista";"pedestre";"onibus";"caminhao";"viatura";"outros";"vitimas";"vitimasfatais";"acidente_verificado";"tempo_clima";"situacao_semaforo";"sinalizacao";"condicao_via";"conservacao_via";"ponto_controle";"situacao_placa";"velocidade_max_via";"mao_direcao";"divisao_via1";"divisao_via2";"divisao_via3"
"4080";2020-12-30;"07:15:00";"COM VÍTIMA";"FINALIZADA";"IPUTINGA";"AV CAXANGA";"4068";"AV PROFESSOR JOAQUIM CAVALCANTI";"EMBAIXO DO VIADUTO AO LADFO DO BIG BOMPREÇO";"IPUTINGA";NA;"SUBURBIO";"COLISÃO";NA;"1";"0";"0";"0";"0";"0";"0";"0";"1";"0";"Longo da via";"Chuvoso";"Não existe";"Perfeito estado";"Molhada";"Perfeito estado";"Não existe";"Não há placas";"60 km/h";"Única";"";"";""
"4081";2020-12-30;"07:31:00";"COM VÍTIMA";"FINALIZADA";"CABANGA";"RUA JOAO PAULO II";"292";"";"NO FINAL DO VIADUTO CAPITÃO TEMUDO /SENTIDO BOA VIAGEM";"CABANGA";NA;"SUBURBIO";"COLISÃO TRASEIRA";1;"1";"0";"0";"0";"0";"0";"0";"0";"1";"0";"Viaduto";"Chuvoso";"Não existe";"Perfeito estado";"Molhada";"Perfeito estado";"Não existe";"Não há placas";"60 km/h";"Dupla";"Canteiro central";"";""
"4082";2020-12-30;"07:52:00";"COM VÍTIMA";"FINALIZADA";"LINHA DO TIRO";"RUA URIEL DE HOLANDA";"1541";"";"EM FRENTE AO ARMAZEM OLIVEIRA";"LINHA DO TIRO";NA;"SUBURBIO";"COLISÃO FRONTAL";1;"1";"0";"0";"0";"0";"0";"0";"0";"1";"0";"Longo da via";"Chuvoso";"Não existe";"Incompleta";"Molhada";"Perfeito estado";"Não existe";"Não há placas";"";"Dupla";"Não existe";"";""
"4083";2020-12-30;"08:41:00";"COM VÍTIMA";"FINALIZADA";"SÍTIO DOS PINTOS";"RUA PROF CLAUDIO SELVA";"135";"RUA DA JAQUEIRA";"";"SÍTIO DOS PINTOS";NA;"SUBURBIO";"TOMBAMENTO";NA;"0";"0";"1";"0";"0";"0";"0";"0";"1";"0";"Longo da via";"Bom";"Não existe";"Não existente";"Seca";"Perfeito estado";"Não existe";"Não há placas";"";"Dupla";"Não existe";"";""
"4084";2020-12-30;"11:51:00";"COM VÍTIMA";"FINALIZADA";"IBURA";"RUA PINTOR AGENOR DE ALBUQUERQUE CESAR";"705";"";"RUA DA COMPESA";"IBURA";NA;"SUBURBIO";"ABALROAMENTO TRANSVERSAL";1;"1";"0";"0";"0";"0";"0";"0";"0";"1";"0";"Longo da via";"Chuvoso";"Não existe";"Perfeito estado";"Molhada";"Perfeito estado";"Não existe";"Não há placas";"";"Dupla";"Não existe";"";""
"4085";2020-12-30;"14:04:00";"COM VÍTIMA";"FINALIZADA";"JORDÃO";"AV MARIA IRENE";"1672";"";"RROX AO POSTO IPIRANGA / PROX A FEIRA LIVRE DO JORDAO";"JORDÃO";NA;"";"COLISÃO TRASEIRA";1;"1";"0";"0";"0";"0";"0";"0";"0";"1";"0";"Cruzamento";"Bom";"Não existe";"Não existente";"Seca";"Perfeito estado";"Não existe";"Não há placas";"";"Dupla";"Não existe";"";""
"4086";2020-12-30;"15:43:00";"COM VÍTIMA";"FINALIZADA";"CAMPO GRANDE";"RUA PROFESSOR FRANCISCO DA TRINDADE";"290";"RUA SAO CAETANO";"APÓS O SUPERMERCADO STILOS / PRÓX À MISSÃO EVANGÉLICA PENTECOSTAL.";"CAMPO GRANDE";NA;"";"COLISÃO";1;"1";"0";"0";"0";"0";"0";"0";"0";"1";"0";"Cruzamento";"Bom";"Não existe";"Perfeito estado";"Seca";"Perfeito estado";"Não existe";"";"";"Dupla";"Não existe";"";""
"4087";2020-12-30;"17:26:00";"SEM VÍTIMA";"FINALIZADA";"TEJIPIÓ";"AV DR JOSE RUFINO";"";"";"PRÓX À ESTAÇÃO DE TEJIPIÓ";"TEJIPIÓ";NA;"SUBURBIO";"COLISÃO";2;"0";"0";"0";"0";"0";"0";"0";"0";"0";"0";"";"";"";"";"";"";"";"";"";"";"";"";""
"4088";2020-12-30;"17:30:00";"SEM VÍTIMA";"FINALIZADA";"DERBY";"AV GOVERNADOR AGAMENON MAGALHAES";"";"RUA JOAQUIM NABUCO";"AO LADO DO HOSPITAL DA RESTAURAÇÃO";"DERBY";NA;"";"COLISÃO";1;"0";"0";"0";"0";"0";"0";"1";"0";"0";"0";"";"";"";"";"";"";"";"";"";"";"";"";""
"4089";2020-12-30;"18:57:00";"SEM VÍTIMA";"CANCELADA";"ARRUDA";"AV PROFESSOR JOSE DOS ANJOS";"";"AV BEBERIBE";"";"ARRUDA";"131";"";"COLISÃO";4;"0";"0";"0";"0";"0";"0";"0";"0";"0";"0";"";"";"";"";"";"";"";"";"";"";"";"";""
"4090";2020-12-30;"20:38:00";"COM VÍTIMA";"FINALIZADA";"MANGABEIRA";"AV NORTE";"4560";"";"EM FRENTE AO SESC DE CASA AMARELA/VÍTIMA JÁ SOCORRIDA";"MANGABEIRA";NA;"";"ATROPELAMENTO";1;"0";"0";"0";"1";"0";"0";"0";"0";"1";"0";"Longo da via";"Bom";"";"Perfeito estado";"Seca";"Perfeito estado";"Não existe";"Outras";"";"Dupla";"Canteiro central";"";""
"4091";2020-12-31;"15:47:00";"COM VÍTIMA";"FINALIZADA";"CASA AMARELA";"EST DAS UBAIAS";"147";"";"";"CASA AMARELA";NA;"CIDADE";"COLISÃO FRONTAL";1;"1";"0";"0";"0";"0";"0";"0";"0";"1";"0";"Longo da via";"Bom";"Não existe";"Perfeito estado";"Seca";"Perfeito estado";"Não existe";"Outras";"";"Dupla";"Não existe";"";""
"4092";2020-12-31;"21:48:00";"COM VÍTIMA";"FINALIZADA";"CAMPINA DO BARRETO";"AV PROFESSOR JOSE DOS ANJOS";"";"";"E/F A ACADEMIA DA CHAO DE ESTRELA";"CAMPINA DO BARRETO";NA;"SUBURBIO";"COLISÃO FRONTAL";NA;"2";"0";"0";"0";"0";"0";"0";"0";"4";"0";"Longo da via";"Nublado";"Não existe";"Perfeito estado";"Seca";"Perfeito estado";"Não existe";"Outras";"";"Dupla";"Faixa seccionada";"";""
"4093";2021-01-01;"19:44:00";"COM VÍTIMA";"FINALIZADA";"MADALENA";"RUA BENFICA";"";"";"EM FRENTE AO EXTRA NA SAIDA";"MADALENA";"";"SUBURBIO";"COLISÃO FRONTAL";1;"1";"0";"0";"0";"0";"0";"0";"0";"1";"0";"Longo da via";"Bom";"Não existe";"Perfeito estado";"Seca";"Perfeito estado";"Outros";"Não há placas";"";"Dupla";"Faixa contínua";"Faixa seccionada";""
"4094";2021-01-01;"23:15:40";"COM VÍTIMA";"FINALIZADA";"VÁRZEA";"AV CAXANGA";"";"RUA GASTAO VIDIGAL";"EM FRENTE A UPA DA CAXANGA";"VÁRZEA";"281";"CIDADE";"COLISÃO TRASEIRA";2;"0";"0";"0";"0";"0";"0";"0";"0";"1";"0";"Cruzamento";"Bom";"Sem defeito";"Perfeito estado";"Oleosa";"Perfeito estado";"Outros";"Outras";"";"Única";"Não existe";"";""
"4095";2021-01-02;"10:54:00";"COM VÍTIMA";"FINALIZADA";"VASCO DA GAMA";"RUA RESPLENDOR";"353";"";"AO  LADO  DO  COLEGIO ADERBAL  GALVÃO  EM  FRENTE  AO  CONJUNTO RESIDENCIAL  ADERBAL  GALVÃO";"VASCO DA GAMA";"";"";"COLISÃO COM CICLISTA";1;"1";"0";"1";"0";"0";"0";"0";"0";"1";"0";"Longo da via";"Bom";"Não existe";"Incompleta";"Seca";"Perfeito estado";"Não existe";"Não há placas";"";"Dupla";"Não existe";"";""
"4096";2021-01-02;"11:13:00";"COM VÍTIMA";"FINALIZADA";"BOA VIAGEM";"RUA VISCONDE DE JEQUITINHONHA";"22";"RUA CAPITAO ZUZINHA";"RUA CAPITÃO ZUZINHA";"BOA VIAGEM";"";"SUBURBIO";"COLISÃO LATERAL";1;"1";"0";"0";"0";"0";"0";"0";"0";"1";"0";"Longo da via";"Bom";"Sem defeito";"Perfeito estado";"Seca";"Perfeito estado";"Faixa de pedestre";"Outras";"";"Única";"Canal";"";""
"4097";2021-01-03;"09:32:00";"COM VÍTIMA";"FINALIZADA";"ILHA DO RETIRO";"AV ENGENHEIRO ABDIAS DE CARVALHO";"365";"";"EM FRENTE A LANCHONETE COXINHAS DE BATATA";"ILHA DO RETIRO";"";"";"COLISÃO LATERAL";1;"1";"0";"0";"0";"0";"0";"0";"0";"2";"0";"Longo da via";"Bom";"Sem defeito";"Perfeito estado";"Seca";"Perfeito estado";"Faixa de pedestre";"Outras";"60 km/h";"Dupla";"Faixa contínua";"Faixa seccionada";"Canteiro central"
"4098";2021-01-03;"11:07:00";"SEM VÍTIMA";"FINALIZADA";"CASA AMARELA";"RUA OSCAR DE BARROS";"126";"";"POSTO DE SAÚDE PROFESSOR MARIO RAMOS";"CASA AMARELA";"";"SUBURBIO";"CHOQUE";1;"0";"0";"0";"0";"0";"0";"0";"0";"0";"0";"Longo da via";"Bom";"Não existe";"Perfeito estado";"Seca";"Perfeito estado";"Não existe";"R-6a";"";"Única";"Não existe";"";""
"4099";2021-01-03;"15:00:00";"COM VÍTIMA";"FINALIZADA";"BOA VIAGEM";"RUA VISCONDE DE JEQUITINHONHA";"";"";"PRÓX AO EDIFÍCIO PAINEIRAS E STEAKS ESPETINHO";"BOA VIAGEM";"";"";"COLISÃO LATERAL";1;"1";"0";"0";"0";"0";"0";"0";"0";"1";"0";"Longo da via";"Bom";"Não existe";"Perfeito estado";"Seca";"Perfeito estado";"Não existe";"Não há placas";"40 km/h";"Única";"Faixa contínua";"Faixa seccionada";""
"4100";2021-01-03;"15:39:00";"SEM VÍTIMA";"FINALIZADA";"IPSEP";"RUA JEAN EMILE FAVRE";"750";"RUA POTENGY";"FARMÁCIA DIARIAMENTE / GALERIA MARIA DE LOURDES";"IPSEP";"564";"SUBURBIO";"COLISÃO TRANSVERSAL";2;"0";"0";"0";"0";"0";"0";"0";"0";"0";"0";"Cruzamento";"Bom";"Sem defeito";"Perfeito estado";"Seca";"Perfeito estado";"Faixa de pedestre";"R-6a";"";"Dupla";"Faixa contínua";"";""
"4101";2021-01-03;"21:19:40";"SEM VÍTIMA";"FINALIZADA";"ESPINHEIRO";"RUA DO ESPINHEIRO";"";"RUA SANTO ELIAS";"PROX AO POSTO DE GASOLINA IPIRANGA";"ESPINHEIRO";"";"";"COLISÃO TRANSVERSAL";2;"0";"0";"0";"0";"0";"0";"0";"0";"0";"0";"Cruzamento";"Bom";"Não existe";"Perfeito estado";"Seca";"Perfeito estado";"Faixa de pedestre";"R-6a";"";"Única";"Faixa seccionada";"";""
"4102";2021-01-04;"09:56:00";"COM VÍTIMA";"FINALIZADA";"ENCRUZILHADA";"RUA FERNANDO CESAR";"338";"RUA DR JOSE MARIA";"AO LADO DO MV AUTOMÓVEIS";"ENCRUZILHADA";"45";"CIDADE";"COLISÃO TRANSVERSAL";1;"1";"0";"0";"0";"0";"0";"0";"0";"1";"0";"Cruzamento";"Bom";"Sem defeito";"Perfeito estado";"Seca";"Perfeito estado";"Faixa de pedestre";"Outras";"";"Única";"Não existe";"";""
"4103";2021-01-04;"10:26:00";"SEM VÍTIMA";"FINALIZADA";"SÃO JOSÉ";"RUA IMPERIAL";"1600";"";"EM FRENTE";"SÃO JOSÉ";"";"SUBURBIO";"CHOQUE";0;"0";"0";"0";"0";"0";"1";"0";"0";"0";"0";"Longo da via";"Chuvoso";"Não existe";"Perfeito estado";"Molhada";"Mal conservada";"Não existe";"Não há placas";"";"Única";"Não existe";"";""
"4104";2021-01-04;"10:28:00";"SEM VÍTIMA";"FINALIZADA";"DERBY";"AV GOVERNADOR AGAMENON MAGALHAES";"";"RUA JOAQUIM NABUCO";"HOSPITAL DA RESTAURAÇÃO";"DERBY";"174";"SUBURBIO";"COLISÃO TRANSVERSAL";2;"0";"0";"0";"0";"0";"0";"0";"0";"0";"0";"Cruzamento";"Chuvoso";"Sem defeito";"Perfeito estado";"Molhada";"Perfeito estado";"Faixa de pedestre";"Não há placas";"";"Dupla";"Canal";"";""
"4105";2021-01-04;"10:44:00";"COM VÍTIMA";"FINALIZADA";"SANTO ANTÔNIO";"C SANTA RITA";"";"";"EM FRENTE AS TORRES GÊMEAS";"SANTO ANTÔNIO";"";"";"TOMBAMENTO";1;"1";"0";"0";"0";"0";"0";"0";"0";"1";"0";"Longo da via";"Bom";"Não existe";"Perfeito estado";"Seca";"Perfeito estado";"Outros";"Não há placas";"60 km/h";"Dupla";"Canteiro central";"";""
"4106";2021-01-04;"16:05:00";"COM VÍTIMA";"FINALIZADA";"DERBY";"AV GOVERNADOR AGAMENON MAGALHAES";"";"";"E/F A PRAÇA DO DERBY S/T  BOA VIAGEM";"DERBY";"";"";"COLISÃO FRONTAL";1;"1";"0";"0";"0";"0";"0";"0";"0";"1";"0";"Longo da via";"Bom";"Sem defeito";"Perfeito estado";"Seca";"Perfeito estado";"Faixa de pedestre";"Não há placas";"60 km/h";"Dupla";"Canteiro central";"";""
"4107";2021-01-05;"08:25:00";"COM VÍTIMA";"FINALIZADA";"SÃO JOSÉ";"VDO DAS CINCO PONTAS";"";"";"SOBRE O VIADUTO DO FORTE DAS CINCO PONTAS";"SÃO JOSÉ";"";"SUBURBIO";"COLISÃO LATERAL";1;"1";"0";"0";"0";"0";"0";"0";"0";"1";"0";"Viaduto";"Bom";"Não existe";"Ilegível";"Seca";"Perfeito estado";"Não existe";"Não há placas";"40 km/h";"Dupla";"Canteiro central";"";""
"4108";2021-01-05;"10:48:00";"COM VÍTIMA";"FINALIZADA";"PINA";"AV ENGENHEIRO DOMINGOS FERREIRA";"";"";"EM FRENTE AO ARMAZEM CORAL";"PINA";"";"";"ATROPELAMENTO";0;"1";"0";"0";"1";"0";"0";"0";"0";"1";"0";"Longo da via";"Bom";"Não existe";"Perfeito estado";"Seca";"Perfeito estado";"Não existe";"Não há placas";"60 km/h";"Única";"Faixa contínua";"";""
"4109";2021-01-05;"11:15:00";"COM VÍTIMA";"FINALIZADA";"AFOGADOS";"RUA SAO MIGUEL";"";"1 TRV JUSTICA E PAZ";"qui";"AFOGADOS";"";"SUBURBIO";"COLISÃO TRANSVERSAL";2;"0";"0";"0";"0";"0";"0";"0";"0";"1";"0";"Cruzamento";"Bom";"Sem defeito";"";"Seca";"Perfeito estado";"Faixa de pedestre";"Outras";"40 km/h";"Dupla";"Faixa contínua";"";""
"4110";2021-01-05;"14:09:00";"SEM VÍTIMA";"FINALIZADA";"BOA VIAGEM";"AV BOA VIAGEM";"802";"";"EM FRENTE AO ARCÁDIA RECEPÇÕES";"BOA VIAGEM";"";"";"COLISÃO";2;"0";"0";"0";"0";"0";"0";"0";"0";"0";"0";"";"";"";"";"";"";"";"";"";"";"";"";""
"4111";2021-01-05;"16:24:00";"COM VÍTIMA";"FINALIZADA";"AFOGADOS";"RUA SAO MIGUEL";"";"";"PROX AO BODE DO NÓ";"AFOGADOS";"";"";"COLISÃO LATERAL";1;"1";"0";"0";"0";"0";"0";"0";"0";"1";"0";"Longo da via";"Bom";"Sem defeito";"";"";"";"Não existe";"Não há placas";"";"Dupla";"Faixa contínua";"";""
"4112";2021-01-05;"17:35:00";"COM VÍTIMA";"FINALIZADA";"ROSARINHO";"AV NORTE";"";"";"DEFRONTE A PADARIA ROSARINHO";"ROSARINHO";"";"SUBURBIO";"COLISÃO TRASEIRA";1;"1";"0";"0";"0";"0";"0";"0";"0";"1";"0";"Longo da via";"Bom";"Não existe";"Perfeito estado";"Seca";"Perfeito estado";"Faixa de pedestre";"Outras";"";"Dupla";"Faixa seccionada";"";""
"4113";2021-01-05;"18:37:00";"COM VÍTIMA";"CANCELADA";"IPSEP";"AV RECIFE";"";"RUA JEAN EMILE FAVRE";"";"IPSEP";"";"";"COLISÃO";1;"1";"0";"0";"0";"0";"0";"0";"0";"1";"0";"";"";"";"";"";"";"";"";"";"";"";"";""
"4114";2021-01-06;"08:02:00";"COM VÍTIMA";"FINALIZADA";"MUSTARDINHA";"RUA DR ARMANDO TAVARES";"111";"RUA NATALINO TEIXEIRA";"PROX. AO ESPETINHO DO PITECO";"MUSTARDINHA";"";"";"COLISÃO TRANSVERSAL";1;"1";"0";"0";"0";"0";"0";"0";"0";"1";"0";"Cruzamento";"Bom";"Não existe";"Não existente";"Seca";"Perfeito estado";"Não existe";"Não há placas";"";"Dupla";"Não existe";"";""
"4115";2021-01-06;"08:11:00";"SEM VÍTIMA";"FINALIZADA";"SANTO AMARO";"RUA TREZE DE MAIO";"";"RUA FREI CASSIMIRO";"EM FRENTE BORRACHARIA";"SANTO AMARO";"";"";"COLISÃO LATERAL";1;"0";"0";"0";"0";"0";"0";"1";"0";"0";"0";"Longo da via";"Bom";"Não existe";"Incompleta";"Seca";"Mal conservada";"Não existe";"Outras";"40km/h";"Dupla";"Faixa contínua";"";""
"4116";2021-01-06;"08:15:00";"COM VÍTIMA";"FINALIZADA";"DERBY";"AV GOVERNADOR AGAMENON MAGALHAES";"";"";"APOS  O HOSPITAL  DA RESTAURAÇÃO   NO SENTIDO  BOA  VIAGEM    DE  ESQUINA  COM  A  PRAÇA  DO  DERBY";"DERBY";"";"";"COLISÃO LATERAL";1;"1";"0";"0";"0";"0";"0";"0";"0";"1";"0";"Longo da via";"Bom";"Não existe";"Perfeito estado";"Seca";"Perfeito estado";"Não existe";"Não há placas";"60 km/h";"Única";"Faixa seccionada";"";""
"4117";2021-01-06;"15:22:00";"COM VÍTIMA";"FINALIZADA";"CASA AMARELA";"AV NORTE";"";"RUA GUIMARAES PEIXOTO";"RUA GUIMARÃES PEIXOTO";"CASA AMARELA";"";"";"COLISÃO TRASEIRA";0;"2";"0";"0";"0";"0";"0";"0";"0";"1";"0";"Longo da via";"Bom";"Sem defeito";"Perfeito estado";"Seca";"Perfeito estado";"Faixa de pedestre";"Outras";"";"";"Não existe";"";""
"4118";2021-01-06;"17:32:00";"COM VÍTIMA";"CANCELADA";"IMBIRIBEIRA";"AV MARECHAL MASCARENHAS DE MORAES";"";"";"E/F AOS CORREIOS S/T PRAZERES PROX A FACULDADE UNIVERSO";"IMBIRIBEIRA";"";"";"COLISÃO COM CICLISTA";0;"0";"0";"1";"0";"1";"0";"0";"0";"1";"0";"";"";"";"";"";"";"";"";"";"";"";"";""
"4119";2021-01-06;"21:17:40";"COM VÍTIMA";"FINALIZADA";"BOA VIAGEM";"RUA DOS NAVEGANTES";"";"";"E/F AO EDFC  HOLIDAY";"BOA VIAGEM";"";"";"COLISÃO TRANSVERSAL";1;"1";"0";"0";"0";"0";"0";"0";"0";"1";"0";"Cruzamento";"Bom";"Não existe";"Perfeito estado";"Seca";"Perfeito estado";"Faixa de retenção";"Placas ""Pare""";"";"Única";"Outros";"";""
"4120";2021-01-07;"06:55:00";"COM VÍTIMA";"FINALIZADA";"TORRÕES";"AV ENGENHEIRO ABDIAS DE CARVALHO";"300";"";"EM FRENTE A UPA/LADO OPOSTO";"TORRÕES";"";"CIDADE";"COLISÃO LATERAL";1;"1";"0";"0";"0";"0";"0";"0";"0";"1";"0";"Longo da via";"Bom";"Não existe";"Perfeito estado";"Seca";"Perfeito estado";"Não existe";"Não há placas";"";"Dupla";"Canteiro central";"Faixa seccionada";""
"4121";2021-01-07;"07:48:00";"COM VÍTIMA";"FINALIZADA";"DERBY";"AV GOVERNADOR AGAMENON MAGALHAES";"";"RUA DR LEOPOLDO LINS";"";"DERBY";"";"";"COLISÃO TRASEIRA";1;"1";"0";"0";"0";"0";"0";"0";"0";"1";"0";"Longo da via";"Bom";"Sem defeito";"Perfeito estado";"Seca";"Perfeito estado";"Faixa de pedestre";"Não há placas";"60 km/h";"Dupla";"Faixa contínua";"";""
"4122";2021-01-07;"08:47:00";"SEM VÍTIMA";"FINALIZADA";"TAMARINEIRA";"RUA CORONEL URIEL SERGIO GARDIM";"54";"";"ACADEMIA ARMY CROSSFIT";"TAMARINEIRA";"";"SUBURBIO";"COLISÃO LATERAL";2;"0";"0";"0";"0";"0";"0";"0";"0";"0";"0";"Longo da via";"Bom";"";"Incompleta";"Seca";"Perfeito estado";"Faixa de pedestre";"Outras";"";"Dupla";"Não existe";"";""
"4123";2021-01-07;"09:39:00";"COM VÍTIMA";"FINALIZADA";"GRAÇAS";"AV RUI BARBOSA";"";"RUA DAS GRACAS";"EM FRENTE AO COLEGIO AGNES";"GRAÇAS";"";"";"CAPOTAMENTO";0;"1";"0";"0";"0";"0";"0";"0";"0";"1";"0";"Cruzamento";"Chuvoso";"Sem defeito";"Perfeito estado";"Molhada";"Perfeito estado";"Faixa de pedestre";"Não há placas";"60 km/h";"Única";"Faixa contínua";"";""
"4124";2021-01-07;"09:55:00";"SEM VÍTIMA";"FINALIZADA";"GRAÇAS";"AV GOVERNADOR AGAMENON MAGALHAES";"";"RUA JOAQUIM NABUCO";"";"GRAÇAS";"";"";"COLISÃO";1;"0";"0";"0";"0";"0";"0";"1";"0";"0";"0";"";"";"";"";"";"";"";"";"";"";"";"";""
"4125";2021-01-07;"11:38:00";"COM VÍTIMA";"FINALIZADA";"ESPINHEIRO";"RUA DA HORA";"";"";"ESQUINA DO CERPE";"ESPINHEIRO";"";"";"COLISÃO LATERAL";1;"1";"0";"0";"0";"0";"0";"0";"0";"1";"0";"Cruzamento";"Bom";"Sem defeito";"Perfeito estado";"Seca";"Perfeito estado";"Faixa de pedestre";"Outras";"";"Única";"Faixa contínua";"Faixa seccionada";""
"4126";2021-01-07;"17:50:00";"COM VÍTIMA";"FINALIZADA";"CASA AMARELA";"AV NORTE";"";"";"PRÓX À UPINHA";"CASA AMARELA";"";"";"COLISÃO COM CICLISTA";1;"0";"0";"1";"0";"0";"0";"0";"0";"1";"0";"Longo da via";"Bom";"Não existe";"Perfeito estado";"Seca";"Perfeito estado";"Não existe";"Outras";"";"Dupla";"Faixa seccionada";"Canteiro central";""
"4127";2021-01-07;"18:21:00";"COM VÍTIMA";"FINALIZADA";"PARNAMIRIM";"RUA DA HARMONIA";"";"EST DO ENCANAMENTO";"";"PARNAMIRIM";"";"";"COLISÃO TRANSVERSAL";0;"2";"0";"0";"0";"0";"0";"0";"0";"2";"0";"Cruzamento";"Bom";"Sem defeito";"Perfeito estado";"Seca";"Perfeito estado";"Faixa de pedestre";"Outras";"";"Única";"Não existe";"";""
"4128";2021-01-08;"08:01:00";"COM VÍTIMA";"FINALIZADA";"SAN MARTIN";"AV ENGENHEIRO ABDIAS DE CARVALHO";"";"RUA QUINZE DE MARCO";"PRAÇA DA CHESF";"SAN MARTIN";"";"";"COLISÃO LATERAL";0;"2";"0";"0";"0";"0";"0";"0";"0";"1";"0";"Longo da via";"Bom";"Sem defeito";"Perfeito estado";"Seca";"Perfeito estado";"Faixa de pedestre";"Não há placas";"";"Única";"Canteiro central";"";""
"4129";2021-01-08;"13:18:00";"COM VÍTIMA";"FINALIZADA";"IPSEP";"AV RECIFE";"3532";"";"EM FRENTE AO POSTO IPIRANGA/ SENTIDO BOA VIAGEM";"IPSEP";"";"";"COLISÃO LATERAL";1;"1";"0";"0";"0";"0";"0";"0";"0";"1";"0";"Longo da via";"Bom";"Não existe";"Perfeito estado";"Seca";"Perfeito estado";"Não existe";"Não há placas";"";"Dupla";"Faixa seccionada";"";""
"4130";2021-01-08;"21:56:40";"COM VÍTIMA";"FINALIZADA";"PINA";"AV HERCULANO BANDEIRA";"627";"";"PROX A CAIXA ECONOMICA";"PINA";"";"";"COLISÃO TRASEIRA";1;"1";"0";"0";"0";"0";"0";"0";"0";"1";"0";"Cruzamento";"Bom";"Não existe";"Perfeito estado";"Seca";"Perfeito estado";"Não existe";"Outras";"";"Única";"Faixa seccionada";"";""
"4131";2021-01-09;"11:56:00";"SEM VÍTIMA";"FINALIZADA";"BOA VISTA";"AV CONDE DA BOA VISTA";"1410";"";"PRÓXIMO À RUA PADRE INGLÊS";"BOA VISTA";"";"";"COLISÃO";1;"1";"0";"0";"0";"0";"0";"0";"0";"0";"0";"";"";"";"";"";"";"";"";"";"";"";"";""
"4132";2021-01-09;"12:19:00";"COM VÍTIMA";"FINALIZADA";"BOA VIAGEM";"AV ARMINDO MOURA";"";"RUA VISCONDE DE JEQUITINHONHA";"PRÓX AO COMAR II";"BOA VIAGEM";"";"";"COLISÃO LATERAL";1;"1";"0";"0";"0";"0";"0";"0";"0";"1";"0";"Cruzamento";"Bom";"Sem defeito";"Perfeito estado";"Seca";"Perfeito estado";"Faixa de pedestre";"Outras";"";"Única";"Faixa seccionada";"Canal";""
"4133";2021-01-09;"12:36:00";"SEM VÍTIMA";"FINALIZADA";"BRASÍLIA TEIMOSA";"AV BRASILIA FORMOSA";"";"";"PRAIA BURACO DA VÉIA / PRÓX À LOJA GOUVEIA";"BRASÍLIA TEIMOSA";"";"";"COLISÃO LATERAL";2;"0";"0";"0";"0";"0";"0";"0";"0";"0";"0";"Longo da via";"Bom";"Não existe";"Perfeito estado";"Seca";"Perfeito estado";"Não existe";"";"";"";"";"";""
"4134";2021-01-09;"14:02:00";"COM VÍTIMA";"FINALIZADA";"ÁGUA FRIA";"RUA SAO BENTO";"";"AV BEBERIBE";"EM BAIXO DO SEMAFORO 064";"ÁGUA FRIA";"64";"";"COLISÃO LATERAL";1;"1";"0";"0";"0";"0";"0";"0";"0";"1";"0";"Cruzamento";"Bom";"Sem defeito";"Perfeito estado";"Seca";"Perfeito estado";"Faixa de pedestre";"Não há placas";"";"Dupla";"Faixa contínua";"";""
"4135";2021-01-09;"14:10:00";"COM VÍTIMA";"FINALIZADA";"BOA VIAGEM";"RUA VISCONDE DE JEQUITINHONHA";"";"AV ARMINDO MOURA";"PRÓX AO COMAR II";"BOA VIAGEM";"";"";"COLISÃO TRANSVERSAL";0;"2";"0";"0";"0";"0";"0";"0";"0";"3";"0";"Cruzamento";"Bom";"Sem defeito";"Perfeito estado";"Seca";"Perfeito estado";"Faixa de pedestre";"Outras";"";"Única";"Faixa seccionada";"";""
"4136";2021-01-09;"14:21:00";"COM VÍTIMA";"FINALIZADA";"SANTO AMARO";"AV CRUZ CABUGA";"";"AV NORTE";"EM FRENTE AO PREDIO DO SENAI";"SANTO AMARO";"34";"CIDADE";"COLISÃO TRANSVERSAL";4;"0";"0";"0";"0";"0";"0";"0";"0";"1";"0";"Cruzamento";"Bom";"Sem defeito";"Perfeito estado";"Seca";"Perfeito estado";"Faixa de pedestre";"";"";"Dupla";"Faixa contínua";"Faixa seccionada";""
"4137";2021-01-09;"14:24:00";"SEM VÍTIMA";"CANCELADA";"CAMPINA DO BARRETO";"RUA MARCILIO DIAS";"110";"";"NA ENTRADA DO POINT BURGUER";"CAMPINA DO BARRETO";"";"";"COLISÃO";1;"1";"0";"0";"0";"0";"0";"0";"0";"0";"0";"";"";"";"";"";"";"";"";"";"";"";"";""