"";"data";"hora";"natureza_acidente";"situacao";"bairro";"endereco";"numero";"detalhe_endereco_acidente";"complemento";"bairro_cruzamento";"num_semaforo";"sentido_via";"tipo";"auto";"moto";"ciclom";"ciclista";"pedestre";"onibus";"caminhao";"viatura";"outros";"vitimas";"vitimasfatais";"acidente_verificado";"tempo_clima";"situacao_semaforo";"sinalizacao";"condicao_via";"conservacao_via";"ponto_controle";"situacao_placa";"velocidade_max_via";"mao_direcao";"divisao_via1";"divisao_via2";"divisao_via3"
"4260";2021-01-26;"17:18:00";"COM VÍTIMA";"FINALIZADA";"DOIS IRMÃOS";"RUA RIBEIRO PESSOA";"733";"";"PROX A UPA DA CAXANGA";"DOIS IRMÃOS";"";"SUBURBIO";"COLISÃO TRANSVERSAL";1;"1";"0";"0";"0";"0";"0";"0";"0";"2";"0";"Longo da via";"Chuvoso";"Não existe";"Incompleta";"Seca";"Perfeito estado";"Não existe";"R-6a";"";"Dupla";"Não existe";"";""
"4261";2021-01-26;"17:41:00";"SEM VÍTIMA";"FINALIZADA";"MUSTARDINHA";"RUA VINTE E UM DE ABRIL";"";"";"EM FRENTE AO CAFÉ PETINHO";"MUSTARDINHA";"";"";"COLISÃO LATERAL";0;"0";"0";"0";"0";"0";"0";"0";"0";"0";"0";"Longo da via";"Bom";"Sem defeito";"Perfeito estado";"Seca";"Perfeito estado";"Outros";"Outras";"";"Dupla";"Outros";"";""
"4262";2021-01-26;"17:43:00";"COM VÍTIMA";"FINALIZADA";"BOA VIAGEM";"AV ENGENHEIRO DOMINGOS FERREIRA";"1818";"";"EM FRENTE AO EXTRA";"BOA VIAGEM";"";"SUBURBIO";"COLISÃO TRASEIRA";1;"1";"0";"0";"0";"0";"0";"0";"0";"1";"0";"Longo da via";"Chuvoso";"Não existe";"Perfeito estado";"Molhada";"Perfeito estado";"Não existe";"R-19";"60 km/h";"Única";"Faixa seccionada";"Canteiro central";""
"4263";2021-01-26;"20:48:00";"COM VÍTIMA";"FINALIZADA";"CAMPO GRANDE";"EST DE BELEM";"866";"RUA PADRE CAPISTRANO";"E/F A SUBWAY E POSTO PETRONAC";"CAMPO GRANDE";"";"CIDADE";"COLISÃO TRANSVERSAL";1;"1";"0";"0";"0";"0";"0";"0";"0";"2";"0";"Longo da via";"Chuvoso";"Não existe";"Perfeito estado";"Molhada";"Perfeito estado";"Não existe";"";"";"Dupla";"Faixa contínua";"Faixa seccionada";""
"4264";2021-01-26;"22:45:40";"SEM VÍTIMA";"CANCELADA";"JORDÃO";"RUA EMILIO MONTEIRO FONSECA";"838";"";"";"JORDÃO";"";"";"COLISÃO";2;"0";"0";"0";"0";"0";"0";"0";"0";"0";"0";"";"";"";"";"";"";"";"";"";"";"";"";""
"4265";2021-01-27;"07:19:00";"COM VÍTIMA";"FINALIZADA";"BAIRRO DO RECIFE";"AV MILITAR";"";"";"EM  FRENTE a unidade de segurança quarda portuaria. MEMORIAL DE JUSTIÇA DE PERNAMBUCO.";"BAIRRO DO RECIFE";"";"SUBURBIO";"COLISÃO LATERAL";0;"1";"0";"0";"0";"0";"0";"1";"0";"1";"0";"Longo da via";"Chuvoso";"Não existe";"Perfeito estado";"Molhada";"Perfeito estado";"Faixa de pedestre";"R-6a";"";"Única";"Faixa seccionada";"";""
"4266";2021-01-27;"08:55:00";"SEM VÍTIMA";"FINALIZADA";"CABANGA";"AV ENGENHEIRO JOSE ESTELITA";"S/N";"PRC GOVERNADOR PAULO GUERRA";"AO LADO DO CABANGA IATE CLUB - PISTA OESTE SENTIDO ILHA JOANA BEZERRA";"CABANGA";"";"DERBY";"COLISÃO TRASEIRA";2;"0";"0";"0";"0";"0";"0";"0";"0";"0";"0";"";"";"";"";"";"";"";"";"";"";"";"";""
"4267";2021-01-27;"10:25:00";"COM VÍTIMA";"FINALIZADA";"SANTO AMARO";"AV GOVERNADOR AGAMENON MAGALHAES";"2656";"";"DESCIDA DO VADUTO SENT DERBY / EM FRENTE AO RESIDENCIAL VIDAL DE NEGREIROS / PISTA LOCAL. EMPRESARIAL AGAMENON MAGALHÃES.";"SANTO AMARO";"";"SUBURBIO";"COLISÃO LATERAL";1;"1";"0";"0";"0";"0";"0";"0";"0";"1";"0";"Longo da via";"Bom";"Não existe";"Perfeito estado";"Seca";"Perfeito estado";"Não existe";"Outras";"";"Dupla";"Canteiro central";"";""
"4268";2021-01-27;"10:31:00";"SEM VÍTIMA";"FINALIZADA";"MADALENA";"RUA BENFICA";"98";"RUA SPORT CLUBE DO RECIFE";"";"MADALENA";"";"SUBURBIO";"COLISÃO";1;"0";"0";"0";"0";"0";"1";"0";"0";"0";"0";"";"";"";"";"";"";"";"";"";"";"";"";""
"4269";2021-01-27;"12:10:00";"SEM VÍTIMA";"FINALIZADA";"JAQUEIRA";"AV RUI BARBOSA";"";"";"AO LADO DO PARQUE DA JAQUEIRA";"JAQUEIRA";"";"CIDADE";"CHOQUE";1;"0";"0";"0";"0";"0";"0";"0";"0";"0";"0";"Longo da via";"Chuvoso";"Não existe";"Perfeito estado";"Molhada";"Perfeito estado";"Não existe";"Não há placas";"40 km/h";"Única";"Faixa seccionada";"";""
"4270";2021-01-27;"13:17:00";"COM VÍTIMA";"FINALIZADA";"SANTO AMARO";"AV CRUZ CABUGA";"165";"RUA CAPITAO LIMA";"EM FRENTE IGREJA UNIVERSAL GRAÇA DE DEUS";"SANTO AMARO";"";"SUBURBIO";"COLISÃO COM CICLISTA";1;"0";"0";"1";"0";"0";"0";"0";"0";"1";"0";"Longo da via";"Chuvoso";"Não existe";"Perfeito estado";"Seca";"Perfeito estado";"Não existe";"Outras";"";"Dupla";"Faixa contínua";"";""
"4271";2021-01-27;"14:11:00";"COM VÍTIMA";"FINALIZADA";"AFOGADOS";"RUA COSME VIANA";"";"RUA CORONEL ALFREDO DUARTE";"PROX AO POSTO SETA / PROX AO SEMAFORO 430";"AFOGADOS";"430";"SUBURBIO";"COLISÃO FRONTAL";0;"1";"0";"0";"0";"0";"1";"0";"0";"1";"0";"Cruzamento";"Bom";"Sem defeito";"Perfeito estado";"Seca";"Perfeito estado";"Faixa de pedestre";"Não há placas";"60 km/h";"Única";"Faixa contínua";"Faixa seccionada";""
"4272";2021-01-27;"14:37:00";"SEM VÍTIMA";"FINALIZADA";"PINA";"AV ANTONIO DE GOES";"742";"RUA MANOEL DE BRITO";"EMPRESARIAL DOPIN";"PINA";"103";"CIDADE";"COLISÃO TRASEIRA";2;"0";"0";"0";"0";"0";"0";"0";"0";"0";"0";"Longo da via";"Bom";"Sem defeito";"Perfeito estado";"Seca";"Perfeito estado";"Faixa de pedestre";"R-19";"60 km/h";"Única";"Canteiro central";"";""
"4273";2021-01-27;"16:01:00";"COM VÍTIMA";"FINALIZADA";"PINA";"AV BOA VIAGEM";"1140";"";"EM FRENTE AO MARANTE PLAZA HOTEL";"PINA";"118";"CIDADE";"COLISÃO COM CICLISTA";1;"0";"0";"1";"0";"0";"0";"0";"0";"1";"0";"Longo da via";"Bom";"Sem defeito";"Perfeito estado";"Seca";"Perfeito estado";"Faixa de pedestre";"R-6a";"";"Única";"";"";""
"4274";2021-01-28;"06:49:00";"COM VÍTIMA";"CANCELADA";"ENCRUZILHADA";"AV NORTE";"2459";"";"100 m ANTES DO BANCO SANTANDER";"ENCRUZILHADA";"";"";"COLISÃO";1;"1";"0";"0";"0";"0";"0";"0";"0";"1";"0";"";"";"";"";"";"";"";"";"";"";"";"";""
"4275";2021-01-28;"12:23:00";"COM VÍTIMA";"FINALIZADA";"CASA AMARELA";"AV CONS ROSA E SILVA";"";"RUA PADRE ROMA";"E/F  A CASA JOSE ARAUJO";"CASA AMARELA";"61";"SUBURBIO";"COLISÃO LATERAL";1;"1";"0";"0";"0";"0";"0";"0";"0";"1";"0";"Cruzamento";"Bom";"Sem defeito";"Perfeito estado";"Seca";"Perfeito estado";"Faixa de pedestre";"Não há placas";"";"Única";"";"";""
"4276";2021-01-28;"15:20:00";"COM VÍTIMA";"FINALIZADA";"GRAÇAS";"RUA DAS PERNAMBUCANAS";"315";"RUA DAS GRACAS";"AO LADO DO EDIFICIO PERNAMBUCANAS CENTER. BURGOMESTRE.";"GRAÇAS";"";"SUBURBIO";"COLISÃO LATERAL";1;"1";"0";"0";"0";"0";"0";"0";"0";"1";"0";"Longo da via";"Bom";"";"";"Seca";"Perfeito estado";"";"Não há placas";"";"Única";"Faixa seccionada";"";""
"4277";2021-01-28;"16:05:00";"SEM VÍTIMA";"FINALIZADA";"SANTO ANTÔNIO";"RUA SANTO ANTONIO";"";"";"EM FRENTE A LASER ELETRO";"SANTO ANTÔNIO";"";"";"COLISÃO TRANSVERSAL";1;"1";"0";"0";"0";"0";"0";"0";"0";"0";"0";"Cruzamento";"Bom";"Não existe";"Ilegível";"Seca";"Perfeito estado";"Não existe";"Não há placas";"";"Única";"Não existe";"";""
"4278";2021-01-28;"16:55:00";"SEM VÍTIMA";"FINALIZADA";"CAXANGÁ";"AV CAXANGA";"";"";"E/F A  FARMACIA PAGUE MENOS E A  CAXANGA VEICULO  S/T CAMARAGIBE";"CAXANGÁ";"";"";"COLISÃO LATERAL";2;"0";"0";"0";"0";"0";"0";"0";"0";"0";"0";"Longo da via";"Bom";"Sem defeito";"Perfeito estado";"Seca";"Perfeito estado";"Faixa de pedestre";"R-6a";"";"Dupla";"Canteiro central";"";""
"4279";2021-01-28;"17:26:00";"COM VÍTIMA";"CANCELADA";"ÁGUA FRIA";"RUA SAO SEBASTIAO";"1128";"";"PROX AO MERCADINHO DO MARIO";"ÁGUA FRIA";"";"";"COLISÃO";1;"1";"0";"0";"0";"0";"0";"0";"0";"1";"0";"";"";"";"";"";"";"";"";"";"";"";"";""
"4280";2021-01-28;"22:16:40";"COM VÍTIMA";"FINALIZADA";"TAMARINEIRA";"AV CONS ROSA E SILVA";"";"RUA CONEGO BARATA";"SEMÁFORO 061 / CASAS JOSÉ ARAUJO";"TAMARINEIRA";"61";"CIDADE";"COLISÃO TRANSVERSAL";0;"1";"0";"0";"0";"0";"1";"0";"0";"1";"0";"Cruzamento";"Bom";"Sem defeito";"Perfeito estado";"Seca";"Perfeito estado";"Faixa de pedestre";"R-6a";"40 km/h";"Dupla";"Canteiro central";"";""
"4281";2021-01-28;"22:35:40";"COM VÍTIMA";"FINALIZADA";"ESTÂNCIA";"AV RECIFE";"";"AV TAPAJOS";"LADO OPOSTO AO POSTO BR / APOS O MAKRO";"ESTÂNCIA";"620";"SUBURBIO";"COLISÃO LATERAL";1;"1";"0";"0";"0";"0";"0";"0";"0";"1";"0";"Longo da via";"Bom";"Sem defeito";"Perfeito estado";"Seca";"Perfeito estado";"Faixa de retenção";"";"60 km/h";"Única";"Faixa contínua";"";""
"4282";2021-01-29;"10:20:00";"COM VÍTIMA";"FINALIZADA";"BOA VISTA";"PRC MACIEL PINHEIRO";"";"";"CAMINHAO E AUTO PASSEIO";"BOA VISTA";"";"";"COLISÃO";1;"0";"0";"0";"0";"0";"1";"0";"0";"1";"0";"";"";"";"";"";"";"";"";"";"";"";"";""
"4283";2021-01-29;"11:47:00";"SEM VÍTIMA";"FINALIZADA";"SANTO AMARO";"AV CRUZ CABUGA";"";"RUA ALEXANDRE MOURA";"";"SANTO AMARO";"";"SUBURBIO";"COLISÃO TRANSVERSAL";1;"0";"0";"0";"0";"0";"1";"0";"0";"0";"0";"";"Bom";"Sem defeito";"Perfeito estado";"Seca";"Perfeito estado";"Faixa de pedestre";"Placas ""Pare""";"";"Dupla";"Faixa contínua";"Faixa seccionada";""
"4284";2021-01-29;"13:58:00";"COM VÍTIMA";"FINALIZADA";"IBURA";"AV DOM HELDER CAMARA";"";"";"PROX AO ARMAZEM FAMA";"IBURA";"";"SUBURBIO";"COLISÃO TRANSVERSAL";0;"1";"0";"0";"0";"0";"1";"0";"0";"1";"0";"Longo da via";"Bom";"Não existe";"Não existente";"Seca";"Perfeito estado";"Não existe";"Não há placas";"";"Dupla";"Canteiro central";"";""
"4285";2021-01-29;"15:00:00";"COM VÍTIMA";"FINALIZADA";"ARRUDA";"AV BEBERIBE";"1253";"RUA DAS MOCAS";"EM FRENTE AO ESTACIONAMENTO DO ARMAZEM CORAL / EM FRENTE A LOJINHA DO SANTA CRUZ";"ARRUDA";"";"CIDADE";"COLISÃO LATERAL";1;"1";"0";"0";"0";"0";"0";"0";"0";"1";"0";"Cruzamento";"Bom";"Não existe";"Perfeito estado";"Seca";"Perfeito estado";"Outros";"Não há placas";"";"Dupla";"Faixa contínua";"";""
"4286";2021-01-29;"15:51:00";"COM VÍTIMA";"FINALIZADA";"BOA VIAGEM";"RUA BARAO DE SOUZA LEAO";"1259";"AV DES JOSE NEVES";"PRÓX AO SUPERMERCADO TREVO. PRÓXIMO AO CRUZAMENTO COM A DES JOSE NEVES.";"BOA VIAGEM";"476";"";"ATROPELAMENTO";0;"0";"0";"0";"1";"1";"0";"0";"0";"1";"0";"Cruzamento";"Bom";"Sem defeito";"Incompleta";"Seca";"Perfeito estado";"Não existe";"R-6a";"60 km/h";"Única";"Faixa seccionada";"";""
"4287";2021-01-29;"15:54:00";"COM VÍTIMA";"FINALIZADA";"CABANGA";"PTE AGAMENON MAGALHAES";"";"";"AO LADO DO CABANGA IATE CLUB";"CABANGA";"";"CIDADE";"CHOQUE";1;"1";"0";"0";"0";"0";"0";"0";"0";"1";"0";"Ponte";"Bom";"Não existe";"Perfeito estado";"Seca";"Perfeito estado";"Não existe";"Não há placas";"60 km/h";"Única";"Faixa contínua";"";""
"4288";2021-01-29;"17:55:00";"COM VÍTIMA";"FINALIZADA";"BEBERIBE";"AV BEBERIBE";"4211";"";"LADO OPOSTO A BEBERIBE AUTO PEÇAS / PROX AO SEMAFORO 514";"BEBERIBE";"514";"CIDADE";"COLISÃO TRANSVERSAL";2;"1";"0";"0";"0";"0";"0";"0";"0";"1";"0";"Longo da via";"Bom";"Sem defeito";"Incompleta";"Seca";"Mal conservada";"Outros";"R-6a";"40 km/h";"Dupla";"Faixa contínua";"";""
"4289";2021-01-29;"18:30:00";"COM VÍTIMA";"FINALIZADA";"IMBIRIBEIRA";"AV MARECHAL MASCARENHAS DE MORAES";"878";"";"COLISÃO TRASEIRA COM VÍTIMA";"IMBIRIBEIRA";"";"";"COLISÃO TRASEIRA";1;"1";"0";"0";"0";"0";"0";"0";"0";"1";"0";"Longo da via";"Bom";"Sem defeito";"Perfeito estado";"Seca";"Perfeito estado";"Não existe";"Não há placas";"";"Única";"Faixa seccionada";"";""
"4290";2021-01-29;"19:04:00";"COM VÍTIMA";"FINALIZADA";"PINA";"AV ANTONIO DE GOES";"";"RUA DR JOSE MARIANO";"";"PINA";"538";"";"COLISÃO TRASEIRA";0;"2";"0";"0";"0";"0";"0";"0";"0";"2";"0";"Cruzamento";"Bom";"Sem defeito";"Perfeito estado";"Seca";"Perfeito estado";"Agente";"Não há placas";"";"Única";"Faixa seccionada";"";""
"4291";2021-01-29;"20:02:00";"COM VÍTIMA";"CANCELADA";"ÁGUA FRIA";"AV BEBERIBE";"1772";"";"";"ÁGUA FRIA";"";"";"COLISÃO";1;"1";"0";"0";"0";"0";"0";"0";"0";"1";"0";"";"";"";"";"";"";"";"";"";"";"";"";""
"4292";2021-01-29;"22:07:40";"SEM VÍTIMA";"FINALIZADA";"";"RUA ESCRITOR JOAQUIM NOBERTO";"";"RUA FREI AMADOR";"";"";"";"SUBURBIO";"COLISÃO LATERAL";1;"1";"0";"0";"0";"0";"0";"0";"0";"0";"0";"Longo da via";"Bom";"Não existe";"Não existente";"Seca";"Perfeito estado";"Não existe";"Não há placas";"";"";"Não existe";"";""
"4293";2021-01-30;"07:34:00";"COM VÍTIMA";"FINALIZADA";"BOA VISTA";"RUA DO RIACHUELO";"36";"RUA DA AURORA";"PROX. ECT CORREIOS E AGÊNCIA DO TRABALHO.";"BOA VISTA";"579";"SUBURBIO";"COLISÃO COM CICLISTA";0;"0";"0";"1";"0";"1";"0";"0";"0";"1";"0";"Cruzamento";"Bom";"Sem defeito";"";"Seca";"Perfeito estado";"Outros";"";"40 km/h";"Única";"Faixa seccionada";"";""
"4294";2021-01-30;"15:07:00";"COM VÍTIMA";"CANCELADA";"CABANGA";"AV ENGENHEIRO JOSE ESTELITA";"";"";"E/F AO CAMBANGA  IATE CLUBE  S/T CID";"CABANGA";"";"";"COLISÃO";1;"1";"0";"0";"0";"0";"0";"0";"0";"1";"0";"";"";"";"";"";"";"";"";"";"";"";"";""
"4295";2021-01-30;"15:33:00";"COM VÍTIMA";"FINALIZADA";"BOA VIAGEM";"RUA DR GASPAR REGUEIRA COSTA";"";"RUA MARQUES DE VALENCA";"POR TRAS DO COLEGIO SANTOS DUMONT";"BOA VIAGEM";"";"";"COLISÃO LATERAL";1;"1";"0";"0";"0";"0";"0";"0";"0";"1";"0";"Cruzamento";"Bom";"Não existe";"Perfeito estado";"Seca";"Perfeito estado";"Não existe";"Não há placas";"";"Dupla";"Faixa seccionada";"";""
"4296";2021-01-30;"16:16:00";"COM VÍTIMA";"FINALIZADA";"MACAXEIRA";"RUA MANDACARU";"105";"";"NO POSTO BR NA SUBIDA DO ALTO DO MANDU";"MACAXEIRA";"";"SUBURBIO";"TOMBAMENTO";1;"1";"0";"0";"0";"0";"0";"0";"0";"1";"0";"Longo da via";"Bom";"Não existe";"Incompleta";"Seca";"Perfeito estado";"Não existe";"Não há placas";"";"Dupla";"Faixa seccionada";"";""
"4297";2021-01-30;"18:23:00";"COM VÍTIMA";"CANCELADA";"BOA VIAGEM";"AV ENGENHEIRO DOMINGOS FERREIRA";"";"RUA ANTONIO FALCAO";"CARREFUOR";"BOA VIAGEM";"";"";"COLISÃO";1;"1";"0";"0";"0";"0";"0";"0";"0";"1";"0";"";"";"";"";"";"";"";"";"";"";"";"";""
"4298";2021-01-30;"23:11:40";"COM VÍTIMA";"FINALIZADA";"ESPINHEIRO";"RUA DO ESPINHEIRO";"478";"RUA SANTO ELIAS";"CRUZAMENTO C/A RUA SANTO ELIAS - E/F AO POSTO YPIRANGA";"ESPINHEIRO";"";"ENCRUZILHADA";"COLISÃO TRANSVERSAL";2;"0";"0";"0";"0";"0";"0";"0";"0";"2";"0";"Cruzamento";"Bom";"Não existe";"Perfeito estado";"Seca";"Perfeito estado";"Faixa de pedestre";"Placas ""Pare""";"";"Única";"Faixa contínua";"";""
"4299";2021-01-31;"07:04:00";"COM VÍTIMA";"FINALIZADA";"BOA VIAGEM";"RUA GENERAL SALGADO";"820";"RUA COSMORAMA";"EM FRENTE AO EDF CHATEAU";"BOA VIAGEM";"";"";"COLISÃO LATERAL";1;"1";"0";"0";"0";"0";"0";"0";"0";"1";"0";"Longo da via";"Bom";"Não existe";"";"Seca";"Perfeito estado";"Não existe";"Não há placas";"";"Dupla";"Não existe";"";""
"4300";2021-01-31;"11:22:00";"COM VÍTIMA";"FINALIZADA";"TAMARINEIRA";"EST VELHA DE AGUA FRIA";"618";"AV NORTE";"EM FRENTE A PADARIA MANÁ";"TAMARINEIRA";"";"SUBURBIO";"COLISÃO LATERAL";1;"1";"0";"0";"0";"0";"0";"0";"0";"1";"0";"Longo da via";"Bom";"Não existe";"Perfeito estado";"Seca";"Perfeito estado";"Não existe";"Outras";"";"Dupla";"Faixa contínua";"Blocos";""
"4301";2021-01-31;"12:15:00";"COM VÍTIMA";"FINALIZADA";"TAMARINEIRA";"EST VELHA DE AGUA FRIA";"671";"RUA CABO HONORIO";"LADO OPOSTO AO NUMERO 671";"TAMARINEIRA";"";"SUBURBIO";"COLISÃO TRASEIRA";1;"1";"0";"0";"0";"0";"0";"0";"0";"1";"0";"Esquina";"Bom";"Não existe";"Perfeito estado";"Seca";"Perfeito estado";"Não existe";"Outras";"";"Dupla";"Faixa contínua";"";""
"4302";2021-01-31;"14:35:00";"COM VÍTIMA";"FINALIZADA";"CASA FORTE";"RUA LEONARDO BEZERRA CAVALCANTE";"562";"";"MUNDO PET / PROX A FARMACIA PAGUE MENOS";"CASA FORTE";"485";"SUBURBIO";"COLISÃO FRONTAL";1;"1";"0";"0";"0";"0";"0";"0";"0";"1";"0";"Longo da via";"Bom";"Sem defeito";"Perfeito estado";"Seca";"Perfeito estado";"Faixa de pedestre";"Outras";"";"Única";"Faixa seccionada";"";""
"4303";2021-01-31;"22:14:40";"COM VÍTIMA";"FINALIZADA";"BOA VISTA";"AV MANOEL BORBA";"699";"";"AO LADO DA BOATE METRÓPOLE.";"BOA VISTA";"";"SUBURBIO";"ATROPELAMENTO";1;"0";"0";"0";"1";"0";"0";"0";"0";"1";"0";"Longo da via";"Bom";"Sem defeito";"Perfeito estado";"Seca";"Perfeito estado";"Faixa de pedestre";"R-6a";"40 km/h";"Única";"Faixa seccionada";"";""
"4304";2021-02-01;"07:35:00";"COM VÍTIMA";"FINALIZADA";"CASA FORTE";"AV DEZESSETE DE AGOSTO";"2388";"";"E/F AO CENTRO MEDICO  ERMIRIO DE MORAES";"CASA FORTE";"";"SUBURBIO";"COLISÃO LATERAL";1;"1";"0";"0";"0";"0";"0";"0";"0";"1";"0";"Longo da via";"Bom";"Sem defeito";"Perfeito estado";"Seca";"Perfeito estado";"Faixa de pedestre";"R-6a";"60 km/h";"Dupla";"Faixa contínua";"";""
"4305";2021-02-01;"07:44:00";"COM VÍTIMA";"FINALIZADA";"SÃO JOSÉ";"C SANTA RITA";"595";"";"AO LADO DAS TORRES GÊMEAS / EDF. PIER MAURÍCIO DE NASSAU.";"SÃO JOSÉ";"";"CIDADE";"COLISÃO FRONTAL";1;"0";"0";"0";"0";"0";"1";"0";"0";"2";"0";"Longo da via";"Bom";"Não existe";"Perfeito estado";"Seca";"Perfeito estado";"Faixa de pedestre";"R-6a";"";"Dupla";"Faixa seccionada";"";""
"4306";2021-02-01;"08:15:00";"SEM VÍTIMA";"FINALIZADA";"BOA VIAGEM";"RUA MINISTRO NELSON HUNGRIA";"";"RUA PADRE BERNADINO PESSOA";"";"BOA VIAGEM";"";"";"COLISÃO";0;"0";"0";"0";"0";"0";"0";"0";"0";"0";"0";"";"";"";"";"";"";"";"";"";"";"";"";""
"4307";2021-02-01;"09:55:00";"VÍTIMA FATAL";"FINALIZADA";"IBURA";"RUA RIO BRIGIDA";"542";"";"IBURA  DE  BAIXO   PROX   AO  TERMINAL   DO  SESI";"IBURA";"";"CIDADE";"ATROPELAMENTO DE PESSOA";0;"0";"0";"0";"1";"0";"1";"0";"0";"0";"1";"Longo da via";"Bom";"Não existe";"Não existente";"Seca";"Perfeito estado";"Não existe";"Não há placas";"";"Dupla";"Faixa seccionada";"";""
"4308";2021-02-01;"10:05:00";"COM VÍTIMA";"CANCELADA";"DOIS UNIDOS";"AV HILDEBRANDO DE VASCONCELOS";"636";"";"EM  FRENTE  A  ACADEMIA  FIT";"DOIS UNIDOS";"";"";"COLISÃO";1;"1";"0";"0";"0";"0";"0";"0";"0";"1";"0";"";"";"";"";"";"";"";"";"";"";"";"";""
"4309";2021-02-01;"14:19:00";"COM VÍTIMA";"FINALIZADA";"SANTO AMARO";"RUA DO POMBAL";"";"RUA PEDRO AFONSO";"RUA DA ESQUINA DO IML  VT 31 NO LOCAL";"SANTO AMARO";"";"SUBURBIO";"COLISÃO LATERAL";1;"1";"0";"0";"0";"0";"0";"0";"0";"2";"0";"Cruzamento";"Bom";"Não existe";"Perfeito estado";"Seca";"Perfeito estado";"Não existe";"Placas ""Pare""";"";"";"Faixa seccionada";"";""
"4310";2021-02-01;"15:28:00";"VÍTIMA FATAL";"FINALIZADA";"MACAXEIRA";"RUA MARIA CANDIDA";"";"AV NORTE";"AV NORTE";"MACAXEIRA";"296";"SUBURBIO";"ATROPELAMENTO DE PESSOA";0;"0";"0";"0";"1";"0";"1";"0";"0";"0";"1";"Cruzamento";"Bom";"Sem defeito";"Incompleta";"Seca";"Perfeito estado";"Não existe";"Outras";"40 km/h";"Dupla";"Canteiro central";"";""
"4311";2021-02-01;"15:54:00";"COM VÍTIMA";"CANCELADA";"BOA VIAGEM";"RUA DEZ DE JULHO";"210";"";"E/F A MAISON CHRISTAL RECEPÇOES   PROX AO AEROPORTO E   PROX A ESTAÇAO DO AEROPORTO";"BOA VIAGEM";"";"";"COLISÃO";0;"2";"0";"0";"0";"0";"0";"0";"0";"2";"0";"";"";"";"";"";"";"";"";"";"";"";"";""
"4312";2021-02-01;"17:16:00";"SEM VÍTIMA";"CANCELADA";"PINA";"AVENIDA CELSO FURTADO (VIA MANGUE)";"";"";"PRÓXIMO AO AEROCLUBE";"PINA";"";"JABOATÃO";"CHOQUE";0;"0";"0";"0";"0";"0";"0";"0";"0";"0";"0";"";"";"";"";"";"";"";"";"";"";"";"";""
"4313";2021-02-01;"18:23:00";"COM VÍTIMA";"CANCELADA";"CASA AMARELA";"RUA PAULA BATISTA";"";"RUA DONA ANA XAVIER";"E/F AO BOMPREÇO E SUBWAY / AO LADO DO BANCO ITAU";"CASA AMARELA";"";"";"COLISÃO";1;"1";"0";"0";"0";"0";"0";"0";"0";"1";"0";"";"";"";"";"";"";"";"";"";"";"";"";""
"4314";2021-02-01;"18:42:00";"COM VÍTIMA";"FINALIZADA";"CAJUEIRO";"RUA CORONEL URBANO RIBEIRO DE SENA";"875";"";"PADARIA DO CORONEL";"CAJUEIRO";"";"";"COLISÃO FRONTAL";1;"1";"0";"0";"0";"0";"0";"0";"0";"1";"0";"Cruzamento";"Bom";"Não existe";"Não existente";"Seca";"Perfeito estado";"";"Não há placas";"";"Dupla";"Faixa seccionada";"";""
"4315";2021-02-01;"19:12:00";"COM VÍTIMA";"FINALIZADA";"BOA VIAGEM";"RUA PROFESSOR JOAO MEDEIROS";"146";"RUA DHALIA";"PET / RUA  DA ACESSO AO  SHOPPING RECIFE / EDIF. SANTO ANDRÉ";"BOA VIAGEM";"";"CIDADE";"COLISÃO LATERAL";1;"1";"0";"0";"0";"0";"0";"0";"0";"1";"0";"Longo da via";"Bom";"";"Perfeito estado";"Seca";"Perfeito estado";"Outros";"Outras";"";"Única";"";"";""
"4316";2021-02-01;"20:45:00";"COM VÍTIMA";"FINALIZADA";"PARNAMIRIM";"AV FLOR DE SANTANA";"224";"";"PRÓX A BURGUER KING";"PARNAMIRIM";"";"SUBURBIO";"COLISÃO LATERAL";1;"1";"0";"0";"0";"0";"0";"0";"0";"1";"0";"Longo da via";"Bom";"Não existe";"Ilegível";"Seca";"Perfeito estado";"Não existe";"Outras";"";"Dupla";"Não existe";"";""
"4317";2021-02-01;"23:22:40";"COM VÍTIMA";"CANCELADA";"BOA VIAGEM";"RUA ERNESTO DE PAULA SANTOS";"";"";"COM A AV SIMOES BARBOSA";"BOA VIAGEM";"";"SUBURBIO";"COLISÃO";1;"1";"0";"0";"0";"0";"0";"0";"0";"1";"0";"";"";"";"";"";"";"";"";"";"";"";"";""
"4318";2021-02-02;"08:55:00";"COM VÍTIMA";"FINALIZADA";"SÃO JOSÉ";"AV SUL";"1562";"";"EM FRENTE  A CIA MOTO PEÇAS E SERVIÇO";"SÃO JOSÉ";"";"CIDADE";"COLISÃO COM CICLISTA";0;"1";"0";"1";"0";"0";"0";"0";"0";"1";"0";"Longo da via";"Bom";"Não existe";"Perfeito estado";"Seca";"Perfeito estado";"Não existe";"Não há placas";"";"Única";"Canteiro central";"";""