"";"data";"hora";"natureza_acidente";"situacao";"bairro";"endereco";"numero";"detalhe_endereco_acidente";"complemento";"bairro_cruzamento";"num_semaforo";"sentido_via";"tipo";"auto";"moto";"ciclom";"ciclista";"pedestre";"onibus";"caminhao";"viatura";"outros";"vitimas";"vitimasfatais";"acidente_verificado";"tempo_clima";"situacao_semaforo";"sinalizacao";"condicao_via";"conservacao_via";"ponto_controle";"situacao_placa";"velocidade_max_via";"mao_direcao";"divisao_via1";"divisao_via2";"divisao_via3"
"4435";2021-02-20;"23:24:40";"SEM VÍTIMA";"CANCELADA";"ESTÂNCIA";"AV DR JOSE RUFINO";"514";"";"PRÓX AO COLÉGIO VISÃO";"ESTÂNCIA";"";"";"COLISÃO";9;"1";"0";"0";"0";"0";"0";"0";"0";"0";"0";"";"";"";"";"";"";"";"";"";"";"";"";""
"4436";2021-02-21;"06:55:00";"COM VÍTIMA";"FINALIZADA";"VÁRZEA";"RUA ACADEMICO HELIO RAMOS";"40";"";"EM FRENTE A IGREJA ASSEMBLEIA DE DEUS, AO LADO CEMITERIO";"VÁRZEA";"";"";"COLISÃO LATERAL";0;"1";"0";"0";"0";"1";"0";"0";"0";"1";"0";"Longo da via";"Bom";"Sem defeito";"Não existente";"Seca";"Perfeito estado";"Não existe";"Não há placas";"";"Dupla";"Faixa seccionada";"";""
"4437";2021-02-21;"11:16:00";"SEM VÍTIMA";"FINALIZADA";"HIPÓDROMO";"RUA PROFESSOR JERONIMO GUEIROS";"423";"RUA PROFESSOR JOSE CARNEIRO";"";"HIPÓDROMO";"";"";"COLISÃO TRASEIRA";1;"1";"0";"0";"0";"0";"0";"0";"0";"0";"0";"Longo da via";"Bom";"Não existe";"Perfeito estado";"Seca";"Perfeito estado";"Não existe";"Não há placas";"40 km/h";"Dupla";"Não existe";"";""
"4438";2021-02-21;"15:11:00";"SEM VÍTIMA";"FINALIZADA";"GUABIRABA";"EST DOS MACACOS";"4";"";"SOB O PONTILHÃO";"GUABIRABA";"";"CIDADE";"COLISÃO LATERAL";0;"1";"0";"0";"0";"0";"0";"1";"0";"0";"0";"Longo da via";"Bom";"Sem defeito";"Perfeito estado";"Seca";"";"Não existe";"Não há placas";"";"Dupla";"Não existe";"";""
"4439";2021-02-21;"16:11:00";"COM VÍTIMA";"CANCELADA";"IMBIRIBEIRA";"RUA ALAMEDA DAS HORTENCIAS";"381";"";"PROXIMO AO COLEGIO MOTIVO";"IMBIRIBEIRA";"";"";"COLISÃO";1;"1";"0";"0";"0";"0";"0";"0";"0";"2";"0";"";"";"";"";"";"";"";"";"";"";"";"";""
"4440";2021-02-21;"19:40:00";"COM VÍTIMA";"FINALIZADA";"BREJO DA GUABIRABA";"AV VEREADOR OTACILIO AZEVEDO";"";"RUA SENHOR DO BONFIM";"PROX. A GARAGEM DA GLOBO. CRUZAMENTO COM A TRAVESSA DO SENHOR DO BONFIM.";"BREJO DA GUABIRABA";"";"SUBURBIO";"COLISÃO TRANSVERSAL";0;"2";"0";"0";"0";"0";"0";"0";"0";"1";"0";"Longo da via";"Bom";"Não existe";"Perfeito estado";"Seca";"Perfeito estado";"Não existe";"Outras";"30 km/h";"Dupla";"Não existe";"";""
"4441";2021-02-21;"20:39:40";"COM VÍTIMA";"CANCELADA";"NOVA DESCOBERTA";"RUA CORREGO DA AREIA";"447";"";"ESCOLA MUNICIPAL CASA AMARELA";"NOVA DESCOBERTA";"";"";"COLISÃO";1;"1";"0";"0";"0";"0";"0";"0";"0";"1";"0";"";"";"";"";"";"";"";"";"";"";"";"";""
"4442";2021-02-21;"21:04:40";"SEM VÍTIMA";"FINALIZADA";"PORTO DA MADEIRA";"LAD DO SAPOTI";"";"AV BEBERIBE";"PROX. AO BAR DA FAVA";"PORTO DA MADEIRA";"";"";"COLISÃO";2;"0";"0";"0";"0";"0";"0";"0";"0";"0";"0";"";"";"";"";"";"";"";"";"";"";"";"";""
"4443";2021-02-22;"07:14:00";"COM VÍTIMA";"FINALIZADA";"BOA VIAGEM";"AV CONSELHEIRO AGUIAR";"2707";"RUA PROFESSOR JOSE BRANDAO";"EM FRENTE A CLINICA  ARMINDO MOURA";"BOA VIAGEM";"549";"";"COLISÃO TRANSVERSAL";1;"1";"0";"0";"0";"0";"0";"0";"0";"1";"0";"Longo da via";"Bom";"Sem defeito";"Perfeito estado";"Seca";"Perfeito estado";"Outros";"Não há placas";"";"Única";"";"";""
"4444";2021-02-22;"07:20:00";"COM VÍTIMA";"FINALIZADA";"ILHA DO RETIRO";"RUA SPORT CLUBE DO RECIFE";"";"";"SOBRE O VIADUTO CHICO SCIENCE";"ILHA DO RETIRO";"";"CIDADE";"TOMBAMENTO";0;"1";"0";"0";"0";"0";"0";"0";"0";"1";"0";"Ponte";"Bom";"Não existe";"Perfeito estado";"Seca";"Perfeito estado";"Não existe";"Não há placas";"";"Dupla";"Faixa contínua";"";""
"4445";2021-02-22;"08:05:00";"COM VÍTIMA";"FINALIZADA";"MONTEIRO";"AV DEZESSETE DE AGOSTO";"2666";"";"EM FRENTE A PRAÇA DO MONTEIRO E A ESCOLA SIVA JARDIM E CLUBE DEZESSETE.";"MONTEIRO";"";"SUBURBIO";"COLISÃO TRASEIRA";1;"1";"0";"0";"0";"0";"0";"0";"0";"1";"0";"Longo da via";"Bom";"Sem defeito";"Perfeito estado";"Seca";"Perfeito estado";"Faixa de pedestre";"R-6a";"60 km/h";"";"Faixa contínua";"";""
"4446";2021-02-22;"08:52:00";"COM VÍTIMA";"FINALIZADA";"ARRUDA";"RUA DO TRIUNFO";"";"RUA BOM CONSELHO";"";"ARRUDA";"";"SUBURBIO";"COLISÃO LATERAL";1;"1";"0";"0";"0";"0";"0";"0";"0";"2";"0";"Cruzamento";"Bom";"Não existe";"Não existente";"Seca";"Perfeito estado";"Não existe";"Não há placas";"";"Dupla";"Não existe";"";""
"4447";2021-02-22;"09:27:00";"COM VÍTIMA";"FINALIZADA";"TAMARINEIRA";"AV NORTE";"3850";"";"100 METROS ANTES DA RUA CÔNEGO BARATA (SENTIDO CENTRO). ATLANTA COLCHÕES.";"TAMARINEIRA";"62";"CIDADE";"COLISÃO LATERAL";1;"1";"0";"0";"0";"0";"0";"0";"0";"1";"0";"Longo da via";"Bom";"Sem defeito";"Perfeito estado";"Seca";"Perfeito estado";"Faixa de pedestre";"Outras";"";"Dupla";"Faixa contínua";"Faixa seccionada";"Canteiro central"
"4448";2021-02-22;"10:27:00";"COM VÍTIMA";"FINALIZADA";"CAMPINA DO BARRETO";"RUA DAS MOCAS";"880";"RUA DOS PEIXINHOS";"PROX A CHURRASCARIA VERONA E CLÁUDIO BAR.";"CAMPINA DO BARRETO";"";"SUBURBIO";"COLISÃO TRANSVERSAL";1;"0";"0";"0";"0";"1";"0";"0";"0";"1";"0";"Cruzamento";"Bom";"Não existe";"Perfeito estado";"Seca";"Perfeito estado";"Faixa de retenção";"";"30 km/h";"Dupla";"Faixa seccionada";"";""
"4449";2021-02-22;"12:22:00";"COM VÍTIMA";"FINALIZADA";"AFOGADOS";"RUA SAO MIGUEL";"";"";"EM FRENTE AO POSTO DE COMBUSTÍVEIS, DISLUB";"AFOGADOS";"";"SUBURBIO";"COLISÃO LATERAL";1;"1";"0";"0";"0";"0";"0";"0";"0";"1";"0";"Longo da via";"Bom";"Não existe";"Perfeito estado";"Seca";"Perfeito estado";"Faixa de pedestre";"Outras";"50 km/h";"Dupla";"Faixa seccionada";"";""
"4450";2021-02-22;"13:13:00";"SEM VÍTIMA";"FINALIZADA";"BOA VIAGEM";"RUA FELIX DE BRITO E MELO";"";"";"HOTEL ACONCHEGO  RECIFE";"BOA VIAGEM";"";"CIDADE";"COLISÃO TRASEIRA";2;"0";"0";"0";"0";"0";"0";"0";"0";"0";"0";"Longo da via";"Bom";"Sem defeito";"Perfeito estado";"Seca";"Perfeito estado";"Não existe";"R-6a";"";"Única";"Faixa seccionada";"";""
"4451";2021-02-22;"13:47:00";"COM VÍTIMA";"FINALIZADA";"TORRE";"RUA MARQUES DE MARICA";"";"RUA SOUZA BANDEIRA";"APOS A IGREJA CATOLICA DA TORRE, PRIMEIRA RUA A DIREITA";"TORRE";"317";"SUBURBIO";"COLISÃO TRANSVERSAL";1;"1";"0";"0";"0";"0";"0";"0";"0";"1";"0";"Cruzamento";"Bom";"Sem defeito";"Perfeito estado";"Seca";"Perfeito estado";"Faixa de pedestre";"Não há placas";"";"Dupla";"";"";""
"4452";2021-02-22;"16:38:00";"SEM VÍTIMA";"FINALIZADA";"BOA VIAGEM";"RUA DOS NAVEGANTES";"";"";"PRÓXIMO AO EDIFÍCIO VITÓRIA REGIA";"BOA VIAGEM";"";"SUBURBIO";"COLISÃO LATERAL";2;"0";"0";"0";"0";"0";"0";"0";"0";"0";"0";"Longo da via";"Bom";"Não existe";"Perfeito estado";"Seca";"Perfeito estado";"Não existe";"Não há placas";"";"Única";"Não existe";"";""
"4453";2021-02-22;"17:16:00";"COM VÍTIMA";"FINALIZADA";"SANTO AMARO";"AV ENGENHEIRO AGAMENON DE MAGALHAES MELO";"";"AV DR JAYME DA FONTE";"PROX A DELEGACIA DE ROUBOS E FURTOS / PROX AO CAMPO DO 11";"SANTO AMARO";"49";"SUBURBIO";"COLISÃO TRANSVERSAL";1;"1";"0";"0";"0";"0";"0";"0";"0";"1";"0";"Cruzamento";"Bom";"Sem defeito";"Perfeito estado";"Seca";"Perfeito estado";"Faixa de pedestre";"Outras";"60 km/h";"Dupla";"Canal";"";""
"4454";2021-02-22;"20:56:00";"COM VÍTIMA";"FINALIZADA";"COHAB";"RUA DR BENIGNO JORDAO DE VASCONCELOS";"1195A";"";"PROX A UPA LAGOA ENCANTADA / ESCOLA MARIA AUXILIADORA";"COHAB";"";"SUBURBIO";"COLISÃO FRONTAL";2;"0";"0";"0";"0";"0";"0";"0";"0";"1";"0";"Longo da via";"Bom";"Não existe";"Perfeito estado";"Seca";"Perfeito estado";"Não existe";"Não há placas";"";"Dupla";"Faixa seccionada";"";""
"4455";2021-02-23;"07:56:00";"SEM VÍTIMA";"FINALIZADA";"SANTO AMARO";"AV CRUZ CABUGA";"449";"";"EM FRENTE AO ARMAZÉM CORAL";"SANTO AMARO";"";"CIDADE";"COLISÃO LATERAL";1;"1";"0";"0";"0";"0";"0";"0";"0";"0";"0";"Longo da via";"Bom";"Não existe";"Perfeito estado";"Seca";"Perfeito estado";"Não existe";"R-6a";"";"Dupla";"Faixa contínua";"";""
"4456";2021-02-23;"08:02:00";"COM VÍTIMA";"FINALIZADA";"SAN MARTIN";"AV GENERAL SAN MARTIN";"530";"";"EM  FRENTE A  MUG  SORVETERIA  E CENTRO AUTOMOTIVO.";"SAN MARTIN";"";"CIDADE";"COLISÃO FRONTAL";1;"1";"0";"0";"0";"0";"0";"0";"0";"1";"0";"Longo da via";"Bom";"Não existe";"Perfeito estado";"Seca";"Perfeito estado";"Não existe";"Não há placas";"";"Dupla";"Faixa contínua";"";""
"4457";2021-02-23;"08:27:00";"COM VÍTIMA";"FINALIZADA";"ENCRUZILHADA";"AV BEBERIBE";"301";"RUA FERNANDO CESAR";"AO LADO DO BANCO DO BRASIL";"ENCRUZILHADA";"238";"CIDADE";"COLISÃO LATERAL";2;"0";"0";"0";"0";"0";"0";"0";"0";"1";"0";"Longo da via";"Bom";"Sem defeito";"Perfeito estado";"Seca";"Perfeito estado";"Não existe";"";"40 km/h";"Dupla";"Faixa contínua";"";""
"4458";2021-02-23;"08:28:00";"COM VÍTIMA";"FINALIZADA";"IBURA";"AV DOM HELDER CAMARA";"315";"";"";"IBURA";"";"SUBURBIO";"COLISÃO LATERAL";1;"1";"0";"0";"0";"0";"0";"0";"0";"1";"0";"Longo da via";"Bom";"Não existe";"Não existente";"Seca";"Mal conservada";"Não existe";"Não há placas";"";"Única";"Não existe";"";""
"4459";2021-02-23;"08:31:00";"COM VÍTIMA";"FINALIZADA";"CORDEIRO";"AV CAXANGA";"2689";"";"EM  FRENTE  A  OFICINA   KI  PEÇAS . POSTE B052840.";"CORDEIRO";"";"CIDADE";"COLISÃO FRONTAL";1;"1";"0";"0";"0";"0";"0";"0";"0";"1";"0";"Longo da via";"Bom";"Sem defeito";"Perfeito estado";"Seca";"Perfeito estado";"Faixa de pedestre";"R-6a";"60 km/h";"Dupla";"Canteiro central";"";""
"4460";2021-02-23;"10:13:00";"COM VÍTIMA";"FINALIZADA";"BOA VIAGEM";"RUA RIBEIRO DE BRITO";"1197";"RUA CORONEL ANIZIO RODRIGUES COELHO";"PROX. AO RESTAURANTE CARCARA, AO LADO DO POSTO DE GASOLINA BR";"BOA VIAGEM";"";"SUBURBIO";"COLISÃO COM CICLISTA";1;"0";"0";"1";"0";"0";"0";"0";"0";"1";"0";"Cruzamento";"Bom";"Não existe";"Perfeito estado";"Seca";"Perfeito estado";"Não existe";"Outras";"40 km/h";"Única";"Não existe";"";""
"4461";2021-02-23;"11:53:00";"SEM VÍTIMA";"FINALIZADA";"SANTO ANTÔNIO";"RUA DO SOL";"";"AV GUARARAPES";"AGÊNCIA DOS CORREIOS";"SANTO ANTÔNIO";"14";"";"COLISÃO LATERAL";1;"0";"0";"0";"0";"0";"1";"0";"0";"0";"0";"Cruzamento";"Bom";"Sem defeito";"Perfeito estado";"Seca";"Perfeito estado";"Faixa de pedestre";"Não há placas";"40 km/h";"Única";"Faixa contínua";"";""
"4462";2021-02-23;"12:33:00";"COM VÍTIMA";"CANCELADA";"ENCRUZILHADA";"AV NORTE";"2160";"";"LADO OPOSTO A RENAULT,  SENTIDO  CENTRO";"ENCRUZILHADA";"";"";"COLISÃO";1;"1";"0";"0";"0";"0";"0";"0";"0";"1";"0";"";"";"";"";"";"";"";"";"";"";"";"";""
"4463";2021-02-23;"15:39:00";"SEM VÍTIMA";"FINALIZADA";"AFOGADOS";"AV SUL";"";"";"PX A POLICLINICA AGAMENON MAGALHÃES";"AFOGADOS";"";"";"COLISÃO";0;"0";"0";"0";"0";"0";"0";"0";"0";"0";"0";"";"";"";"";"";"";"";"";"";"";"";"";""
"4464";2021-02-23;"17:39:00";"COM VÍTIMA";"FINALIZADA";"ARRUDA";"RUA MEM DE SA";"224";"";"EM FRENTE A COCA-COLA";"ARRUDA";"";"";"COLISÃO";1;"1";"0";"0";"0";"0";"0";"0";"0";"1";"0";"Longo da via";"Bom";"Não existe";"Perfeito estado";"Seca";"Perfeito estado";"Não existe";"Não há placas";"40 km/h";"Dupla";"Não existe";"";""
"4465";2021-02-23;"19:26:00";"COM VÍTIMA";"FINALIZADA";"IMBIRIBEIRA";"RUA ITAJAI";"188";"";"FACULDADE BOA VIAGEM";"IMBIRIBEIRA";"";"SUBURBIO";"COLISÃO FRONTAL";1;"1";"0";"0";"0";"0";"0";"0";"0";"1";"0";"Longo da via";"Bom";"Não existe";"";"Seca";"Perfeito estado";"Não existe";"Não há placas";"30 km/h";"Dupla";"Não existe";"";""
"4466";2021-02-24;"14:49:00";"SEM VÍTIMA";"FINALIZADA";"ILHA JOANA BEZERRA";"AV CENTRAL";"";"";"EM FRENTE AO COMPAZ DO COQUE";"ILHA JOANA BEZERRA";"";"CIDADE";"COLISÃO LATERAL";1;"1";"0";"0";"0";"0";"0";"0";"0";"0";"0";"Longo da via";"Bom";"Não existe";"Perfeito estado";"Seca";"Perfeito estado";"";"";"";"Dupla";"";"";""
"4467";2021-02-24;"18:36:00";"COM VÍTIMA";"FINALIZADA";"IMBIRIBEIRA";"AV TANCREDO NEVES";"";"";"SOBRE O VIADUTO TANCREDO NEVES (SENTIDO BOA VIAGEM)";"IMBIRIBEIRA";"";"CIDADE";"COLISÃO LATERAL";0;"2";"0";"0";"0";"0";"0";"0";"0";"2";"0";"Viaduto";"Bom";"Não existe";"Não existente";"Seca";"Perfeito estado";"Não existe";"Não há placas";"";"Dupla";"Canteiro central";"";""
"4468";2021-02-24;"22:41:40";"SEM VÍTIMA";"FINALIZADA";"TORRE";"RUA CONDE DE IRAJA";"";"AV BEIRA RIO";"";"TORRE";"";"";"COLISÃO";2;"0";"0";"0";"0";"0";"0";"0";"0";"0";"0";"";"";"";"";"";"";"";"";"";"";"";"";""
"4469";2021-02-25;"12:44:00";"COM VÍTIMA";"FINALIZADA";"SANTO AMARO";"RUA DOS PALMARES";"651";"";"";"SANTO AMARO";"";"CIDADE";"COLISÃO LATERAL";1;"1";"0";"0";"0";"0";"0";"0";"0";"1";"0";"Longo da via";"Bom";"Não existe";"Perfeito estado";"Seca";"Perfeito estado";"Não existe";"Não há placas";"";"Dupla";"Canteiro central";"";""
"4470";2021-02-25;"16:17:00";"COM VÍTIMA";"FINALIZADA";"BOA VIAGEM";"RUA BARAO DE SOUZA LEAO";"";"RUA RIO AZUL";"";"BOA VIAGEM";"476";"SUBURBIO";"COLISÃO TRANSVERSAL";1;"1";"0";"0";"0";"0";"0";"0";"0";"1";"0";"Cruzamento";"Bom";"Sem defeito";"Perfeito estado";"Seca";"Perfeito estado";"Faixa de pedestre";"Outras";"";"Única";"Faixa contínua";"Faixa seccionada";""
"4471";2021-02-26;"07:30:00";"COM VÍTIMA";"FINALIZADA";"CASA FORTE";"RUA DONA ADA VIEIRA";"892";"RUA DONA ADA VIEIRA";"EM FRENTE PIZZARIA HUNT";"CASA FORTE";"";"CIDADE";"COLISÃO TRANSVERSAL";1;"1";"0";"0";"0";"0";"0";"0";"0";"1";"0";"Esquina";"Chuvoso";"Não existe";"Perfeito estado";"Molhada";"Perfeito estado";"Não existe";"R-6a";"";"Dupla";"Faixa contínua";"";""
"4472";2021-02-26;"11:36:00";"SEM VÍTIMA";"FINALIZADA";"DERBY";"AV GOVERNADOR AGAMENON MAGALHAES";"";"AV RUI BARBOSA";"EM FRENTE AO TRE";"DERBY";"37";"BOA  VIAGEM";"COLISÃO";1;"0";"0";"0";"0";"0";"0";"1";"0";"0";"0";"";"";"";"";"";"";"";"";"";"";"";"";""
"4473";2021-02-26;"14:06:00";"SEM VÍTIMA";"FINALIZADA";"IPSEP";"RUA POTENGY";"245";"";"";"IPSEP";"";"";"COLISÃO";0;"1";"0";"0";"0";"0";"0";"1";"0";"0";"0";"";"";"";"";"";"";"";"";"";"";"";"";""
"4474";2021-02-26;"15:25:00";"COM VÍTIMA";"FINALIZADA";"MANGABEIRA";"AV NORTE";"";"AV PROFESSOR JOSE DOS ANJOS";"";"MANGABEIRA";"364";"CIDADE";"COLISÃO";2;"1";"0";"0";"0";"0";"0";"0";"0";"1";"0";"Cruzamento";"Chuvoso";"Sem defeito";"Perfeito estado";"Molhada";"Perfeito estado";"Faixa de pedestre";"R-6c";"";"Dupla";"Faixa contínua";"";""
"4475";2021-02-26;"17:07:00";"COM VÍTIMA";"FINALIZADA";"TAMARINEIRA";"RUA IBIAPABA";"90";"RUA JUNDIA";"EM FRENTE AO ESTACIONAMENTO DA FERREIRA COSTA";"TAMARINEIRA";"";"SUBURBIO";"COLISÃO FRONTAL";1;"1";"0";"0";"0";"0";"0";"0";"0";"1";"0";"Esquina";"Chuvoso";"Não existe";"Perfeito estado";"Seca";"Perfeito estado";"Faixa de pedestre";"Placas ""Pare""";"";"Dupla";"Faixa seccionada";"";""
"4476";2021-02-26;"17:56:00";"COM VÍTIMA";"FINALIZADA";"GRAÇAS";"RUA DAS GRACAS";"704";"AV RUI BARBOSA";"";"GRAÇAS";"562";"CIDADE";"COLISÃO TRASEIRA";1;"0";"0";"0";"0";"2";"0";"0";"0";"4";"0";"Longo da via";"Chuvoso";"Intermitente";"Perfeito estado";"Molhada";"Perfeito estado";"Faixa de pedestre";"R-6a";"";"Única";"Faixa contínua";"";""
"4477";2021-02-26;"20:47:00";"SEM VÍTIMA";"CANCELADA";"SANTO AMARO";"AV GOVERNADOR AGAMENON MAGALHAES";"227";"";"PROXIMO DO SHOPPING TACARUNA, PISTA LOCAL, AO LADO DO POSTO PETROBRAS BR";"SANTO AMARO";"";"SUBURBIO";"COLISÃO";2;"0";"0";"0";"0";"0";"0";"0";"0";"0";"0";"";"";"";"";"";"";"";"";"";"";"";"";""
"4478";2021-02-26;"22:40:40";"SEM VÍTIMA";"CANCELADA";"IPSEP";"AV RECIFE";"";"RUA JEAN EMILE FAVRE";"PRÓX A PADARIA VILA DO PÃO";"IPSEP";"";"";"COLISÃO";2;"0";"0";"0";"0";"0";"0";"0";"0";"0";"0";"";"";"";"";"";"";"";"";"";"";"";"";""
"4479";2021-02-27;"13:30:00";"COM VÍTIMA";"FINALIZADA";"IPSEP";"AV RECIFE";"";"";"SOBRE A PONTE DO CAÇOTE,SENTIDO CEASA";"IPSEP";"";"SUBURBIO";"COLISÃO TRASEIRA";1;"1";"0";"0";"0";"0";"0";"0";"0";"1";"0";"Longo da via";"Bom";"";"Perfeito estado";"Seca";"Perfeito estado";"";"Não há placas";"";"Dupla";"Canteiro central";"";""
"4480";2021-02-27;"15:00:00";"COM VÍTIMA";"CANCELADA";"BRASÍLIA TEIMOSA";"RUA FRANCISCO VALPASSOS";"315";"";"PROXIMO AO BAR DO DE GILMAR";"BRASÍLIA TEIMOSA";"";"";"COLISÃO";1;"1";"0";"0";"0";"0";"0";"0";"0";"1";"0";"";"";"";"";"";"";"";"";"";"";"";"";""
"4481";2021-02-27;"16:27:00";"SEM VÍTIMA";"FINALIZADA";"COELHOS";"AV AGOSTINHO GOMES";"";"";"NA DESCIDA DO VIADULTO  JOAQUIM CARDOSO, SENTIDO JOANA BEZERRA";"COELHOS";"";"";"COLISÃO";1;"0";"0";"0";"0";"0";"0";"1";"0";"0";"0";"";"";"";"";"";"";"";"";"";"";"";"";""
"4482";2021-02-27;"18:59:00";"COM VÍTIMA";"FINALIZADA";"BOA VIAGEM";"RUA JOSE DOMINGUES DA SILVA";"147";"RUA BELMONTE";"E/F A FARMACIA PERMANENTE, PRÓX A PAGUE MENOS";"BOA VIAGEM";"";"";"COLISÃO TRANSVERSAL";1;"1";"0";"0";"0";"0";"1";"0";"0";"1";"0";"Cruzamento";"Bom";"Sem defeito";"Perfeito estado";"Seca";"Perfeito estado";"Não existe";"Placas ""Pare""";"";"Dupla";"Faixa seccionada";"";""
"4483";2021-02-28;"06:53:00";"SEM VÍTIMA";"FINALIZADA";"BAIRRO DO RECIFE";"AV MARTINS DE BARROS";"";"RUA SIQUEIRA CAMPOS";"EM FRENTE A PARADA DO BRT / PROX AO SANTANDER";"BAIRRO DO RECIFE";"";"";"CHOQUE";0;"0";"0";"0";"0";"1";"0";"1";"0";"0";"0";"";"";"";"";"";"";"";"";"";"";"";"";""
"4484";2021-02-28;"09:29:00";"SEM VÍTIMA";"FINALIZADA";"ENCRUZILHADA";"AV NORTE";"";"";"APOS CRUZAMENTO DA RUA JOSÉ DE SÁ CARNEIRO";"ENCRUZILHADA";"";"";"COLISÃO";2;"0";"0";"0";"0";"0";"0";"0";"0";"0";"0";"";"";"";"";"";"";"";"";"";"";"";"";""
"4485";2021-02-28;"14:10:00";"COM VÍTIMA";"FINALIZADA";"CAXANGÁ";"AV CAXANGA";"";"RUA MANOEL MOREIRA";"EM FRENTE AO TERMINAL III PERIMETRAL";"CAXANGÁ";"591";"CIDADE";"COLISÃO TRASEIRA";1;"1";"0";"0";"0";"0";"0";"0";"0";"1";"0";"Longo da via";"Bom";"Sem defeito";"Perfeito estado";"Seca";"Perfeito estado";"Outros";"Outras";"";"Dupla";"Faixa seccionada";"Canteiro central";""
"4486";2021-02-28;"16:37:00";"SEM VÍTIMA";"CANCELADA";"AFOGADOS";"RUA SAO MIGUEL";"268";"";"PRÓX AO DEPATRI";"AFOGADOS";"";"";"COLISÃO";2;"0";"0";"0";"0";"0";"0";"0";"0";"0";"0";"";"";"";"";"";"";"";"";"";"";"";"";""
"4487";2021-02-28;"18:36:00";"SEM VÍTIMA";"CANCELADA";"VÁRZEA";"RUA JOSE ANTONIO DA COSTA FILHO";"131";"";"EM FRENTE AO PASTEL DE LEDA";"VÁRZEA";"";"";"CHOQUE";0;"0";"0";"0";"0";"0";"0";"0";"0";"0";"0";"";"";"";"";"";"";"";"";"";"";"";"";""
"4488";2021-02-28;"19:50:00";"COM VÍTIMA";"FINALIZADA";"IPSEP";"RUA PAMPULHA";"201";"RUA CACHOEIRA";"";"IPSEP";"";"SUBURBIO";"COLISÃO COM CICLISTA";1;"0";"0";"1";"0";"0";"0";"0";"0";"1";"0";"Cruzamento";"Bom";"Não existe";"Perfeito estado";"Seca";"Perfeito estado";"Faixa de retenção";"Placas ""Pare""";"";"Única";"Faixa seccionada";"";""
"4489";2021-02-28;"19:51:00";"SEM VÍTIMA";"CANCELADA";"MADALENA";"AV BEIRA RIO";"";"RUA DEMOSTENES DE OLINDA";"PRAÇA PAULO FREIRE";"MADALENA";"689";"";"COLISÃO";2;"0";"0";"0";"0";"0";"0";"0";"0";"0";"0";"";"";"";"";"";"";"";"";"";"";"";"";""
"4490";2021-02-28;"21:02:40";"COM VÍTIMA";"CANCELADA";"ENCRUZILHADA";"EST DE BELEM";"";"RUA ANTONIO RANGEL";"PROX AO MERCADO QUITANDARIA";"ENCRUZILHADA";"";"";"COLISÃO";1;"1";"0";"0";"0";"0";"0";"0";"0";"2";"0";"";"";"";"";"";"";"";"";"";"";"";"";""
"4491";2021-03-01;"00:11:00";"SEM VÍTIMA";"CANCELADA";"BOA VIAGEM";"AV MARECHAL JUAREZ TAVORA";"";"";"PRÓXIMO AO MOTEL FÓRUM";"BOA VIAGEM";"";"";"COLISÃO";0;"0";"0";"0";"0";"0";"0";"0";"0";"0";"0";"";"";"";"";"";"";"";"";"";"";"";"";""
"4492";2021-03-01;"06:43:00";"COM VÍTIMA";"FINALIZADA";"PRADO";"AV ENGENHEIRO ABDIAS DE CARVALHO";"1701";"RUA DONA MARIA AUGUSTA NOGUEIRA";"EM FRENTE AO POSTO DE GASOLINA BR";"PRADO";"";"CIDADE";"COLISÃO LATERAL";1;"1";"0";"0";"0";"0";"0";"0";"0";"1";"0";"Cruzamento";"Chuvoso";"Não existe";"Incompleta";"Molhada";"Perfeito estado";"Não existe";"R-19";"60 km/h";"Única";"Faixa seccionada";"Canteiro central";""
"4493";2021-03-01;"07:31:00";"COM VÍTIMA";"FINALIZADA";"CORDEIRO";"AV GENERAL SAN MARTIN";"809";"";"PROX  AO  GETULIO  VARGAS  EM  FRENTE  A  LOJA  COLORATA";"CORDEIRO";"";"CIDADE";"COLISÃO TRANSVERSAL";1;"1";"0";"0";"0";"0";"0";"0";"0";"1";"0";"Longo da via";"Chuvoso";"Não existe";"Perfeito estado";"Molhada";"Perfeito estado";"Não existe";"";"";"Dupla";"Faixa contínua";"";""
"4494";2021-03-01;"09:53:00";"COM VÍTIMA";"FINALIZADA";"NOVA DESCOBERTA";"RUA CORREGO DA AREIA";"355";"";"E/F A IGREJA PENTECOSTAL BOAS NOVAS";"NOVA DESCOBERTA";"";"SUBURBIO";"COLISÃO TRASEIRA";1;"1";"0";"0";"0";"0";"0";"0";"0";"2";"0";"Longo da via";"Chuvoso";"Não existe";"Perfeito estado";"Molhada";"Perfeito estado";"Não existe";"Não há placas";"40 km/h";"Dupla";"Faixa seccionada";"";""
"4495";2021-03-01;"10:20:00";"COM VÍTIMA";"FINALIZADA";"AREIAS";"AV RECIFE";"1040";"";"EM  FRENTE  AO  SUPERMERCADO    BIG  BOM PREÇO  NO SENTIDO  CAXANGA";"AREIAS";"494";"SUBURBIO";"COLISÃO TRASEIRA";1;"1";"0";"0";"0";"0";"0";"0";"0";"1";"0";"Longo da via";"Chuvoso";"Sem defeito";"Perfeito estado";"Molhada";"Perfeito estado";"Faixa de pedestre";"Não há placas";"60 km/h";"Única";"Faixa seccionada";"";""