"";"data";"hora";"natureza_acidente";"situacao";"bairro";"endereco";"numero";"detalhe_endereco_acidente";"complemento";"bairro_cruzamento";"num_semaforo";"sentido_via";"tipo";"auto";"moto";"ciclom";"ciclista";"pedestre";"onibus";"caminhao";"viatura";"outros";"vitimas";"vitimasfatais";"acidente_verificado";"tempo_clima";"situacao_semaforo";"sinalizacao";"condicao_via";"conservacao_via";"ponto_controle";"situacao_placa";"velocidade_max_via";"mao_direcao";"divisao_via1";"divisao_via2";"divisao_via3"
"4555";2021-03-12;"15:56:00";"COM VÍTIMA";"FINALIZADA";"CABANGA";"RUA CAPITAO TEMUDO";"258";"";"PRÓX AO ESTELITA / CASA ROSA SELF SERVICE";"CABANGA";"";"PINA";"ATROPELAMENTO DE PESSOA";1;"1";"0";"0";"1";"0";"0";"0";"0";"1";"0";"Longo da via";"Bom";"Não existe";"Incompleta";"Seca";"Perfeito estado";"Não existe";"Não há placas";"";"Única";"Não existe";"";""
"4556";2021-03-12;"16:17:00";"COM VÍTIMA";"FINALIZADA";"TEJIPIÓ";"AV DR JOSE RUFINO";"3843";"";"EM FRENTE À ESTAÇÃO DE TEJIPIÓ";"TEJIPIÓ";"497";"SUBURBIO";"COLISÃO LATERAL";1;"1";"0";"0";"0";"0";"0";"0";"0";"1";"0";"Longo da via";"Bom";"Sem defeito";"Perfeito estado";"Seca";"Perfeito estado";"Não existe";"Não há placas";"40 km/h";"Dupla";"Faixa contínua";"";""
"4557";2021-03-12;"16:37:00";"COM VÍTIMA";"FINALIZADA";"BOA VIAGEM";"AV BOA VIAGEM";"3356";"";"EDF ANTÔNIO MONTE";"BOA VIAGEM";"547";"CIDADE";"COLISÃO TRASEIRA";1;"1";"0";"0";"0";"0";"0";"0";"0";"1";"0";"Longo da via";"Bom";"Sem defeito";"Perfeito estado";"Seca";"Perfeito estado";"Faixa de pedestre";"Outras";"";"Única";"Faixa seccionada";"";""
"4558";2021-03-12;"18:43:00";"SEM VÍTIMA";"FINALIZADA";"GRAÇAS";"RUA DAS CREOULAS";"101";"";"PROTOCOLO=22026481 ( ATENDENTE RUAN )";"GRAÇAS";"";"";"CHOQUE";1;"0";"0";"0";"0";"0";"0";"0";"0";"0";"0";"";"";"";"";"";"";"";"";"";"";"";"";""
"4559";2021-03-13;"09:58:00";"COM VÍTIMA";"FINALIZADA";"BOA VISTA";"AV JOAO DE BARROS";"";"RUA DR LEOPOLDO LINS";"";"BOA VISTA";"198";"SUBURBIO";"QUEDA";0;"1";"0";"0";"0";"0";"0";"0";"0";"1";"0";"Cruzamento";"Bom";"Sem defeito";"Não existente";"Seca";"Perfeito estado";"Faixa de pedestre";"";"30 km/h";"Única";"Faixa seccionada";"";""
"4560";2021-03-13;"11:10:00";"COM VÍTIMA";"FINALIZADA";"BARRO";"AV DR JOSE RUFINO";"1807";"RUA PADRE NOBREGA";"IGREJA MUNDIAL DE JESUS CRISTO";"BARRO";"";"SUBURBIO";"COLISÃO TRANSVERSAL";1;"1";"0";"0";"0";"0";"0";"0";"0";"1";"0";"Longo da via";"Bom";"Não existe";"Ilegível";"Seca";"Perfeito estado";"Faixa de pedestre";"";"60 km/h";"Dupla";"Faixa contínua";"";""
"4561";2021-03-13;"16:01:00";"COM VÍTIMA";"FINALIZADA";"CORDEIRO";"RUA DR MIGUEL VIEIRA FERREIRA";"359";"";"BROTO PIZZA";"CORDEIRO";"";"SUBURBIO";"COLISÃO LATERAL";1;"1";"0";"0";"0";"0";"0";"1";"0";"1";"0";"Longo da via";"Bom";"Não existe";"Perfeito estado";"Seca";"Perfeito estado";"";"R-6a";"";"Dupla";"Faixa contínua";"";""
"4562";2021-03-13;"16:09:00";"SEM VÍTIMA";"FINALIZADA";"BOMBA DO HEMETÉRIO";"RUA BOMBA DO HEMETERIO";"662";"";"EM FRENTE A IGREJA UNIVERSAL/ FARMACIA DA FAMILIA";"BOMBA DO HEMETÉRIO";"";"";"COLISÃO TRASEIRA";2;"0";"0";"0";"0";"0";"0";"0";"0";"0";"0";"";"";"";"";"";"";"";"";"";"";"";"";""
"4563";2021-03-14;"11:06:00";"COM VÍTIMA";"FINALIZADA";"IPSEP";"RUA PAMPULHA";"325";"RUA CACHOEIRA";"EM FRENTE AO COLEGIO SANTA TEREZA";"IPSEP";"";"SUL";"COLISÃO TRANSVERSAL";1;"1";"0";"0";"0";"0";"0";"0";"0";"1";"0";"Cruzamento";"Bom";"Não existe";"Perfeito estado";"Seca";"Perfeito estado";"Faixa de retenção";"Placas ""Pare""";"40 km/h";"Única";"Não existe";"";""
"4564";2021-03-15;"07:03:00";"SEM VÍTIMA";"FINALIZADA";"PINA";"AV ANTONIO DE GOES";"62A";"";"PISTA DA ESQUERDA INICIO DO VIADUTO PAULO GUERRA";"PINA";"";"CIDADE";"CHOQUE";1;"0";"0";"0";"0";"0";"0";"0";"0";"0";"0";"Viaduto";"Bom";"Não existe";"Perfeito estado";"Seca";"Perfeito estado";"Não existe";"Não há placas";"";"Única";"Canteiro central";"";""
"4565";2021-03-15;"14:37:00";"SEM VÍTIMA";"FINALIZADA";"BOA VIAGEM";"RUA BARAO DE SOUZA LEAO";"698";"";"EM FRENTE AO RESTAURANTE COSTA BRAVA";"BOA VIAGEM";"";"";"";2;"0";"0";"0";"0";"0";"0";"0";"0";"0";"0";"Longo da via";"Bom";"Não existe";"Perfeito estado";"Seca";"Perfeito estado";"Não existe";"";"";"Única";"Faixa seccionada";"";""
"4566";2021-03-16;"07:40:00";"COM VÍTIMA";"FINALIZADA";"IPUTINGA";"AV CAXANGA";"4038";"";"em frente ao posto br suplano";"IPUTINGA";"";"CIDADE";"ATROPELAMENTO DE PESSOA";1;"0";"0";"0";"1";"0";"0";"0";"0";"1";"0";"Longo da via";"Bom";"Sem defeito";"Perfeito estado";"Seca";"Perfeito estado";"Faixa de pedestre";"Não há placas";"";"Dupla";"Canteiro central";"";""
"4567";2021-03-16;"09:00:00";"COM VÍTIMA";"FINALIZADA";"BOA VIAGEM";"AV BOA VIAGEM";"3906";"RUA RIBEIRO DE BRITO";"AO LADO DO EDF LE CORBUSIER";"BOA VIAGEM";"";"CIDADE";"COLISÃO TRASEIRA";1;"1";"0";"0";"0";"0";"0";"0";"0";"1";"0";"Longo da via";"Bom";"Sem defeito";"Perfeito estado";"Seca";"Perfeito estado";"";"";"";"Única";"Faixa seccionada";"";""
"4568";2021-03-16;"10:47:00";"SEM VÍTIMA";"FINALIZADA";"DOIS IRMÃOS";"AV DA RECUPERACAO";"";"";"PRÓX. AO MOTEL SENZALA";"DOIS IRMÃOS";"416";"CIDADE";"COLISÃO TRASEIRA";1;"0";"0";"0";"0";"0";"0";"1";"0";"0";"0";"Longo da via";"Bom";"Sem defeito";"Perfeito estado";"Seca";"Perfeito estado";"Faixa de pedestre";"Não há placas";"30 km/h";"Única";"Faixa contínua";"";""
"4569";2021-03-16;"14:49:00";"SEM VÍTIMA";"FINALIZADA";"CASA FORTE";"AV DEZESSETE DE AGOSTO";"";"";"AO LADO DO SHOPPING PLAZA";"CASA FORTE";"";"";"COLISÃO LATERAL";1;"1";"0";"0";"0";"0";"0";"0";"0";"0";"0";"";"";"";"";"";"";"";"";"";"";"";"";""
"4570";2021-03-16;"14:58:00";"COM VÍTIMA";"FINALIZADA";"CASA FORTE";"AV DEZESSETE DE AGOSTO";"428";"";"EM FRENTE AOBANCO DO BRASIL";"CASA FORTE";"";"SUBURBIO";"COLISÃO TRASEIRA";1;"1";"0";"0";"0";"0";"0";"0";"0";"1";"0";"Longo da via";"Bom";"Sem defeito";"Perfeito estado";"Seca";"Perfeito estado";"Outros";"Outras";"";"Dupla";"Faixa contínua";"";""
"4571";2021-03-16;"15:00:00";"COM VÍTIMA";"FINALIZADA";"BOA VISTA";"RUA PRINCESA IZABEL";"";"";"EM FRENTE A FACULDADE DE DIREITO";"BOA VISTA";"";"CIDADE";"ATROPELAMENTO DE PESSOA";0;"1";"0";"0";"1";"0";"0";"0";"0";"2";"0";"Longo da via";"Bom";"Não existe";"Perfeito estado";"Seca";"Perfeito estado";"Não existe";"Não há placas";"";"Única";"Faixa seccionada";"";""
"4572";2021-03-17;"13:20:00";"COM VÍTIMA";"FINALIZADA";"IMBIRIBEIRA";"AV MARECHAL MASCARENHAS DE MORAES";"";"";"EM FRENTE A FACULDADE PERNAMBUCANA DE SAUDE/ SENTIDO CIDADE";"IMBIRIBEIRA";"530";"CIDADE";"COLISÃO LATERAL";1;"1";"0";"0";"0";"0";"0";"0";"0";"1";"0";"Longo da via";"Bom";"Sem defeito";"Perfeito estado";"Seca";"Perfeito estado";"Faixa de pedestre";"";"60 km/h";"Única";"Faixa seccionada";"";""
"4573";2021-03-17;"14:45:00";"COM VÍTIMA";"CANCELADA";"ILHA JOANA BEZERRA";"VDO PAPA JOAO PAULO II";"";"";"ALÇA QUE DÁ ACESSO À RUA IMPERIAL";"ILHA JOANA BEZERRA";"";"";"COLISÃO TRASEIRA";0;"2";"0";"0";"0";"0";"0";"0";"0";"1";"0";"";"";"";"";"";"";"";"";"";"";"";"";""
"4574";2021-03-17;"15:40:00";"COM VÍTIMA";"CANCELADA";"SÃO JOSÉ";"RUA DO PEIXOTO";"";"";"EM FRENTE A CASA DA CULTURA";"SÃO JOSÉ";"";"";"ATROPELAMENTO DE PESSOA";0;"1";"0";"0";"1";"0";"0";"0";"0";"1";"0";"";"";"";"";"";"";"";"";"";"";"";"";""
"4575";2021-03-17;"16:11:00";"SEM VÍTIMA";"FINALIZADA";"CAXANGÁ";"AV CAXANGA";"";"AV GENERAL SAN MARTIN";"";"CAXANGÁ";"";"";"COLISÃO TRASEIRA";0;"0";"0";"0";"0";"0";"0";"0";"0";"0";"0";"";"";"";"";"";"";"";"";"";"";"";"";""
"4576";2021-03-17;"18:08:00";"COM VÍTIMA";"FINALIZADA";"APIPUCOS";"RUA DE APIPUCOS";"193";"";"PROXIMO AO EDIFICIO PAINEIRAS";"APIPUCOS";"";"CIDADE";"COLISÃO LATERAL";1;"1";"0";"0";"0";"0";"0";"0";"0";"1";"0";"Longo da via";"Bom";"Não existe";"Perfeito estado";"Seca";"Perfeito estado";"Não existe";"R-6a";"40 km/h";"Dupla";"Faixa contínua";"";""
"4577";2021-03-18;"08:12:00";"SEM VÍTIMA";"FINALIZADA";"BOA VIAGEM";"AVENIDA CELSO FURTADO (VIA MANGUE)";"";"RUA TOME GIBSON";"";"BOA VIAGEM";"";"";"CAPOTAMENTO";0;"0";"0";"0";"0";"0";"0";"0";"0";"0";"0";"";"";"";"";"";"";"";"";"";"";"";"";""
"4578";2021-03-18;"12:24:00";"SEM VÍTIMA";"FINALIZADA";"SÃO JOSÉ";"C SANTA RITA";"";"";"TERMINAL DE SANTA RITA";"SÃO JOSÉ";"473";"SUBURBIO";"CHOQUE";1;"0";"0";"0";"0";"1";"0";"0";"0";"0";"0";"Longo da via";"Bom";"Sem defeito";"Perfeito estado";"Seca";"Perfeito estado";"Não existe";"Não há placas";"40 km/h";"Dupla";"Canteiro central";"";""
"4579";2021-03-18;"12:58:00";"COM VÍTIMA";"FINALIZADA";"ÁGUA FRIA";"AV BEBERIBE";"4575";"";"EM FRENTE A MAGAZINE LUIZA";"ÁGUA FRIA";"";"CIDADE";"ATROPELAMENTO DE PESSOA";0;"1";"0";"0";"1";"0";"0";"0";"0";"1";"0";"Longo da via";"Chuvoso";"Sem defeito";"Perfeito estado";"Molhada";"Perfeito estado";"Não existe";"Não há placas";"60 km/h";"Dupla";"Faixa contínua";"";""
"4580";2021-03-18;"16:47:00";"COM VÍTIMA";"FINALIZADA";"BOA VIAGEM";"AV BOA VIAGEM";"";"";"APOS O HOSPITAL DA AERONALTICA";"BOA VIAGEM";"";"";"COLISÃO TRASEIRA";1;"1";"0";"0";"0";"0";"0";"0";"0";"2";"0";"";"";"";"";"";"";"";"";"";"";"";"";""
"4581";2021-03-18;"20:28:00";"COM VÍTIMA";"FINALIZADA";"BONGI";"AV ENGENHEIRO ABDIAS DE CARVALHO";"321";"";"PRÓX AO ATACAREJO";"BONGI";"687";"CIDADE";"COLISÃO LATERAL";1;"1";"0";"0";"0";"0";"0";"0";"0";"1";"0";"Longo da via";"Bom";"Sem defeito";"Perfeito estado";"Seca";"Perfeito estado";"Faixa de retenção";"Outras";"";"Única";"Faixa seccionada";"";""
"4582";2021-03-19;"08:48:00";"COM VÍTIMA";"FINALIZADA";"TEJIPIÓ";"AV DR JOSE RUFINO";"429";"RUA PAPA JOAO VINTE E TRES";"PROX. AO CARTORIO DE TEJIPIO E FÁBRICA PADARIA";"TEJIPIÓ";"285";"SUBURBIO";"COLISÃO LATERAL";1;"1";"0";"0";"0";"0";"0";"0";"0";"1";"0";"Cruzamento";"Bom";"Sem defeito";"Perfeito estado";"Seca";"Perfeito estado";"Faixa de pedestre";"Não há placas";"60 km/h";"Dupla";"Faixa contínua";"";""
"4583";2021-03-19;"10:53:00";"COM VÍTIMA";"DUPLICIDADE";"CASA AMARELA";"AV NORTE";"5080";"";"PRÓXIMO AO REI DA PICANHA";"CASA AMARELA";"";"";"COLISÃO TRASEIRA";1;"1";"0";"0";"0";"0";"0";"0";"0";"1";"0";"";"";"";"";"";"";"";"";"";"";"";"";""
"4584";2021-03-19;"11:32:00";"COM VÍTIMA";"FINALIZADA";"CASA AMARELA";"AV NORTE";"5067";"";"PROX. AO REI DA PICANHA, SENT. SUB. EM FRENTE AO POSTO BR";"CASA AMARELA";"";"SUBURBIO";"COLISÃO TRASEIRA";2;"1";"0";"0";"0";"0";"0";"0";"0";"1";"0";"Longo da via";"Bom";"Sem defeito";"Perfeito estado";"Seca";"Perfeito estado";"Faixa de pedestre";"";"";"Dupla";"Canteiro central";"";""
"4585";2021-03-19;"16:37:00";"COM VÍTIMA";"FINALIZADA";"SÃO JOSÉ";"RUA IMPERIAL";"981";"TRV DO RAPOSO";"EM FRENTE A FERRO E AÇO, PRODUTOS SIDERÚRGICOS";"SÃO JOSÉ";"510";"SUBURBIO";"COLISÃO TRANSVERSAL";1;"1";"0";"0";"0";"0";"0";"0";"0";"1";"0";"Cruzamento";"Bom";"Sem defeito";"Perfeito estado";"Seca";"Perfeito estado";"Faixa de pedestre";"Outras";"40 km/h";"Única";"Faixa seccionada";"";""
"4586";2021-03-19;"18:15:00";"SEM VÍTIMA";"FINALIZADA";"SANTO AMARO";"AV JOAO DE BARROS";"";"";"E/F AO CONCERVATORIO DE MUSICA PERNAMBUCANA";"SANTO AMARO";"";"";"CHOQUE";0;"0";"0";"0";"0";"0";"0";"0";"0";"0";"0";"";"";"";"";"";"";"";"";"";"";"";"";""
"4587";2021-03-19;"21:02:40";"VÍTIMA FATAL";"FINALIZADA";"BOA VIAGEM";"AV ENGENHEIRO DOMINGOS FERREIRA";"";"RUA ANTONIO FALCAO";"RUA ANTONIO FALCÃO (SEMÁFORO 145)";"BOA VIAGEM";"145";"";"COLISÃO TRANSVERSAL";1;"1";"0";"0";"0";"0";"0";"0";"0";"1";"1";"Cruzamento";"Bom";"Sem defeito";"";"Seca";"Perfeito estado";"Faixa de pedestre";"";"60 km/h";"Única";"";"";""
"4588";2021-03-19;"21:04:40";"COM VÍTIMA";"FINALIZADA";"ENCRUZILHADA";"RUA AMARO COUTINHO";"242";"RUA FERNANDO CESAR";"COM A RUA FERNANDO CESAR";"ENCRUZILHADA";"";"CIDADE";"COLISÃO TRANSVERSAL";1;"1";"0";"0";"0";"0";"0";"0";"0";"1";"0";"Cruzamento";"Bom";"Não existe";"Perfeito estado";"Seca";"Perfeito estado";"Faixa de pedestre";"Placas ""Pare""";"";"Única";"Faixa seccionada";"";""
"4589";2021-03-20;"04:00:00";"SEM VÍTIMA";"FINALIZADA";"SANTO AMARO";"AV PREFEITO ARTUR LIMA CAVALCANTI";"";"AV NORTE";"CRUZAMENTO COM A AV NORTE - SENTIDO SHOPING TACARUNA";"SANTO AMARO";"";"SUBURBIO";"CHOQUE";1;"0";"0";"0";"0";"0";"0";"0";"0";"0";"0";"";"";"";"";"";"";"";"";"";"";"";"";""
"4590";2021-03-20;"07:18:00";"COM VÍTIMA";"FINALIZADA";"MANGABEIRA";"AV NORTE";"4413";"AV PROFESSOR JOSE DOS ANJOS";"EM FRENTE AO SESC";"MANGABEIRA";"364";"CIDADE";"COLISÃO LATERAL";0;"2";"0";"0";"0";"0";"0";"0";"0";"1";"0";"Longo da via";"Bom";"Não existe";"Perfeito estado";"Seca";"Perfeito estado";"Não existe";"R-6a";"";"Dupla";"Faixa seccionada";"";""
"4591";2021-03-20;"07:19:00";"VÍTIMA FATAL";"FINALIZADA";"AREIAS";"AV RECIFE";"1040";"";"LADO OPOSTO AO BIG BOMPREÇO E HM VEÍCULOS. LADO OPOSTO AO NÚMERO INFORMADO.";"AREIAS";"";"JARDIM SÃO PAULO";"ATROPELAMENTO DE PESSOA";0;"0";"0";"0";"1";"0";"1";"0";"0";"0";"1";"Longo da via";"Bom";"Não existe";"Perfeito estado";"Seca";"Perfeito estado";"Outros";"";"";"";"Faixa seccionada";"Canteiro central";""
"4592";2021-03-20;"08:02:00";"COM VÍTIMA";"FINALIZADA";"ROSARINHO";"AV SANTOS DUMONT";"616";"RUA DR JOSE MARIA";"GALERIA D, BEL";"ROSARINHO";"98";"SUBURBIO";"COLISÃO TRASEIRA";2;"0";"0";"0";"0";"0";"0";"0";"0";"1";"0";"Cruzamento";"Chuvoso";"Sem defeito";"Perfeito estado";"";"Perfeito estado";"Faixa de pedestre";"Outras";"";"Única";"Faixa seccionada";"";""
"4593";2021-03-20;"14:01:00";"SEM VÍTIMA";"FINALIZADA";"IMBIRIBEIRA";"AV MARECHAL MASCARENHAS DE MORAES";"2777";"";"EM FRENTE AO GMAG ESTOFADOS";"IMBIRIBEIRA";"";"";"COLISÃO TRASEIRA";2;"0";"0";"0";"0";"0";"0";"0";"0";"0";"0";"";"";"";"";"";"";"";"";"";"";"";"";""
"4594";2021-03-20;"15:12:00";"COM VÍTIMA";"FINALIZADA";"DOIS UNIDOS";"AV HILDEBRANDO DE VASCONCELOS";"863";"";"EM FRENTE AO NUMERAL 863";"DOIS UNIDOS";"";"SUBURBIO";"ATROPELAMENTO DE PESSOA";0;"1";"0";"0";"1";"0";"0";"0";"0";"1";"0";"Longo da via";"Bom";"Não existe";"Não existente";"Seca";"Perfeito estado";"Não existe";"Não há placas";"";"Dupla";"Faixa seccionada";"";""
"4595";2021-03-20;"16:18:00";"COM VÍTIMA";"FINALIZADA";"SAN MARTIN";"AV ENGENHEIRO ABDIAS DE CARVALHO";"";"";"LADO OPOSTO AO COMPAZ DA ABDIAS.";"SAN MARTIN";"688";"CIDADE";"COLISÃO LATERAL";1;"1";"0";"0";"0";"0";"0";"0";"0";"1";"0";"Longo da via";"Bom";"Sem defeito";"Perfeito estado";"Seca";"Perfeito estado";"Faixa de retenção";"Não há placas";"60 km/h";"Única";"Faixa contínua";"";""
"4596";2021-03-20;"18:17:00";"COM VÍTIMA";"FINALIZADA";"BOA VIAGEM";"AV BOA VIAGEM";"3962";"RUA RIBEIRO DE BRITO";"PRÓX A MR NORDESTE. EDF. QUEEN MARY""";"BOA VIAGEM";"";"CIDADE";"COLISÃO TRASEIRA";1;"1";"0";"0";"0";"0";"0";"0";"0";"1";"0";"Longo da via";"Bom";"Não existe";"Perfeito estado";"Seca";"Perfeito estado";"Não existe";"Outras";"";"Única";"Faixa seccionada";"";""
"4597";2021-03-20;"19:00:00";"COM VÍTIMA";"CANCELADA";"MADALENA";"TUNEL DA ABOLICAO";"";"";"DENTRO DO TUNEL DA ABOLIÇÃO";"MADALENA";"";"";"COLISÃO LATERAL";1;"1";"0";"0";"0";"0";"0";"0";"0";"1";"0";"";"";"";"";"";"";"";"";"";"";"";"";""
"4598";2021-03-21;"19:18:00";"SEM VÍTIMA";"CANCELADA";"COHAB";"AV SANTA FE";"505";"";"E/F A LANCHONETE MEC BURGUER E LANCHONETE CARIOCA";"COHAB";"";"";"CHOQUE";1;"0";"0";"0";"0";"0";"0";"0";"0";"0";"0";"";"";"";"";"";"";"";"";"";"";"";"";""
"4599";2021-03-21;"21:39:40";"COM VÍTIMA";"CANCELADA";"CAXANGÁ";"AV CAXANGA";"3942";"";"E/F AO BIG BOMPREÇO, SNT CAMARAGIBE / PRÓX AO BANCO ITAU/BRADESCO";"CAXANGÁ";"";"";"COLISÃO LATERAL";0;"2";"0";"0";"0";"0";"0";"0";"0";"2";"0";"";"";"";"";"";"";"";"";"";"";"";"";""
"4600";2021-03-22;"07:32:00";"COM VÍTIMA";"FINALIZADA";"MADALENA";"RUA GOMES TABORDA";"";"RUA DES ADOLFO CIRIACO";"AO LADO DO BAILE PERFUMADO. AO LADO DO SINDICOMBUSTÍVEL PERNAMBUCO";"MADALENA";"";"";"COLISÃO LATERAL";1;"1";"0";"0";"0";"0";"0";"0";"0";"1";"0";"Cruzamento";"Bom";"Não existe";"Perfeito estado";"Seca";"Perfeito estado";"Não existe";"Não há placas";"30 km/h";"Dupla";"Faixa seccionada";"";""
"4601";2021-03-22;"08:49:00";"COM VÍTIMA";"FINALIZADA";"SANTO AMARO";"AV JOAO DE BARROS";"2790";"AV GOVERNADOR AGAMENON MAGALHAES";"EM FRENTE A ESTETICA CLINICAL CENTER";"SANTO AMARO";"";"SUBURBIO";"ATROPELAMENTO DE PESSOA";0;"0";"0";"0";"1";"1";"0";"0";"0";"1";"0";"Longo da via";"Bom";"Sem defeito";"Perfeito estado";"Seca";"Perfeito estado";"Faixa de retenção";"Placas ""Pare""";"";"Única";"Canteiro central";"";""
"4602";2021-03-22;"09:30:00";"COM VÍTIMA";"FINALIZADA";"IBURA";"RUA JORNALISTA EDSON REGIS";"456";"";"APOS A  ANTIGA FABRICA DA FREVO. KS PARTICIPAÇÕES.";"IBURA";"";"CIDADE";"COLISÃO LATERAL";1;"1";"0";"0";"0";"0";"0";"0";"0";"1";"0";"Longo da via";"Bom";"Não existe";"Perfeito estado";"Seca";"Perfeito estado";"Não existe";"R-6a";"";"Dupla";"Faixa seccionada";"";""
"4603";2021-03-22;"10:09:00";"SEM VÍTIMA";"FINALIZADA";"ÁGUA FRIA";"EST VELHA DE AGUA FRIA";"1242";"";"";"ÁGUA FRIA";"";"SUBURBIO";"";1;"0";"0";"0";"0";"0";"0";"1";"0";"0";"0";"Longo da via";"Bom";"Não existe";"Perfeito estado";"Seca";"Perfeito estado";"Não existe";"Outras";"30 km/h";"Única";"Outros";"";""
"4604";2021-03-22;"11:32:00";"COM VÍTIMA";"FINALIZADA";"JORDÃO";"AV MARIA IRENE";"1542";"";"EDF JAIME RAMALHO";"JORDÃO";"";"SUBURBIO";"COLISÃO TRANSVERSAL";1;"1";"0";"0";"0";"0";"0";"0";"0";"2";"0";"Cruzamento";"Bom";"Não existe";"Não existente";"Seca";"Perfeito estado";"Não existe";"Não há placas";"";"Dupla";"Não existe";"";""
"4605";2021-03-22;"13:07:00";"SEM VÍTIMA";"FINALIZADA";"MADALENA";"AV BEIRA RIO";"243";"";"PRÓX À ILHA DO RETIRO";"MADALENA";"";"";"CHOQUE";0;"0";"0";"0";"0";"0";"1";"0";"0";"0";"0";"";"";"";"";"";"";"";"";"";"";"";"";""
"4606";2021-03-22;"15:05:00";"COM VÍTIMA";"FINALIZADA";"HIPÓDROMO";"RUA CARLOS FERNANDES";"264";"RUA FONSECA OLIVEIRA";"PROX A DELEGACIA 13° BPM";"HIPÓDROMO";"";"";"COLISÃO LATERAL";1;"1";"0";"1";"0";"0";"0";"0";"0";"1";"0";"Cruzamento";"Bom";"Não existe";"Perfeito estado";"Seca";"Perfeito estado";"Outros";"Placas ""Pare""";"";"Dupla";"Faixa contínua";"";""
"4607";2021-03-22;"17:33:00";"VÍTIMA FATAL";"FINALIZADA";"ARRUDA";"RUA DAS MOCAS";"827";"RUA DA REGENERACAO";"CRUZAMENTO DO SEMÁFORO";"ARRUDA";"472";"";"COLISÃO TRANSVERSAL";0;"2";"0";"0";"0";"0";"0";"0";"0";"1";"1";"Cruzamento";"Bom";"Sem defeito";"Perfeito estado";"Seca";"Perfeito estado";"Faixa de pedestre";"Outras";"";"Dupla";"Faixa seccionada";"";""
"4608";2021-03-22;"18:40:00";"COM VÍTIMA";"CANCELADA";"CORDEIRO";"AV CAXANGA";"2379";"";"EM FRENTE A PADARIA REPUBLICA DO PÃO, EM FRENTE A PIAUTO VEÍCULOS";"CORDEIRO";"";"CIDADE";"COLISÃO COM CICLISTA";1;"0";"0";"1";"0";"0";"0";"0";"0";"1";"0";"";"";"";"";"";"";"";"";"";"";"";"";""
"4609";2021-03-22;"19:35:00";"COM VÍTIMA";"FINALIZADA";"PINA";"RUA MANOEL DE BRITO";"";"AV REPUBLICA ARABE UNIDA";"NA ENTRADA DO TÚNEL DO SHOPPING RIO MAR";"PINA";"659";"";"COLISÃO LATERAL";1;"1";"0";"0";"0";"0";"0";"0";"0";"1";"0";"Cruzamento";"Bom";"Sem defeito";"Perfeito estado";"Seca";"Perfeito estado";"";"R-6a";"";"Única";"Faixa contínua";"";""
"4610";2021-03-23;"05:05:00";"COM VÍTIMA";"CANCELADA";"ESPINHEIRO";"RUA DO ESPINHEIRO";"";"RUA QUARENTA E OITO";"NO CRUZAMENTO COM A RUA QUARENTA E OITO";"ESPINHEIRO";"";"";"COLISÃO TRANSVERSAL";1;"0";"0";"0";"0";"1";"0";"0";"0";"1";"0";"";"";"";"";"";"";"";"";"";"";"";"";""
"4611";2021-03-23;"07:18:00";"SEM VÍTIMA";"FINALIZADA";"AFOGADOS";"RUA NICOLAU PEREIRA";"";"";"SOB O PONTILHÃO DO METRÔ "" ESTAÇÃO"" AFOGADOS";"AFOGADOS";"";"SUBURBIO";"";0;"0";"0";"0";"0";"0";"1";"0";"1";"0";"0";"Longo da via";"Bom";"";"Perfeito estado";"Seca";"Perfeito estado";"";"R-15";"";"Única";"";"";""
"4612";2021-03-23;"07:43:00";"COM VÍTIMA";"FINALIZADA";"TORRE";"AV BEIRA RIO";"";"RUA CONDE DE IRAJA";"";"TORRE";"630";"";"QUEDA";0;"0";"0";"1";"0";"0";"0";"0";"0";"1";"0";"";"";"";"";"";"";"";"";"";"";"";"";""
"4613";2021-03-23;"16:15:00";"COM VÍTIMA";"FINALIZADA";"TORRE";"RUA SOUZA BANDEIRA";"463";"RUA DIANOPOLIS";"PORTO DE COMBUSTÍVEL BR";"TORRE";"317";"CIDADE";"COLISÃO LATERAL";1;"1";"0";"0";"0";"0";"0";"0";"0";"1";"0";"Longo da via";"Bom";"Sem defeito";"Perfeito estado";"Seca";"Perfeito estado";"Não existe";"Não há placas";"";"Dupla";"Faixa contínua";"";""
"4614";2021-03-23;"20:19:00";"COM VÍTIMA";"FINALIZADA";"SANTO AMARO";"RUA DOS PALMARES";"441";"RUA DO POMBAL";"E/F AO CENTRO DE SAÚDE WALDEMAR DE OLIVEIRA";"SANTO AMARO";"";"CIDADE";"COLISÃO FRONTAL";1;"1";"0";"0";"0";"0";"0";"0";"0";"1";"0";"Cruzamento";"Chuvoso";"Não existe";"Perfeito estado";"Molhada";"Perfeito estado";"Não existe";"Não há placas";"50 km/h";"Dupla";"Canteiro central";"";""
"4615";2021-03-23;"20:48:00";"COM VÍTIMA";"FINALIZADA";"IBURA";"AV PRESIDENTE DUTRA";"";"VIADUTO TANCREDO NEVES";"NA ENTRADA QUE DA ACESSO AO  VIADUTO TRANC NEVES, SNT BV / PRÓX AO SAL E BRAZA  / E/F A SUDENE";"IBURA";"";"";"COLISÃO LATERAL";1;"1";"0";"0";"0";"0";"0";"0";"0";"1";"0";"Viaduto";"Bom";"Não existe";"Perfeito estado";"Seca";"Perfeito estado";"Não existe";"Não há placas";"60 km/h";"Dupla";"Faixa contínua";"Faixa seccionada";"Canteiro central"