"";"data";"hora";"natureza_acidente";"situacao";"bairro";"endereco";"numero";"detalhe_endereco_acidente";"complemento";"bairro_cruzamento";"num_semaforo";"sentido_via";"tipo";"auto";"moto";"ciclom";"ciclista";"pedestre";"onibus";"caminhao";"viatura";"outros";"vitimas";"vitimasfatais";"acidente_verificado";"tempo_clima";"situacao_semaforo";"sinalizacao";"condicao_via";"conservacao_via";"ponto_controle";"situacao_placa";"velocidade_max_via";"mao_direcao";"divisao_via1";"divisao_via2";"divisao_via3"
"4801";2021-04-22;"15:52:00";"SEM VÍTIMA";"FINALIZADA";"AFOGADOS";"EST DOS REMEDIOS";"";"RUA NICOLAU PEREIRA";"RUA NICOLAU PEREIRA";"AFOGADOS";"242";"";"SEMÁFORO";0;"0";"0";"0";"0";"0";"0";"0";"0";"0";"0";"";"";"";"";"";"";"";"";"";"";"";"";""
"4802";2021-04-22;"18:22:00";"COM VÍTIMA";"FINALIZADA";"SÃO JOSÉ";"C SANTA RITA";"";"";"SEMÁFORO 076";"SÃO JOSÉ";"76";"SUBURBIO";"COLISÃO TRASEIRA";0;"0";"0";"0";"0";"0";"0";"0";"0";"1";"0";"Longo da via";"Bom";"Sem defeito";"Incompleta";"Seca";"Mal conservada";"Outros";"Outras";"";"Dupla";"Canteiro central";"";""
"4803";2021-04-23;"07:10:00";"COM VÍTIMA";"FINALIZADA";"CASA AMARELA";"RUA ANTONIO DE CASTRO";"94";"";"EM FRENTE AO CONDOMINIO EDF TURMALINA E AO SALÃO CRIS HAIR";"CASA AMARELA";"";"";"COLISÃO FRONTAL";1;"1";"0";"0";"0";"0";"0";"0";"0";"1";"0";"Longo da via";"Bom";"Não existe";"Ilegível";"Seca";"Perfeito estado";"Outros";"Não há placas";"";"Única";"Não existe";"";""
"4804";2021-04-23;"08:29:00";"SEM VÍTIMA";"FINALIZADA";"SANTO AMARO";"RUA FREI CASSIMIRO";"891";"RUA DO POMBAL";"";"SANTO AMARO";"";"";"COLISÃO TRANSVERSAL";1;"1";"0";"0";"0";"0";"0";"0";"0";"0";"0";"Cruzamento";"Bom";"Não existe";"Perfeito estado";"Seca";"Perfeito estado";"Faixa de pedestre";"Placas ""Pare""";"40KM/H";"Dupla";"Canteiro central";"";""
"4805";2021-04-23;"10:13:00";"SEM VÍTIMA";"FINALIZADA";"AFOGADOS";"RUA SAO MIGUEL";"1343";"";"";"AFOGADOS";"";"";"CHOQUE";1;"0";"0";"0";"0";"0";"0";"0";"1";"0";"0";"Longo da via";"Bom";"Não existe";"Perfeito estado";"Seca";"Perfeito estado";"Não existe";"Não há placas";"";"Dupla";"Faixa seccionada";"";""
"4806";2021-04-23;"16:13:00";"COM VÍTIMA";"FINALIZADA";"SANTO AMARO";"AV GOVERNADOR AGAMENON MAGALHAES";"";"";"EM FRENTE AO MINISTERIO DO TRABALHO";"SANTO AMARO";"108";"";"COLISÃO LATERAL";1;"1";"0";"0";"0";"0";"0";"0";"0";"1";"0";"Longo da via";"Bom";"Sem defeito";"Perfeito estado";"Seca";"Perfeito estado";"Faixa de pedestre";"Outras";"60 km/h";"Dupla";"Canal";"Faixa seccionada";"Canteiro central"
"4807";2021-04-23;"16:16:00";"COM VÍTIMA";"FINALIZADA";"ESTÂNCIA";"AV RECIFE";"5630";"AV JOAO CABRAL DE MELO NETO";"BAR ESQUINA DO GALETO";"ESTÂNCIA";"5631";"SUBURBIO";"COLISÃO LATERAL";1;"1";"0";"0";"0";"0";"0";"0";"0";"1";"0";"Cruzamento";"Bom";"Sem defeito";"Perfeito estado";"Seca";"Perfeito estado";"Faixa de pedestre";"Não há placas";"";"Dupla";"Canteiro central";"";""
"4808";2021-04-23;"16:32:00";"COM VÍTIMA";"FINALIZADA";"BOA VISTA";"RUA DOM BOSCO";"";"";"EM FRENTE AO POSTO BR";"BOA VISTA";"";"SUBURBIO";"ATROPELAMENTO DE PESSOA";1;"0";"0";"0";"1";"0";"0";"0";"0";"1";"0";"Longo da via";"Bom";"Sem defeito";"Perfeito estado";"Seca";"Perfeito estado";"Faixa de pedestre";"";"";"Única";"Faixa contínua";"";""
"4809";2021-04-23;"17:51:00";"SEM VÍTIMA";"FINALIZADA";"PINA";"AV BRASILIA FORMOSA";"S/N";"";"";"PINA";"";"";"COLISÃO FRONTAL";2;"0";"0";"0";"0";"0";"0";"0";"0";"0";"0";"Longo da via";"Bom";"Não existe";"Não existente";"Seca";"Mal iluminada";"Não existe";"Não há placas";"";"Dupla";"Não existe";"";""
"4810";2021-04-23;"20:19:00";"COM VÍTIMA";"FINALIZADA";"ÁGUA FRIA";"RUA DA REGENERACAO";"333";"RUA BOM CONSELHO";"PRÓX A CASA DE FERRAGENS JOSÉ LUIZ FONSECA E FILHOS";"ÁGUA FRIA";"";"";"COLISÃO FRONTAL";1;"1";"0";"0";"0";"0";"0";"0";"0";"2";"0";"Cruzamento";"Bom";"Não existe";"Perfeito estado";"Seca";"";"Não existe";"Não há placas";"";"Dupla";"Não existe";"";""
"4811";2021-04-23;"21:27:40";"COM VÍTIMA";"FINALIZADA";"BOA VIAGEM";"RUA VISCONDE DE JEQUITINHONHA";"";"RUA BALTAZAR PASSOS";"APÓS O PARQUE DONA LINDU, FAIXA DA ESQUERDA";"BOA VIAGEM";"154";"SUBURBIO";"COLISÃO TRASEIRA";0;"2";"0";"0";"0";"0";"0";"0";"0";"3";"0";"Longo da via";"Bom";"Sem defeito";"Perfeito estado";"Seca";"Perfeito estado";"Faixa de pedestre";"Não há placas";"";"Única";"Faixa seccionada";"Canteiro central";""
"4812";2021-04-24;"09:14:00";"COM VÍTIMA";"FINALIZADA";"SANTO AMARO";"AV GOVERNADOR AGAMENON MAGALHAES";"1330";"";"SINISTRO SOB O SEMAFORO N° 379";"SANTO AMARO";"379";"";"COLISÃO TRASEIRA";0;"2";"0";"0";"0";"0";"0";"0";"0";"1";"0";"Longo da via";"Bom";"Sem defeito";"Perfeito estado";"Seca";"Perfeito estado";"Outros";"Outras";"60 km/h";"Dupla";"Canteiro central";"Canal";""
"4813";2021-04-24;"10:08:00";"COM VÍTIMA";"FINALIZADA";"IBURA";"AV DOM HELDER CAMARA";"360";"";"100 METROS DO NUCLEO DA POLICIA DO IBURA";"IBURA";"";"CIDADE";"COLISÃO TRASEIRA";1;"1";"0";"0";"0";"0";"0";"0";"0";"1";"0";"Longo da via";"Bom";"Não existe";"Incompleta";"Seca";"Perfeito estado";"Não existe";"Não há placas";"";"Dupla";"Canteiro central";"";""
"4814";2021-04-24;"14:49:00";"COM VÍTIMA";"FINALIZADA";"IMBIRIBEIRA";"RUA PAMPULHA";"160";"RUA ITAJAI";"E/F A CASA BRANCA RECEPÇOES";"IMBIRIBEIRA";"";"";"COLISÃO FRONTAL";1;"1";"0";"0";"0";"0";"0";"0";"0";"1";"0";"Cruzamento";"Bom";"Não existe";"Perfeito estado";"Seca";"Perfeito estado";"Não existe";"Placas ""Pare""";"60 km/h";"Única";"Faixa seccionada";"";""
"4815";2021-04-24;"15:26:00";"SEM VÍTIMA";"FINALIZADA";"PAISSANDU";"AV GOVERNADOR AGAMENON MAGALHAES";"";"";"EM FRENTE AO HOSPITAL PORTUGUES";"PAISSANDU";"";"BOA VIAGEM";"COLISÃO TRASEIRA";2;"0";"0";"0";"0";"0";"0";"0";"0";"0";"0";"";"";"";"";"";"";"";"";"";"";"";"";""
"4816";2021-04-24;"16:15:00";"COM VÍTIMA";"FINALIZADA";"CAMPO GRANDE";"RUA JERONIMO VILELA";"574";"";"E/F  AO CAMPO VITAL";"CAMPO GRANDE";"";"";"COLISÃO LATERAL";1;"1";"0";"0";"0";"0";"0";"0";"0";"1";"0";"";"";"";"";"";"";"";"";"";"";"";"";""
"4817";2021-04-24;"21:49:40";"COM VÍTIMA";"FINALIZADA";"VASCO DA GAMA";"RUA VASCO DA GAMA";"5785";"RUA RESPLENDOR";"E/F A ESCOLA MUNICIPAL PROF ADERBAL GALVÃO";"VASCO DA GAMA";"";"CIDADE";"COLISÃO FRONTAL";1;"1";"0";"0";"0";"0";"0";"0";"0";"1";"0";"Esquina";"Bom";"Não existe";"Incompleta";"Seca";"Perfeito estado";"Não existe";"R-6a";"30 km/h";"Dupla";"Não existe";"";""
"4818";2021-04-25;"21:05:40";"COM VÍTIMA";"FINALIZADA";"IPUTINGA";"AV CAXANGA";"";"RUA RODRIGUES FERREIRA";"PRÓX A UPA DA CAXANGÁ // PRÓX A ASSEMBLÉIA DE DEUS , SENTIDO CAMARAGIBE";"IPUTINGA";"232";"";"COLISÃO TRASEIRA";1;"1";"0";"0";"0";"0";"0";"0";"0";"1";"0";"Cruzamento";"Bom";"Sem defeito";"Perfeito estado";"Seca";"Perfeito estado";"Faixa de pedestre";"Não há placas";"";"Dupla";"Faixa seccionada";"Canteiro central";""
"4819";2021-04-26;"10:19:00";"COM VÍTIMA";"FINALIZADA";"IMBIRIBEIRA";"AV GENERAL MAC ARTHUR";"";"RUA JORGE DE LIMA";"PROX. DA ESTAÇÃO ANTONIO FALCÃO";"IMBIRIBEIRA";"402";"";"COLISÃO COM CICLISTA";1;"0";"0";"1";"0";"0";"0";"0";"0";"1";"0";"Cruzamento";"Bom";"Sem defeito";"Perfeito estado";"Seca";"Perfeito estado";"Faixa de pedestre";"R-6a";"";"Única";"Faixa contínua";"Faixa seccionada";""
"4820";2021-04-26;"11:34:00";"COM VÍTIMA";"FINALIZADA";"IMBIRIBEIRA";"AV MARECHAL MASCARENHAS DE MORAES";"2100";"RUA PAMPULHA";"E/F A CONCESSIONÁRIA RENAULT (SENT. AEROPORTO)";"IMBIRIBEIRA";"534";"SUBURBIO";"COLISÃO LATERAL";1;"1";"0";"0";"0";"0";"0";"0";"0";"1";"0";"Cruzamento";"Bom";"Sem defeito";"Perfeito estado";"Seca";"Perfeito estado";"Faixa de pedestre";"Não há placas";"";"Dupla";"Canteiro central";"";""
"4821";2021-04-26;"12:31:00";"COM VÍTIMA";"FINALIZADA";"CURADO";"AV PREFEITO ANTONIO PEREIRA";"155";"RUA DR GEORGE WILLIAM BUTLER";"APOS A COPARC  PROX AO TIP  S/T TIP";"CURADO";"";"";"COLISÃO LATERAL";1;"1";"0";"0";"0";"1";"0";"0";"0";"2";"0";"Cruzamento";"Bom";"Sem defeito";"Perfeito estado";"Seca";"Perfeito estado";"Não existe";"Não há placas";"";"Dupla";"Faixa contínua";"";""
"4822";2021-04-26;"13:06:00";"COM VÍTIMA";"FINALIZADA";"BOA VIAGEM";"AV BOA VIAGEM";"";"";"SOB SEMAFORO 555";"BOA VIAGEM";"555";"CIDADE";"COLISÃO FRONTAL";1;"1";"0";"0";"0";"0";"0";"0";"0";"1";"0";"Esquina";"Bom";"Sem defeito";"Perfeito estado";"Seca";"Perfeito estado";"Faixa de pedestre";"Outras";"";"Única";"Não existe";"";""
"4823";2021-04-26;"17:59:00";"COM VÍTIMA";"FINALIZADA";"ARRUDA";"AV PROFESSOR JOSE DOS ANJOS";"";"AV BEBERIBE";"EM FRENTE AO BOMPREÇO DO ARRUDA / SEMÁFORO 131";"ARRUDA";"131";"CIDADE";"COLISÃO COM CICLISTA";0;"0";"0";"1";"0";"0";"1";"0";"0";"1";"0";"Cruzamento";"Bom";"Sem defeito";"Perfeito estado";"Seca";"Perfeito estado";"Outros";"Outras";"40 km/h";"Única";"Faixa seccionada";"";""
"4824";2021-04-26;"20:22:00";"SEM VÍTIMA";"FINALIZADA";"IMBIRIBEIRA";"RUA GENERAL GOES MONTEIRO";"";"RUA ENGENHEIRO JOSE BRANDAO CAVALCANTE";"E/F À CONCESSIONÁRIA MEIRA LINS";"IMBIRIBEIRA";"";"";"COLISÃO TRANSVERSAL";0;"0";"0";"0";"0";"0";"1";"1";"0";"0";"0";"Cruzamento";"Bom";"Não existe";"";"Seca";"Outros";"Não existe";"Placas ""Pare""";"30km/h";"Dupla";"Não existe";"";""
"4825";2021-04-27;"07:57:00";"COM VÍTIMA";"FINALIZADA";"MADALENA";"RUA REAL DA TORRE";"";"RUA JOSE OSORIO";"CRUZAMENTO";"MADALENA";"179";"SUBURBIO";"COLISÃO TRASEIRA";1;"1";"0";"0";"0";"0";"0";"0";"0";"1";"0";"Cruzamento";"Bom";"Sem defeito";"Perfeito estado";"Seca";"Perfeito estado";"Agente";"Não há placas";"";"Única";"Faixa seccionada";"";""
"4826";2021-04-27;"08:27:00";"COM VÍTIMA";"FINALIZADA";"IPSEP";"AV RECIFE";"3009";"RUA ADOLFO FARO";"ANTIGO POSTO FEDERAL";"IPSEP";"";"CIDADE";"COLISÃO TRASEIRA";0;"1";"0";"0";"0";"0";"1";"0";"0";"1";"0";"Cruzamento";"Bom";"Não existe";"Perfeito estado";"Seca";"Perfeito estado";"Não existe";"Não há placas";"";"Dupla";"Faixa contínua";"Faixa seccionada";"Canteiro central"
"4827";2021-04-27;"08:55:00";"COM VÍTIMA";"FINALIZADA";"MADALENA";"RUA DEMOCRITO DE SOUZA FILHO";"335";"";"EM FRENTE AO EMPRESARIAL GREEN TOWER";"MADALENA";"";"";"COLISÃO COM CICLISTA";1;"0";"0";"1";"0";"0";"0";"0";"0";"1";"0";"Longo da via";"Bom";"Não existe";"Perfeito estado";"Seca";"Perfeito estado";"Não existe";"R-6a";"";"Única";"Não existe";"";""
"4828";2021-04-27;"10:41:00";"SEM VÍTIMA";"CANCELADA";"BOA VIAGEM";"RUA VISCONDE DE JEQUITINHONHA";"1360";"";"EM FRENTE AO EDF TOBAGO";"BOA VIAGEM";"";"";"COLISÃO FRONTAL";2;"0";"0";"0";"0";"0";"0";"0";"0";"0";"0";"";"";"";"";"";"";"";"";"";"";"";"";""
"4829";2021-04-27;"10:53:00";"SEM VÍTIMA";"FINALIZADA";"IMBIRIBEIRA";"AV MARECHAL MASCARENHAS DE MORAES";"";"";"";"IMBIRIBEIRA";"";"";"COLISÃO LATERAL";0;"0";"0";"0";"0";"0";"0";"0";"0";"0";"0";"";"";"";"";"";"";"";"";"";"";"";"";""
"4830";2021-04-27;"13:59:00";"SEM VÍTIMA";"FINALIZADA";"MADALENA";"AV CAXANGA";"";"";"SOB O TÚNEL DA ABOLIÇÃO";"MADALENA";"";"";"COLISÃO LATERAL";1;"0";"0";"0";"0";"0";"0";"1";"0";"0";"0";"Longo da via";"Bom";"Sem defeito";"Perfeito estado";"Seca";"Perfeito estado";"";"Não há placas";"";"Dupla";"Faixa contínua";"";""
"4831";2021-04-27;"17:01:00";"SEM VÍTIMA";"FINALIZADA";"CABANGA";"RUA PADRE CARLOS DE BARROS BARRETO";"25";"";"EM FRENTE A COMPESA DO CABANGA";"CABANGA";"";"";"COLISÃO LATERAL";2;"0";"0";"0";"0";"0";"0";"0";"0";"0";"0";"Longo da via";"Bom";"Não existe";"Não existente";"Seca";"Perfeito estado";"Não existe";"Não há placas";"40km/h";"Dupla";"Não existe";"";""
"4832";2021-04-27;"19:54:00";"COM VÍTIMA";"FINALIZADA";"MADALENA";"EST DOS REMEDIOS";"";"AV JOSE GONCALVES DE MEDEIROS";"EM FRENTE A POLICLINICA LESSA DE ANDRADE";"MADALENA";"353";"";"COLISÃO LATERAL";0;"1";"0";"0";"0";"0";"0";"1";"0";"1";"0";"Cruzamento";"Bom";"Sem defeito";"Perfeito estado";"Seca";"Perfeito estado";"Faixa de pedestre";"";"";"Única";"Não existe";"";""
"4833";2021-04-28;"07:23:00";"SEM VÍTIMA";"FINALIZADA";"IPUTINGA";"AV CAXANGA";"";"EST DO BARBALHO";"";"IPUTINGA";"533";"";"SEMÁFORO";0;"0";"0";"0";"0";"0";"0";"0";"0";"0";"0";"";"";"";"";"";"";"";"";"";"";"";"";""
"4834";2021-04-28;"09:30:00";"COM VÍTIMA";"FINALIZADA";"TAMARINEIRA";"RUA PADRE ROMA";"1";"AV CONS ROSA E SILVA";"COMEDORIA DA PIZZA";"TAMARINEIRA";"61";"SUBURBIO";"COLISÃO TRANSVERSAL";1;"1";"0";"0";"0";"0";"0";"0";"0";"1";"0";"Longo da via";"Chuvoso";"Sem defeito";"Perfeito estado";"Molhada";"Perfeito estado";"Faixa de pedestre";"R-4b";"";"Dupla";"Faixa contínua";"Canteiro central";""
"4835";2021-04-28;"14:11:00";"SEM VÍTIMA";"FINALIZADA";"TORRÕES";"AV ENGENHEIRO ABDIAS DE CARVALHO";"";"RUA QUINZE DE MARCO";"PRAÇA DA CHESF";"TORRÕES";"422";"";"SEMÁFORO";0;"0";"0";"0";"0";"0";"0";"0";"0";"0";"0";"";"";"";"";"";"";"";"";"";"";"";"";""
"4836";2021-04-28;"15:43:00";"SEM VÍTIMA";"FINALIZADA";"IPUTINGA";"AV CAXANGA";"";"EST DO BARBALHO";"ESTRADA DO BARBALHO";"IPUTINGA";"533";"";"SEMÁFORO";0;"0";"0";"0";"0";"0";"0";"0";"0";"0";"0";"";"";"";"";"";"";"";"";"";"";"";"";""
"4837";2021-04-28;"17:51:00";"SEM VÍTIMA";"FINALIZADA";"BOA VIAGEM";"RUA DES JOAO PAES";"232";"";"";"BOA VIAGEM";"";"";"CHOQUE";1;"0";"0";"0";"0";"0";"0";"0";"0";"0";"0";"";"";"";"";"";"";"";"";"";"";"";"";""
"4838";2021-04-28;"18:09:00";"COM VÍTIMA";"FINALIZADA";"CASA FORTE";"AV DEZESSETE DE AGOSTO";"";"RUA PIAUI";"SEMÁFORO 251 / PRÓX AO HOSP EMILIO DE MORAES";"CASA FORTE";"251";"CIDADE";"COLISÃO LATERAL";1;"1";"0";"0";"0";"0";"0";"0";"0";"1";"0";"Cruzamento";"Bom";"Sem defeito";"Perfeito estado";"Seca";"Perfeito estado";"Não existe";"";"";"Dupla";"Faixa contínua";"";""
"4839";2021-04-28;"18:38:00";"SEM VÍTIMA";"FINALIZADA";"TORRÕES";"AV ENGENHEIRO ABDIAS DE CARVALHO";"422";"RUA QUINZE DE MARCO";"CRUZAMENTO C/A RUA QUINZE DE MARÇO - PRÓXIMO A PRAÇA DA CHESF";"TORRÕES";"";"";"SEMÁFORO";0;"0";"0";"0";"0";"0";"0";"0";"0";"0";"0";"";"";"";"";"";"";"";"";"";"";"";"";""
"4840";2021-04-28;"19:00:00";"COM VÍTIMA";"FINALIZADA";"CASA AMARELA";"AV NORTE";"5359";"";"ESCOLA SOZEMAR DE MACEDIE LIMA";"CASA AMARELA";"";"CIDADE";"COLISÃO FRONTAL";1;"1";"0";"0";"0";"0";"0";"0";"0";"1";"0";"Longo da via";"Bom";"Não existe";"Ilegível";"Seca";"Mal conservada";"Não existe";"";"";"Única";"Não existe";"";""
"4841";2021-04-29;"12:55:00";"SEM VÍTIMA";"FINALIZADA";"SANTO AMARO";"AV CRUZ CABUGA";"";"";"";"SANTO AMARO";"627";"";"COLISÃO TRASEIRA";1;"1";"0";"0";"0";"0";"0";"0";"0";"0";"0";"Longo da via";"Bom";"Sem defeito";"Perfeito estado";"Seca";"Perfeito estado";"Faixa de pedestre";"Não há placas";"";"Dupla";"Faixa contínua";"";""
"4842";2021-04-29;"13:49:00";"SEM VÍTIMA";"FINALIZADA";"IMBIRIBEIRA";"RUA SARGENTO SILVINO DE MACEDO";"241";"";"POR TRAS DA ESTAÇAO DO METRO SHOPING";"IMBIRIBEIRA";"";"";"COLISÃO FRONTAL";0;"0";"0";"0";"0";"0";"0";"0";"0";"0";"0";"Cruzamento";"Bom";"Não existe";"Perfeito estado";"Seca";"Perfeito estado";"Não existe";"Não há placas";"";"Dupla";"Não existe";"";""
"4843";2021-04-29;"14:29:00";"SEM VÍTIMA";"FINALIZADA";"ENCRUZILHADA";"RUA FERNANDO CESAR";"338";"";"";"ENCRUZILHADA";"";"CIDADE";"CAPOTAMENTO";1;"0";"0";"0";"0";"0";"0";"0";"0";"0";"0";"Longo da via";"Bom";"Sem defeito";"Perfeito estado";"Seca";"Perfeito estado";"Faixa de pedestre";"Outras";"";"Única";"Faixa seccionada";"";""
"4844";2021-04-29;"19:29:00";"COM VÍTIMA";"FINALIZADA";"BOA VIAGEM";"AV ENGENHEIRO DOMINGOS FERREIRA";"2869";"";"PROXIMO DO BANCO DO NORDESTE, FAIXA DA ESQUERDA";"BOA VIAGEM";"";"SUBURBIO";"COLISÃO TRASEIRA";3;"1";"0";"0";"0";"0";"0";"0";"0";"1";"0";"Longo da via";"Bom";"Não existe";"Perfeito estado";"Seca";"Perfeito estado";"Não existe";"Não há placas";"";"Dupla";"Canteiro central";"";""
"4845";2021-04-29;"21:27:40";"COM VÍTIMA";"FINALIZADA";"SÃO JOSÉ";"RUA IMPERIAL";"222";"RUA BOM SUCESSO";"EM FRENTE AO NUMERO 222";"SÃO JOSÉ";"";"SUBURBIO";"COLISÃO LATERAL";2;"0";"0";"0";"0";"0";"0";"0";"0";"2";"0";"Cruzamento";"Bom";"Não existe";"Perfeito estado";"Seca";"Perfeito estado";"Não existe";"Não há placas";"";"Única";"Faixa seccionada";"";""
"4846";2021-04-30;"08:08:00";"COM VÍTIMA";"FINALIZADA";"CASA AMARELA";"RUA CONS NABUCO";"325";"";"PROXIMO A ESCOLA BRINQUEDOS E BRINCADEIRAS";"CASA AMARELA";"";"";"COLISÃO FRONTAL";1;"1";"0";"0";"0";"0";"0";"0";"0";"1";"0";"Longo da via";"Chuvoso";"Não existe";"Perfeito estado";"Molhada";"Perfeito estado";"Não existe";"R-6a";"";"Dupla";"Não existe";"";""
"4847";2021-04-30;"08:17:00";"SEM VÍTIMA";"FINALIZADA";"BOA VISTA";"RUA DOM BOSCO";"";"";"EM FRENTE AO BATALHÃO DA RP";"BOA VISTA";"";"";"COLISÃO LATERAL";1;"0";"0";"0";"0";"0";"0";"1";"0";"0";"0";"Longo da via";"Chuvoso";"Não existe";"Perfeito estado";"Molhada";"Perfeito estado";"Não existe";"Não há placas";"";"Única";"Faixa contínua";"";""
"4848";2021-04-30;"09:56:00";"SEM VÍTIMA";"FINALIZADA";"SANTO AMARO";"AV GOVERNADOR AGAMENON MAGALHAES";"";"";"EM FRENTE A ANTIGA UNICORDIS";"SANTO AMARO";"";"BOA VIAGEM";"COLISÃO TRASEIRA";1;"0";"0";"0";"0";"0";"0";"1";"0";"0";"0";"Longo da via";"Bom";"Sem defeito";"Perfeito estado";"Seca";"Perfeito estado";"Faixa de pedestre";"Não há placas";"";"Dupla";"Canal";"";""
"4849";2021-04-30;"11:59:00";"COM VÍTIMA";"FINALIZADA";"CORDEIRO";"RUA GOMES TABORDA";"948";"";"EM FRENTE A HENRIQUE CELL";"CORDEIRO";"";"CIDADE";"ATROPELAMENTO DE PESSOA";0;"1";"0";"0";"1";"0";"0";"0";"0";"1";"0";"Longo da via";"Chuvoso";"Não existe";"Perfeito estado";"Molhada";"Perfeito estado";"Não existe";"Não há placas";"30 km/h";"Dupla";"Faixa seccionada";"";""
"4850";2021-04-30;"12:23:00";"SEM VÍTIMA";"FINALIZADA";"IPUTINGA";"EST DO BARBALHO";"";"AV CAXANGA";"";"IPUTINGA";"";"";"SEMÁFORO";0;"0";"0";"0";"0";"0";"0";"0";"0";"0";"0";"";"";"";"";"";"";"";"";"";"";"";"";""
"4851";2021-04-30;"16:10:00";"COM VÍTIMA";"FINALIZADA";"SÍTIO DOS PINTOS";"RUA MANUEL DE MEDEIROS";"17";"";"EM FRENTE UFRPE CCEAGRI";"SÍTIO DOS PINTOS";"";"SUBURBIO";"COLISÃO LATERAL";1;"1";"0";"0";"0";"0";"0";"0";"0";"1";"0";"Longo da via";"Chuvoso";"Não existe";"Perfeito estado";"Seca";"Mal conservada";"Não existe";"R-19";"30 km/h";"Dupla";"Não existe";"";""
"4852";2021-04-30;"16:12:00";"SEM VÍTIMA";"FINALIZADA";"CAXANGÁ";"AV CAXANGA";"";"AV GENERAL SAN MARTIN";"";"CAXANGÁ";"80";"";"SEMÁFORO";0;"0";"0";"0";"0";"0";"0";"0";"0";"0";"0";"";"";"";"";"";"";"";"";"";"";"";"";""
"4853";2021-04-30;"18:19:00";"COM VÍTIMA";"FINALIZADA";"CASA AMARELA";"AV NORTE";"2519";"";"E/F AO NUCLEO DE CASA AMARELA, SNT CID";"CASA AMARELA";"";"CIDADE";"QUEDA";1;"1";"0";"0";"0";"0";"0";"0";"0";"1";"0";"Longo da via";"Bom";"Não existe";"Perfeito estado";"Seca";"Mal iluminada";"Outros";"Outras";"";"Dupla";"Canteiro central";"";""
"4854";2021-04-30;"19:29:00";"COM VÍTIMA";"FINALIZADA";"CABANGA";"PRC GOVERNADOR PAULO GUERRA";"";"PTE GOVERNADOR PAULO GUERRA";"LARGO DO CABANGA - SENTIDO BOA VIAGEM - APÓS A LOMBADA ELETRÔNICA - NA CABECEIRA DA PONTE ESTAIADA";"CABANGA";"662";"SUBURBIO";"ATROPELAMENTO DE PESSOA";0;"1";"0";"0";"1";"0";"0";"0";"0";"1";"0";"Longo da via";"Bom";"Sem defeito";"Perfeito estado";"Seca";"Perfeito estado";"Não existe";"";"60 km/h";"";"Faixa contínua";"";""
"4855";2021-05-01;"13:01:00";"COM VÍTIMA";"FINALIZADA";"TOTÓ";"AV LIBERDADE";"";"";"EM FRENTE AO CEMITERIO PARQUE DA FLORES";"TOTÓ";"";"SUBURBIO";"COLISÃO COM CICLISTA";1;"0";"0";"1";"0";"0";"0";"0";"0";"1";"0";"Longo da via";"Bom";"Sem defeito";"Perfeito estado";"Seca";"Perfeito estado";"Não existe";"Não há placas";"";"Dupla";"Faixa contínua";"";""
"4856";2021-05-01;"13:16:00";"COM VÍTIMA";"FINALIZADA";"ENCRUZILHADA";"AV NORTE";"";"AV SANTOS DUMONT";"PAMELA  ROSARINHO";"ENCRUZILHADA";"81";"CIDADE";"COLISÃO LATERAL";1;"0";"0";"0";"0";"0";"0";"0";"0";"1";"0";"Cruzamento";"Nublado";"Sem defeito";"Perfeito estado";"Seca";"Perfeito estado";"Faixa de pedestre";"Outras";"";"Única";"Canteiro central";"";""
"4857";2021-05-01;"14:45:00";"COM VÍTIMA";"FINALIZADA";"BOA VIAGEM";"AV ENGENHEIRO DOMINGOS FERREIRA";"2571";"RUA PROFESSOR JOSE BRANDAO";"FARMÁCIA INDEPENDENTE";"BOA VIAGEM";"550";"";"COLISÃO LATERAL";1;"1";"0";"0";"0";"0";"0";"0";"0";"1";"0";"Longo da via";"Bom";"Sem defeito";"Perfeito estado";"Seca";"Perfeito estado";"Faixa de pedestre";"Não há placas";"";"Única";"Faixa seccionada";"";""
"4858";2021-05-01;"14:59:00";"COM VÍTIMA";"FINALIZADA";"APIPUCOS";"RUA DE APIPUCOS";"1200";"";"PROX AO BPM DO GATI / NO SEMAFORO 248";"APIPUCOS";"248";"CIDADE";"ATROPELAMENTO DE PESSOA";1;"0";"0";"0";"1";"0";"0";"0";"0";"1";"0";"Longo da via";"Bom";"Sem defeito";"Perfeito estado";"Seca";"Perfeito estado";"Faixa de pedestre";"Outras";"";"Dupla";"Faixa contínua";"";""
"4859";2021-05-02;"00:27:00";"COM VÍTIMA";"CANCELADA";"IPSEP";"RUA ARACATUBA";"";"";"PRAÇA DA MAURICEIA , PRÓXIMO AO COLÉGIO ESTADUAL ELEANOR ROOSEVELT";"IPSEP";"";"";"COLISÃO TRASEIRA";1;"1";"0";"0";"0";"0";"0";"0";"0";"1";"0";"";"";"";"";"";"";"";"";"";"";"";"";""