"";"data";"hora";"natureza_acidente";"situacao";"bairro";"endereco";"numero";"detalhe_endereco_acidente";"complemento";"bairro_cruzamento";"num_semaforo";"sentido_via";"tipo";"auto";"moto";"ciclom";"ciclista";"pedestre";"onibus";"caminhao";"viatura";"outros";"vitimas";"vitimasfatais";"acidente_verificado";"tempo_clima";"situacao_semaforo";"sinalizacao";"condicao_via";"conservacao_via";"ponto_controle";"situacao_placa";"velocidade_max_via";"mao_direcao";"divisao_via1";"divisao_via2";"divisao_via3"
"4860";2021-05-02;"12:58:00";"COM VÍTIMA";"FINALIZADA";"IMBIRIBEIRA";"AV MARECHAL MASCARENHAS DE MORAES";"943";"";"E/F A GRILLO HOME DECOR S/T CID";"IMBIRIBEIRA";"";"";"COLISÃO TRASEIRA";1;"1";"0";"0";"0";"0";"0";"0";"0";"1";"0";"Longo da via";"Chuvoso";"Sem defeito";"Perfeito estado";"Molhada";"Perfeito estado";"Não existe";"Outras";"";"Dupla";"Faixa contínua";"Faixa seccionada";"Canteiro central"
"4861";2021-05-02;"17:51:00";"COM VÍTIMA";"FINALIZADA";"BONGI";"RUA APARECIDA DE MINAS";"53";"";"POR TRÁS DA CELPE";"BONGI";"";"SUBURBIO";"CHOQUE";1;"1";"0";"0";"0";"0";"0";"0";"0";"1";"0";"Longo da via";"Bom";"Não existe";"Não existente";"Seca";"Perfeito estado";"Não existe";"Não há placas";"";"Dupla";"Não existe";"";""
"4862";2021-05-02;"18:05:00";"COM VÍTIMA";"FINALIZADA";"MADALENA";"RUA LOPES DE CARVALHO";"401";"AV VISCONDE DE ALBUQUERQUE";"PRÓX AO BAR AMADALENA E ASTRAL MULTI MARCAS";"MADALENA";"";"CIDADE";"COLISÃO LATERAL";1;"1";"0";"0";"0";"0";"0";"0";"0";"1";"0";"Longo da via";"Bom";"Não existe";"Não existente";"Seca";"Perfeito estado";"Não existe";"Não há placas";"60 km/h";"Única";"Faixa seccionada";"";""
"4863";2021-05-02;"18:23:00";"COM VÍTIMA";"FINALIZADA";"IPSEP";"RUA PINTOR ANTONIO ALBUQUERQUE";"476";"";"EM FRENTE AO SMOPE";"IPSEP";"";"SUBURBIO";"COLISÃO COM CICLISTA";1;"0";"0";"1";"0";"0";"0";"0";"0";"1";"0";"Longo da via";"Bom";"Não existe";"Perfeito estado";"Seca";"Perfeito estado";"Não existe";"Não há placas";"30 km/h";"Única";"Faixa contínua";"";""
"4864";2021-05-02;"19:25:00";"COM VÍTIMA";"FINALIZADA";"CORDEIRO";"EST DO FORTE DO ARRAIAL N. DO B. JESUS";"1077";"";"AO LADO DO CONJUNTO ARRAIAL E E/F AO ANTIGO CAMPO DO 15 / PRÓX AO POSTO SHELL";"CORDEIRO";"";"SUBURBIO";"COLISÃO LATERAL";1;"1";"0";"0";"0";"0";"0";"0";"0";"1";"0";"Longo da via";"Bom";"Não existe";"Perfeito estado";"Seca";"Perfeito estado";"Não existe";"Não há placas";"";"Dupla";"Faixa contínua";"";""
"4865";2021-05-03;"08:07:00";"COM VÍTIMA";"FINALIZADA";"CORDEIRO";"RUA GOMES TABORDA";"1460";"AV GENERAL SAN MARTIN";"EM  FRENTE AO SUPERMERCADO IDEAL";"CORDEIRO";"67";"CIDADE";"COLISÃO FRONTAL";1;"1";"0";"0";"0";"0";"0";"0";"0";"1";"0";"Longo da via";"Bom";"Sem defeito";"Perfeito estado";"Seca";"Perfeito estado";"Faixa de pedestre";"Placas ""Pare""";"";"Dupla";"Faixa seccionada";"";""
"4866";2021-05-03;"08:20:00";"COM VÍTIMA";"FINALIZADA";"GRAÇAS";"RUA AMELIA";"";"AV RUI BARBOSA";"PROXIMO AO  POSTO BR";"GRAÇAS";"845";"CIDADE";"CAPOTAMENTO";1;"0";"0";"0";"0";"0";"0";"0";"0";"1";"0";"Longo da via";"Bom";"Sem defeito";"Perfeito estado";"Seca";"Perfeito estado";"";"Outras";"";"Única";"Faixa seccionada";"";""
"4867";2021-05-03;"08:38:00";"COM VÍTIMA";"FINALIZADA";"IMBIRIBEIRA";"RUA ARQUITETO LUIZ NUNES";"";"RUA MIS JOEL CARLSON";"NA ESQUINA DO ATACAREJO ,NOVO TEMPO";"IMBIRIBEIRA";"633";"CIDADE";"ATROPELAMENTO DE PESSOA";1;"0";"0";"0";"1";"0";"0";"0";"0";"1";"0";"Cruzamento";"Chuvoso";"Sem defeito";"Perfeito estado";"Molhada";"Perfeito estado";"Faixa de pedestre";"Não há placas";"70 km/h";"Dupla";"Faixa contínua";"";""
"4868";2021-05-03;"14:59:00";"COM VÍTIMA";"FINALIZADA";"TORRÕES";"AV INACIO MONTEIRO";"842";"RUA DR MIGUEL VIEIRA FERREIRA";"PROX A FARMACIA DROGARIA CORDEIRO";"TORRÕES";"566";"";"COLISÃO LATERAL";1;"1";"0";"0";"0";"0";"0";"0";"0";"1";"0";"Cruzamento";"Bom";"Com defeito";"Perfeito estado";"Seca";"Perfeito estado";"Faixa de pedestre";"Não há placas";"30 km/h";"Dupla";"";"";""
"4869";2021-05-03;"15:49:00";"COM VÍTIMA";"FINALIZADA";"SÃO JOSÉ";"AV DANTAS BARRETO";"";"RUA DO PEIXOTO";"SOB O SEMÁFORO DE N. 181";"SÃO JOSÉ";"181";"SUBURBIO";"COLISÃO LATERAL";0;"1";"0";"0";"0";"1";"0";"0";"0";"1";"0";"Cruzamento";"Bom";"Sem defeito";"Perfeito estado";"Seca";"Perfeito estado";"Faixa de pedestre";"Não há placas";"";"Dupla";"Faixa contínua";"Faixa seccionada";""
"4870";2021-05-03;"16:51:00";"COM VÍTIMA";"FINALIZADA";"DOIS IRMÃOS";"RUA DOIS IRMAOS";"112";"";"PROX AO LAFEPE";"DOIS IRMÃOS";"189";"SUBURBIO";"COLISÃO LATERAL";1;"1";"0";"0";"0";"0";"0";"0";"0";"1";"0";"Longo da via";"Bom";"Sem defeito";"Perfeito estado";"Seca";"Perfeito estado";"Faixa de pedestre";"Outras";"";"Dupla";"Faixa contínua";"Faixa seccionada";""
"4871";2021-05-03;"18:05:00";"SEM VÍTIMA";"FINALIZADA";"BOA VISTA";"AV GOVERNADOR AGAMENON MAGALHAES";"";"";"PROX. AO AMERICANO BATISTA";"BOA VISTA";"37";"";"COLISÃO TRASEIRA";3;"0";"0";"0";"0";"0";"0";"0";"0";"0";"0";"";"";"";"";"";"";"";"";"";"";"";"";""
"4872";2021-05-03;"18:18:00";"COM VÍTIMA";"FINALIZADA";"SÃO JOSÉ";"C SANTA RITA";"";"";"EM FRENTE A GERMAN E AS TORRES GEMEAS";"SÃO JOSÉ";"76";"CIDADE";"";0;"1";"0";"0";"0";"0";"0";"0";"0";"2";"0";"Longo da via";"Bom";"Não existe";"Perfeito estado";"Seca";"Perfeito estado";"Não existe";"Não há placas";"60 km/h";"Dupla";"Canteiro central";"";""
"4873";2021-05-03;"18:37:00";"COM VÍTIMA";"FINALIZADA";"IMBIRIBEIRA";"RUA ANTONIO FALCAO";"100";"RUA JACY";"EM FRENTE AO POSTO YPIRANGA / APÓS O PADEIRÃO";"IMBIRIBEIRA";"";"SUBURBIO";"COLISÃO LATERAL";1;"1";"0";"0";"0";"0";"0";"0";"0";"2";"0";"Longo da via";"Bom";"Sem defeito";"Perfeito estado";"Seca";"Perfeito estado";"Faixa de pedestre";"Placas ""Pare""";"";"Única";"Faixa seccionada";"";""
"4874";2021-05-03;"21:50:40";"COM VÍTIMA";"FINALIZADA";"AFOGADOS";"RUA SAO MIGUEL";"1357";"";"EM FRENTE  AO BODE DO NÔ";"AFOGADOS";"";"CIDADE";"COLISÃO FRONTAL";1;"1";"0";"0";"0";"0";"0";"0";"0";"1";"0";"Longo da via";"Chuvoso";"Não existe";"Perfeito estado";"Molhada";"Perfeito estado";"Não existe";"Não há placas";"";"Dupla";"Faixa seccionada";"";""
"4875";2021-05-04;"08:22:00";"COM VÍTIMA";"FINALIZADA";"SANTO AMARO";"AV NORTE";"1184";"";"E/F A IGREJA SÃO SEBASTIÃO";"SANTO AMARO";"";"SUBURBIO";"COLISÃO LATERAL";0;"0";"0";"0";"0";"0";"0";"0";"0";"1";"0";"Longo da via";"Chuvoso";"Sem defeito";"Perfeito estado";"Molhada";"Perfeito estado";"Não existe";"Outras";"";"Dupla";"Canteiro central";"";""
"4876";2021-05-04;"08:39:00";"COM VÍTIMA";"FINALIZADA";"BOA VIAGEM";"RUA COPACABANA";"";"RUA COPACABANA";"PROX. AO TERMINAL DE SETUBAL E AO LADO DO COLEGIO FERNANDO MOTTA";"BOA VIAGEM";"";"CIDADE";"COLISÃO TRASEIRA";2;"0";"0";"0";"0";"0";"0";"0";"0";"1";"0";"Cruzamento";"Chuvoso";"Não existe";"Incompleta";"Molhada";"Perfeito estado";"Não existe";"Outras";"";"Dupla";"Faixa contínua";"Faixa seccionada";""
"4877";2021-05-04;"12:28:00";"COM VÍTIMA";"FINALIZADA";"CABANGA";"AV SUL";"1374";"AV SUL";"EM FRENTE A INDUSTRIA PORTELA";"CABANGA";"260";"SUBURBIO";"COLISÃO FRONTAL";0;"1";"0";"0";"0";"1";"0";"0";"0";"1";"0";"Cruzamento";"Chuvoso";"Sem defeito";"Perfeito estado";"Molhada";"Perfeito estado";"Não existe";"Não há placas";"";"Dupla";"Blocos";"";""
"4878";2021-05-04;"13:35:00";"COM VÍTIMA";"FINALIZADA";"CORDEIRO";"RUA GOMES TABORDA";"";"RUA DES ADOLFO CIRIACO";"EM FRENTE A SINDI COMBUSTIVEIS E PROXIMO AO ANTIGO CLUBE PERFUMADO";"CORDEIRO";"";"CIDADE";"COLISÃO LATERAL";1;"1";"0";"0";"0";"0";"0";"0";"0";"1";"0";"Longo da via";"Bom";"Não existe";"Não existente";"Seca";"Perfeito estado";"Não existe";"Não há placas";"60 km/h";"Dupla";"Faixa seccionada";"";""
"4879";2021-05-04;"14:34:00";"SEM VÍTIMA";"CANCELADA";"CASA AMARELA";"RUA CONS NABUCO";"571";"";"EM FRENTE AO STUDIO TAISA";"CASA AMARELA";"";"";"COLISÃO LATERAL";2;"0";"0";"0";"0";"0";"0";"0";"0";"0";"0";"";"";"";"";"";"";"";"";"";"";"";"";""
"4880";2021-05-04;"17:11:00";"COM VÍTIMA";"FINALIZADA";"CASA FORTE";"EST DO ENCANAMENTO";"454";"RUA DO MARQUES";"";"CASA FORTE";"";"SUBURBIO";"COLISÃO TRANSVERSAL";1;"1";"0";"0";"0";"0";"0";"0";"0";"1";"0";"Longo da via";"Nublado";"Não existe";"Perfeito estado";"Seca";"Perfeito estado";"Faixa de pedestre";"Outras";"30 km/h";"Dupla";"Faixa seccionada";"";""
"4881";2021-05-04;"20:59:40";"SEM VÍTIMA";"CANCELADA";"CAXANGÁ";"AV CAXANGA";"";"";"E;F A ACADEMIA REF / PRÓX AO HOSPITAL SANTA TEREZINHA E POSTO SHELL,. SNT CAMARAGIBE";"CAXANGÁ";"";"";"COLISÃO TRASEIRA";2;"0";"0";"0";"0";"0";"0";"0";"0";"0";"0";"";"";"";"";"";"";"";"";"";"";"";"";""
"4882";2021-05-05;"08:27:00";"COM VÍTIMA";"FINALIZADA";"SANTO AMARO";"AV CRUZ CABUGA";"981";"";"EM FRENTE AO COLEGIO  SIGISNANDO FERREIRA";"SANTO AMARO";"";"CIDADE";"COLISÃO TRASEIRA";1;"1";"0";"0";"0";"0";"0";"0";"0";"2";"0";"Longo da via";"Bom";"Não existe";"Perfeito estado";"Seca";"Perfeito estado";"Não existe";"Não há placas";"";"Dupla";"Faixa contínua";"";""
"4883";2021-05-05;"11:58:00";"COM VÍTIMA";"FINALIZADA";"CIDADE UNIVERSITÁRIA";"RUA PROFESSOR ANTONIO COELHO";"";"RUA MARECHAL MANOEL LUIS OSORIO";"EM FRENTE AO COLEGIO PONTUAL";"CIDADE UNIVERSITÁRIA";"";"";"COLISÃO LATERAL";1;"1";"0";"0";"0";"0";"0";"0";"0";"1";"0";"";"";"";"";"";"";"";"";"";"";"";"";""
"4884";2021-05-05;"13:46:00";"COM VÍTIMA";"FINALIZADA";"CABANGA";"RUA COMANDANTE ANTONIO MANHAES DE MATTOS";"";"";"AO LADO DA COMPESA";"CABANGA";"";"CIDADE";"COLISÃO FRONTAL";1;"1";"0";"0";"0";"0";"0";"0";"0";"1";"0";"Cruzamento";"Bom";"Não existe";"";"Seca";"Perfeito estado";"Não existe";"Não há placas";"";"Dupla";"Não existe";"";""
"4885";2021-05-05;"14:48:00";"COM VÍTIMA";"FINALIZADA";"SANTO AMARO";"AV GOVERNADOR AGAMENON MAGALHAES";"";"";"PRÓX SHOPPING TACARUNA /  PRÓX AO VDO ENG ROBERTO PEREIRA DE CARVALHO";"SANTO AMARO";"";"OLINDA";"COLISÃO TRASEIRA";1;"1";"0";"0";"0";"1";"0";"0";"0";"1";"0";"";"";"";"";"";"";"";"";"";"";"";"";""
"4886";2021-05-06;"05:15:00";"COM VÍTIMA";"FINALIZADA";"CAXANGÁ";"AV CAXANGA";"";"";"EM FRENTE AO BOI E BRASA";"CAXANGÁ";"";"SUBURBIO";"COLISÃO FRONTAL";1;"2";"0";"0";"0";"0";"0";"0";"0";"3";"0";"Longo da via";"Bom";"Sem defeito";"Perfeito estado";"Seca";"Perfeito estado";"Não existe";"Não há placas";"";"Dupla";"Canteiro central";"";""
"4887";2021-05-06;"09:19:00";"COM VÍTIMA";"FINALIZADA";"ENCRUZILHADA";"RUA CASTRO ALVES";"112";"RUA JOSE DE SA CARNEIRO";"EN FRENTE A CAIXA DA ENCRUZILHADA";"ENCRUZILHADA";"666";"SUBURBIO";"ATROPELAMENTO DE PESSOA";1;"0";"0";"0";"1";"0";"0";"0";"0";"1";"0";"Esquina";"Bom";"Sem defeito";"Perfeito estado";"Seca";"Perfeito estado";"Outros";"Não há placas";"30 km/h";"Única";"Faixa seccionada";"";""
"4888";2021-05-06;"12:48:00";"COM VÍTIMA";"CANCELADA";"CORDEIRO";"AV MAURICIO DE NASSAU";"261";"";"E/F A PADARIA  ATLANTICA  S/T  SUB";"CORDEIRO";"";"";"COLISÃO FRONTAL";2;"1";"0";"0";"0";"0";"0";"0";"0";"1";"0";"";"";"";"";"";"";"";"";"";"";"";"";""
"4889";2021-05-06;"14:46:00";"COM VÍTIMA";"FINALIZADA";"SANTO AMARO";"AV CRUZ CABUGA";"1200";"RUA LEAO TREZE";"E/F AO HOSPITAL DA MARINHA S/T CID";"SANTO AMARO";"";"CIDADE";"COLISÃO LATERAL";1;"1";"0";"0";"0";"0";"0";"0";"0";"1";"0";"Longo da via";"Bom";"Não existe";"Perfeito estado";"Seca";"Perfeito estado";"Não existe";"R-6a";"";"Dupla";"Faixa seccionada";"";""
"4890";2021-05-06;"18:52:00";"COM VÍTIMA";"FINALIZADA";"CASA AMARELA";"RUA CASA AMARELA";"";"RUA SANTA IZABEL";"E/F A PRACA JOTA LEAL ( E/F AO COLEGIO DOM VITA)";"CASA AMARELA";"";"SUBURBIO";"COLISÃO COM CICLISTA";1;"0";"0";"1";"0";"0";"0";"0";"0";"1";"0";"Cruzamento";"Bom";"Não existe";"Perfeito estado";"Seca";"Perfeito estado";"Não existe";"R-6a";"30 km/h";"Dupla";"Não existe";"";""
"4891";2021-05-06;"20:12:00";"COM VÍTIMA";"FINALIZADA";"BOA VIAGEM";"RUA VISCONDE DE JEQUITINHONHA";"";"RUA DR VICENTE GOMES";"E/F A LOCALIZA";"BOA VIAGEM";"433";"SUBURBIO";"COLISÃO COM CICLISTA";1;"0";"0";"1";"0";"0";"0";"0";"0";"1";"0";"Cruzamento";"Bom";"Sem defeito";"Perfeito estado";"Seca";"Perfeito estado";"Faixa de pedestre";"Não há placas";"";"Única";"";"";""
"4892";2021-05-06;"20:33:00";"COM VÍTIMA";"FINALIZADA";"IMBIRIBEIRA";"AV MARECHAL MASCARENHAS DE MORAES";"";"RUA JORNALISTA CLEOFHAS DE OLIVEIRA";"E/F AO GERALDÃO / SEMÁFORO 290";"IMBIRIBEIRA";"240";"SUBURBIO";"COLISÃO LATERAL";1;"1";"0";"0";"0";"0";"0";"0";"0";"1";"0";"Longo da via";"Bom";"Sem defeito";"Perfeito estado";"Seca";"Perfeito estado";"Faixa de pedestre";"Não há placas";"";"Única";"Faixa contínua";"";""
"4893";2021-05-06;"20:39:40";"SEM VÍTIMA";"FINALIZADA";"BOA VIAGEM";"RUA PROFESSOR JOSE BRANDAO";"";"RUA DR PEDRO DE MELLO CAHU";"POR TRÁS DO COLÉGIO BV";"BOA VIAGEM";"";"";"COLISÃO LATERAL";2;"0";"0";"0";"0";"0";"0";"0";"0";"0";"0";"";"";"";"";"";"";"";"";"";"";"";"";""
"4894";2021-05-07;"09:12:00";"COM VÍTIMA";"FINALIZADA";"SANTO AMARO";"AV GOVERNADOR AGAMENON MAGALHAES";"";"";"EM FRENTE A UPE";"SANTO AMARO";"";"";"COLISÃO TRASEIRA";1;"1";"0";"0";"0";"0";"0";"0";"0";"1";"0";"";"";"";"";"";"";"";"";"";"";"";"";""
"4895";2021-05-07;"11:05:00";"COM VÍTIMA";"FINALIZADA";"IBURA";"AV RECIFE";"2670";"";"LADO OPOSTO AO N. 2670 SENTIDO BR101 - BOA VIAGEM";"IBURA";"16";"";"COLISÃO TRANSVERSAL";1;"1";"0";"0";"0";"0";"0";"0";"0";"1";"0";"Longo da via";"Bom";"Sem defeito";"Perfeito estado";"Seca";"Perfeito estado";"Agente";"";"60 km/h";"Dupla";"Faixa seccionada";"Canteiro central";""
"4896";2021-05-07;"14:04:00";"COM VÍTIMA";"FINALIZADA";"IMBIRIBEIRA";"AV MARECHAL MASCARENHAS DE MORAES";"";"PRC MINISTRO SALGADO FILHO";"EM FRENTE AO AEROPORTO / EM BAIXO DA PASSARELA";"IMBIRIBEIRA";"570";"";"COLISÃO TRASEIRA";1;"1";"0";"0";"0";"0";"0";"0";"0";"1";"0";"";"";"";"";"";"";"";"";"";"";"";"";""
"4897";2021-05-07;"14:37:00";"COM VÍTIMA";"FINALIZADA";"ESPINHEIRO";"AV GOVERNADOR AGAMENON MAGALHAES";"2805";"";"EM FRENTE AO CIRCULO MILITAR SENTIDO OLINDA";"ESPINHEIRO";"";"CIDADE";"COLISÃO LATERAL";1;"1";"0";"0";"0";"0";"0";"0";"0";"1";"0";"Longo da via";"Bom";"Não existe";"Perfeito estado";"Seca";"Perfeito estado";"Faixa de retenção";"Não há placas";"";"Dupla";"Canteiro central";"Canal";""
"4898";2021-05-07;"19:08:00";"COM VÍTIMA";"FINALIZADA";"IMBIRIBEIRA";"AV RECIFE";"";"";"NA SUB, DO VIADULTO TANCREDO NEVES , SENTIDO BOA VIAGEM";"IMBIRIBEIRA";"";"";"COLISÃO COM CICLISTA";1;"0";"0";"1";"0";"0";"0";"0";"0";"1";"0";"Longo da via";"Bom";"Não existe";"Perfeito estado";"Seca";"Perfeito estado";"Não existe";"Não há placas";"60 km/h";"Única";"Canteiro central";"";""
"4899";2021-05-07;"20:56:40";"COM VÍTIMA";"CANCELADA";"ESTÂNCIA";"AV RECIFE";"";"";"EM FRENTE AO ATACADÃO (ANTIGO MAKRO)";"ESTÂNCIA";"";"";"ENGAVETAMENTO";3;"1";"0";"0";"0";"0";"0";"0";"0";"1";"0";"";"";"";"";"";"";"";"";"";"";"";"";""
"4900";2021-05-08;"06:42:00";"COM VÍTIMA";"FINALIZADA";"TORRE";"RUA REAL DA TORRE";"1201";"RUA CONDE DE IRAJA";"E/F AO MERCADO EXTRABOM";"TORRE";"106";"SUBURBIO";"COLISÃO FRONTAL";1;"1";"0";"0";"0";"0";"0";"0";"0";"2";"0";"Cruzamento";"Chuvoso";"Sem defeito";"Perfeito estado";"Molhada";"Perfeito estado";"Faixa de pedestre";"Não há placas";"";"Única";"Faixa seccionada";"";""
"4901";2021-05-08;"07:13:00";"COM VÍTIMA";"FINALIZADA";"SÃO JOSÉ";"AV SUL";"488";"RUA PADRE JOSE DE SA LEITAO";"SEMAFORO 509";"SÃO JOSÉ";"509";"CIDADE";"COLISÃO TRASEIRA";1;"1";"0";"0";"0";"0";"0";"0";"0";"1";"0";"Cruzamento";"Bom";"Sem defeito";"Perfeito estado";"Molhada";"Perfeito estado";"Faixa de pedestre";"R-4a";"";"Única";"";"";""
"4902";2021-05-08;"08:53:00";"COM VÍTIMA";"FINALIZADA";"IMBIRIBEIRA";"AV MARECHAL MASCARENHAS DE MORAES";"3175";"";"AO LADO DA FERREICA COSTA";"IMBIRIBEIRA";"385";"CIDADE";"COLISÃO TRASEIRA";1;"1";"0";"0";"0";"0";"0";"0";"0";"1";"0";"Longo da via";"Chuvoso";"Sem defeito";"Perfeito estado";"Molhada";"Perfeito estado";"Não existe";"Não há placas";"";"Dupla";"Faixa contínua";"";""
"4903";2021-05-08;"13:04:00";"COM VÍTIMA";"FINALIZADA";"BARRO";"AV DR JOSE RUFINO";"1807";"";"EM FRENTE A IGREJA MUNDIAL DE JESUS CRISTO";"BARRO";"";"SUBURBIO";"COLISÃO LATERAL";1;"1";"0";"0";"0";"0";"0";"0";"0";"1";"0";"Longo da via";"Bom";"Não existe";"Perfeito estado";"Seca";"Perfeito estado";"Não existe";"Não há placas";"60 km/h";"Dupla";"Faixa contínua";"";""
"4904";2021-05-08;"13:40:00";"COM VÍTIMA";"FINALIZADA";"TOTÓ";"AV LIBERDADE";"2";"";"E/F AO CEMITERIO  PARQUE DAS FLORES";"TOTÓ";"";"CIDADE";"ATROPELAMENTO DE PESSOA";1;"0";"0";"0";"1";"0";"0";"0";"0";"1";"0";"Longo da via";"Bom";"Não existe";"Perfeito estado";"Seca";"Perfeito estado";"Não existe";"Não há placas";"";"Dupla";"Faixa contínua";"";""
"4905";2021-05-08;"14:48:00";"COM VÍTIMA";"FINALIZADA";"CIDADE UNIVERSITÁRIA";"RUA EMILIANO BRAGA";"777";"RUA PROFESSOR ANTONIO COELHO";"EM FRENTE A INTEGRAÇÃO DA CIDADE UNIVERSITARIA";"CIDADE UNIVERSITÁRIA";"";"SUBURBIO";"COLISÃO LATERAL";1;"1";"0";"0";"0";"0";"0";"0";"0";"1";"0";"Cruzamento";"Bom";"Não existe";"Perfeito estado";"Seca";"Perfeito estado";"Faixa de pedestre";"Placas ""Pare""";"40 km/h";"";"Faixa seccionada";"";""
"4906";2021-05-09;"14:56:00";"SEM VÍTIMA";"CANCELADA";"BOA VIAGEM";"RUA DOM JOSE LOPES";"";"";"EM FRENTE AO BAR E RESTAURANTE CANGAÇO";"BOA VIAGEM";"";"";"COLISÃO TRASEIRA";2;"0";"0";"0";"0";"0";"0";"0";"0";"0";"0";"";"";"";"";"";"";"";"";"";"";"";"";""
"4907";2021-05-09;"15:02:00";"COM VÍTIMA";"FINALIZADA";"AFOGADOS";"RUA NICOLAU PEREIRA";"";"";"EM BAIXO DO SEMAFORO 242 / PROX AO ARMAZEM CORAL";"AFOGADOS";"242";"";"COLISÃO LATERAL";1;"1";"0";"0";"0";"0";"0";"0";"0";"1";"0";"";"";"";"";"";"";"";"";"";"";"";"";""
"4908";2021-05-09;"21:57:40";"SEM VÍTIMA";"CANCELADA";"BOA VIAGEM";"AV BOA VIAGEM";"4224";"RUA ANTONIO FALCAO";"PRÓX AO HOTEL VILA RICA";"BOA VIAGEM";"";"";"CHOQUE";1;"0";"0";"0";"0";"0";"0";"0";"0";"0";"0";"";"";"";"";"";"";"";"";"";"";"";"";""
"4909";2021-05-10;"09:53:00";"COM VÍTIMA";"FINALIZADA";"MACAXEIRA";"AV NORTE";"";"";"APÓS O PARQUE DA MACAXEIRA";"MACAXEIRA";"296";"SUBURBIO";"COLISÃO TRASEIRA";1;"1";"0";"0";"0";"0";"0";"0";"0";"1";"0";"Longo da via";"Chuvoso";"Sem defeito";"Perfeito estado";"Molhada";"Perfeito estado";"Faixa de pedestre";"Outras";"";"Dupla";"Canteiro central";"";""
"4910";2021-05-10;"12:16:00";"COM VÍTIMA";"FINALIZADA";"BOA VIAGEM";"AV CONSELHEIRO AGUIAR";"";"RUA ANTONIO FALCAO";"RUA ANTONIO FALCAO";"BOA VIAGEM";"";"";"COLISÃO FRONTAL";1;"1";"0";"0";"0";"0";"0";"0";"0";"1";"0";"";"";"";"";"";"";"";"";"";"";"";"";""
"4911";2021-05-10;"12:31:00";"COM VÍTIMA";"FINALIZADA";"IBURA";"RUA DR BENIGNO JORDAO DE VASCONCELOS";"385";"";"NA LAGOA ENCANTADA NA SUBIDA DA UR2";"IBURA";"";"";"COLISÃO LATERAL";1;"1";"0";"0";"0";"0";"0";"0";"0";"1";"0";"";"";"";"";"";"";"";"";"";"";"";"";""
"4912";2021-05-10;"13:43:00";"COM VÍTIMA";"FINALIZADA";"TAMARINEIRA";"RUA GOMES COUTINHO";"218";"";"PROX AO SUPERMERCADO EXTRA";"TAMARINEIRA";"";"";"COLISÃO TRASEIRA";0;"1";"0";"0";"0";"0";"1";"0";"0";"1";"0";"";"";"";"";"";"";"";"";"";"";"";"";""
"4913";2021-05-11;"10:14:00";"COM VÍTIMA";"FINALIZADA";"VASCO DA GAMA";"RUA VASCO DA GAMA";"64";"RUA PROFESSOR RUI DA SILVEIRA CASTRO";"EM FRENTE A FARMACIA DA SAÚDE";"VASCO DA GAMA";"";"";"COLISÃO FRONTAL";1;"1";"0";"0";"0";"0";"0";"0";"0";"1";"0";"";"";"";"";"";"";"";"";"";"";"";"";""
"4914";2021-05-11;"13:33:00";"COM VÍTIMA";"FINALIZADA";"CASA AMARELA";"AV NORTE";"4766";"";"EM FRENTE AO ARMAZÉM CORAL";"CASA AMARELA";"";"";"COLISÃO COM CICLISTA";0;"0";"0";"1";"0";"1";"0";"0";"0";"1";"0";"";"";"";"";"";"";"";"";"";"";"";"";""
"4915";2021-05-11;"17:41:00";"COM VÍTIMA";"FINALIZADA";"SANTO AMARO";"AV GOVERNADOR AGAMENON MAGALHAES";"";"";"EM FRENTE AO TACARUNA/ SENTIDO RECIFE";"SANTO AMARO";"";"CIDADE";"COLISÃO LATERAL";2;"1";"0";"0";"0";"0";"0";"0";"0";"1";"0";"";"";"";"";"";"";"";"";"";"";"";"";""
"4916";2021-05-11;"18:07:00";"SEM VÍTIMA";"FINALIZADA";"MADALENA";"AV VISCONDE DE ALBUQUERQUE";"";"";"EM FRENTE AO MADALENA CENTER";"MADALENA";"";"";"COLISÃO TRANSVERSAL";1;"0";"0";"0";"0";"0";"0";"0";"1";"0";"0";"";"";"";"";"";"";"";"";"";"";"";"";""
"4917";2021-05-11;"18:35:00";"COM VÍTIMA";"FINALIZADA";"SÃO JOSÉ";"AV SUL";"1562";"";"EM FRENTE A COMPANHIA MOTO PEÇAS E SERVIÇOS";"SÃO JOSÉ";"";"";"COLISÃO LATERAL";0;"2";"0";"0";"0";"0";"0";"0";"0";"1";"0";"";"";"";"";"";"";"";"";"";"";"";"";""
"4918";2021-05-11;"18:50:00";"COM VÍTIMA";"FINALIZADA";"CASA FORTE";"RUA DE APIPUCOS";"264";"";"";"CASA FORTE";"";"";"ATROPELAMENTO DE ANIMAL";0;"0";"0";"0";"0";"0";"0";"0";"0";"1";"0";"";"";"";"";"";"";"";"";"";"";"";"";""
"4919";2021-05-11;"18:53:00";"SEM VÍTIMA";"CANCELADA";"ILHA DO LEITE";"RUA JOSE DE ALENCAR";"";"RUA VISCONDE DE GOIANA";"PRÓX A UNIMED RECIFE 3";"ILHA DO LEITE";"";"";"COLISÃO FRONTAL";2;"0";"0";"0";"0";"0";"0";"0";"0";"0";"0";"";"";"";"";"";"";"";"";"";"";"";"";""