"";"data";"hora";"natureza_acidente";"situacao";"bairro";"endereco";"numero";"detalhe_endereco_acidente";"complemento";"bairro_cruzamento";"num_semaforo";"sentido_via";"tipo";"auto";"moto";"ciclom";"ciclista";"pedestre";"onibus";"caminhao";"viatura";"outros";"vitimas";"vitimasfatais";"acidente_verificado";"tempo_clima";"situacao_semaforo";"sinalizacao";"condicao_via";"conservacao_via";"ponto_controle";"situacao_placa";"velocidade_max_via";"mao_direcao";"divisao_via1";"divisao_via2";"divisao_via3"
"5038";2021-06-02;"08:33:00";"COM VÍTIMA";"FINALIZADA";"SANTO AMARO";"RUA DO POMBAL";"";"";"ATRÁS DA DELEGACIA DA MULHER";"SANTO AMARO";"";"";"COLISÃO FRONTAL";0;"0";"0";"0";"0";"0";"0";"0";"0";"1";"0";"Cruzamento";"Bom";"Não existe";"Perfeito estado";"Seca";"Perfeito estado";"";"";"";"Dupla";"Faixa seccionada";"";""
"5039";2021-06-02;"10:34:00";"SEM VÍTIMA";"FINALIZADA";"MACAXEIRA";"RUA ANA";"58";"";"PROXIMO AO LARGO DE DONA REGINA";"MACAXEIRA";"";"SUBURBIO";"COLISÃO TRASEIRA";1;"0";"0";"0";"0";"0";"1";"0";"0";"0";"0";"";"";"";"";"";"";"";"";"";"";"";"";""
"5040";2021-06-02;"15:45:00";"COM VÍTIMA";"FINALIZADA";"BOA VISTA";"AV CONDE DA BOA VISTA";"463";"RUA BARAO DA SOLEDADE";"EM FRENTE A IGREJA NOSSA SENHORA DA SOLEDADE";"BOA VISTA";"222";"CIDADE";"QUEDA";0;"1";"0";"0";"0";"0";"0";"0";"0";"1";"0";"Longo da via";"Bom";"Sem defeito";"Perfeito estado";"Seca";"Perfeito estado";"Faixa de pedestre";"R-6a";"40 km/h";"Única";"";"";""
"5041";2021-06-02;"17:59:00";"COM VÍTIMA";"FINALIZADA";"BOA VIAGEM";"AVENIDA CELSO FURTADO (VIA MANGUE)";"";"";"";"BOA VIAGEM";"";"SUBURBIO";"COLISÃO FRONTAL";1;"1";"0";"0";"0";"0";"0";"0";"0";"1";"0";"Longo da via";"Bom";"Não existe";"Perfeito estado";"Seca";"Perfeito estado";"Não existe";"Outras";"60 km/h";"Dupla";"Faixa seccionada";"";""
"5042";2021-06-03;"16:21:00";"COM VÍTIMA";"FINALIZADA";"TAMARINEIRA";"EST VELHA DE AGUA FRIA";"739";"RUA JOSE DE VASCONCELOS";"DENOCS";"TAMARINEIRA";"";"SUBURBIO";"COLISÃO FRONTAL";1;"1";"0";"0";"0";"0";"0";"0";"0";"1";"0";"Cruzamento";"Bom";"Não existe";"Não existente";"Seca";"Perfeito estado";"Não existe";"R-6a";"";"Dupla";"Faixa seccionada";"";""
"5043";2021-06-03;"17:13:00";"COM VÍTIMA";"FINALIZADA";"DERBY";"AV GOVERNADOR AGAMENON MAGALHAES";"";"RUA JOAQUIM NABUCO";"PROXIMO AO HOSPITAL DA RESTAURAÇÃO SENTIDO BOA VIAGEM";"DERBY";"174";"";"COLISÃO LATERAL";1;"0";"0";"0";"0";"0";"1";"0";"0";"1";"0";"Cruzamento";"Bom";"Sem defeito";"Perfeito estado";"Seca";"Perfeito estado";"Faixa de pedestre";"Outras";"60 km/h";"Dupla";"Faixa seccionada";"";""
"5044";2021-06-03;"19:23:00";"COM VÍTIMA";"FINALIZADA";"ROSARINHO";"RUA REGUEIRA COSTA";"";"";"COM A RUA CAIO PEREIRA";"ROSARINHO";"";"";"COLISÃO FRONTAL";1;"1";"0";"0";"0";"0";"0";"0";"0";"1";"0";"Cruzamento";"Bom";"Não existe";"Perfeito estado";"Seca";"Perfeito estado";"Não existe";"Não há placas";"";"Única";"Não existe";"";""
"5045";2021-06-03;"19:28:00";"COM VÍTIMA";"FINALIZADA";"CABANGA";"VIADUTO CAPITAO TEMUDO";"";"";"SOBRE A AV ENGº JOSE ESTELITA SENTIDO OLINDA";"CABANGA";"";"CIDADE";"COLISÃO COM CICLISTA";1;"0";"0";"1";"0";"0";"0";"0";"0";"1";"0";"Longo da via";"Bom";"Não existe";"Perfeito estado";"Seca";"Perfeito estado";"";"Não há placas";"60 km/h";"Dupla";"Outros";"";""
"5046";2021-06-04;"00:10:00";"SEM VÍTIMA";"FINALIZADA";"CABANGA";"VIADUTO CAPITAO TEMUDO";"";"";"SOBRE O CAIS JOSÉ ESTELITA - SENTIDO OLINDA";"CABANGA";"";"";"CHOQUE";1;"0";"0";"0";"0";"0";"0";"0";"0";"0";"0";"";"";"";"";"";"";"";"";"";"";"";"";""
"5047";2021-06-04;"00:26:00";"COM VÍTIMA";"FINALIZADA";"BOA VIAGEM";"AV CONSELHEIRO AGUIAR";"2255";"RUA HENRIQUE CAPITULINO";"CRUZAMENTO COM A RUA HENRIQUE CAPITULINO - PROXIMO A PIZZA HUT";"BOA VIAGEM";"143";"CIDADE";"COLISÃO TRANSVERSAL";2;"0";"0";"0";"0";"0";"0";"0";"0";"2";"0";"Cruzamento";"Bom";"Sem defeito";"Perfeito estado";"Seca";"Perfeito estado";"Faixa de pedestre";"Outras";"60 km/h";"Única";"Faixa contínua";"Faixa seccionada";""
"5048";2021-06-04;"07:19:00";"SEM VÍTIMA";"DUPLICIDADE";"IPSEP";"AV RECIFE";"";"";"EM FRENTE AO BIG BOMPREÇO";"IPSEP";"";"SUBURBIO";"COLISÃO TRANSVERSAL";1;"0";"0";"0";"0";"0";"0";"0";"0";"0";"0";"";"";"";"";"";"";"";"";"";"";"";"";""
"5049";2021-06-04;"07:33:00";"COM VÍTIMA";"FINALIZADA";"IPSEP";"AV RECIFE";"";"RUA JEAN EMILE FAVRE";"ACIDENTE, CAPOTAMENTO. COM VÍTIMA NO BAIRRO DO IPSEP. SENTIDO  IBURA / BOA VIAGEM. VÍTIMA SOCORRIDA PELO SAMU";"IPSEP";"";"SUBURBIO";"CAPOTAMENTO";0;"0";"0";"0";"0";"0";"0";"0";"0";"1";"0";"Longo da via";"Chuvoso";"Não existe";"Perfeito estado";"Seca";"Perfeito estado";"Não existe";"Não há placas";"60 km/h";"Dupla";"Faixa contínua";"Canteiro central";""
"5050";2021-06-04;"10:45:00";"COM VÍTIMA";"FINALIZADA";"PORTO DA MADEIRA";"AV CIDADE DE MONTEIRO";"12";"RUA ARAO BOTLER";"ACIDENTE ENTRE MOTO x AUTO COM VÓTIMA SOCORRIDA PELO SAMU. ANTE DO CONJ. JOÃO PAULO II-";"PORTO DA MADEIRA";"";"SUBURBIO";"COLISÃO LATERAL";1;"1";"0";"0";"0";"0";"0";"0";"0";"1";"0";"Cruzamento";"Bom";"Não existe";"Perfeito estado";"Seca";"Perfeito estado";"Não existe";"Não há placas";"30 km/h";"Dupla";"Faixa contínua";"";""
"5051";2021-06-04;"13:08:00";"COM VÍTIMA";"FINALIZADA";"TORRE";"RUA JOSE BONIFACIO";"944";"";"AO LADO DO ATACADO DOS PRESENTES";"TORRE";"";"SUBURBIO";"COLISÃO LATERAL";0;"1";"0";"0";"0";"0";"1";"0";"0";"1";"0";"Longo da via";"Bom";"Não existe";"Perfeito estado";"Seca";"Perfeito estado";"Não existe";"Outras";"40 km/h";"Única";"Faixa seccionada";"";""
"5052";2021-06-04;"14:53:00";"SEM VÍTIMA";"FINALIZADA";"ARRUDA";"RUA JOAO LIBERATO";"310";"RUA SAO BENTO";"CHOQUE CAMINHÃO COM POSTE. FIAÇÃO NO LOCAL CELPE JÁ ACIONADA";"ARRUDA";"";"SUBURBIO";"CHOQUE";0;"0";"0";"0";"0";"0";"1";"0";"0";"0";"0";"";"";"";"";"";"";"";"";"";"";"";"";""
"5053";2021-06-04;"17:03:00";"SEM VÍTIMA";"FINALIZADA";"DOIS IRMÃOS";"RUA DOIS IRMAOS";"";"";"AO LADO DO MOTEL SENZALA";"DOIS IRMÃOS";"";"";"COLISÃO FRONTAL";0;"0";"0";"0";"0";"1";"1";"0";"0";"0";"0";"";"";"";"";"";"";"";"";"";"";"";"";""
"5054";2021-06-04;"19:05:00";"COM VÍTIMA";"CANCELADA";"ROSARINHO";"AV SANTOS DUMONT";"";"RUA AMARO COUTINHO";"AUTO E MOTO";"ROSARINHO";"";"";"COLISÃO FRONTAL";1;"1";"0";"0";"0";"0";"0";"0";"0";"1";"0";"";"";"";"";"";"";"";"";"";"";"";"";""
"5055";2021-06-04;"20:46:00";"SEM VÍTIMA";"FINALIZADA";"GRAÇAS";"AV CONS ROSA E SILVA";"";"";"PRAÇA DO ENTRONCAMENTO";"GRAÇAS";"";"SUBURBIO";"CHOQUE";0;"0";"0";"0";"0";"0";"0";"0";"0";"0";"0";"";"";"";"";"";"";"";"";"";"";"";"";""
"5056";2021-06-04;"23:20:40";"SEM VÍTIMA";"FINALIZADA";"DERBY";"AV GOVERNADOR AGAMENON MAGALHAES";"";"RUA DR BANDEIRA FILHO";"";"DERBY";"173";"SUBURBIO";"COLISÃO TRANSVERSAL";1;"0";"0";"0";"0";"0";"0";"1";"0";"0";"0";"Cruzamento";"Bom";"Sem defeito";"Perfeito estado";"Seca";"Perfeito estado";"Faixa de pedestre";"Não há placas";"60 km/h";"Dupla";"Canteiro central";"";""
"5057";2021-06-05;"07:38:00";"COM VÍTIMA";"FINALIZADA";"CABANGA";"AV GOVERNADOR AGAMENON MAGALHAES";"";"";"ENFRENTE AO CABANGA, SENTIDO CAP. TEMUDO";"CABANGA";"";"";"COLISÃO LATERAL";1;"1";"0";"0";"0";"0";"0";"0";"0";"1";"0";"Longo da via";"Bom";"Não existe";"Perfeito estado";"Seca";"Perfeito estado";"Outros";"Não há placas";"60 km/h";"Dupla";"Outros";"";""
"5058";2021-06-05;"10:53:00";"SEM VÍTIMA";"FINALIZADA";"DOIS UNIDOS";"AV HILDEBRANDO DE VASCONCELOS";"2598";"";"PRAÇA DO COMAR - TERMINAL DE ÔNIBUS DE DOIS UNIDOS";"DOIS UNIDOS";"";"";"";0;"0";"0";"0";"0";"1";"0";"1";"0";"0";"0";"Longo da via";"Bom";"Não existe";"";"Seca";"Perfeito estado";"Não existe";"R-4a";"";"Dupla";"Não existe";"";""
"5059";2021-06-05;"14:15:00";"COM VÍTIMA";"CANCELADA";"BOA VIAGEM";"RUA AGENOR LOPES";"";"RUA RIBEIRO DE BRITO";"E/F AO POSTO BR";"BOA VIAGEM";"";"";"ATROPELAMENTO DE PESSOA";1;"0";"0";"0";"1";"0";"0";"0";"0";"1";"0";"";"";"";"";"";"";"";"";"";"";"";"";""
"5060";2021-06-05;"16:06:00";"COM VÍTIMA";"FINALIZADA";"AREIAS";"AV DR JOSE RUFINO";"955";"";"PROX HONDA MOTOS";"AREIAS";"";"SUBURBIO";"COLISÃO LATERAL";1;"1";"0";"0";"0";"0";"0";"0";"0";"1";"0";"Longo da via";"Bom";"Não existe";"Perfeito estado";"Seca";"Perfeito estado";"Não existe";"";"50 km/h";"";"Faixa contínua";"";""
"5061";2021-06-05;"17:20:00";"COM VÍTIMA";"FINALIZADA";"AFOGADOS";"EST DOS REMEDIOS";"1561";"RUA TABAIARES";"";"AFOGADOS";"";"";"CHOQUE";1;"0";"0";"0";"0";"0";"0";"0";"0";"3";"0";"Longo da via";"Chuvoso";"Sem defeito";"Perfeito estado";"Seca";"Perfeito estado";"Não existe";"Não há placas";"";"Única";"Faixa seccionada";"";""
"5062";2021-06-05;"18:40:00";"COM VÍTIMA";"FINALIZADA";"SÃO JOSÉ";"TRV DO RAPOSO";"";"";"NA DESCIDA DA PONTE / PRÓX AO METRO, SNT RUA IMPERIAL";"SÃO JOSÉ";"";"SUBURBIO";"COLISÃO LATERAL";1;"1";"0";"0";"0";"0";"0";"0";"0";"1";"0";"Viaduto";"Chuvoso";"Não existe";"Não existente";"Molhada";"Mal iluminada";"Não existe";"Não há placas";"";"Dupla";"Não existe";"";""
"5063";2021-06-06;"09:04:00";"COM VÍTIMA";"FINALIZADA";"TORREÃO";"AV NORTE";"";"RUA MARQUES DO PARANA";"LADO OPOSTO A CHURRASCARIA LEITÃO";"TORREÃO";"56";"CIDADE";"QUEDA";0;"1";"0";"0";"0";"0";"0";"0";"0";"1";"0";"Esquina";"Chuvoso";"Sem defeito";"Perfeito estado";"Molhada";"Perfeito estado";"Faixa de pedestre";"R-6a";"";"Dupla";"Faixa seccionada";"Canteiro central";""
"5064";2021-06-06;"12:16:00";"SEM VÍTIMA";"CANCELADA";"MACAXEIRA";"AV NORTE";"";"";"E/F AO PARQUE ESTADUAL DA MACAXEIRA";"MACAXEIRA";"";"";"COLISÃO TRASEIRA";1;"0";"0";"0";"0";"0";"1";"0";"0";"0";"0";"";"";"";"";"";"";"";"";"";"";"";"";""
"5065";2021-06-06;"13:18:00";"COM VÍTIMA";"FINALIZADA";"CABANGA";"PTE JOSE DE BARROS LIMA";"";"";"EM CIMA DO VIADUTO, SENTIDO OLINDA";"CABANGA";"";"";"COLISÃO TRASEIRA";2;"0";"0";"0";"0";"0";"0";"0";"0";"1";"0";"Viaduto";"Bom";"Não existe";"Perfeito estado";"Seca";"Perfeito estado";"Não existe";"Não há placas";"";"Dupla";"Faixa seccionada";"";""
"5066";2021-06-06;"15:26:00";"COM VÍTIMA";"FINALIZADA";"ILHA DO LEITE";"RUA FRANCISCO ALVES";"";"AV FREI MATIAS TEVES";"EM FRENTE AO HOPE";"ILHA DO LEITE";"490";"";"COLISÃO LATERAL";2;"0";"0";"0";"0";"0";"0";"0";"0";"1";"0";"";"";"";"";"";"";"";"";"";"";"";"";""
"5067";2021-06-06;"15:44:00";"COM VÍTIMA";"FINALIZADA";"PINA";"AV ANTONIO DE GOES";"";"RUA MANOEL DE BRITO";"SAÍDA DO TÚNEL DO RIO MAR";"PINA";"";"";"COLISÃO COM CICLISTA";1;"0";"0";"1";"0";"0";"0";"0";"0";"1";"0";"";"";"";"";"";"";"";"";"";"";"";"";""
"5068";2021-06-06;"18:06:00";"COM VÍTIMA";"FINALIZADA";"GRAÇAS";"AV CONS ROSA E SILVA";"";"RUA ANTENOR NAVARRO";"PONTO DO AÇAI E DROGASIL";"GRAÇAS";"522";"SUBURBIO";"COLISÃO LATERAL";1;"1";"0";"0";"0";"0";"0";"0";"0";"1";"0";"Cruzamento";"Bom";"Sem defeito";"Perfeito estado";"Seca";"Perfeito estado";"Faixa de retenção";"Não há placas";"";"Única";"Não existe";"";""
"5069";2021-06-06;"20:48:00";"COM VÍTIMA";"FINALIZADA";"NOVA DESCOBERTA";"AV VEREADOR OTACILIO AZEVEDO";"972";"";"E/F A ASSEMBLEIA DE DEUS";"NOVA DESCOBERTA";"";"SUBURBIO";"COLISÃO FRONTAL";0;"2";"0";"0";"0";"0";"0";"0";"0";"2";"0";"Longo da via";"Bom";"Não existe";"Incompleta";"Seca";"";"";"";"";"Dupla";"Não existe";"";""
"5070";2021-06-07;"07:22:00";"SEM VÍTIMA";"FINALIZADA";"ENCRUZILHADA";"RUA CASTRO ALVES";"";"";"CAIXA ECONOMICA";"ENCRUZILHADA";"";"";"OUTROS APOIOS";0;"0";"0";"0";"0";"0";"0";"0";"0";"0";"0";"";"";"";"";"";"";"";"";"";"";"";"";""
"5071";2021-06-07;"08:47:00";"COM VÍTIMA";"FINALIZADA";"TEJIPIÓ";"AV DR JOSE RUFINO";"2984";"";"EM FRENTE AO EDF CASA SOLAN";"TEJIPIÓ";"";"SUBURBIO";"COLISÃO FRONTAL";1;"1";"0";"0";"0";"0";"0";"0";"0";"1";"0";"Longo da via";"Chuvoso";"Não existe";"Perfeito estado";"Seca";"Perfeito estado";"Não existe";"Outras";"";"Dupla";"Faixa contínua";"";""
"5072";2021-06-08;"09:02:00";"COM VÍTIMA";"FINALIZADA";"SANTO ANTÔNIO";"RUA DO SOL";"";"";"EM FRENTE AO POSTO BO19343";"SANTO ANTÔNIO";"";"CIDADE";"QUEDA";0;"1";"0";"0";"0";"0";"0";"0";"0";"1";"0";"Longo da via";"Bom";"Não existe";"Perfeito estado";"Oleosa";"Perfeito estado";"Não existe";"Outras";"40 km/h";"Única";"Faixa seccionada";"";""
"5073";2021-06-08;"10:13:00";"COM VÍTIMA";"FINALIZADA";"DERBY";"AV GOVERNADOR AGAMENON MAGALHAES";"";"";"EM FRENTE AO HOSPITAL DA RESTAURAÇÃO SENT. BOA VIAGEM";"DERBY";"650";"";"COLISÃO LATERAL";1;"1";"0";"0";"0";"0";"0";"0";"0";"1";"0";"Longo da via";"Chuvoso";"Sem defeito";"Perfeito estado";"Seca";"Perfeito estado";"Faixa de pedestre";"Não há placas";"60 km/h";"Única";"Faixa contínua";"";""
"5074";2021-06-08;"11:46:00";"COM VÍTIMA";"FINALIZADA";"PRADO";"RUA CARLOS GOMES";"";"";"E/F AO BAILE PERFUMADO";"PRADO";"";"";"COLISÃO LATERAL";1;"1";"0";"0";"0";"0";"0";"0";"0";"1";"0";"";"";"";"";"";"";"";"";"";"";"";"";""
"5075";2021-06-08;"12:51:00";"COM VÍTIMA";"FINALIZADA";"TEJIPIÓ";"RUA DO SANCHO";"225";"";"PRÓX AO RESIDENCIAL BOSQUE DAS PALMEIRAS / SALÃO DAS TESTEMUNHAS DE JEOVÁ";"TEJIPIÓ";"";"";"COLISÃO LATERAL";0;"1";"0";"0";"0";"1";"0";"0";"0";"2";"0";"Longo da via";"Chuvoso";"Não existe";"Não existente";"Molhada";"Mal conservada";"Não existe";"Não há placas";"";"Dupla";"Não existe";"";""
"5076";2021-06-08;"16:59:00";"SEM VÍTIMA";"FINALIZADA";"IMBIRIBEIRA";"RUA JOAQUIM BANDEIRA";"203";"";"PROXIMO A GEOVANE SOM";"IMBIRIBEIRA";"";"";"CHOQUE";1;"1";"0";"0";"0";"0";"0";"0";"0";"0";"0";"";"";"";"";"";"";"";"";"";"";"";"";""
"5077";2021-06-08;"17:24:00";"COM VÍTIMA";"FINALIZADA";"JIQUIÁ";"RUA SAO MIGUEL";"1985";"";"NA RUA DA FABRICA DA IOLANDA";"JIQUIÁ";"";"CIDADE";"COLISÃO FRONTAL";0;"2";"0";"0";"0";"0";"0";"0";"0";"1";"0";"Longo da via";"Chuvoso";"Sem defeito";"Incompleta";"Molhada";"Perfeito estado";"Não existe";"Outras";"40 km/h";"Dupla";"Faixa contínua";"";""
"5078";2021-06-08;"19:09:00";"COM VÍTIMA";"FINALIZADA";"IPSEP";"RUA SAO NICOLAU";"";"RUA PROFESSOR JOSE VICENTE";"E/F A FARMACIA BOM CONSELHO";"IPSEP";"";"CIDADE";"COLISÃO LATERAL";1;"1";"0";"0";"0";"0";"0";"0";"0";"1";"0";"Cruzamento";"Bom";"Não existe";"Não existente";"Seca";"Mal conservada";"Não existe";"Não há placas";"";"Única";"Não existe";"";""
"5079";2021-06-08;"20:42:00";"COM VÍTIMA";"FINALIZADA";"SÃO JOSÉ";"AV DANTAS BARRETO";"";"RUA DO PEIXOTO";"PRÓX AO METRO, SNT METRO / SEMÁFORO 181";"SÃO JOSÉ";"181";"SUBURBIO";"COLISÃO LATERAL";1;"1";"0";"0";"0";"0";"0";"0";"0";"1";"0";"Cruzamento";"Bom";"Sem defeito";"Perfeito estado";"Seca";"Perfeito estado";"Não existe";"Não há placas";"";"Dupla";"Faixa contínua";"";""
"5080";2021-06-08;"21:40:40";"COM VÍTIMA";"FINALIZADA";"BOA VIAGEM";"VIADUTO TANCREDO NEVES";"";"";"AO LADO DO ATACADAO";"BOA VIAGEM";"";"SUBURBIO";"COLISÃO LATERAL";1;"1";"0";"0";"0";"0";"0";"0";"0";"1";"0";"Viaduto";"Chuvoso";"Não existe";"Perfeito estado";"Seca";"Perfeito estado";"Não existe";"Não há placas";"";"Dupla";"Faixa seccionada";"Canteiro central";""
"5081";2021-06-09;"10:20:00";"COM VÍTIMA";"FINALIZADA";"PINA";"RUA MANOEL DE BRITO";"207";"";"APÓS O 19º. EM FRENTE AO CALDINHO DO NENÊ";"PINA";"";"";"COLISÃO LATERAL";1;"1";"0";"0";"0";"0";"0";"0";"0";"1";"0";"Longo da via";"Chuvoso";"Sem defeito";"Perfeito estado";"Molhada";"Perfeito estado";"Não existe";"Não há placas";"60 km/h";"Única";"Faixa contínua";"";""
"5082";2021-06-09;"13:47:00";"COM VÍTIMA";"FINALIZADA";"MUSTARDINHA";"RUA VINTE E UM DE ABRIL";"2219";"";"AO LADO DO TERMINAL DA MUSTARDINHA";"MUSTARDINHA";"";"SUBURBIO";"COLISÃO LATERAL";1;"1";"0";"0";"0";"0";"0";"0";"0";"1";"0";"Longo da via";"Bom";"Sem defeito";"Perfeito estado";"Seca";"Perfeito estado";"Não existe";"Não há placas";"";"Dupla";"Não existe";"";""
"5083";2021-06-09;"18:27:00";"COM VÍTIMA";"CANCELADA";"BARRO";"RUA PADRE NOBREGA";"179";"";"E/F A QUADRA DO  CANÁRIO";"BARRO";"";"";"COLISÃO LATERAL";2;"0";"0";"0";"0";"0";"0";"0";"0";"1";"0";"";"";"";"";"";"";"";"";"";"";"";"";""
"5084";2021-06-10;"12:50:00";"COM VÍTIMA";"FINALIZADA";"PAISSANDU";"AV GOVERNADOR AGAMENON MAGALHAES";"4760";"";"EM FRENTE AO HOSPITAL PORTUGUES/ SENTIDO BOA VIAGEM";"PAISSANDU";"350";"SUBURBIO";"ATROPELAMENTO DE PESSOA";0;"0";"0";"0";"1";"1";"0";"0";"0";"1";"0";"Longo da via";"Bom";"Sem defeito";"Perfeito estado";"Seca";"Perfeito estado";"Faixa de pedestre";"Não há placas";"60 km/h";"Dupla";"Faixa seccionada";"";""
"5085";2021-06-10;"15:48:00";"COM VÍTIMA";"FINALIZADA";"AFOGADOS";"RUA VINTE E UM DE ABRIL";"1009";"";"E/F AO CAFE PETINHO";"AFOGADOS";"";"";"COLISÃO LATERAL";0;"2";"0";"0";"0";"0";"0";"0";"0";"1";"0";"Longo da via";"Bom";"Não existe";"Incompleta";"Seca";"Perfeito estado";"Não existe";"Outras";"40 km/h";"Dupla";"Faixa contínua";"";""
"5086";2021-06-11;"06:22:00";"COM VÍTIMA";"FINALIZADA";"BOA VIAGEM";"AV ENGENHEIRO DOMINGOS FERREIRA";"";"RUA FELIX DE BRITO E MELO";"E/F A EXTRAFARMA";"BOA VIAGEM";"545";"SUBURBIO";"COLISÃO TRANSVERSAL";2;"0";"0";"0";"0";"0";"0";"0";"0";"1";"0";"Cruzamento";"Chuvoso";"Sem defeito";"Perfeito estado";"Molhada";"Perfeito estado";"Faixa de pedestre";"Outras";"60 km/h";"Única";"Canteiro central";"";""
"5087";2021-06-11;"09:15:00";"COM VÍTIMA";"FINALIZADA";"JOANA BEZERRA";"RUA DOM PAULO II";"50";"";"LADO OPOSTO AO FORUM DES. RODOLFO AURELIANO";"JOANA BEZERRA";"";"SUBURBIO";"COLISÃO COM CICLISTA";1;"0";"0";"1";"0";"0";"0";"0";"0";"1";"0";"Longo da via";"Bom";"Não existe";"Perfeito estado";"Seca";"Perfeito estado";"Não existe";"Não há placas";"60 km/h";"Dupla";"Canteiro central";"";""
"5088";2021-06-11;"09:18:00";"COM VÍTIMA";"FINALIZADA";"ESTÂNCIA";"AV DR JOSE RUFINO";"446";"";"EM FRENTE A PANIFICADORA FITIENTE";"ESTÂNCIA";"";"CIDADE";"COLISÃO LATERAL";1;"1";"0";"0";"0";"0";"0";"0";"0";"1";"0";"Longo da via";"Bom";"Não existe";"Perfeito estado";"Seca";"Perfeito estado";"Não existe";"R-6a";"50 km/h";"Dupla";"Faixa contínua";"";""
"5089";2021-06-11;"12:36:00";"COM VÍTIMA";"FINALIZADA";"CORDEIRO";"AV INACIO MONTEIRO";"341";"";"PROXIMO AO COLEGIO ALBERT SABIN";"CORDEIRO";"";"DUPLO";"COLISÃO LATERAL";1;"1";"0";"0";"0";"0";"0";"0";"0";"1";"0";"Cruzamento";"Bom";"Não existe";"Perfeito estado";"Seca";"Perfeito estado";"Não existe";"Não há placas";"";"Dupla";"Faixa seccionada";"";""
"5090";2021-06-11;"12:38:00";"COM VÍTIMA";"FINALIZADA";"JORDÃO";"RUA BOANERGES PEREIRA";"12";"";"PRÓX À DROGARIA RECIFE";"JORDÃO";"";"SUBURBIO";"CAPOTAMENTO";2;"0";"0";"0";"0";"0";"0";"0";"0";"1";"0";"Longo da via";"Bom";"Não existe";"Não existente";"Seca";"Perfeito estado";"Não existe";"Não há placas";"";"Dupla";"Não existe";"";""
"5091";2021-06-11;"12:56:00";"COM VÍTIMA";"FINALIZADA";"BOA VIAGEM";"VIADUTO TANCREDO NEVES";"";"";"EM CIMA DO VIADUTO/ SENTIDO BOA VIAGEM";"BOA VIAGEM";"";"BOA VIAGEM";"COLISÃO TRASEIRA";1;"1";"0";"0";"0";"0";"0";"0";"0";"1";"0";"Longo da via";"Bom";"Não existe";"Perfeito estado";"Seca";"Perfeito estado";"Não existe";"Não há placas";"60 km/h";"Única";"Não existe";"";""
"5092";2021-06-11;"20:28:00";"COM VÍTIMA";"FINALIZADA";"IPSEP";"AV RECIFE";"";"RUA JEAN EMILE FAVRE";"SEMÁFORO 247, SNT BV";"IPSEP";"";"BOA VIAGEM";"COLISÃO LATERAL";0;"2";"0";"0";"0";"0";"0";"0";"0";"1";"0";"Longo da via";"Bom";"Sem defeito";"Perfeito estado";"Seca";"Perfeito estado";"Não existe";"Não há placas";"60 km/h";"Dupla";"Faixa seccionada";"Canteiro central";""
"5093";2021-06-11;"20:43:40";"COM VÍTIMA";"CANCELADA";"CASA FORTE";"AV DEZESSETE DE AGOSTO";"2450";"";"PRÓX AO  GUAIAMUM BAR E RESTAURANTE";"CASA FORTE";"";"";"COLISÃO TRASEIRA";1;"1";"0";"0";"0";"0";"0";"0";"0";"1";"0";"";"";"";"";"";"";"";"";"";"";"";"";""
"5094";2021-06-12;"03:22:00";"COM VÍTIMA";"FINALIZADA";"JORDÃO";"AV MARIA IRENE";"1542";"";"EDF. MARIA IRENE";"JORDÃO";"";"CIDADE";"COLISÃO FRONTAL";1;"1";"0";"0";"0";"0";"0";"0";"0";"2";"0";"Longo da via";"Bom";"Não existe";"Não existente";"Seca";"Perfeito estado";"Não existe";"Não há placas";"";"Dupla";"Canteiro central";"";""
"5095";2021-06-12;"07:48:00";"COM VÍTIMA";"FINALIZADA";"SANTO AMARO";"RUA DOS CASADOS";"1597";"PRC GENERAL CARLOS PINTO";"AO LADO DA PRAÇA GENERAL CARLOS PINTO";"SANTO AMARO";"202";"CIDADE";"COLISÃO LATERAL";1;"1";"0";"0";"0";"0";"0";"0";"0";"1";"0";"Esquina";"Bom";"Sem defeito";"";"Seca";"Perfeito estado";"Não existe";"R-6a";"";"Dupla";"Não existe";"";""
"5096";2021-06-12;"09:37:00";"SEM VÍTIMA";"FINALIZADA";"NOVA DESCOBERTA";"RUA JOSE REBOUCAS";"113";"";"PROX. AO TERMINAL DO BREJO // BIFURCAÇÃO COM A RUA NICOLINO MIRANDA";"NOVA DESCOBERTA";"";"SUBURBIO";"COLISÃO FRONTAL";0;"2";"0";"0";"0";"0";"0";"0";"0";"0";"0";"Longo da via";"Bom";"Não existe";"Não existente";"Seca";"Perfeito estado";"Não existe";"Não há placas";"";"Dupla";"Não existe";"";""
"5097";2021-06-12;"10:06:00";"COM VÍTIMA";"FINALIZADA";"CASA AMARELA";"AV NORTE";"4341";"";"PROX. AO SESC, SENT. CIDADE";"CASA AMARELA";"364";"CIDADE";"COLISÃO TRASEIRA";0;"2";"0";"0";"0";"0";"0";"0";"0";"1";"0";"Cruzamento";"Bom";"Sem defeito";"Perfeito estado";"Seca";"Perfeito estado";"Faixa de pedestre";"Outras";"";"Dupla";"Faixa seccionada";"";""