"";"data";"hora";"natureza_acidente";"situacao";"bairro";"endereco";"numero";"detalhe_endereco_acidente";"complemento";"bairro_cruzamento";"num_semaforo";"sentido_via";"tipo";"auto";"moto";"ciclom";"ciclista";"pedestre";"onibus";"caminhao";"viatura";"outros";"vitimas";"vitimasfatais";"acidente_verificado";"tempo_clima";"situacao_semaforo";"sinalizacao";"condicao_via";"conservacao_via";"ponto_controle";"situacao_placa";"velocidade_max_via";"mao_direcao";"divisao_via1";"divisao_via2";"divisao_via3"
"5161";2021-06-23;"00:12:00";"COM VÍTIMA";"FINALIZADA";"PINA";"AV CONSELHEIRO AGUIAR";"857";"";"EM FRENTE À BARBEARIA TRÓIS";"PINA";"";"CIDADE";"COLISÃO TRASEIRA";1;"1";"0";"0";"0";"0";"0";"0";"0";"1";"0";"";"";"";"";"";"";"";"";"";"";"";"";""
"5162";2021-06-23;"07:24:00";"COM VÍTIMA";"FINALIZADA";"BOA VIAGEM";"RUA BRUNO VELOSO";"3722";"AV BOA VIAGEM";"EM FRENTE AO ED LITORANIOS";"BOA VIAGEM";"120";"CIDADE";"COLISÃO TRASEIRA";1;"1";"0";"0";"0";"0";"0";"0";"0";"1";"0";"";"";"";"";"";"";"";"";"";"";"";"";""
"5163";2021-06-23;"08:01:00";"COM VÍTIMA";"FINALIZADA";"GRAÇAS";"AV GOVERNADOR AGAMENON MAGALHAES";"";"RUA DR BANDEIRA FILHO";"CLUBE PORTUGUÊS";"GRAÇAS";"173";"";"COLISÃO TRASEIRA";0;"2";"0";"0";"0";"0";"0";"0";"0";"1";"0";"Longo da via";"Bom";"Sem defeito";"Perfeito estado";"Seca";"Perfeito estado";"Faixa de pedestre";"Não há placas";"60 km/h";"Única";"Faixa contínua";"";""
"5164";2021-06-23;"11:54:00";"COM VÍTIMA";"FINALIZADA";"TEJIPIÓ";"RUA APRIGIO GUIMARAES";"641";"";"PROX. AO HOSP. OTÁVIO DE FREITAS";"TEJIPIÓ";"";"SUBURBIO";"COLISÃO TRASEIRA";1;"1";"0";"0";"0";"0";"0";"0";"0";"1";"0";"";"";"";"";"";"";"";"";"";"";"";"";""
"5165";2021-06-23;"18:59:00";"SEM VÍTIMA";"FINALIZADA";"MADALENA";"AV VISCONDE DE ALBUQUERQUE";"232";"RUA GALVAO RAPOSO";"SEMAFORO 576  / E/F AO EDF VILLA BARILOCHE / PRÓX AO POSTO IPIRANGA";"MADALENA";"576";"";"COLISÃO LATERAL";2;"0";"0";"0";"0";"0";"0";"0";"0";"0";"0";"";"";"";"";"";"";"";"";"";"";"";"";""
"5166";2021-06-23;"23:19:40";"SEM VÍTIMA";"FINALIZADA";"IMBIRIBEIRA";"AV MARECHAL MASCARENHAS DE MORAES";"4861";"";"E/F A FACULDADE PERNAMBUCANA";"IMBIRIBEIRA";"";"";"COLISÃO TRASEIRA";2;"0";"0";"0";"0";"0";"0";"0";"0";"0";"0";"";"";"";"";"";"";"";"";"";"";"";"";""
"5167";2021-06-24;"02:22:00";"SEM VÍTIMA";"FINALIZADA";"IMBIRIBEIRA";"AV MARECHAL MASCARENHAS DE MORAES";"";"";"";"IMBIRIBEIRA";"631";"";"COLISÃO TRANSVERSAL";2;"0";"0";"0";"0";"0";"0";"0";"0";"0";"0";"";"";"";"";"";"";"";"";"";"";"";"";""
"5168";2021-06-24;"07:25:00";"COM VÍTIMA";"FINALIZADA";"ESPINHEIRO";"RUA QUARENTA E OITO";"261";"RUA DA HORA";"NA ESQUINA DO LABORATÓRIO CERPE";"ESPINHEIRO";"21";"CIDADE";"COLISÃO FRONTAL";1;"0";"1";"0";"0";"0";"0";"0";"0";"1";"0";"";"";"";"";"";"";"";"";"";"";"";"";""
"5169";2021-06-24;"12:01:00";"SEM VÍTIMA";"FINALIZADA";"IPSEP";"RUA JEAN EMILE FAVRE";"";"RUA POTENGI";"FARMÁCIA DIARIAMENTE";"IPSEP";"564";"CIDADE";"COLISÃO TRANSVERSAL";2;"0";"0";"0";"0";"0";"0";"0";"0";"0";"0";"";"";"";"";"";"";"";"";"";"";"";"";""
"5170";2021-06-24;"22:31:40";"SEM VÍTIMA";"CANCELADA";"CORDEIRO";"AV GENERAL SAN MARTIN";"";"";"E/F AO HOSPITAL GETULIO VARGAS E POSTO SANTA TEREZINHA";"CORDEIRO";"";"";"CHOQUE";1;"0";"0";"0";"0";"0";"0";"0";"0";"0";"0";"";"";"";"";"";"";"";"";"";"";"";"";""
"5171";2021-06-25;"07:03:00";"COM VÍTIMA";"FINALIZADA";"TAMARINEIRA";"AV NORTE";"3733";"";"EM FRENTE A FABRICA DE BOLO";"TAMARINEIRA";"";"";"COLISÃO FRONTAL";0;"2";"0";"0";"0";"0";"0";"0";"0";"1";"0";"";"";"";"";"";"";"";"";"";"";"";"";""
"5172";2021-06-25;"07:58:00";"COM VÍTIMA";"FINALIZADA";"BOA VISTA";"AV GOVERNADOR AGAMENON MAGALHAES";"2807";"";"EM FRENTE AO CIRCULO MILITAR, SENT. OLINDA";"BOA VISTA";"";"";"COLISÃO LATERAL";1;"1";"0";"0";"0";"0";"0";"0";"0";"1";"0";"";"";"";"";"";"";"";"";"";"";"";"";""
"5173";2021-06-25;"14:46:00";"COM VÍTIMA";"FINALIZADA";"TAMARINEIRA";"RUA CONEGO BARATA";"";"";"PROXIMO A PADARIA MANA/ SENTIDO ÁGUA FRIA";"TAMARINEIRA";"";"";"COLISÃO LATERAL";1;"1";"0";"0";"0";"0";"0";"0";"0";"1";"0";"";"";"";"";"";"";"";"";"";"";"";"";""
"5174";2021-06-25;"15:14:00";"COM VÍTIMA";"FINALIZADA";"ROSARINHO";"AV NORTE";"";"";"E/F A PADARIA DO ROSARINHO S/T CID";"ROSARINHO";"";"CIDADE";"COLISÃO LATERAL";2;"1";"0";"0";"0";"0";"0";"0";"0";"1";"0";"";"";"";"";"";"";"";"";"";"";"";"";""
"5175";2021-06-25;"18:20:00";"SEM VÍTIMA";"FINALIZADA";"BAIRRO DO RECIFE";"";"";"";"PONTE 12 DE SETEMBRO / EM FRENTE AO SEMÁFORO DE Nº473";"BAIRRO DO RECIFE";"473";"SUBURBIO";"COLISÃO COM CICLISTA";1;"0";"0";"1";"0";"0";"0";"0";"0";"0";"0";"";"";"";"";"";"";"";"";"";"";"";"";""
"5176";2021-06-25;"18:37:00";"COM VÍTIMA";"FINALIZADA";"VÁRZEA";"AV AFONSO OLINDENSE";"";"";"E/F AO RESIDENCIAL ELIS REGINA";"VÁRZEA";"";"";"COLISÃO TRASEIRA";1;"1";"0";"0";"0";"0";"0";"0";"0";"1";"0";"";"";"";"";"";"";"";"";"";"";"";"";""
"5177";2021-06-25;"20:50:40";"COM VÍTIMA";"CANCELADA";"DOIS UNIDOS";"SUB DA MEDALHA MILAGROSA";"81";"";"PRÓX AO CAMPO DO CAFÉ";"DOIS UNIDOS";"";"";"COLISÃO FRONTAL";1;"1";"0";"0";"0";"0";"0";"0";"0";"1";"0";"";"";"";"";"";"";"";"";"";"";"";"";""
"5178";2021-06-26;"00:34:00";"COM VÍTIMA";"FINALIZADA";"IMBIRIBEIRA";"AV MARECHAL MASCARENHAS DE MORAES";"2690";"1 TRV JUSTICA E PAZ";"APÓS A FERREIRA COSTA - E/F AO BANCO ITAÚ - SENTIDO AFOGADOS";"IMBIRIBEIRA";"225";"CID";"CHOQUE";1;"1";"0";"0";"0";"0";"0";"0";"0";"2";"0";"";"";"";"";"";"";"";"";"";"";"";"";""
"5179";2021-06-26;"00:42:00";"COM VÍTIMA";"FINALIZADA";"BOA VIAGEM";"RUA DEZ DE JULHO";"";"RUA CAMBOIM";"CRUZAMENTO C/A RUA CAMBOIM - APÓS A ESTAÇÃO DO METRÔ";"BOA VIAGEM";"";"";"COLISÃO LATERAL";1;"1";"0";"0";"0";"0";"0";"0";"0";"1";"0";"";"";"";"";"";"";"";"";"";"";"";"";""
"5180";2021-06-26;"06:07:00";"COM VÍTIMA";"FINALIZADA";"AFOGADOS";"AV SUL";"";"";"APÓS A POLICLINICA DE AFOGADOS";"AFOGADOS";"";"CIDADE";"COLISÃO TRANSVERSAL";1;"1";"0";"0";"0";"0";"0";"0";"0";"2";"0";"";"";"";"";"";"";"";"";"";"";"";"";""
"5181";2021-06-26;"06:29:00";"COM VÍTIMA";"FINALIZADA";"IPSEP";"RUA JEAN EMILE FAVRE";"";"RUA POTENGY";"PROX. A FEIJOADA DO VAVÁ";"IPSEP";"564";"";"COLISÃO FRONTAL";1;"1";"0";"0";"0";"0";"0";"0";"0";"1";"0";"";"";"";"";"";"";"";"";"";"";"";"";""
"5182";2021-06-27;"11:05:00";"SEM VÍTIMA";"FINALIZADA";"CAXANGÁ";"AV CAXANGA";"";"";"INTEGRAÇÃO DA CAXANGÁ, PROX. A UPA";"CAXANGÁ";"";"";"CHOQUE";0;"0";"0";"0";"0";"0";"0";"1";"0";"0";"0";"";"";"";"";"";"";"";"";"";"";"";"";""
"5183";2021-06-27;"16:50:00";"COM VÍTIMA";"CANCELADA";"IBURA";"AV DOIS RIOS";"";"";"EM FRENTE A IGREJA EL SHADDAI E AO PET SHOP CÃOBELELEIRO";"IBURA";"";"";"COLISÃO FRONTAL";1;"1";"0";"0";"0";"0";"0";"0";"0";"1";"0";"";"";"";"";"";"";"";"";"";"";"";"";""
"5184";2021-06-27;"18:50:00";"COM VÍTIMA";"FINALIZADA";"IPSEP";"RUA JEAN EMILE FAVRE";"";"";"E/F A PADARIA PAO NORTE";"IPSEP";"";"";"COLISÃO FRONTAL";1;"0";"0";"0";"0";"0";"0";"0";"0";"2";"0";"";"";"";"";"";"";"";"";"";"";"";"";""
"5185";2021-06-28;"08:45:00";"COM VÍTIMA";"FINALIZADA";"VÁRZEA";"RUA SOLDADO MARIO KOSEL FILHO";"";"RUA INALDO BARTOLOMEU DE CARVALHO";"PROX. A IGREJA ASSEMBLEIA DE DEUS";"VÁRZEA";"";"";"ATROPELAMENTO DE PESSOA";0;"0";"0";"0";"1";"0";"1";"0";"0";"1";"0";"";"";"";"";"";"";"";"";"";"";"";"";""
"5186";2021-06-28;"11:36:00";"COM VÍTIMA";"FINALIZADA";"PINA";"AV BOA VIAGEM";"9";"";"E/F AO POSTO PETROBRÁS BR";"PINA";"104";"CIDADE";"COLISÃO LATERAL";1;"1";"0";"0";"0";"0";"0";"0";"0";"1";"0";"";"";"";"";"";"";"";"";"";"";"";"";""
"5187";2021-06-28;"12:53:00";"COM VÍTIMA";"FINALIZADA";"ESTÂNCIA";"AV RECIFE";"272";"";"ANTIGA CIROL ROYAL / SENTIDO CEASA";"ESTÂNCIA";"";"SUBURBIO";"COLISÃO LATERAL";0;"1";"0";"0";"0";"0";"1";"0";"0";"1";"0";"";"";"";"";"";"";"";"";"";"";"";"";""
"5188";2021-06-28;"13:48:00";"COM VÍTIMA";"FINALIZADA";"CASA FORTE";"AV DEZESSETE DE AGOSTO";"357";"";"EM  FRENTE À FARMÁCIA PAGUE MENOS";"CASA FORTE";"614";"CIDADE";"COLISÃO LATERAL";2;"1";"0";"0";"0";"0";"0";"0";"0";"1";"0";"";"";"";"";"";"";"";"";"";"";"";"";""
"5189";2021-06-28;"14:56:00";"SEM VÍTIMA";"FINALIZADA";"TORRE";"RUA MARQUES DE MARICA";"236";"RUA SOUZA BANDEIRA";"ESQUINA DO EDIFICIO VIVENDA DOS GIRASSOIS 236";"TORRE";"317";"CIDADE";"COLISÃO TRASEIRA";2;"0";"0";"0";"0";"0";"0";"0";"0";"0";"0";"";"";"";"";"";"";"";"";"";"";"";"";""
"5190";2021-06-29;"10:30:00";"SEM VÍTIMA";"FINALIZADA";"APIPUCOS";"RUA DOIS IRMAOS";"";"AV DA RECUPERACAO";"";"APIPUCOS";"416";"";"COLISÃO LATERAL";0;"2";"0";"0";"0";"0";"0";"0";"0";"0";"0";"";"";"";"";"";"";"";"";"";"";"";"";""
"5191";2021-06-29;"10:39:00";"COM VÍTIMA";"FINALIZADA";"BOA VIAGEM";"AV ENGENHEIRO DOMINGOS FERREIRA";"2600";"";"EM FRENTE A FARMACIA INDEPENDENTE";"BOA VIAGEM";"";"";"COLISÃO TRASEIRA";1;"1";"0";"0";"0";"0";"0";"0";"0";"1";"0";"";"";"";"";"";"";"";"";"";"";"";"";""
"5192";2021-06-29;"11:05:00";"SEM VÍTIMA";"FINALIZADA";"CORDEIRO";"AV PROFESSOR ESTEVAO FRANCISCO DA COSTA";"";"RUA ODETE MONTEIRO";"MARTELINHO DE OURO PREMIUM E O POSTO PETROCAL";"CORDEIRO";"";"";"COLISÃO FRONTAL";1;"0";"0";"0";"0";"0";"0";"1";"0";"0";"0";"";"";"";"";"";"";"";"";"";"";"";"";""
"5193";2021-06-29;"11:31:00";"SEM VÍTIMA";"FINALIZADA";"CORDEIRO";"RUA MARIA QUITERIA";"168";"";"E/F AO EDF. RIO JARI";"CORDEIRO";"";"";"COLISÃO LATERAL";1;"0";"0";"0";"0";"0";"0";"1";"0";"0";"0";"";"";"";"";"";"";"";"";"";"";"";"";""
"5194";2021-06-29;"11:39:00";"VÍTIMA FATAL";"FINALIZADA";"SANTO AMARO";"AV NORTE";"785";"RUA TREZE DE MAIO";"ESQUINA COM A RUA TREZE DE MAIO";"SANTO AMARO";"";"CIDADE";"ATROPELAMENTO DE PESSOA";1;"0";"0";"0";"1";"0";"0";"0";"0";"1";"1";"";"";"";"";"";"";"";"";"";"";"";"";""
"5195";2021-06-29;"11:55:00";"COM VÍTIMA";"FINALIZADA";"ÁGUA FRIA";"AV BEBERIBE";"2275";"";"E/F AO SUPERMERCADO SOBERANO";"ÁGUA FRIA";"";"";"COLISÃO LATERAL";1;"1";"0";"0";"0";"0";"0";"0";"0";"1";"0";"";"";"";"";"";"";"";"";"";"";"";"";""
"5196";2021-06-29;"13:21:00";"COM VÍTIMA";"FINALIZADA";"IMBIRIBEIRA";"AV MARECHAL MASCARENHAS DE MORAES";"";"";"EM FRENTE AO GERALDÃO/ SENTIDO CIDADE";"IMBIRIBEIRA";"";"";"COLISÃO TRASEIRA";1;"1";"0";"0";"0";"0";"0";"0";"0";"1";"0";"";"";"";"";"";"";"";"";"";"";"";"";""
"5197";2021-06-29;"17:07:00";"SEM VÍTIMA";"FINALIZADA";"MACAXEIRA";"AV NORTE";"";"";"PROX  A ESCOLA  DO ESTADUAL MARILIA AMALIA";"MACAXEIRA";"";"";"COLISÃO LATERAL";0;"1";"0";"0";"0";"0";"0";"1";"0";"0";"0";"";"";"";"";"";"";"";"";"";"";"";"";""
"5198";2021-06-29;"20:59:40";"COM VÍTIMA";"FINALIZADA";"CAMPO GRANDE";"RUA ODORICO MENDES";"598";"";"AO LADO DA CENTRAL DE FLAGRANTES";"CAMPO GRANDE";"";"";"ATROPELAMENTO DE PESSOA";0;"1";"0";"0";"1";"0";"0";"0";"0";"1";"0";"";"";"";"";"";"";"";"";"";"";"";"";""
"5199";2021-06-29;"22:20:40";"SEM VÍTIMA";"FINALIZADA";"CAMPO GRANDE";"RUA ODORICO MENDES";"598";"";"AO LADO DA CENTRAL DE FLAGRANTES";"CAMPO GRANDE";"";"";"COLISÃO TRASEIRA";3;"0";"0";"0";"0";"0";"0";"0";"0";"0";"0";"";"";"";"";"";"";"";"";"";"";"";"";""
"5200";2021-06-30;"09:24:00";"COM VÍTIMA";"FINALIZADA";"TORRÕES";"RUA DR MIGUEL VIEIRA FERREIRA";"275";"";"EM FRENTE AO BETO BEBIDAS";"TORRÕES";"";"";"ATROPELAMENTO DE PESSOA";1;"0";"0";"0";"1";"0";"0";"0";"0";"1";"0";"";"";"";"";"";"";"";"";"";"";"";"";""
"5201";2021-06-30;"10:19:00";"COM VÍTIMA";"FINALIZADA";"SANCHO";"AV LIBERDADE";"612";"";"100 METROS ANTES DA IGREJA ASSEMBLEIA DE DEUS";"SANCHO";"";"";"COLISÃO LATERAL";1;"1";"0";"0";"0";"0";"0";"0";"0";"1";"0";"";"";"";"";"";"";"";"";"";"";"";"";""
"5202";2021-06-30;"11:40:00";"COM VÍTIMA";"FINALIZADA";"AFOGADOS";"RUA DA PAZ";"388";"";"E/F A FIGUEIRAS CALÇADOS";"AFOGADOS";"";"";"ATROPELAMENTO DE PESSOA";1;"0";"0";"0";"1";"0";"0";"0";"0";"1";"0";"";"";"";"";"";"";"";"";"";"";"";"";""
"5203";2021-06-30;"13:44:00";"COM VÍTIMA";"CANCELADA";"CASA FORTE";"AV DEZESSETE DE AGOSTO";"";"";"EM FRENTE AO CENTRO MÉDICO SEN. JOSÉ ERMÍRIO DE MORAES";"CASA FORTE";"";"";"COLISÃO TRASEIRA";1;"1";"0";"0";"0";"0";"0";"0";"0";"1";"0";"";"";"";"";"";"";"";"";"";"";"";"";""
"5204";2021-06-30;"14:34:00";"COM VÍTIMA";"FINALIZADA";"CASA AMARELA";"AV NORTE";"667";"";"";"CASA AMARELA";"";"";"COLISÃO TRANSVERSAL";0;"2";"0";"0";"0";"0";"0";"0";"0";"1";"0";"";"";"";"";"";"";"";"";"";"";"";"";""
"5205";2021-06-30;"16:40:00";"COM VÍTIMA";"FINALIZADA";"SÃO JOSÉ";"AV SUL";"";"";"EM FRENTE A POLICLINICA DE AFOGADOS";"SÃO JOSÉ";"";"";"QUEDA";0;"0";"0";"0";"0";"0";"0";"0";"0";"1";"0";"";"";"";"";"";"";"";"";"";"";"";"";""
"5206";2021-06-30;"16:54:00";"COM VÍTIMA";"FINALIZADA";"ROSARINHO";"AV NORTE";"";"";"EM FRENTE A PRAÇA DO ROSARINHO";"ROSARINHO";"";"";"COLISÃO LATERAL";1;"1";"0";"0";"0";"0";"0";"0";"0";"1";"0";"";"";"";"";"";"";"";"";"";"";"";"";""
"5207";2021-06-30;"19:09:00";"COM VÍTIMA";"FINALIZADA";"AREIAS";"AV DR JOSE RUFINO";"";"";"PROX A HONDA";"AREIAS";"";"";"COLISÃO FRONTAL";1;"1";"0";"0";"0";"0";"0";"0";"0";"1";"0";"";"";"";"";"";"";"";"";"";"";"";"";""
"5208";2021-06-30;"20:02:00";"COM VÍTIMA";"CANCELADA";"JARDIM SÃO PAULO";"RUA LEANDRO BARRETO";"";"";"E/F AO SUPER MERCADO COMPRA MAIS";"JARDIM SÃO PAULO";"";"";"COLISÃO FRONTAL";1;"1";"0";"0";"0";"0";"0";"0";"0";"1";"0";"";"";"";"";"";"";"";"";"";"";"";"";""
"5209";2021-07-01;"07:58:00";"COM VÍTIMA";"FINALIZADA";"SANTO AMARO";"RUA IMPERADOR PEDRO SEGUNDO";"";"RUA PRIMEIRO DE MARCO";"EM FRENTE AO BANCO ITAÚ";"SANTO AMARO";"18";"";"COLISÃO TRANSVERSAL";1;"1";"0";"0";"0";"0";"0";"0";"0";"1";"0";"Cruzamento";"Chuvoso";"Sem defeito";"Perfeito estado";"Molhada";"Perfeito estado";"Faixa de pedestre";"Outras";"40 km/h";"Única";"Faixa seccionada";"";""
"5210";2021-07-01;"13:56:00";"COM VÍTIMA";"FINALIZADA";"ESPINHEIRO";"RUA AFONSO BATISTA";"239";"RUA GOMES PACHECO";"PRÓX AO CHINA BAR";"ESPINHEIRO";"";"SUBURBIO";"COLISÃO LATERAL";1;"1";"0";"0";"0";"0";"0";"0";"0";"1";"0";"Esquina";"Bom";"Não existe";"Perfeito estado";"Seca";"Perfeito estado";"Outros";"Placas ""Pare""";"";"Dupla";"Não existe";"";""
"5211";2021-07-01;"14:46:00";"VÍTIMA FATAL";"FINALIZADA";"BOA VIAGEM";"AV BOA VIAGEM";"";"";"PRÓXIMO AO HOSPITAL DE AERONÁLTICA";"BOA VIAGEM";"";"CIDADE";"QUEDA";1;"1";"0";"0";"0";"0";"0";"0";"0";"1";"1";"Longo da via";"Bom";"Não existe";"Perfeito estado";"Seca";"Perfeito estado";"Não existe";"Não há placas";"";"Única";"Faixa seccionada";"";""
"5212";2021-07-01;"18:15:00";"COM VÍTIMA";"FINALIZADA";"BOA VISTA";"RUA DO RIACHUELO";"1038";"";"";"BOA VISTA";"";"CIDADE";"COLISÃO FRONTAL";2;"0";"1";"0";"0";"0";"0";"0";"0";"2";"0";"Longo da via";"Bom";"Não existe";"Perfeito estado";"Seca";"Perfeito estado";"Não existe";"R-6a";"";"Única";"Faixa contínua";"";""
"5213";2021-07-01;"22:42:40";"COM VÍTIMA";"FINALIZADA";"SANTO AMARO";"RUA FREI CASSIMIRO";"626";"RUA FRANCISCO JACINTO";"E/F A DELEGACIA";"SANTO AMARO";"";"SUBURBIO";"COLISÃO LATERAL";1;"1";"0";"0";"0";"0";"0";"0";"0";"1";"0";"Cruzamento";"Chuvoso";"Não existe";"Incompleta";"Molhada";"Mal iluminada";"Não existe";"Não há placas";"";"Dupla";"Canteiro central";"";""
"5214";2021-07-02;"07:54:00";"COM VÍTIMA";"FINALIZADA";"CORDEIRO";"EST DO FORTE DO ARRAIAL N. DO B. JESUS";"341";"RUA AUREO XAVIER";"E/F AO RESTAURANTE O PESCADOR";"CORDEIRO";"";"";"COLISÃO LATERAL";1;"1";"0";"0";"0";"0";"0";"0";"0";"1";"0";"Longo da via";"Bom";"Não existe";"Perfeito estado";"Seca";"Perfeito estado";"";"Outras";"";"Dupla";"Faixa contínua";"";""
"5215";2021-07-02;"09:31:00";"SEM VÍTIMA";"FINALIZADA";"CASA FORTE";"AV DEZESSETE DE AGOSTO";"";"RUA JORGE DE ALBUQUERQUE";"";"CASA FORTE";"251";"SUBURBIO";"";2;"0";"0";"0";"0";"0";"0";"0";"0";"0";"0";"Cruzamento";"Bom";"Sem defeito";"Perfeito estado";"Seca";"Perfeito estado";"Faixa de pedestre";"Outras";"";"Dupla";"Faixa contínua";"";""
"5216";2021-07-02;"09:50:00";"COM VÍTIMA";"FINALIZADA";"BOA VIAGEM";"RUA SA E SOUZA";"845";"RUA DR LUIZ INACIO PESSOA DE MELO";"PROX. AO RM EXPRESS";"BOA VIAGEM";"";"SUBURBIO";"COLISÃO LATERAL";1;"1";"0";"0";"0";"0";"0";"0";"0";"1";"0";"Cruzamento";"Bom";"Não existe";"Perfeito estado";"Seca";"Perfeito estado";"Não existe";"R-6a";"";"Dupla";"Não existe";"";""
"5217";2021-07-02;"11:16:00";"COM VÍTIMA";"FINALIZADA";"ALTO JOSÉ BONIFÁCIO";"RUA CORREGO DO EUCLIDES";"258";"";"PROX. A UPA E O TERMINAL DE ONIBUS DO COR. DO EUCLIDES";"ALTO JOSÉ BONIFÁCIO";"";"CIDADE";"COLISÃO COM CICLISTA";1;"1";"0";"0";"0";"0";"0";"0";"0";"1";"0";"Longo da via";"Bom";"Não existe";"Não existente";"Seca";"Mal conservada";"Não existe";"Não há placas";"";"Dupla";"Não existe";"";""
"5218";2021-07-02;"11:48:00";"COM VÍTIMA";"FINALIZADA";"IPSEP";"AV RECIFE";"2739";"";"EM FRENTE A PIZZARIA ATLANTICO";"IPSEP";"";"SUBURBIO";"COLISÃO LATERAL";1;"1";"0";"0";"0";"0";"0";"0";"0";"1";"0";"Longo da via";"Bom";"Não existe";"Perfeito estado";"Seca";"Perfeito estado";"Não existe";"Não há placas";"";"Dupla";"Canteiro central";"";""
"5219";2021-07-02;"15:09:00";"COM VÍTIMA";"FINALIZADA";"CAXANGÁ";"AV JOAQUIM RIBEIRO";"";"RUA RIBEIRO PESSOA";"EM FRENTE UPA /SENTIDO DOIS IRMÃO";"CAXANGÁ";"281";"SUBURBIO";"COLISÃO TRANSVERSAL";0;"1";"0";"0";"0";"0";"0";"0";"0";"1";"0";"Cruzamento";"Bom";"Sem defeito";"Perfeito estado";"Seca";"Perfeito estado";"Agente";"";"60 km/h";"Única";"Canteiro central";"";""
"5220";2021-07-02;"15:45:00";"COM VÍTIMA";"FINALIZADA";"CORDEIRO";"AV CAXANGA";"2694";"";"LADO OPOSTO AO ARMAZEM HELENA/ SENTIDO CIDADE";"CORDEIRO";"";"CIDADE";"ATROPELAMENTO DE PESSOA";2;"0";"0";"0";"1";"0";"0";"0";"0";"1";"0";"Longo da via";"Bom";"Não existe";"Perfeito estado";"Seca";"Perfeito estado";"Faixa de retenção";"Placas ""Pare""";"";"Única";"Não existe";"";""
"5221";2021-07-02;"17:09:00";"COM VÍTIMA";"FINALIZADA";"CAMPO GRANDE";"EST DE BELEM";"";"";"EM FRENTE AO SUPERMERCADO STTYLLO";"CAMPO GRANDE";"";"";"COLISÃO LATERAL";1;"1";"0";"0";"0";"0";"0";"0";"0";"1";"0";"";"";"";"";"";"";"";"";"";"";"";"";""
"5222";2021-07-02;"18:41:00";"COM VÍTIMA";"FINALIZADA";"IBURA";"AV DOIS RIOS";"";"";"E/F AUPAE";"IBURA";"";"";"COLISÃO LATERAL";1;"1";"0";"0";"0";"0";"0";"0";"0";"1";"0";"Longo da via";"Chuvoso";"Não existe";"Ilegível";"Molhada";"Mal conservada";"Não existe";"Outras";"";"Dupla";"";"";""
"5223";2021-07-02;"20:54:40";"COM VÍTIMA";"FINALIZADA";"IBURA";"AV DOIS RIOS";"393";"";"EM FRENTE A IGREJA UNIVERSAL";"IBURA";"";"CIDADE";"COLISÃO FRONTAL";0;"1";"0";"0";"0";"0";"0";"0";"0";"1";"0";"Longo da via";"Chuvoso";"Não existe";"Perfeito estado";"Molhada";"Perfeito estado";"Não existe";"Não há placas";"";"Dupla";"Faixa contínua";"";""
"5224";2021-07-02;"21:27:40";"SEM VÍTIMA";"FINALIZADA";"IMBIRIBEIRA";"AV MARECHAL MASCARENHAS DE MORAES";"";"";"SOB O VIADUTO PRESIDENTE TANCREDO NEVES";"IMBIRIBEIRA";"";"CIDADE";"COLISÃO TRASEIRA";2;"2";"0";"0";"0";"0";"1";"1";"0";"0";"0";"Longo da via";"Chuvoso";"Não existe";"Perfeito estado";"Molhada";"Perfeito estado";"Agente";"Não há placas";"";"Dupla";"Faixa seccionada";"Canteiro central";""
"5225";2021-07-02;"22:33:40";"COM VÍTIMA";"FINALIZADA";"IMBIRIBEIRA";"VIADUTO TANCREDO NEVES";"";"";"NO INÍCIO DO VIADUTO SENTIDO BOA VIAGEM.";"IMBIRIBEIRA";"";"CIDADE";"QUEDA";0;"0";"0";"1";"0";"0";"0";"0";"0";"1";"0";"Viaduto";"Chuvoso";"Não existe";"Perfeito estado";"Molhada";"Perfeito estado";"";"Não há placas";"";"Única";"Canteiro central";"";""
"5226";2021-07-03;"08:20:00";"COM VÍTIMA";"FINALIZADA";"IPUTINGA";"AV CAXANGA";"7038";"AV CAXANGA";"PRÓXIMO AO BIG BOM PREÇO";"IPUTINGA";"533";"SUBURBIO";"COLISÃO LATERAL";1;"0";"0";"0";"0";"0";"0";"0";"0";"1";"0";"Longo da via";"Chuvoso";"Sem defeito";"Perfeito estado";"Molhada";"Perfeito estado";"Faixa de pedestre";"Não há placas";"";"Única";"Faixa seccionada";"";""
"5227";2021-07-03;"08:46:00";"COM VÍTIMA";"FINALIZADA";"ROSARINHO";"AV NORTE";"";"AV SANTOS DUMONT";"";"ROSARINHO";"81";"CIDADE";"COLISÃO LATERAL";1;"2";"0";"0";"0";"0";"0";"0";"0";"1";"0";"Longo da via";"Chuvoso";"Com defeito";"Perfeito estado";"Molhada";"Perfeito estado";"Faixa de pedestre";"R-6a";"";"Dupla";"Faixa contínua";"";""
"5228";2021-07-03;"09:26:00";"COM VÍTIMA";"FINALIZADA";"BOA VIAGEM";"AV BOA VIAGEM";"3610";"";"EM FRENTE DO PORTO CANOA";"BOA VIAGEM";"";"CIDADE";"COLISÃO TRASEIRA";1;"1";"0";"0";"0";"0";"0";"0";"0";"2";"0";"Longo da via";"Chuvoso";"Sem defeito";"Perfeito estado";"Molhada";"Perfeito estado";"Não existe";"Outras";"";"Única";"Faixa seccionada";"";""
"5229";2021-07-03;"12:54:00";"SEM VÍTIMA";"CANCELADA";"IMBIRIBEIRA";"AV MARECHAL MASCARENHAS DE MORAES";"";"";"E/F LASER ELETRO S/T AFOGADOS";"IMBIRIBEIRA";"";"";"COLISÃO FRONTAL";1;"1";"0";"0";"0";"0";"0";"0";"0";"0";"0";"";"";"";"";"";"";"";"";"";"";"";"";""
"5230";2021-07-03;"15:01:00";"SEM VÍTIMA";"FINALIZADA";"AREIAS";"AV DR JOSE RUFINO";"1545";"";"E/F AO COLEGIO INCENTIVO";"AREIAS";"";"CIDADE";"COLISÃO TRASEIRA";2;"0";"0";"0";"0";"0";"0";"0";"0";"0";"0";"Longo da via";"Chuvoso";"Não existe";"";"Molhada";"Perfeito estado";"Não existe";"Não há placas";"";"Dupla";"Faixa contínua";"";""