"";"data";"hora";"natureza_acidente";"situacao";"bairro";"endereco";"numero";"detalhe_endereco_acidente";"complemento";"bairro_cruzamento";"num_semaforo";"sentido_via";"tipo";"auto";"moto";"ciclom";"ciclista";"pedestre";"onibus";"caminhao";"viatura";"outros";"vitimas";"vitimasfatais";"acidente_verificado";"tempo_clima";"situacao_semaforo";"sinalizacao";"condicao_via";"conservacao_via";"ponto_controle";"situacao_placa";"velocidade_max_via";"mao_direcao";"divisao_via1";"divisao_via2";"divisao_via3"
"6108";2021-11-11;"06:23:00";"COM VÍTIMA";"FINALIZADA";"GRAÇAS";"AV GOVERNADOR AGAMENON MAGALHAES";"1114";"RUA DR BANDEIRA FILHO";"E/F AO EDF. DO TRE (SENT. BOA VIAGEM // VIA PRINCIPAL )";"GRAÇAS";"173";"BOA VIAGEM";"COLISÃO FRONTAL";1;"1";"0";"0";"0";"0";"0";"0";"0";"1";"0";"Longo da via";"Chuvoso";"Sem defeito";"Perfeito estado";"Molhada";"Perfeito estado";"Não existe";"Outras";"60 km/h";"Dupla";"Canal";"";""
"6109";2021-11-11;"08:10:00";"COM VÍTIMA";"FINALIZADA";"CIDADE UNIVERSITÁRIA";"AV PROFESSOR ARTUR DE SA";"1118";"";"AO LADO DO DOSPITAL DAS CLÍNICAS";"CIDADE UNIVERSITÁRIA";"";"SUBURBIO";"COLISÃO TRANSVERSAL";1;"1";"0";"0";"0";"0";"0";"0";"0";"1";"0";"Longo da via";"Bom";"Não existe";"";"Seca";"Outros";"Não existe";"Outras";"40 km/h";"Dupla";"Faixa contínua";"";""
"6110";2021-11-11;"08:38:00";"COM VÍTIMA";"FINALIZADA";"BEBERIBE";"RUA DALVA DE OLIVEIRA";"";"";"";"BEBERIBE";"";"";"COLISÃO TRASEIRA";2;"0";"0";"0";"0";"0";"0";"0";"0";"1";"0";"";"";"";"";"";"";"";"";"";"";"";"";""
"6111";2021-11-11;"11:30:00";"SEM VÍTIMA";"FINALIZADA";"ESTÂNCIA";"AV RECIFE";"";"";"ANTIGA MAKRO";"ESTÂNCIA";"";"SUBURBIO";"COLISÃO TRANSVERSAL";6;"0";"0";"0";"0";"0";"0";"0";"0";"0";"0";"";"";"";"";"";"";"";"";"";"";"";"";""
"6112";2021-11-11;"14:32:00";"COM VÍTIMA";"FINALIZADA";"BOA VIAGEM";"RUA VISCONDE DE JEQUITINHONHA";"";"";"SEMÁFORO 443";"BOA VIAGEM";"443";"SUBURBIO";"ATROPELAMENTO DE PESSOA";0;"1";"0";"0";"1";"0";"0";"0";"0";"1";"0";"Longo da via";"Bom";"Sem defeito";"Perfeito estado";"Seca";"Perfeito estado";"Faixa de pedestre";"Outras";"";"Única";"Faixa seccionada";"Canteiro central";""
"6113";2021-11-11;"15:43:00";"COM VÍTIMA";"CANCELADA";"IBURA";"AV DOIS RIOS";"";"";"PROX A NR SUPERMERCADO";"IBURA";"";"";"COLISÃO LATERAL";1;"1";"0";"0";"0";"0";"0";"0";"0";"1";"0";"";"";"";"";"";"";"";"";"";"";"";"";""
"6114";2021-11-11;"16:27:00";"SEM VÍTIMA";"FINALIZADA";"AFOGADOS";"RUA QUITERIO INACIO DE MELLO";"";"RUA CINCO DE NOVEMBRO";"IMPORT PNEUS";"AFOGADOS";"553";"SUBURBIO";"";2;"0";"0";"0";"0";"0";"0";"0";"0";"0";"0";"Longo da via";"Bom";"Sem defeito";"Perfeito estado";"Seca";"Perfeito estado";"";"Placas ""Pare""";"";"Única";"Faixa seccionada";"";""
"6115";2021-11-11;"17:58:00";"COM VÍTIMA";"FINALIZADA";"ROSARINHO";"AV NORTE MIGUEL ARRAES DE ALENCAR";"3370";"";"ANTES DO EDIFICIO FORTE DOS REIS MAGOS";"ROSARINHO";"";"SUBURBIO";"COLISÃO TRASEIRA";1;"1";"0";"0";"0";"0";"0";"0";"0";"1";"0";"Longo da via";"Bom";"Não existe";"Perfeito estado";"Seca";"Perfeito estado";"Não existe";"Placas ""Pare""";"60 km/h";"Dupla";"Faixa seccionada";"Canteiro central";""
"6116";2021-11-11;"18:37:00";"COM VÍTIMA";"FINALIZADA";"SANTO AMARO";"AV GOVERNADOR AGAMENON MAGALHAES";"";"";"EM CIMA DO VIADUTO SENTIDO OLINDA -";"SANTO AMARO";"";"";"COLISÃO COM CICLISTA";1;"0";"0";"1";"0";"0";"0";"0";"0";"1";"0";"";"";"";"";"";"";"";"";"";"";"";"";""
"6117";2021-11-11;"20:17:00";"COM VÍTIMA";"FINALIZADA";"TAMARINEIRA";"AV NORTE MIGUEL ARRAES DE ALENCAR";"";"AV PROFESSOR JOSE DOS ANJOS";"EM FRENTE AO SESC";"TAMARINEIRA";"364";"CIDADE";"COLISÃO FRONTAL";0;"1";"0";"0";"0";"0";"0";"0";"0";"2";"0";"Cruzamento";"Bom";"Sem defeito";"Perfeito estado";"Seca";"Perfeito estado";"Faixa de pedestre";"Não há placas";"";"Dupla";"Canteiro central";"";""
"6118";2021-11-12;"09:32:00";"SEM VÍTIMA";"FINALIZADA";"MANGUEIRA";"RUA SAO MIGUEL";"1705";"";"AO LADO DO ATACAREJO";"MANGUEIRA";"";"";"COLISÃO LATERAL";0;"1";"0";"0";"0";"0";"0";"1";"0";"0";"0";"Cruzamento";"Bom";"Não existe";"Perfeito estado";"Seca";"Perfeito estado";"Não existe";"Não há placas";"";"Dupla";"Faixa contínua";"";""
"6119";2021-11-12;"11:22:00";"COM VÍTIMA";"FINALIZADA";"CORDEIRO";"EST DO FORTE DO ARRAIAL N. DO B. JESUS";"422";"";"E/F A P.A PESCADOS";"CORDEIRO";"";"";"COLISÃO TRANSVERSAL";1;"1";"0";"0";"0";"0";"0";"0";"0";"1";"0";"Longo da via";"Bom";"Não existe";"Perfeito estado";"Seca";"Perfeito estado";"Não existe";"Não há placas";"";"Dupla";"Faixa contínua";"";""
"6120";2021-11-12;"11:32:00";"COM VÍTIMA";"FINALIZADA";"BOA VISTA";"RUA TABIRA";"220";"AV MONTEVIDEU";"APOS O BRADESCO AUTO CENTER";"BOA VISTA";"";"CIDADE";"COLISÃO COM CICLISTA";1;"0";"0";"1";"0";"0";"0";"0";"0";"1";"0";"Cruzamento";"Bom";"Não existe";"Perfeito estado";"Seca";"Perfeito estado";"Não existe";"Não há placas";"60 km/h";"Única";"Faixa seccionada";"";""
"6121";2021-11-12;"11:57:00";"SEM VÍTIMA";"FINALIZADA";"BAIRRO DO RECIFE";"RUA DO PRINCIPE";"390";"";"PROX A IGREJA CONGREGACIONAL";"BAIRRO DO RECIFE";"";"";"ENGAVETAMENTO";3;"0";"0";"0";"0";"0";"0";"0";"0";"0";"0";"";"";"";"";"";"";"";"";"";"";"";"";""
"6122";2021-11-12;"12:31:00";"COM VÍTIMA";"FINALIZADA";"MADALENA";"RUA BENFICA";"650";"";"EM FRENTE AO EDIFICIO CRISTINA";"MADALENA";"";"CIDADE";"COLISÃO FRONTAL";1;"1";"0";"0";"0";"0";"0";"0";"0";"1";"0";"Longo da via";"Bom";"Não existe";"Perfeito estado";"Seca";"Perfeito estado";"Não existe";"Não há placas";"";"Dupla";"Faixa contínua";"";""
"6123";2021-11-12;"14:01:00";"COM VÍTIMA";"FINALIZADA";"BOA VIAGEM";"AV BOA VIAGEM";"3962";"RUA RIBEIRO DE BRITO";"EM FRENTE AO EDIFICIO QUEEN MARY";"BOA VIAGEM";"";"CIDADE";"COLISÃO COM CICLISTA";1;"0";"0";"1";"0";"0";"0";"0";"0";"1";"0";"Longo da via";"Bom";"Não existe";"Perfeito estado";"Seca";"Perfeito estado";"Não existe";"Não há placas";"60 km/h";"Única";"Faixa seccionada";"";""
"6124";2021-11-12;"14:09:00";"COM VÍTIMA";"FINALIZADA";"BOA VIAGEM";"AV CONSELHEIRO AGUIAR";"2034";"";"AO LADO DO BANCO SANTANDER";"BOA VIAGEM";"";"CIDADE";"COLISÃO TRASEIRA";1;"1";"0";"0";"0";"0";"0";"0";"0";"1";"0";"Cruzamento";"Bom";"Não existe";"Perfeito estado";"Seca";"Perfeito estado";"Não existe";"Placas ""Pare""";"";"Única";"Faixa seccionada";"";""
"6125";2021-11-12;"15:33:00";"SEM VÍTIMA";"FINALIZADA";"MADALENA";"RUA MONSENHOR SILVA";"223";"";"PROXIMO AO MINUTO PÃO DE AÇÚCAR";"MADALENA";"";"";"COLISÃO LATERAL";2;"0";"0";"0";"0";"0";"0";"0";"0";"0";"0";"Longo da via";"Bom";"Não existe";"Não existente";"Seca";"Perfeito estado";"Não existe";"Não há placas";"";"";"Não existe";"";""
"6126";2021-11-12;"16:41:00";"COM VÍTIMA";"FINALIZADA";"SÃO JOSÉ";"AV DANTAS BARRETO";"906";"";"EM FRENTE AO NE 906";"SÃO JOSÉ";"";"SUBURBIO";"ATROPELAMENTO DE PESSOA";1;"0";"0";"0";"1";"0";"0";"0";"0";"1";"0";"Longo da via";"Bom";"Não existe";"Perfeito estado";"Seca";"Perfeito estado";"Não existe";"Outras";"";"Dupla";"Faixa contínua";"";""
"6127";2021-11-12;"17:15:00";"COM VÍTIMA";"FINALIZADA";"VASCO DA GAMA";"AV VEREADOR OTACILIO AZEVEDO";"960";"RUA TUPIRACABA";"APÓS A UPA";"VASCO DA GAMA";"";"SUBURBIO";"COLISÃO FRONTAL";0;"1";"0";"0";"0";"1";"0";"0";"0";"1";"0";"Cruzamento";"Bom";"Não existe";"Não existente";"Seca";"Perfeito estado";"Não existe";"Não há placas";"";"Dupla";"Não existe";"";""
"6128";2021-11-12;"18:21:00";"COM VÍTIMA";"FINALIZADA";"LINHA DO TIRO";"RUA URIEL DE HOLANDA";"114";"RUA TAGUATINGA";"NA LADEIRA, PRÓX AO CLUBE BELA VISTA";"LINHA DO TIRO";"";"";"ENGAVETAMENTO";1;"1";"0";"0";"0";"0";"1";"0";"0";"4";"0";"Cruzamento";"Bom";"Não existe";"";"";"";"";"";"";"";"";"";""
"6129";2021-11-12;"21:11:40";"COM VÍTIMA";"FINALIZADA";"CORDEIRO";"AV ENGENHEIRO ABDIAS DE CARVALHO";"687";"";"PROX AO SUPERMECADO DO ATACAREJO";"CORDEIRO";"687";"CIDADE";"COLISÃO TRANSVERSAL";1;"1";"0";"0";"0";"0";"0";"0";"0";"1";"0";"Longo da via";"Bom";"Sem defeito";"Perfeito estado";"Seca";"Perfeito estado";"Faixa de pedestre";"Não há placas";"";"";"Faixa seccionada";"";""
"6130";2021-11-12;"21:49:40";"COM VÍTIMA";"FINALIZADA";"TAMARINEIRA";"AV CONS ROSA E SILVA";"";"RUA SIMAO MENDES";"FARMÁCIA PAGUE MENOS";"TAMARINEIRA";"253";"S";"COLISÃO TRANSVERSAL";1;"1";"0";"0";"0";"0";"0";"0";"0";"1";"0";"Cruzamento";"Chuvoso";"Sem defeito";"Perfeito estado";"Molhada";"Perfeito estado";"Faixa de pedestre";"Outras";"";"Única";"Faixa contínua";"";""
"6131";2021-11-12;"22:33:40";"VÍTIMA FATAL";"FINALIZADA";"IPUTINGA";"RUA BOM PASTOR";"670";"RUA MAURICEIA";"EM FRENTE PONTO DO PASTEL";"IPUTINGA";"652";"SUBURBIO";"ATROPELAMENTO DE PESSOA";1;"0";"0";"0";"3";"0";"0";"0";"0";"3";"1";"Longo da via";"Bom";"Intermitente";"Perfeito estado";"Seca";"Perfeito estado";"Faixa de pedestre";"Não há placas";"";"Dupla";"Faixa seccionada";"";""
"6132";2021-11-13;"08:24:00";"SEM VÍTIMA";"CANCELADA";"VÁRZEA";"RUA EMETERIO MACIEL";"868";"";"E/F AO CONJUNTO RESIDENCIAL PORTINARI";"VÁRZEA";"";"";"COLISÃO FRONTAL";2;"0";"0";"0";"0";"0";"0";"0";"0";"0";"0";"";"";"";"";"";"";"";"";"";"";"";"";""
"6133";2021-11-13;"18:14:00";"COM VÍTIMA";"FINALIZADA";"VÁRZEA";"RUA AMARO GOMES POROCA";"232";"";"PRÓXIMO AO RESTAURANTE BRAZETUS";"VÁRZEA";"";"";"COLISÃO COM CICLISTA";0;"0";"0";"1";"0";"1";"0";"0";"0";"1";"0";"Longo da via";"Bom";"Não existe";"Perfeito estado";"Seca";"Perfeito estado";"Não existe";"Não há placas";"";"Dupla";"Faixa seccionada";"";""
"6134";2021-11-13;"20:17:00";"SEM VÍTIMA";"CANCELADA";"AFLITOS";"RUA DO FUTURO";"800";"";"E/F AO EDFC SAO NICOLAU";"AFLITOS";"";"";"COLISÃO TRASEIRA";2;"0";"0";"0";"0";"0";"0";"0";"0";"0";"0";"";"";"";"";"";"";"";"";"";"";"";"";""
"6135";2021-11-13;"23:14:40";"COM VÍTIMA";"FINALIZADA";"TORRE";"RUA JOSE BONIFACIO";"";"";"EM FRENTE AO CARREFOUR DA TORRE";"TORRE";"";"";"COLISÃO LATERAL";1;"1";"0";"0";"0";"0";"0";"0";"0";"1";"0";"";"";"";"";"";"";"";"";"";"";"";"";""
"6136";2021-11-14;"12:43:00";"COM VÍTIMA";"FINALIZADA";"IPUTINGA";"AV MAURICIO DE NASSAU";"434";"EST DO BARBALHO";"NO SEMÁFORO 246";"IPUTINGA";"246";"CIDADE";"COLISÃO FRONTAL";2;"0";"0";"0";"0";"0";"0";"0";"0";"1";"0";"Cruzamento";"Bom";"Sem defeito";"Perfeito estado";"Seca";"Perfeito estado";"Faixa de pedestre";"Não há placas";"";"Dupla";"Faixa contínua";"";""
"6137";2021-11-14;"13:14:00";"SEM VÍTIMA";"FINALIZADA";"BOA VIAGEM";"RUA PROFESSOR EDUARDO WANDERLEY FILHO";"400";"";"E/F A  CASA SAO PAULO SUPERMERCADO";"BOA VIAGEM";"";"";"COLISÃO LATERAL";0;"1";"0";"0";"0";"0";"0";"1";"0";"0";"0";"Cruzamento";"Bom";"Não existe";"Perfeito estado";"Seca";"Perfeito estado";"Faixa de pedestre";"Placas ""Pare""";"";"Dupla";"Faixa seccionada";"";""
"6138";2021-11-14;"15:57:00";"COM VÍTIMA";"FINALIZADA";"ALTO JOSÉ DO PINHO";"RUA ACAIACA";"21";"";"MERCADINHO SANTA FÉ";"ALTO JOSÉ DO PINHO";"";"";"CHOQUE";2;"1";"0";"0";"0";"0";"0";"0";"0";"1";"0";"Longo da via";"Bom";"Não existe";"Perfeito estado";"Seca";"Perfeito estado";"Não existe";"Não há placas";"";"Dupla";"Não existe";"";""
"6139";2021-11-14;"21:31:40";"COM VÍTIMA";"FINALIZADA";"MUSTARDINHA";"RUA VINTE E UM DE ABRIL";"1245";"AV MUSTARDINHA";"lado oposto ao numero 1245";"MUSTARDINHA";"";"SUBURBIO";"COLISÃO TRASEIRA";1;"1";"0";"0";"0";"0";"0";"0";"0";"1";"0";"Longo da via";"Bom";"Não existe";"Perfeito estado";"Seca";"Mal iluminada";"Não existe";"Não há placas";"";"Dupla";"Faixa seccionada";"";""
"6140";2021-11-14;"22:20:40";"COM VÍTIMA";"FINALIZADA";"PINA";"RUA TOME GIBSON";"230";"AV ENGENHEIRO DOMINGOS FERREIRA";"PRÓX A ESCOLA OSVALDO LIMA FILHO";"PINA";"200";"SUBURBIO";"COLISÃO FRONTAL";1;"1";"0";"0";"0";"0";"0";"0";"0";"1";"0";"Cruzamento";"Bom";"Sem defeito";"Perfeito estado";"Seca";"Perfeito estado";"Faixa de pedestre";"R-6a";"60 km/h";"Dupla";"Faixa contínua";"";""
"6141";2021-11-15;"19:09:00";"COM VÍTIMA";"FINALIZADA";"IMBIRIBEIRA";"AV MARECHAL MASCARENHAS DE MORAES";"1999";"";"PRÓX AO AÇAI ATACADISTA, SNT CENTRO / E/F A SAEL BMW";"IMBIRIBEIRA";"";"SUBURBIO";"COLISÃO TRASEIRA";1;"1";"0";"0";"0";"0";"0";"0";"0";"1";"0";"Longo da via";"Bom";"Não existe";"Incompleta";"Seca";"Perfeito estado";"Não existe";"Não há placas";"60 km/h";"Dupla";"Canteiro central";"";""
"6142";2021-11-15;"19:22:00";"SEM VÍTIMA";"CANCELADA";"BOA VIAGEM";"AV ENGENHEIRO DOMINGOS FERREIRA";"";"";"E/F AO COLÉGIO NÚCLEO E BANCO DO BRASIL";"BOA VIAGEM";"";"";"COLISÃO TRASEIRA";2;"0";"0";"0";"0";"0";"0";"0";"0";"0";"0";"";"";"";"";"";"";"";"";"";"";"";"";""
"6143";2021-11-15;"20:23:00";"COM VÍTIMA";"FINALIZADA";"CORDEIRO";"AV GENERAL SAN MARTIN";"835";"";"E/F A IGREJA NOVA BATISTA DO CORDEIRO";"CORDEIRO";"";"";"COLISÃO LATERAL";1;"1";"0";"0";"0";"0";"0";"0";"0";"1";"0";"Longo da via";"Bom";"Não existe";"Perfeito estado";"Seca";"Perfeito estado";"Não existe";"R-6a";"";"Dupla";"Faixa contínua";"";""
"6144";2021-11-16;"00:39:00";"COM VÍTIMA";"FINALIZADA";"ARRUDA";"RUA DO MACHADO";"437";"RUA DO TRIUNFO";"PADARIA CENTRAL";"ARRUDA";"";"SUBURBIO";"COLISÃO FRONTAL";1;"1";"0";"0";"0";"0";"0";"0";"0";"2";"0";"Cruzamento";"Bom";"Não existe";"Ilegível";"Seca";"";"Não existe";"Placas ""Pare""";"30 km/h";"Dupla";"Não existe";"";""
"6145";2021-11-16;"07:32:00";"COM VÍTIMA";"FINALIZADA";"CASA AMARELA";"RUA DOIS DE FEVEREIRO";"344";"";"PROX. A SAULO MOTOS";"CASA AMARELA";"";"CIDADE";"COLISÃO FRONTAL";1;"1";"0";"0";"0";"0";"0";"0";"0";"1";"0";"Longo da via";"Bom";"Não existe";"Incompleta";"Seca";"Perfeito estado";"Não existe";"R-19";"30 km/h";"Dupla";"Não existe";"";""
"6146";2021-11-16;"08:33:00";"COM VÍTIMA";"FINALIZADA";"CABANGA";"VIADUTO CAPITAO TEMUDO";"";"";"EM CIMA DO VIADUTO DO CABANGA (SENT. BOA VIAGEM) // ALÇA DE TRANSPORTE";"CABANGA";"";"SUBURBIO";"COLISÃO TRASEIRA";2;"0";"0";"0";"0";"1";"0";"0";"0";"2";"0";"Longo da via";"Bom";"Não existe";"Perfeito estado";"Seca";"Perfeito estado";"Não existe";"Não há placas";"60 km/h";"Única";"Faixa seccionada";"";""
"6147";2021-11-16;"09:07:00";"COM VÍTIMA";"FINALIZADA";"SANTO AMARO";"AV GOVERNADOR AGAMENON MAGALHAES";"2805";"";"EM FRENTE AO EDF HENRIQUE DIAS";"SANTO AMARO";"";"OLINDA";"COLISÃO TRANSVERSAL";2;"0";"0";"0";"0";"0";"1";"0";"0";"1";"0";"Longo da via";"Bom";"Não existe";"Perfeito estado";"Seca";"Perfeito estado";"Não existe";"Não há placas";"60 km/h";"Dupla";"Canal";"";""
"6148";2021-11-16;"12:47:00";"COM VÍTIMA";"FINALIZADA";"TORRÕES";"AV ENGENHEIRO ABDIAS DE CARVALHO";"348";"";"LADO OPOSTO AO POSTO DE GASOLINA BR";"TORRÕES";"";"CIDADE";"COLISÃO TRASEIRA";0;"1";"0";"0";"0";"0";"0";"0";"0";"1";"0";"Longo da via";"Bom";"Não existe";"Perfeito estado";"Seca";"Perfeito estado";"Não existe";"Não há placas";"";"Única";"Faixa seccionada";"";""
"6149";2021-11-16;"12:51:00";"SEM VÍTIMA";"CANCELADA";"ESPINHEIRO";"AV GOVERNADOR AGAMENON MAGALHAES";"";"";"EM FRENTE À FIORI JEEP / SUBIDA DO VIADUTO";"ESPINHEIRO";"";"CIDADE";"COLISÃO LATERAL";2;"0";"0";"0";"0";"0";"0";"0";"0";"0";"0";"";"";"";"";"";"";"";"";"";"";"";"";""
"6150";2021-11-16;"12:58:00";"COM VÍTIMA";"FINALIZADA";"SANTO AMARO";"AV GOVERNADOR AGAMENON MAGALHAES";"";"";"EM FRENTE A UPE/ SENTIDO OLINDA";"SANTO AMARO";"";"";"COLISÃO FRONTAL";1;"1";"0";"0";"0";"0";"0";"0";"0";"2";"0";"Longo da via";"Bom";"Sem defeito";"Perfeito estado";"Seca";"Perfeito estado";"Não existe";"Não há placas";"60 km/h";"Única";"Faixa seccionada";"";""
"6151";2021-11-16;"15:49:00";"SEM VÍTIMA";"CANCELADA";"ARRUDA";"AV PEDRO DE MELO PEDROZA";"95";"";"EM FRENTE AO CONDOMINIO ARISTOTELES DE ANDRADE";"ARRUDA";"";"";"COLISÃO COM CICLISTA";1;"0";"0";"1";"0";"0";"0";"0";"0";"0";"0";"";"";"";"";"";"";"";"";"";"";"";"";""
"6152";2021-11-16;"18:57:00";"COM VÍTIMA";"FINALIZADA";"IMBIRIBEIRA";"AV MARECHAL MASCARENHAS DE MORAES";"5875";"";"EM FRENTE A MOVIDA";"IMBIRIBEIRA";"";"CIDADE";"QUEDA";0;"1";"0";"0";"0";"0";"0";"0";"0";"1";"0";"Longo da via";"Bom";"Sem defeito";"Perfeito estado";"Seca";"Perfeito estado";"";"Outras";"60 km/h";"Dupla";"Canteiro central";"";""
"6153";2021-11-16;"19:00:00";"SEM VÍTIMA";"FINALIZADA";"BOA VIAGEM";"AV BOA VIAGEM";"4070";"";"E/F AO HOTEL GRAND MERCURY";"BOA VIAGEM";"";"";"COLISÃO LATERAL";1;"0";"0";"0";"0";"0";"0";"1";"0";"0";"0";"Longo da via";"Bom";"Não existe";"Perfeito estado";"Seca";"Perfeito estado";"Não existe";"Placas ""Dê a preferência""";"60KM/H";"Única";"Faixa seccionada";"";""
"6154";2021-11-16;"20:07:00";"COM VÍTIMA";"FINALIZADA";"IMBIRIBEIRA";"AV MARECHAL MASCARENHAS DE MORAES";"";"";"EM FRENTE A PRAÇA MIN SALGADO FILHO";"IMBIRIBEIRA";"570";"SUBURBIO";"ATROPELAMENTO DE PESSOA";0;"0";"0";"0";"1";"0";"0";"0";"0";"1";"0";"Longo da via";"Bom";"Sem defeito";"Perfeito estado";"Seca";"Perfeito estado";"Faixa de pedestre";"Outras";"";"Dupla";"Canteiro central";"";""
"6155";2021-11-16;"20:51:00";"SEM VÍTIMA";"FINALIZADA";"ENCRUZILHADA";"AV NORTE MIGUEL ARRAES DE ALENCAR";"";"";"EF AO EXTRA, SEMÁFORO 045, SNT CID/SUB";"ENCRUZILHADA";"";"";"CHOQUE";1;"0";"0";"0";"0";"0";"0";"0";"0";"0";"0";"";"";"";"";"";"";"";"";"";"";"";"";""
"6156";2021-11-16;"20:47:40";"SEM VÍTIMA";"FINALIZADA";"BOA VIAGEM";"RUA JOAO EUGENIO DE LIMA";"67";"";"PROX A QUADRA DO COLEGIO MADRE DE DEUS";"BOA VIAGEM";"";"";"COLISÃO FRONTAL";1;"0";"0";"0";"0";"0";"0";"1";"0";"0";"0";"Cruzamento";"Bom";"Sem defeito";"Não existente";"Seca";"Perfeito estado";"Não existe";"Não há placas";"";"Dupla";"Não existe";"";""
"6157";2021-11-16;"22:10:40";"COM VÍTIMA";"FINALIZADA";"JORDÃO";"RUA VIRGINOPOLIS";"206";"";"PRÓX AO TERMINAL DE ONIBUS";"JORDÃO";"";"SUBURBIO";"ATROPELAMENTO DE PESSOA";1;"0";"0";"0";"2";"0";"0";"0";"0";"2";"0";"Longo da via";"Bom";"Não existe";"Perfeito estado";"Seca";"Perfeito estado";"Não existe";"Não há placas";"";"Única";"Não existe";"";""
"6158";2021-11-16;"23:00:40";"SEM VÍTIMA";"FINALIZADA";"BOA VIAGEM";"RUA VISCONDE DE JEQUITINHONHA";"1900";"";"E/F AO EDF LAGOA DO ABAETÉ";"BOA VIAGEM";"";"";"CHOQUE";1;"0";"0";"0";"0";"0";"0";"0";"0";"0";"0";"";"";"";"";"";"";"";"";"";"";"";"";""
"6159";2021-11-17;"07:45:00";"COM VÍTIMA";"FINALIZADA";"IBURA";"AV DOM HELDER CAMARA";"";"AV DOM HELDER CAMARA";"EM FRENTE A CASA DA BATERIA";"IBURA";"";"CIDADE";"COLISÃO FRONTAL";1;"1";"0";"0";"0";"0";"0";"0";"0";"1";"0";"Longo da via";"Bom";"Não existe";"Perfeito estado";"Seca";"Perfeito estado";"Não existe";"Não há placas";"";"Dupla";"Canteiro central";"";""
"6160";2021-11-17;"08:59:00";"SEM VÍTIMA";"FINALIZADA";"PINA";"RUA PROFESSOR JOSUE DE CASTRO";"";"";"DENTRO DO TUNEO  / SENT  CIDADE";"PINA";"";"CIDADE";"COLISÃO TRASEIRA";1;"0";"0";"0";"0";"0";"0";"1";"0";"0";"0";"Longo da via";"Bom";"Sem defeito";"Perfeito estado";"Seca";"Perfeito estado";"Faixa de pedestre";"Não há placas";"";"Única";"";"";""
"6161";2021-11-17;"09:05:00";"COM VÍTIMA";"FINALIZADA";"AFOGADOS";"RUA PROFESSOR AUGUSTO WANDERLEY FILHO";"";"";"ENIIL";"AFOGADOS";"";"";"COLISÃO TRANSVERSAL";1;"1";"0";"0";"0";"0";"0";"0";"0";"1";"0";"Cruzamento";"Bom";"Sem defeito";"Perfeito estado";"Seca";"Perfeito estado";"Faixa de pedestre";"Não há placas";"";"Única";"Faixa seccionada";"";""
"6162";2021-11-17;"09:17:00";"COM VÍTIMA";"FINALIZADA";"CASA AMARELA";"AV NORTE MIGUEL ARRAES DE ALENCAR";"6173";"";"E/F A IGREJA QUADRANGULAR";"CASA AMARELA";"";"CIDADE";"ATROPELAMENTO DE PESSOA";0;"1";"0";"0";"1";"0";"0";"0";"0";"1";"0";"Longo da via";"Bom";"Sem defeito";"Perfeito estado";"Seca";"Perfeito estado";"Não existe";"";"";"Dupla";"Faixa seccionada";"";""
"6163";2021-11-17;"10:52:00";"COM VÍTIMA";"FINALIZADA";"IMBIRIBEIRA";"AV DOM JOAO VI";"";"RUA SOLDADO SINESIO DE ARAGAO";"EM FRENTE AO SEMAFORO 639";"IMBIRIBEIRA";"639";"SUBURBIO";"COLISÃO TRASEIRA";0;"1";"0";"0";"0";"0";"1";"0";"0";"1";"0";"Cruzamento";"Bom";"Sem defeito";"Perfeito estado";"Seca";"Perfeito estado";"Faixa de pedestre";"Não há placas";"";"Dupla";"Canal";"Faixa contínua";""
"6164";2021-11-17;"13:15:00";"COM VÍTIMA";"FINALIZADA";"IBURA";"AV DOIS RIOS";"";"RUA PINTOR AGENOR DE ALBUQUERQUE CESAR";"SOB O SEMÁFORO";"IBURA";"561";"SUBURBIO";"COLISÃO TRANSVERSAL";1;"1";"0";"0";"0";"0";"0";"0";"0";"1";"0";"Esquina";"Bom";"Sem defeito";"Perfeito estado";"Seca";"Perfeito estado";"Faixa de pedestre";"Outras";"60 km/h";"Dupla";"Faixa seccionada";"";""
"6165";2021-11-17;"14:32:00";"COM VÍTIMA";"FINALIZADA";"CAXANGÁ";"AV CAXANGA";"";"";"E/F  A UPA S/T CID";"CAXANGÁ";"281";"CIDADE";"QUEDA";0;"1";"0";"0";"0";"0";"0";"0";"0";"1";"0";"Longo da via";"Bom";"Sem defeito";"Perfeito estado";"Seca";"Perfeito estado";"Agente";"R-32";"60 km/h";"Dupla";"Faixa contínua";"Faixa seccionada";"Canteiro central"
"6166";2021-11-17;"14:46:00";"COM VÍTIMA";"FINALIZADA";"ESPINHEIRO";"AV GOVERNADOR AGAMENON MAGALHAES";"2265";"";"EM FRENTE AO EDIFICIO VISCONDE DE UTINGA";"ESPINHEIRO";"";"";"COLISÃO LATERAL";1;"1";"0";"0";"0";"0";"0";"0";"0";"2";"0";"Longo da via";"Bom";"Não existe";"Perfeito estado";"Seca";"Perfeito estado";"Não existe";"Não há placas";"60 km/h";"Dupla";"Canteiro central";"";""