"";"data";"hora";"natureza_acidente";"situacao";"bairro";"endereco";"numero";"detalhe_endereco_acidente";"complemento";"bairro_cruzamento";"num_semaforo";"sentido_via";"tipo";"auto";"moto";"ciclom";"ciclista";"pedestre";"onibus";"caminhao";"viatura";"outros";"vitimas";"vitimasfatais";"acidente_verificado";"tempo_clima";"situacao_semaforo";"sinalizacao";"condicao_via";"conservacao_via";"ponto_controle";"situacao_placa";"velocidade_max_via";"mao_direcao";"divisao_via1";"divisao_via2";"divisao_via3"
"6226";2021-11-25;"08:39:00";"COM VÍTIMA";"FINALIZADA";"VÁRZEA";"AV CAXANGA";"5362";"";"E/F AO GOLF CLUB";"VÁRZEA";"";"CIDADE";"CHOQUE";0;"1";"0";"0";"0";"0";"0";"0";"0";"1";"0";"Longo da via";"Bom";"Não existe";"Perfeito estado";"Seca";"Perfeito estado";"Não existe";"R-6a";"60 km/h";"Dupla";"Faixa contínua";"Faixa seccionada";"Canteiro central"
"6227";2021-11-25;"09:12:00";"COM VÍTIMA";"FINALIZADA";"VÁRZEA";"AV CAXANGA";"";"";"EM FRENTE AO GOLF CLUBE";"VÁRZEA";"";"SUBURBIO";"COLISÃO COM CICLISTA";0;"1";"0";"1";"0";"0";"0";"0";"0";"1";"0";"Longo da via";"Bom";"Não existe";"Perfeito estado";"Seca";"Perfeito estado";"Não existe";"Outras";"60 km/h";"Dupla";"Faixa contínua";"Faixa seccionada";"Canteiro central"
"6228";2021-11-25;"16:03:00";"COM VÍTIMA";"FINALIZADA";"PINA";"AV BRASILIA FORMOSA";"28";"";"ESCOLA PENA AZUL";"PINA";"";"SUBURBIO";"COLISÃO FRONTAL";1;"1";"0";"0";"0";"0";"0";"0";"0";"1";"0";"Longo da via";"Bom";"Não existe";"Perfeito estado";"Seca";"Perfeito estado";"Outros";"Outras";"";"Dupla";"Faixa seccionada";"";""
"6229";2021-11-25;"16:33:00";"COM VÍTIMA";"FINALIZADA";"SANTO AMARO";"AV VISCONDE DE SUASSUNA";"4200";"RUA DO HOSPICIO";"AO LADO DA CAIXA ECONOMICA FEDERAL";"SANTO AMARO";"31";"SUBURBIO";"COLISÃO FRONTAL";0;"1";"0";"0";"0";"0";"0";"0";"1";"1";"0";"Cruzamento";"Bom";"Sem defeito";"Perfeito estado";"Seca";"Perfeito estado";"Faixa de pedestre";"R-6a";"40 km/h";"Única";"Faixa seccionada";"";""
"6230";2021-11-25;"16:34:00";"COM VÍTIMA";"FINALIZADA";"TAMARINEIRA";"AV NORTE MIGUEL ARRAES DE ALENCAR";"";"";"E/F AO HOTEL NEXOS S/T CID  VT 26 NO LOCAL";"TAMARINEIRA";"";"";"CAPOTAMENTO";1;"0";"0";"0";"0";"0";"0";"0";"0";"1";"0";"Longo da via";"Bom";"Não existe";"Perfeito estado";"Seca";"Perfeito estado";"Não existe";"Não há placas";"";"Única";"Faixa seccionada";"";""
"6231";2021-11-25;"18:13:00";"SEM VÍTIMA";"CANCELADA";"CABANGA";"AV SATURNINO DE BRITO";"472";"";"PRÓX A COMPESA E LOMBADA ELETRONICA DE 60";"CABANGA";"";"";"COLISÃO LATERAL";1;"0";"0";"0";"0";"0";"1";"0";"0";"0";"0";"";"";"";"";"";"";"";"";"";"";"";"";""
"6232";2021-11-25;"19:05:00";"COM VÍTIMA";"FINALIZADA";"BOA VISTA";"AV GOVERNADOR AGAMENON MAGALHAES";"";"RUA HENRIQUE DIAS";"SEMAFORO 068 / FARMACIA PAGUE MENOS";"BOA VISTA";"";"";"COLISÃO TRASEIRA";1;"1";"0";"0";"0";"0";"0";"0";"0";"1";"0";"";"";"";"";"";"";"";"";"";"";"";"";""
"6233";2021-11-25;"19:32:00";"COM VÍTIMA";"FINALIZADA";"AREIAS";"AV RECIFE";"";"";"EM FRENTE AO NÚMERO 53";"AREIAS";"";"CIDADE";"COLISÃO TRASEIRA";2;"0";"0";"0";"0";"0";"0";"0";"0";"1";"0";"Longo da via";"Bom";"Não existe";"Perfeito estado";"Seca";"Perfeito estado";"";"";"";"Dupla";"Faixa seccionada";"Canteiro central";""
"6234";2021-11-25;"21:10:40";"COM VÍTIMA";"FINALIZADA";"BOA VISTA";"RUA MIGUEL COUTO";"203";"AV GOVERNADOR CARLOS DE LIMA CAVALCANTI";"AO LADO DO NÚMERO 203";"BOA VISTA";"";"CIDADE";"COLISÃO FRONTAL";0;"0";"0";"0";"0";"0";"0";"0";"0";"1";"0";"Esquina";"Bom";"Não existe";"Incompleta";"Seca";"Perfeito estado";"Não existe";"R-6a";"";"Dupla";"Não existe";"";""
"6235";2021-11-26;"00:35:00";"COM VÍTIMA";"FINALIZADA";"TORRE";"RUA JOSE BONIFACIO";"1210";"";"PRÓXIMO AO POSTO SHELL E CARREFOUR";"TORRE";"";"";"COLISÃO TRANSVERSAL";2;"0";"0";"0";"0";"0";"0";"0";"0";"1";"0";"";"";"";"";"";"";"";"";"";"";"";"";""
"6236";2021-11-26;"06:14:00";"SEM VÍTIMA";"FINALIZADA";"IMBIRIBEIRA";"RUA DR TAVARES CORREIA";"77";"";"EM FRENTE A ZS AUTOS FILIAL";"IMBIRIBEIRA";"";"SUBURBIO";"CHOQUE";1;"0";"0";"0";"0";"0";"0";"0";"0";"0";"0";"Longo da via";"Bom";"Não existe";"Perfeito estado";"Seca";"Perfeito estado";"Não existe";"Não há placas";"";"Dupla";"Não existe";"";""
"6237";2021-11-26;"07:05:00";"COM VÍTIMA";"FINALIZADA";"MADALENA";"AV VISCONDE DE ALBUQUERQUE";"401";"";"EM FRENTE A GALERIA MADALENA CENTER";"MADALENA";"";"ÚNICO";"COLISÃO TRANSVERSAL";1;"1";"0";"0";"0";"0";"0";"0";"0";"2";"0";"Longo da via";"Bom";"Não existe";"Perfeito estado";"Seca";"Perfeito estado";"Não existe";"R-24a";"";"Única";"Faixa contínua";"Faixa seccionada";""
"6238";2021-11-26;"07:41:00";"COM VÍTIMA";"FINALIZADA";"APIPUCOS";"AV DEZESSETE DE AGOSTO";"";"";"EM FRENTE AO PARQUE DE APIPUCOS";"APIPUCOS";"";"CIDADE";"COLISÃO TRASEIRA";1;"1";"0";"0";"0";"0";"0";"0";"0";"1";"0";"Longo da via";"Bom";"Sem defeito";"Perfeito estado";"Seca";"Perfeito estado";"Não existe";"R-6a";"";"Dupla";"Faixa contínua";"Faixa seccionada";""
"6239";2021-11-26;"08:05:00";"COM VÍTIMA";"FINALIZADA";"CASA AMARELA";"AV NORTE MIGUEL ARRAES DE ALENCAR";"423";"RUA SOARES MORENO";"LADO OPOSTO AO MOTEL NEXUS";"CASA AMARELA";"";"CIDADE";"COLISÃO TRASEIRA";1;"1";"0";"0";"0";"0";"0";"0";"0";"1";"0";"Longo da via";"Bom";"Não existe";"Perfeito estado";"Seca";"Perfeito estado";"Não existe";"Outras";"";"Única";"Faixa seccionada";"Canteiro central";""
"6240";2021-11-26;"09:53:00";"COM VÍTIMA";"FINALIZADA";"PORTO DA MADEIRA";"RUA DALVA DE OLIVEIRA";"";"";"EM FRENTE AO SEST Q SENAT";"PORTO DA MADEIRA";"";"SUBURBIO";"COLISÃO TRANSVERSAL";0;"0";"0";"0";"0";"0";"0";"0";"0";"1";"0";"Longo da via";"Bom";"Não existe";"Perfeito estado";"Seca";"Perfeito estado";"Não existe";"Não há placas";"30 km/h";"Dupla";"Faixa contínua";"";""
"6241";2021-11-26;"16:20:00";"SEM VÍTIMA";"FINALIZADA";"IPUTINGA";"RUA PROFESSOR JULIO OLIVEIRA";"7770";"";"PARAQUIMICA IND. COM. E DISTRIBUIDORA";"IPUTINGA";"";"CIDADE";"";1;"0";"0";"0";"0";"0";"0";"0";"0";"0";"0";"Longo da via";"Bom";"Não existe";"Perfeito estado";"Seca";"Perfeito estado";"Não existe";"Placas ""Pare""";"";"Única";"Faixa contínua";"Faixa seccionada";""
"6242";2021-11-26;"20:03:00";"COM VÍTIMA";"FINALIZADA";"SAN MARTIN";"AV GENERAL SAN MARTIN";"2465";"RUA FLORA RICA";"PRÓXIMO A ESCOLA ADVENTISTA";"SAN MARTIN";"";"CIDADE";"COLISÃO TRANSVERSAL";1;"1";"0";"0";"0";"0";"0";"0";"0";"1";"0";"Cruzamento";"Bom";"Não existe";"Perfeito estado";"Seca";"Perfeito estado";"Não existe";"Outras";"";"Dupla";"Faixa contínua";"";""
"6243";2021-11-26;"21:39:40";"COM VÍTIMA";"FINALIZADA";"CORDEIRO";"EST DO FORTE DO ARRAIAL N. DO B. JESUS";"1081";"";"E/F A PRAÇA DO QUINZE";"CORDEIRO";"";"";"COLISÃO FRONTAL";2;"0";"0";"0";"0";"0";"0";"0";"0";"1";"0";"Longo da via";"Bom";"Não existe";"Perfeito estado";"Seca";"Perfeito estado";"";"Não há placas";"";"Dupla";"Faixa contínua";"";""
"6244";2021-11-27;"01:05:00";"COM VÍTIMA";"FINALIZADA";"ESPINHEIRO";"RUA DO ESPINHEIRO";"223";"RUA SANTO ELIAS";"CRUZAMENTO";"ESPINHEIRO";"";"SUBURBIO";"COLISÃO TRANSVERSAL";0;"2";"0";"0";"0";"0";"0";"0";"0";"1";"0";"Cruzamento";"Bom";"Não existe";"";"Seca";"Perfeito estado";"Faixa de pedestre";"Placas ""Pare""";"";"Dupla";"Não existe";"";""
"6245";2021-11-27;"06:24:00";"COM VÍTIMA";"FINALIZADA";"ENCRUZILHADA";"AV BEBERIBE";"";"";"SOB O SEMÁFORO 186";"ENCRUZILHADA";"186";"CIDADE";"ATROPELAMENTO DE PESSOA";1;"0";"0";"0";"1";"0";"0";"0";"0";"1";"0";"Longo da via";"Bom";"Sem defeito";"Perfeito estado";"Seca";"Perfeito estado";"Faixa de pedestre";"Não há placas";"";"Dupla";"Canteiro central";"";""
"6246";2021-11-27;"06:29:00";"COM VÍTIMA";"FINALIZADA";"IMBIRIBEIRA";"AV PROJETADA";"";"RUA FRAGATAS";"LADO OPOSTO AO AEROPORTO / SENTIDO AFOGADOS // VIA LOCAL";"IMBIRIBEIRA";"";"CIDADE";"CHOQUE";1;"0";"0";"0";"0";"0";"1";"0";"0";"1";"0";"Longo da via";"Bom";"Não existe";"Não existente";"Seca";"Perfeito estado";"Não existe";"Não há placas";"";"Única";"Faixa seccionada";"";""
"6247";2021-11-27;"12:15:00";"COM VÍTIMA";"FINALIZADA";"TORRÕES";"AV GOVERNADOR AGAMENON MAGALHAES";"129";"RUA PADRE MIGUELINHO";"EDIFICIO TERESA DIAS";"TORRÕES";"";"SUBURBIO";"COLISÃO TRANSVERSAL";1;"1";"0";"0";"0";"0";"0";"0";"0";"1";"0";"Longo da via";"Bom";"Não existe";"Perfeito estado";"Seca";"Perfeito estado";"Não existe";"Placas ""Pare""";"";"Única";"Faixa seccionada";"";""
"6248";2021-11-27;"13:28:00";"SEM VÍTIMA";"FINALIZADA";"SÃO JOSÉ";"C SANTA RITA";"";"";"PRÓX AO ARMAZÉM CORAL";"SÃO JOSÉ";"";"";"COLISÃO FRONTAL";1;"0";"0";"0";"0";"0";"0";"1";"0";"0";"0";"";"";"";"";"";"";"";"";"";"";"";"";""
"6249";2021-11-27;"17:15:00";"COM VÍTIMA";"FINALIZADA";"PINA";"AV BOA VIAGEM";"";"";"";"PINA";"104";"";"COLISÃO TRANSVERSAL";1;"1";"0";"0";"0";"0";"0";"0";"0";"1";"0";"";"";"";"";"";"";"";"";"";"";"";"";""
"6250";2021-11-28;"11:30:00";"COM VÍTIMA";"FINALIZADA";"SANTO AMARO";"RUA DOS PALMARES";"";"";"PRÓXIMO AO COMANDO DA GUARDA DO RECIFE";"SANTO AMARO";"";"CIDADE";"ATROPELAMENTO DE PESSOA";1;"0";"0";"0";"1";"0";"0";"0";"0";"1";"0";"Longo da via";"Bom";"Não existe";"Perfeito estado";"Seca";"Perfeito estado";"Não existe";"Não há placas";"";"Dupla";"Canteiro central";"";""
"6251";2021-11-28;"13:10:00";"COM VÍTIMA";"CANCELADA";"AREIAS";"AV RECIFE";"";"";"APOS O ATACADÃO S/T AEROPORTO";"AREIAS";"";"";"COLISÃO FRONTAL";2;"0";"0";"0";"0";"0";"0";"0";"0";"1";"0";"";"";"";"";"";"";"";"";"";"";"";"";""
"6252";2021-11-28;"13:35:00";"COM VÍTIMA";"CANCELADA";"CAXANGÁ";"AV JOAQUIM RIBEIRO";"";"";"APÓS A UPA DA CAXANGA";"CAXANGÁ";"";"";"COLISÃO TRASEIRA";1;"1";"0";"0";"0";"0";"0";"0";"0";"2";"0";"";"";"";"";"";"";"";"";"";"";"";"";""
"6253";2021-11-28;"18:31:00";"COM VÍTIMA";"CANCELADA";"MACAXEIRA";"RUA MARIA AMALIA";"423";"";"PRÓX AO CAMPO DA UNIÃO";"MACAXEIRA";"";"";"COLISÃO FRONTAL";0;"0";"0";"0";"0";"0";"0";"0";"0";"1";"0";"";"";"";"";"";"";"";"";"";"";"";"";""
"6254";2021-11-28;"19:14:00";"COM VÍTIMA";"FINALIZADA";"VÁRZEA";"AV AFONSO OLINDENSE";"1280";"";"E/F A ASSEMBLEIA DE DEUS";"VÁRZEA";"";"SUBURBIO";"COLISÃO TRANSVERSAL";1;"1";"0";"0";"0";"0";"0";"0";"0";"1";"0";"Longo da via";"Bom";"Não existe";"";"Seca";"Perfeito estado";"Não existe";"Outras";"";"Dupla";"Faixa contínua";"";""
"6255";2021-11-28;"20:27:00";"COM VÍTIMA";"FINALIZADA";"IBURA";"AV DOIS RIOS";"";"";"DESCIDA LADEIRA DA COHAB";"IBURA";"";"CIDADE";"COLISÃO TRANSVERSAL";1;"1";"0";"0";"0";"0";"0";"0";"0";"2";"0";"Longo da via";"Bom";"Não existe";"Perfeito estado";"Seca";"Perfeito estado";"Não existe";"Outras";"";"Dupla";"Não existe";"";""
"6256";2021-11-28;"21:31:40";"SEM VÍTIMA";"FINALIZADA";"CAXANGÁ";"RUA DOUTOR DUSTAN DE CARVALHO SOARES";"157";"";"PRÓX AO HOTEL TURQUESA";"CAXANGÁ";"";"";"ENGAVETAMENTO";0;"0";"0";"0";"0";"0";"0";"0";"0";"0";"0";"";"";"";"";"";"";"";"";"";"";"";"";""
"6257";2021-11-28;"22:11:40";"SEM VÍTIMA";"CANCELADA";"ARRUDA";"RUA DA REGENERACAO";"";"RUA DO MACHADO";"PRÓX AO CLUBE DOS IRRESPONSÁVEIS";"ARRUDA";"";"";"ENGAVETAMENTO";3;"0";"0";"0";"0";"0";"0";"0";"0";"0";"0";"";"";"";"";"";"";"";"";"";"";"";"";""
"6258";2021-11-29;"00:04:00";"SEM VÍTIMA";"CANCELADA";"IPUTINGA";"RUA EMILIANO BRAGA";"";"";"AO LADO DA INTEGRAÇÃO CDU";"IPUTINGA";"";"";"COLISÃO LATERAL";3;"0";"0";"0";"0";"0";"0";"0";"0";"0";"0";"";"";"";"";"";"";"";"";"";"";"";"";""
"6259";2021-11-29;"10:12:00";"COM VÍTIMA";"FINALIZADA";"ESPINHEIRO";"RUA QUARENTA E OITO";"261";"RUA DA HORA";"E/F AO LABORATÓRIO CERPE";"ESPINHEIRO";"21";"CIDADE";"COLISÃO FRONTAL";1;"1";"0";"0";"0";"0";"0";"0";"0";"2";"0";"Cruzamento";"Bom";"Sem defeito";"Perfeito estado";"Seca";"Perfeito estado";"Faixa de pedestre";"Outras";"";"Única";"Faixa seccionada";"";""
"6260";2021-11-29;"10:17:00";"COM VÍTIMA";"FINALIZADA";"CABANGA";"AV ANTONIO DE GOES";"";"";"AO LADO DO CABANGA IAT CLUBE";"CABANGA";"";"CIDADE";"QUEDA";0;"1";"0";"0";"0";"0";"0";"0";"0";"1";"0";"Longo da via";"Bom";"Não existe";"Não existente";"Seca";"Perfeito estado";"Não existe";"Não há placas";"60 km/h";"";"";"Outros";""
"6261";2021-11-29;"12:35:00";"COM VÍTIMA";"FINALIZADA";"CABANGA";"PRC GOVERNADOR PAULO GUERRA";"";"";"AO LADO DO CABANGA IAT CLUBE";"CABANGA";"";"CIDADE";"CHOQUE";0;"1";"0";"0";"0";"0";"0";"0";"0";"1";"0";"Longo da via";"Bom";"Não existe";"Perfeito estado";"Seca";"Perfeito estado";"Não existe";"Outras";"60 km/h";"Dupla";"Faixa contínua";"";""
"6262";2021-11-29;"13:12:00";"COM VÍTIMA";"FINALIZADA";"BARRO";"AV DR JOSE RUFINO";"2022";"";"LADO OPOSTO A GILBERTO EQUIPADORA";"BARRO";"";"";"COLISÃO TRASEIRA";1;"1";"0";"0";"0";"1";"0";"0";"0";"1";"0";"Longo da via";"Bom";"Não existe";"Perfeito estado";"Seca";"Perfeito estado";"Não existe";"Não há placas";"";"Dupla";"Faixa contínua";"";""
"6263";2021-11-29;"15:01:00";"COM VÍTIMA";"FINALIZADA";"AFLITOS";"AV SANTOS DUMONT";"377";"RUA CARNEIRO VILELA";"EM FRENTE AO EDIFICIO MONTE NEGRO";"AFLITOS";"";"SUBURBIO";"CHOQUE";1;"0";"0";"0";"0";"0";"0";"0";"0";"1";"0";"Longo da via";"Bom";"Não existe";"Perfeito estado";"Seca";"Perfeito estado";"Não existe";"R-6a";"";"Única";"Não existe";"";""
"6264";2021-11-29;"18:20:00";"COM VÍTIMA";"FINALIZADA";"ÁGUA FRIA";"AV BEBERIBE";"1359";"RUA RAMIZ GALVAO";"CRUZAMENTO DO EMÁFORO N° 492";"ÁGUA FRIA";"492";"SUBURBIO";"COLISÃO FRONTAL";1;"1";"0";"0";"0";"0";"0";"0";"0";"1";"0";"Cruzamento";"Bom";"Sem defeito";"Perfeito estado";"Seca";"Perfeito estado";"Faixa de pedestre";"Não há placas";"60 km/h";"Dupla";"Faixa contínua";"";""
"6265";2021-11-29;"18:45:00";"COM VÍTIMA";"FINALIZADA";"IMBIRIBEIRA";"RUA JAMAICA";"71";"";"PROX A BS BLINDAGEM";"IMBIRIBEIRA";"";"";"COLISÃO LATERAL";2;"1";"0";"0";"0";"0";"0";"0";"0";"1";"0";"";"";"";"";"";"";"";"";"";"";"";"";""
"6266";2021-11-29;"20:26:00";"COM VÍTIMA";"FINALIZADA";"TAMARINEIRA";"RUA PADRE ROMA";"191";"";"EM FRENTE A POLICLINICA ALBERT SABIN";"TAMARINEIRA";"";"SUBURBIO";"COLISÃO TRANSVERSAL";0;"2";"0";"0";"0";"0";"0";"0";"0";"1";"0";"Longo da via";"Bom";"Não existe";"Perfeito estado";"Seca";"Perfeito estado";"Não existe";"Outras";"";"Dupla";"Faixa seccionada";"";""
"6267";2021-11-30;"06:52:00";"OUTROS";"FINALIZADA";"GRAÇAS";"AV DR MALAQUIAS";"145";"";"";"GRAÇAS";"";"";"OUTROS";0;"0";"0";"0";"0";"0";"1";"0";"0";"0";"0";"";"";"";"";"";"";"";"";"";"";"";"";""
"6268";2021-11-30;"10:02:00";"COM VÍTIMA";"FINALIZADA";"BOA VISTA";"RUA JOAO FERNANDES VIEIRA";"";"RUA JOAO FERNANDES VIEIRA";"EM FRENTE AO AMERICANO BATISTA";"BOA VISTA";"37";"CIDADE";"COLISÃO FRONTAL";0;"2";"0";"0";"0";"0";"0";"0";"0";"2";"0";"Longo da via";"Bom";"Sem defeito";"Perfeito estado";"Seca";"Perfeito estado";"Faixa de pedestre";"Não há placas";"40 km/h";"Única";"Faixa seccionada";"";""
"6269";2021-11-30;"13:20:00";"COM VÍTIMA";"FINALIZADA";"BOA VISTA";"AV GOVERNADOR AGAMENON MAGALHAES";"";"";"EM FRENTE AO CÍRCULO MILITAR";"BOA VISTA";"";"CIDADE";"COLISÃO TRANSVERSAL";1;"1";"0";"0";"0";"0";"0";"0";"0";"1";"0";"Longo da via";"Bom";"Não existe";"Perfeito estado";"Seca";"Perfeito estado";"Não existe";"Não há placas";"60 km/h";"Única";"Canteiro central";"";""
"6270";2021-11-30;"14:15:00";"COM VÍTIMA";"FINALIZADA";"IPUTINGA";"RUA DR JOSE ANASTACIO DA SILVA GUIMARAES";"330";"";"EM FRENTE AO N° 330";"IPUTINGA";"";"CIDADE";"COLISÃO FRONTAL";1;"1";"0";"0";"0";"0";"0";"0";"0";"1";"0";"Longo da via";"Bom";"Não existe";"Não existente";"Seca";"Perfeito estado";"Não existe";"Não há placas";"";"Dupla";"Não existe";"";""
"6271";2021-11-30;"15:49:00";"COM VÍTIMA";"FINALIZADA";"CAMPO GRANDE";"EST DE BELEM";"1533";"RUA TENENTE GUIMARAES";"MERCADINHO TRÊS CORAÇÕES";"CAMPO GRANDE";"";"CIDADE";"COLISÃO FRONTAL";1;"1";"0";"0";"0";"0";"0";"0";"0";"1";"0";"Longo da via";"Bom";"Não existe";"Perfeito estado";"Seca";"Perfeito estado";"Não existe";"R-6a";"";"Dupla";"Faixa contínua";"";""
"6272";2021-11-30;"15:57:00";"COM VÍTIMA";"FINALIZADA";"CASA AMARELA";"AV NORTE MIGUEL ARRAES DE ALENCAR";"5795";"";"LADO OPOSTO A AGÊNCIA DE EMPREGO DO RECIFE";"CASA AMARELA";"";"CIDADE";"ATROPELAMENTO DE PESSOA";0;"1";"0";"0";"1";"0";"0";"0";"0";"1";"0";"Longo da via";"Bom";"Não existe";"Perfeito estado";"Seca";"Perfeito estado";"Não existe";"R-6a";"";"Dupla";"Canteiro central";"";""
"6273";2021-11-30;"16:04:00";"SEM VÍTIMA";"FINALIZADA";"MADALENA";"TUNEL CHICO SCIENCE";"";"";"SOB O TUNEL CHICO SCIENCE";"MADALENA";"";"";"COLISÃO TRASEIRA";2;"0";"0";"0";"0";"0";"0";"0";"0";"0";"0";"Longo da via";"Bom";"Não existe";"Não existente";"Seca";"Perfeito estado";"Não existe";"Não há placas";"";"Única";"Faixa contínua";"";""
"6274";2021-11-30;"18:05:00";"SEM VÍTIMA";"CANCELADA";"ESTÂNCIA";"AV RECIFE";"";"AV JOAO CABRAL DE MELO NETO";"SEMÁFORO 259 / PRÓX A CERPE";"ESTÂNCIA";"";"";"CHOQUE";0;"0";"0";"0";"0";"0";"0";"0";"0";"0";"0";"";"";"";"";"";"";"";"";"";"";"";"";""
"6275";2021-11-30;"19:06:00";"COM VÍTIMA";"FINALIZADA";"VÁRZEA";"AV PROFESSOR ARTUR DE SA";"1180";"";"E/F A GALERIA PRAZERES CENTER";"VÁRZEA";"";"SUBURBIO";"COLISÃO TRANSVERSAL";0;"0";"0";"0";"0";"0";"0";"0";"0";"2";"0";"Longo da via";"Bom";"Não existe";"Perfeito estado";"Seca";"Perfeito estado";"Faixa de pedestre";"Não há placas";"";"Dupla";"";"";""
"6276";2021-12-01;"06:31:00";"COM VÍTIMA";"FINALIZADA";"DOIS IRMÃOS";"RUA MANUEL DE MEDEIROS";"22";"";"EM FRENTE A RESIDÊNCIA ESTUDANTIL";"DOIS IRMÃOS";"";"SUBURBIO";"COLISÃO FRONTAL";0;"2";"0";"0";"0";"0";"0";"0";"0";"2";"0";"Longo da via";"Bom";"Não existe";"Perfeito estado";"Seca";"Perfeito estado";"Outros";"Outras";"";"Dupla";"Faixa seccionada";"";""
"6277";2021-12-01;"07:55:00";"COM VÍTIMA";"FINALIZADA";"ZUMBI";"RUA CONS THEODORO";"530";"";"EM FRENTE A IGREJA ASSEMBLEIA DE DEUS";"ZUMBI";"";"CAXANGÁ";"COLISÃO FRONTAL";2;"0";"0";"0";"0";"0";"0";"0";"0";"1";"0";"Longo da via";"Bom";"Não existe";"Perfeito estado";"Seca";"Perfeito estado";"Não existe";"Não há placas";"";"Dupla";"Faixa seccionada";"";""
"6278";2021-12-01;"08:50:00";"COM VÍTIMA";"FINALIZADA";"BEBERIBE";"AV BEBERIBE";"3878";"RUA CORTES";"EM FRENTE AO COLEGIO 90 GRAUS";"BEBERIBE";"559";"SUBURBIO";"COLISÃO TRANSVERSAL";1;"1";"0";"0";"0";"0";"0";"0";"0";"1";"0";"Esquina";"Bom";"Sem defeito";"Perfeito estado";"Seca";"Mal conservada";"Faixa de retenção";"Outras";"";"Dupla";"Faixa contínua";"Faixa seccionada";""
"6279";2021-12-01;"09:16:00";"COM VÍTIMA";"FINALIZADA";"AFOGADOS";"RUA COSME VIANA";"";"RUA PADRE TEOFILO TWORZ";"EM FRENTE A LOJA DA TUPAN";"AFOGADOS";"503";"SUBURBIO";"COLISÃO TRANSVERSAL";1;"1";"0";"0";"0";"0";"0";"0";"0";"1";"0";"Cruzamento";"Bom";"Sem defeito";"Incompleta";"Seca";"Perfeito estado";"Faixa de pedestre";"R-32";"";"Única";"Faixa contínua";"";""
"6280";2021-11-04;"10:00:00";"COM VÍTIMA";"FINALIZADA";"MADALENA";"RUA BENFICA";"715";"";"EM FRENTE AO SUPERMERCADO EXTRA";"MADALENA";"";"CIDADE";"COLISÃO LATERAL";0;"2";"0";"0";"0";"0";"0";"0";"0";"2";"0";"Longo da via";"Bom";"Sem defeito";"Perfeito estado";"Seca";"Perfeito estado";"";"Não há placas";"60 km/h";"Única";"Faixa seccionada";"";""
"6281";2021-12-01;"18:19:00";"COM VÍTIMA";"FINALIZADA";"CASA AMARELA";"EST DO ARRAIAL";"3456";"RUA DA HARMONIA";"EM FRENTE AO PRÉDIO DA PREVIDÊNCIA SOCIAL";"CASA AMARELA";"74";"";"ATROPELAMENTO DE PESSOA";0;"1";"0";"0";"1";"0";"0";"0";"0";"2";"0";"Cruzamento";"Bom";"Sem defeito";"Perfeito estado";"Seca";"Perfeito estado";"Faixa de pedestre";"Não há placas";"60 km/h";"Dupla";"Faixa contínua";"";""
"6282";2021-12-01;"22:43:40";"SEM VÍTIMA";"FINALIZADA";"PRADO";"RUA CARLOS GOMES";"";"";"SOBRE A PONTE ( CANAL)";"PRADO";"";"CIDADE";"COLISÃO TRANSVERSAL";1;"1";"0";"0";"0";"0";"0";"0";"0";"0";"0";"Cruzamento";"Bom";"Não existe";"Perfeito estado";"Molhada";"Perfeito estado";"Não existe";"Outras";"";"Única";"Faixa seccionada";"";""
"6283";2021-12-01;"23:14:40";"COM VÍTIMA";"FINALIZADA";"PARNAMIRIM";"RUA JOAO TUDE DE MELO";"306";"RUA ABELARDO CARNEIRO LEAO";"PROX AO GUAIAMUM GIGANTE";"PARNAMIRIM";"";"SUBURBIO";"CHOQUE";0;"0";"0";"0";"0";"0";"0";"1";"0";"2";"0";"Viaduto";"Bom";"Não existe";"Perfeito estado";"Seca";"Perfeito estado";"Não existe";"Não há placas";"60 km/h";"Única";"Faixa seccionada";"";""
"6284";2021-12-02;"14:40:00";"SEM VÍTIMA";"FINALIZADA";"AFOGADOS";"RUA IMPERIAL";"";"RUA DA PAZ";"PONTE SOBRE BRAÇO DO RIO CAPIBARIBE";"AFOGADOS";"";"SUBURBIO";"";1;"1";"0";"0";"0";"0";"0";"1";"0";"0";"0";"Longo da via";"Bom";"Não existe";"Perfeito estado";"Seca";"Perfeito estado";"Não existe";"Não há placas";"40 km/h";"Única";"Não existe";"";""
"6285";2021-12-02;"16:18:00";"COM VÍTIMA";"FINALIZADA";"IMBIRIBEIRA";"RUA ITAJAI";"301";"RUA ITACARI";"";"IMBIRIBEIRA";"";"SUBURBIO";"COLISÃO FRONTAL";1;"1";"0";"0";"0";"0";"0";"0";"0";"1";"0";"Longo da via";"Bom";"Não existe";"Perfeito estado";"Seca";"Perfeito estado";"Não existe";"Não há placas";"60 km/h";"Dupla";"Faixa contínua";"";""