"";"data";"hora";"natureza_acidente";"situacao";"bairro";"endereco";"numero";"detalhe_endereco_acidente";"complemento";"bairro_cruzamento";"num_semaforo";"sentido_via";"tipo";"auto";"moto";"ciclom";"ciclista";"pedestre";"onibus";"caminhao";"viatura";"outros";"vitimas";"vitimasfatais";"acidente_verificado";"tempo_clima";"situacao_semaforo";"sinalizacao";"condicao_via";"conservacao_via";"ponto_controle";"situacao_placa";"velocidade_max_via";"mao_direcao";"divisao_via1";"divisao_via2";"divisao_via3"
"6525";2021-01-11;"16:00:00";"COM VÍTIMA";"FINALIZADA";"BOA VIAGEM";"AV CONSELHEIRO AGUIAR";"";"RUA ARTUR MUNIZ";"";"BOA VIAGEM";"";"";"COLISÃO TRANSVERSAL";1;"1";"0";"0";"0";"0";"0";"0";"0";"1";"0";"Cruzamento";"Bom";"Sem defeito";"Perfeito estado";"Seca";"Perfeito estado";"Faixa de pedestre";"";"";"Única";"Faixa contínua";"Faixa seccionada";""
"6526";2021-01-11;"17:34:00";"COM VÍTIMA";"FINALIZADA";"ARRUDA";"AV BEBERIBE";"";"";"PRÓX AO CANAL DA CONSTRUÇÃO";"ARRUDA";"";"";"COLISÃO COM CICLISTA";0;"0";"0";"1";"0";"1";"0";"0";"0";"1";"0";"Longo da via";"Bom";"Não existe";"Perfeito estado";"Seca";"Perfeito estado";"Outros";"R-6a";"";"Dupla";"Faixa contínua";"";""
"6527";2021-01-11;"18:22:00";"SEM VÍTIMA";"CANCELADA";"CAMPO GRANDE";"RUA MARQUES DE ABRANTES";"37";"";"EM FRENTE A ULTRAGAZ";"CAMPO GRANDE";"";"";"COLISÃO COM CICLISTA";2;"0";"0";"1";"0";"0";"0";"0";"0";"0";"0";"";"";"";"";"";"";"";"";"";"";"";"";""
"6528";2021-01-12;"08:42:00";"COM VÍTIMA";"FINALIZADA";"IPSEP";"AV RECIFE";"";"RUA SAO NICOLAU";"EM FRENTE A CASA DAS BATERIAS. CONCESSIONÁRIAS V8 PREMIUM.";"IPSEP";"16";"SUBURBIO";"COLISÃO TRANSVERSAL";1;"1";"0";"0";"0";"0";"0";"0";"0";"1";"0";"Cruzamento";"Bom";"Sem defeito";"Perfeito estado";"Seca";"Perfeito estado";"Agente";"";"60 km/h";"Dupla";"Canteiro central";"";""
"6529";2021-01-12;"09:52:00";"COM VÍTIMA";"FINALIZADA";"IPSEP";"AV RECIFE";"";"";"E/F AO MARTELINHO DE OURO";"IPSEP";"";"";"COLISÃO LATERAL";0;"0";"0";"0";"0";"1";"1";"0";"0";"1";"0";"Longo da via";"Bom";"Não existe";"Perfeito estado";"Seca";"Perfeito estado";"Não existe";"Não há placas";"";"Dupla";"Faixa seccionada";"Canteiro central";""
"6530";2021-01-12;"10:13:00";"COM VÍTIMA";"FINALIZADA";"IPUTINGA";"AV MAURICIO DE NASSAU";"268";"";"E/F A AUTO FILME EQUIPADORA";"IPUTINGA";"";"";"COLISÃO TRASEIRA";1;"1";"0";"0";"0";"0";"0";"0";"0";"1";"0";"Cruzamento";"Bom";"Não existe";"Ilegível";"Seca";"Perfeito estado";"Não existe";"Placas ""Pare""";"";"Dupla";"Faixa contínua";"";""
"6531";2021-01-12;"10:18:00";"COM VÍTIMA";"FINALIZADA";"ESPINHEIRO";"RUA QUARENTA E OITO";"244";"";"APOS O ESPAÇO VIDA SAUDAVEL";"ESPINHEIRO";"";"";"COLISÃO LATERAL";1;"1";"0";"0";"0";"0";"0";"0";"0";"1";"0";"Longo da via";"Bom";"Não existe";"Perfeito estado";"Seca";"Perfeito estado";"Não existe";"R-6a";"";"Única";"Faixa seccionada";"";""
"6532";2021-01-12;"13:15:00";"COM VÍTIMA";"CANCELADA";"TORRE";"RUA REAL DA TORRE";"";"RUA CONDE DE IRAJA";"E/F AO EXTRABOM";"TORRE";"";"";"COLISÃO";0;"1";"0";"0";"0";"0";"0";"0";"0";"1";"0";"";"";"";"";"";"";"";"";"";"";"";"";""
"6533";2021-01-12;"18:29:00";"SEM VÍTIMA";"FINALIZADA";"SANTO AMARO";"AV GOVERNADOR AGAMENON MAGALHAES";"";"";"E/F AO CAMPO DO ONZE";"SANTO AMARO";"";"";"COLISÃO LATERAL";2;"0";"0";"0";"0";"0";"0";"0";"0";"0";"0";"Longo da via";"Bom";"Não existe";"Perfeito estado";"Seca";"Perfeito estado";"";"Não há placas";"";"Dupla";"Canteiro central";"";""
"6534";2021-01-12;"20:26:00";"COM VÍTIMA";"FINALIZADA";"IMBIRIBEIRA";"RUA ALAMEDA DAS HORTENCIAS";"279";"";"PROX AO COLEGIO NOVO MOTIVO";"IMBIRIBEIRA";"";"";"COLISÃO LATERAL";1;"1";"0";"0";"0";"0";"0";"0";"0";"1";"0";"Cruzamento";"Bom";"Não existe";"Ilegível";"Seca";"Mal iluminada";"Não existe";"Não há placas";"";"Dupla";"Faixa seccionada";"";""
"6535";2021-01-12;"22:06:40";"COM VÍTIMA";"FINALIZADA";"IPSEP";"AV RECIFE";"";"";"E/F AO POSTO SHELL / SEMÁFORO 055";"IPSEP";"";"";"COLISÃO FRONTAL";1;"1";"0";"0";"0";"0";"0";"0";"0";"1";"0";"";"Bom";"Não existe";"Não existente";"Seca";"Perfeito estado";"Não existe";"Não há placas";"";"";"Não existe";"";""
"6536";2021-01-13;"10:48:00";"SEM VÍTIMA";"FINALIZADA";"VÁRZEA";"RUA GASTAO VIDIGAL";"";"AV CAXANGA";"SEMÁFORO Nº 281";"VÁRZEA";"281";"CIDADE";"CHOQUE";0;"0";"0";"0";"0";"1";"0";"0";"0";"0";"0";"";"Bom";"Sem defeito";"Incompleta";"Seca";"Perfeito estado";"Agente";"Não há placas";"";"Dupla";"Faixa contínua";"";""
"6537";2021-01-13;"11:12:00";"COM VÍTIMA";"FINALIZADA";"MADALENA";"RUA JOAO IVO DA SILVA";"";"AV ENGENHEIRO ABDIAS DE CARVALHO";"AO LADO DO HABIBS";"MADALENA";"132";"CIDADE";"COLISÃO TRANSVERSAL";0;"2";"0";"0";"0";"0";"0";"0";"0";"1";"0";"Cruzamento";"Bom";"Sem defeito";"Incompleta";"Seca";"Perfeito estado";"Faixa de pedestre";"Não há placas";"";"Única";"Faixa seccionada";"";""
"6538";2021-01-13;"13:48:00";"SEM VÍTIMA";"CANCELADA";"SAN MARTIN";"AV GENERAL SAN MARTIN";"";"";"EM FRENTE À FARMÁCIA DO TRABALHADOR";"SAN MARTIN";"";"";"COLISÃO";2;"0";"0";"0";"0";"0";"0";"0";"0";"0";"0";"";"";"";"";"";"";"";"";"";"";"";"";""
"6539";2021-01-13;"14:30:00";"COM VÍTIMA";"FINALIZADA";"PARNAMIRIM";"RUA PROFESSORA AURORA SOARES";"";"";"PROX AO MUSEU MURILO LA GREGA";"PARNAMIRIM";"";"";"COLISÃO LATERAL";1;"1";"0";"0";"0";"0";"0";"0";"0";"1";"0";"Longo da via";"Bom";"Não existe";"Perfeito estado";"Seca";"Perfeito estado";"Outros";"Não há placas";"";"Dupla";"Faixa contínua";"";""
"6540";2021-01-13;"14:59:00";"COM VÍTIMA";"FINALIZADA";"IPUTINGA";"AV CAXANGA";"";"";"EM FRENTE A FORD GRANVIA";"IPUTINGA";"";"";"COLISÃO COM CICLISTA";1;"0";"0";"1";"0";"0";"0";"0";"0";"2";"0";"Longo da via";"Bom";"Sem defeito";"Perfeito estado";"Seca";"Perfeito estado";"Faixa de pedestre";"Não há placas";"";"Dupla";"Canteiro central";"";""
"6541";2021-01-13;"18:01:00";"COM VÍTIMA";"FINALIZADA";"PINA";"AV ANTONIO DE GOES";"275";"";"EM FRENTE AO INTERNACIONAL TRADE CENTER";"PINA";"";"";"COLISÃO TRASEIRA";1;"1";"0";"0";"0";"0";"0";"0";"0";"1";"0";"Longo da via";"Bom";"Não existe";"Perfeito estado";"Seca";"Perfeito estado";"Não existe";"Não há placas";"";"Única";"Canteiro central";"";""
"6542";2021-01-13;"17:59:00";"COM VÍTIMA";"FINALIZADA";"BOA VIAGEM";"RUA COSMORAMA";"";"RUA BALTAZAR PASSOS";"PROX TRAS DO COLEGIO MADRE DE DEUS";"BOA VIAGEM";"556";"";"COLISÃO LATERAL";1;"1";"0";"0";"0";"0";"0";"0";"0";"1";"0";"Esquina";"Bom";"Sem defeito";"Perfeito estado";"Seca";"Perfeito estado";"Faixa de pedestre";"Outras";"";"Dupla";"Outros";"";""
"6543";2021-01-13;"18:11:00";"COM VÍTIMA";"FINALIZADA";"SANTO AMARO";"RUA PALMARES";"";"RUA TREZE DE MAIO";"";"SANTO AMARO";"30";"";"COLISÃO LATERAL";1;"1";"0";"0";"0";"0";"0";"0";"0";"1";"0";"Cruzamento";"Bom";"Sem defeito";"Perfeito estado";"Seca";"Perfeito estado";"Faixa de pedestre";"Não há placas";"60 km/h";"Dupla";"Não existe";"";""
"6544";2021-01-13;"18:27:00";"COM VÍTIMA";"FINALIZADA";"BOA VIAGEM";"RUA MARQUES DE VALENCA";"350";"";"EM FRENTE A IGREJA NOSSA SENHORA DE FÁTIMA, PROXIMO  DO RESTAURANTE ENTRE AMIGOS";"BOA VIAGEM";"";"";"COLISÃO TRANSVERSAL";1;"1";"0";"0";"0";"0";"0";"0";"0";"1";"0";"Cruzamento";"Bom";"Não existe";"Perfeito estado";"Seca";"Perfeito estado";"Faixa de pedestre";"Não há placas";"";"Dupla";"Faixa seccionada";"";""
"6545";2021-01-13;"20:48:00";"COM VÍTIMA";"FINALIZADA";"TEJIPIÓ";"RUA FALCAO DE LACERDA";"484";"";"NA ENTRADA DA ESTAÇÃO DO METRÔ COQUEIRAL, AO LADO DA ASSEMBLEIA DE DEUS, AO LADO DA PIZZARIA  E CASA DE MASSAS";"TEJIPIÓ";"";"";"COLISÃO LATERAL";1;"1";"0";"0";"0";"0";"1";"0";"0";"1";"0";"Longo da via";"Bom";"Sem defeito";"Perfeito estado";"Seca";"Perfeito estado";"Faixa de pedestre";"Outras";"50 km/h";"Dupla";"Faixa contínua";"";""
"6546";2021-01-14;"07:21:00";"COM VÍTIMA";"FINALIZADA";"CORDEIRO";"RUA GOMES TABORDA";"1703";"";"EM FRENTE A CERVEJARIA VAPOR 82";"CORDEIRO";"";"";"COLISÃO COM CICLISTA";1;"0";"0";"1";"0";"0";"0";"0";"0";"1";"0";"Longo da via";"Bom";"Não existe";"Perfeito estado";"Seca";"Perfeito estado";"Não existe";"Outras";"";"Dupla";"Faixa seccionada";"";""
"6547";2021-01-14;"07:29:00";"SEM VÍTIMA";"FINALIZADA";"SANTO AMARO";"AV CRUZ CABUGA";"";"";"E/F A CASA DA INDUSTRIA";"SANTO AMARO";"";"";"COLISÃO LATERAL";2;"0";"0";"0";"0";"0";"0";"0";"0";"0";"0";"Longo da via";"Bom";"Não existe";"Perfeito estado";"Seca";"Perfeito estado";"Não existe";"Não há placas";"";"Dupla";"Faixa contínua";"";""
"6548";2021-01-14;"09:22:00";"SEM VÍTIMA";"FINALIZADA";"ÁGUA FRIA";"AV BEBERIBE";"1715";"";"";"ÁGUA FRIA";"";"";"COLISÃO LATERAL";0;"0";"0";"0";"0";"1";"1";"0";"0";"0";"0";"Longo da via";"Bom";"Sem defeito";"Perfeito estado";"Seca";"Perfeito estado";"Outros";"Outras";"";"Dupla";"Faixa contínua";"";""
"6549";2021-01-14;"12:34:00";"COM VÍTIMA";"CANCELADA";"ILHA DO LEITE";"RUA MINAS GERAIS";"30";"";"E/F A PRAÇA FERNANDES FIGUEIRA POR TRAS DO IMIP";"ILHA DO LEITE";"";"";"COLISÃO";1;"1";"0";"0";"0";"0";"0";"0";"0";"1";"0";"";"";"";"";"";"";"";"";"";"";"";"";""
"6550";2021-01-14;"16:25:00";"COM VÍTIMA";"FINALIZADA";"SANTO AMARO";"AV PREFEITO ARTUR LIMA CAVALCANTI";"";"";"APOS O HOSPITAL DE COVID";"SANTO AMARO";"";"";"COLISÃO LATERAL";1;"1";"0";"0";"0";"0";"0";"0";"0";"1";"0";"Longo da via";"Bom";"Não existe";"Perfeito estado";"Seca";"Perfeito estado";"Não existe";"R-6a";"";"Dupla";"Canteiro central";"";""
"6551";2021-01-14;"20:46:00";"COM VÍTIMA";"FINALIZADA";"BOA VIAGEM";"AV ENGENHEIRO DOMINGOS FERREIRA";"";"";"PROX AO BANCO SANTADER";"BOA VIAGEM";"";"";"COLISÃO TRASEIRA";2;"0";"0";"0";"0";"0";"0";"0";"0";"1";"0";"Longo da via";"Bom";"Sem defeito";"Perfeito estado";"Seca";"Perfeito estado";"Faixa de pedestre";"Outras";"";"Única";"Faixa seccionada";"";""
"6552";2021-01-14;"20:30:40";"COM VÍTIMA";"FINALIZADA";"AREIAS";"AV DR JOSE RUFINO";"";"RUA JOSE NATARIO";"SEMÁFORO 044 / ENTRADA DE AREIAS E E/F AO POSTO SHELL";"AREIAS";"";"";"COLISÃO TRANSVERSAL";1;"1";"0";"0";"0";"0";"0";"0";"0";"1";"0";"Cruzamento";"Bom";"Sem defeito";"Perfeito estado";"Seca";"Perfeito estado";"Faixa de pedestre";"R-6a";"40 km/h";"Dupla";"Faixa contínua";"";""
"6553";2021-01-14;"23:09:40";"COM VÍTIMA";"FINALIZADA";"BOA VIAGEM";"AVENIDA CELSO FURTADO (VIA MANGUE)";"";"";"PROXIMO AO RETORNO SENTIDO BOA VIAGEM";"BOA VIAGEM";"";"SUBURBIO";"COLISÃO COM CICLISTA";0;"1";"0";"3";"0";"0";"0";"0";"0";"4";"0";"Longo da via";"Bom";"Não existe";"Perfeito estado";"Seca";"Perfeito estado";"Não existe";"Outras";"60 km/h";"Única";"Faixa contínua";"";""
"6554";2021-01-15;"00:37:00";"COM VÍTIMA";"FINALIZADA";"TAMARINEIRA";"EST VELHA DE AGUA FRIA";"";"";"COM A AV PROFº JOSÉ DOS ANJOS";"TAMARINEIRA";"";"CIDADE";"COLISÃO FRONTAL";1;"0";"1";"0";"0";"0";"0";"0";"0";"1";"0";"Cruzamento";"Bom";"Sem defeito";"Perfeito estado";"Seca";"Perfeito estado";"Faixa de pedestre";"";"";"Única";"Canteiro central";"";""
"6555";2021-01-15;"12:01:00";"COM VÍTIMA";"FINALIZADA";"MADALENA";"AV VISCONDE DE ALBUQUERQUE";"";"RUA LOPES DE CARVALHO";"";"MADALENA";"";"";"COLISÃO TRANSVERSAL";1;"0";"1";"0";"0";"0";"0";"0";"0";"1";"0";"Longo da via";"Bom";"Não existe";"Perfeito estado";"Seca";"Perfeito estado";"Não existe";"Não há placas";"";"Única";"Faixa seccionada";"";""
"6556";2021-01-15;"16:14:00";"COM VÍTIMA";"FINALIZADA";"TEJIPIÓ";"AV DR JOSE RUFINO";"";"";"EM FRENTE À ESTAÇÃO DE TEJIPIÓ";"TEJIPIÓ";"497";"";"COLISÃO TRANSVERSAL";1;"1";"0";"0";"0";"0";"0";"0";"0";"2";"0";"Longo da via";"Bom";"Sem defeito";"Perfeito estado";"Seca";"Perfeito estado";"Não existe";"R-6a";"";"Dupla";"Faixa contínua";"";""
"6557";2021-01-15;"17:02:00";"COM VÍTIMA";"FINALIZADA";"SÃO JOSÉ";"AV ENGENHEIRO JOSE ESTELITA";"";"";"ANTES DO VIADUTO CAPITÃO TEMUDO";"SÃO JOSÉ";"";"SUB";"COLISÃO TRANSVERSAL";0;"0";"1";"0";"0";"0";"1";"0";"0";"1";"0";"Longo da via";"Bom";"Não existe";"Perfeito estado";"Seca";"Perfeito estado";"Faixa de pedestre";"";"";"Dupla";"Canteiro central";"";""
"6558";2021-01-15;"17:04:00";"SEM VÍTIMA";"FINALIZADA";"BOA VIAGEM";"RUA PADRE BERNADINO PESSOA";"";"RUA DOS NAVEGANTES";"";"BOA VIAGEM";"";"";"COLISÃO";1;"0";"1";"0";"0";"0";"0";"0";"0";"0";"0";"";"";"";"";"";"";"";"";"";"";"";"";""
"6559";2021-01-15;"17:12:00";"SEM VÍTIMA";"FINALIZADA";"IMBIRIBEIRA";"RUA SAO JUDAS TADEU";"385";"RUA PROF PEDRO AUGUSTO CARNEIRO LEAO";"";"IMBIRIBEIRA";"";"";"COLISÃO TRANSVERSAL";2;"0";"0";"0";"0";"0";"0";"0";"0";"0";"0";"";"Bom";"Não existe";"Não existente";"Seca";"Perfeito estado";"Não existe";"Não há placas";"";"Dupla";"Não existe";"";""
"6560";2021-01-15;"20:31:00";"COM VÍTIMA";"FINALIZADA";"SAN MARTIN";"AV GENERAL SAN MARTIN";"";"AV CONSUL VILARES FRAGOSO";"PRÓX AO QUARTEL DA CAVALARIA";"SAN MARTIN";"326";"";"COLISÃO COM CICLISTA";1;"0";"0";"1";"0";"0";"0";"0";"0";"1";"0";"Cruzamento";"Bom";"Sem defeito";"Perfeito estado";"Seca";"Perfeito estado";"Faixa de pedestre";"Não há placas";"";"Dupla";"Faixa contínua";"Faixa seccionada";""
"6561";2021-01-15;"21:55:40";"SEM VÍTIMA";"FINALIZADA";"GUABIRABA";"RUA Z";"";"";"AO LADO DO POSTO DE GASOLINA "" ECO POSTO"" SERRA II";"GUABIRABA";"";"SUBURBIO";"CHOQUE";0;"0";"0";"0";"0";"0";"0";"1";"1";"0";"0";"Longo da via";"Bom";"Não existe";"Não existente";"Seca";"Mal iluminada";"Não existe";"Não há placas";"";"Dupla";"Não existe";"";""
"6562";2021-01-15;"22:15:40";"COM VÍTIMA";"FINALIZADA";"ESPINHEIRO";"RUA DO ESPINHEIRO";"";"RUA SANTO ELIAS";"PRÓX AO POSTO DE COMBUSTÍVEL YPIRANGA";"ESPINHEIRO";"";"";"COLISÃO TRANSVERSAL";1;"2";"0";"0";"0";"0";"0";"0";"0";"2";"0";"Cruzamento";"Bom";"Não existe";"Perfeito estado";"Seca";"Perfeito estado";"Faixa de pedestre";"Placas ""Pare""";"";"Dupla";"Faixa seccionada";"";""
"6563";2021-01-16;"04:00:00";"COM VÍTIMA";"CANCELADA";"BOA VIAGEM";"RUA BARAO DE SOUZA LEAO";"";"";"EM  FRENTE  AO  HOSPITAL   ALFA";"BOA VIAGEM";"";"";"CHOQUE";0;"0";"0";"0";"0";"1";"0";"0";"0";"1";"0";"";"";"";"";"";"";"";"";"";"";"";"";""
"6564";2021-01-16;"07:34:00";"SEM VÍTIMA";"FINALIZADA";"IMBIRIBEIRA";"AV MARECHAL MASCARENHAS DE MORAES";"";"";"EM FRENTE A FARMACIA PAGUE MENOS";"IMBIRIBEIRA";"290";"SUBURBIO";"COLISÃO TRASEIRA";2;"0";"0";"0";"0";"0";"0";"0";"0";"0";"0";"Longo da via";"Bom";"Sem defeito";"Perfeito estado";"Seca";"Perfeito estado";"Não existe";"Não há placas";"60 km/h";"Dupla";"Canteiro central";"";""
"6565";2021-01-16;"13:41:00";"COM VÍTIMA";"CANCELADA";"SANTO AMARO";"PTE DO LIMOEIRO";"";"";"PROXIMO AO HOSPITAL  PROVISORIO";"SANTO AMARO";"";"";"COLISÃO";1;"1";"0";"0";"0";"0";"0";"0";"0";"1";"0";"";"";"";"";"";"";"";"";"";"";"";"";""
"6566";2021-01-16;"18:49:00";"SEM VÍTIMA";"CANCELADA";"TORRE";"RUA JOSE BONIFACIO";"";"";"E/F AO POSOT IPIRANGA/ APOS O HOSPITAL DE AVILLA";"TORRE";"";"";"COLISÃO";2;"0";"0";"0";"0";"0";"0";"0";"0";"0";"0";"";"";"";"";"";"";"";"";"";"";"";"";""
"6567";2021-01-17;"00:05:00";"COM VÍTIMA";"FINALIZADA";"BOA VIAGEM";"AV ENGENHEIRO DOMINGOS FERREIRA";"";"RUA ALEXANDRINO MARTINS RODRIGUES";"E/F AO BOMPREÇO";"BOA VIAGEM";"303";"";"COLISÃO LATERAL";1;"1";"0";"0";"0";"0";"0";"0";"0";"1";"0";"Longo da via";"Bom";"Sem defeito";"Perfeito estado";"Seca";"Perfeito estado";"Faixa de pedestre";"";"60 km/h";"Única";"Faixa contínua";"";""
"6568";2021-01-17;"01:14:00";"SEM VÍTIMA";"CANCELADA";"JORDÃO";"RUA DR ALVARO FERRAZ";"9";"";"QUADRA ""C"" - PRÓXIMO NUCLEO POLICIAL E AO MERCADINHO LEVE MAIS";"JORDÃO";"";"";"CHOQUE";1;"0";"0";"0";"0";"0";"1";"0";"0";"0";"0";"";"";"";"";"";"";"";"";"";"";"";"";""
"6569";2021-01-17;"07:20:00";"COM VÍTIMA";"FINALIZADA";"SÃO JOSÉ";"C SANTA RITA";"";"";"APÓS O CUBE DE AMADORES DE PESCA VIRIATO DE MEDEIROS";"SÃO JOSÉ";"";"CIDADE";"CHOQUE";1;"0";"0";"0";"0";"0";"0";"0";"0";"1";"0";"Longo da via";"Bom";"Não existe";"Perfeito estado";"Seca";"Perfeito estado";"Não existe";"Não há placas";"";"Dupla";"Canteiro central";"";""
"6570";2021-01-17;"11:57:00";"SEM VÍTIMA";"CANCELADA";"MADALENA";"AV JOSE GONCALVES DE MEDEIROS";"72";"";"EM FRENTE A PORTO SEGURO";"MADALENA";"";"";"CHOQUE";1;"0";"0";"0";"0";"0";"0";"0";"0";"0";"0";"";"";"";"";"";"";"";"";"";"";"";"";""
"6571";2021-01-17;"15:27:00";"COM VÍTIMA";"FINALIZADA";"MADALENA";"EST DOS REMEDIOS";"";"RUA BENFICA";"EM FRENTE À POLICLÍNICA LESSA DE ANDRADE";"MADALENA";"";"";"COLISÃO TRANSVERSAL";0;"2";"0";"0";"0";"0";"0";"0";"0";"2";"0";"Cruzamento";"Bom";"Sem defeito";"Perfeito estado";"Seca";"Perfeito estado";"Faixa de pedestre";"R-6a";"60 km/h";"Única";"Faixa contínua";"Faixa seccionada";"Blocos"
"6572";2021-01-17;"17:38:00";"COM VÍTIMA";"CANCELADA";"MADALENA";"RUA NOBRE DE LACERDA";"";"RUA DR JOSE MARCELINO";"PROX A LOJA NAGEM DA MADALENA";"MADALENA";"";"";"COLISÃO";1;"1";"0";"0";"0";"0";"0";"0";"0";"2";"0";"";"";"";"";"";"";"";"";"";"";"";"";""
"6573";2021-01-17;"19:10:00";"COM VÍTIMA";"FINALIZADA";"MUSTARDINHA";"AV MANOEL GONCALVES DA LUZ";"241";"";"EM FRENTE AO POSTO DE COMBUSTIVEIS TOTAL, PROXIMO DO VAREJÃO DO POVO";"MUSTARDINHA";"";"";"ATROPELAMENTO";0;"0";"0";"0";"1";"1";"0";"0";"0";"1";"0";"Longo da via";"Bom";"Não existe";"Perfeito estado";"Seca";"Perfeito estado";"Não existe";"Não há placas";"";"Dupla";"Faixa seccionada";"";""
"6574";2021-01-17;"19:18:00";"COM VÍTIMA";"FINALIZADA";"AREIAS";"AV RECIFE";"";"";"APOS O HOSPITAL DO IDOSO, PROXIMO DO HIPER BOM PREÇO, SENTIDO CIDADE UNIVERSITARIA";"AREIAS";"";"";"COLISÃO LATERAL";1;"1";"0";"0";"0";"0";"0";"0";"0";"1";"0";"Longo da via";"Bom";"Não existe";"Perfeito estado";"Seca";"Perfeito estado";"Não existe";"Não há placas";"";"Dupla";"Faixa seccionada";"Canteiro central";""
"6575";2021-01-17;"20:58:00";"SEM VÍTIMA";"FINALIZADA";"PINA";"AV ENGENHEIRO DOMINGOS FERREIRA";"861";"";"CONFRARIA DA BARBA";"PINA";"";"SUBURBIO";"COLISÃO TRASEIRA";2;"0";"0";"0";"0";"0";"0";"0";"0";"0";"0";"Longo da via";"Bom";"Sem defeito";"Perfeito estado";"Seca";"Perfeito estado";"Faixa de pedestre";"R-6a";"60 km/h";"Única";"Faixa seccionada";"";""
"6576";2021-01-17;"21:32:40";"SEM VÍTIMA";"FINALIZADA";"CASA AMARELA";"RUA PADRE LEMOS";"";"";"EM FRENTE AO MERCADO DE CASA AMARELA, LADO OPOSTO AO Nº 30";"CASA AMARELA";"404";"SUBURBIO";"COLISÃO LATERAL";0;"1";"0";"0";"0";"0";"0";"1";"0";"0";"0";"Longo da via";"Bom";"Sem defeito";"Perfeito estado";"Seca";"Perfeito estado";"";"";"";"Dupla";"Não existe";"";""
"6577";2021-01-17;"22:13:40";"COM VÍTIMA";"CANCELADA";"BARRO";"RUA ANDRE DIAS FIGUEREDO";"64";"";"AO LADO DO BARRO SOCIETY";"BARRO";"";"";"COLISÃO";1;"1";"0";"0";"0";"0";"0";"0";"0";"1";"0";"";"";"";"";"";"";"";"";"";"";"";"";""
"6578";2021-01-17;"22:55:40";"COM VÍTIMA";"CANCELADA";"PINA";"AV BOA VIAGEM";"";"";"PRÓXIMO AO JCPM";"PINA";"";"";"CHOQUE";0;"0";"0";"0";"0";"0";"0";"0";"0";"1";"0";"";"";"";"";"";"";"";"";"";"";"";"";""
"6579";2021-01-18;"08:08:00";"COM VÍTIMA";"FINALIZADA";"CASA AMARELA";"RUA PADRE LEMOS";"671";"";"";"CASA AMARELA";"";"";"COLISÃO LATERAL";1;"1";"0";"0";"0";"0";"0";"0";"0";"1";"0";"Longo da via";"Bom";"Não existe";"Perfeito estado";"Seca";"Perfeito estado";"Não existe";"R-6a";"";"Dupla";"Faixa seccionada";"";""
"6580";2021-01-18;"15:34:00";"COM VÍTIMA";"FINALIZADA";"SANTO AMARO";"RUA BISPO CARDOSO AYRES";"297";"RUA BERNARDO GUIMARAES";"";"SANTO AMARO";"";"";"COLISÃO LATERAL";1;"1";"0";"0";"0";"0";"0";"0";"0";"1";"0";"Cruzamento";"Bom";"Não existe";"Perfeito estado";"Seca";"Perfeito estado";"Faixa de pedestre";"Outras";"";"Única";"Não existe";"";""
"6581";2021-01-18;"22:46:40";"SEM VÍTIMA";"CANCELADA";"ROSARINHO";"AV NORTE";"";"RUA GENERAL ABREU E LIMA";"CRUZAMENTO C/A RUA GENERAL ABREU E LIMA - SENTIDO SUB/CID";"ROSARINHO";"";"CIDADE";"COLISÃO";1;"1";"0";"0";"0";"0";"0";"0";"0";"0";"0";"";"";"";"";"";"";"";"";"";"";"";"";""
"6582";2021-01-19;"03:22:00";"COM VÍTIMA";"FINALIZADA";"BARRO";"AV DR JOSE RUFINO";"";"";"SOBRE O VIADUTO DO BARRO";"BARRO";"";"CIDADE";"COLISÃO TRANSVERSAL";0;"1";"0";"0";"0";"1";"0";"0";"0";"1";"0";"Cruzamento";"Bom";"Não existe";"Ilegível";"Seca";"Mal conservada";"Não existe";"";"";"Dupla";"Não existe";"";""
"6583";2021-01-19;"07:42:00";"COM VÍTIMA";"FINALIZADA";"CASA AMARELA";"EST DO ARRAIAL";"";"";"EM FRENTE DO CLUB AMERICA";"CASA AMARELA";"";"";"COLISÃO TRASEIRA";1;"1";"0";"0";"0";"0";"0";"0";"0";"1";"0";"Longo da via";"Nublado";"Não existe";"";"Seca";"Perfeito estado";"Não existe";"Outras";"";"Única";"Faixa seccionada";"";""
"6584";2021-01-19;"08:56:00";"COM VÍTIMA";"DUPLICIDADE";"ILHA DO RETIRO";"RUA SPORT CLUBE DO RECIFE";"";"";"";"ILHA DO RETIRO";"";"";"COLISÃO";0;"0";"0";"0";"0";"0";"0";"0";"0";"1";"0";"";"";"";"";"";"";"";"";"";"";"";"";""
"6585";2021-01-19;"08:58:00";"COM VÍTIMA";"FINALIZADA";"ILHA DO RETIRO";"AV ENGENHEIRO ABDIAS DE CARVALHO";"";"";"EM FRENTE A ILHA DO RETIRO";"ILHA DO RETIRO";"367";"";"COLISÃO";1;"1";"0";"0";"0";"0";"0";"0";"0";"1";"0";"";"";"";"";"";"";"";"";"";"";"";"";""