"";"data";"hora";"natureza_acidente";"situacao";"bairro";"endereco";"numero";"detalhe_endereco_acidente";"complemento";"bairro_cruzamento";"num_semaforo";"sentido_via";"tipo";"auto";"moto";"ciclom";"ciclista";"pedestre";"onibus";"caminhao";"viatura";"outros";"vitimas";"vitimasfatais";"acidente_verificado";"tempo_clima";"situacao_semaforo";"sinalizacao";"condicao_via";"conservacao_via";"ponto_controle";"situacao_placa";"velocidade_max_via";"mao_direcao";"divisao_via1";"divisao_via2";"divisao_via3"
"6586";2021-01-19;"09:45:00";"COM VÍTIMA";"FINALIZADA";"BOA VIAGEM";"AV BOA VIAGEM";"1140";"";"EAO LADO DO PRAZA HOTEL";"BOA VIAGEM";"118";"";"COLISÃO TRASEIRA";1;"1";"0";"0";"0";"0";"0";"0";"0";"1";"0";"Longo da via";"Bom";"Sem defeito";"Perfeito estado";"Seca";"Perfeito estado";"Faixa de pedestre";"R-6a";"";"Única";"Faixa contínua";"Faixa seccionada";""
"6587";2021-01-19;"10:33:00";"SEM VÍTIMA";"CANCELADA";"MACAXEIRA";"AV NORTE";"7490";"RUA DE APIPUCOS";"EM FRENTE A PRAÇA DA MACAXEIRA";"MACAXEIRA";"671";"";"ENGAVETAMENTO";5;"0";"0";"0";"0";"0";"0";"1";"0";"0";"0";"";"";"";"";"";"";"";"";"";"";"";"";""
"6588";2021-01-19;"10:49:00";"COM VÍTIMA";"FINALIZADA";"MACAXEIRA";"AV NORTE";"";"";"EM FRENTE A ACADEMIA DA CIDADE";"MACAXEIRA";"671";"";"COLISÃO TRASEIRA";1;"4";"0";"0";"0";"0";"2";"0";"0";"1";"0";"Longo da via";"Bom";"Sem defeito";"Perfeito estado";"Seca";"Perfeito estado";"Faixa de retenção";"Outras";"";"Dupla";"Canteiro central";"";""
"6589";2021-01-19;"11:39:00";"COM VÍTIMA";"FINALIZADA";"TORRE";"RUA REAL DA TORRE";"";"";"REALIZAR DA UMA VARREDUIRA NO LOCAL DO BAIRRO DA MADALENA ATÉ O BAIRRO DA TORRE";"TORRE";"";"";"COLISÃO";2;"0";"0";"0";"0";"0";"0";"0";"0";"1";"0";"";"";"";"";"";"";"";"";"";"";"";"";""
"6590";2021-01-19;"14:31:00";"COM VÍTIMA";"FINALIZADA";"DERBY";"AV GOVERNADOR AGAMENON MAGALHAES";"";"";"PRÓX AO AMERICANO BATISTA";"DERBY";"174";"SUBURBIO";"COLISÃO LATERAL";1;"1";"0";"0";"0";"0";"0";"0";"0";"1";"0";"Cruzamento";"Bom";"Sem defeito";"Perfeito estado";"Seca";"Perfeito estado";"Agente";"R-4a";"60 km/h";"Dupla";"Canteiro central";"";""
"6591";2021-01-19;"14:57:00";"COM VÍTIMA";"FINALIZADA";"SÃO JOSÉ";"RUA IMPERIAL";"2005";"";"PRÓX À PERNAMBUCO ALUMÍNIO";"SÃO JOSÉ";"352";"";"COLISÃO TRASEIRA";1;"1";"0";"0";"0";"0";"0";"0";"0";"2";"0";"Longo da via";"Bom";"Sem defeito";"Perfeito estado";"Seca";"Perfeito estado";"Não existe";"Não há placas";"";"Única";"Não existe";"";""
"6592";2021-01-19;"15:54:00";"COM VÍTIMA";"FINALIZADA";"CABANGA";"VDO PAPA JOAO PAULO II";"";"PRC GOVERNADOR PAULO GUERRA";"AO LADO DO CABANGA IAT CLUBE";"CABANGA";"";"";"COLISÃO LATERAL";1;"1";"0";"0";"0";"0";"0";"0";"0";"1";"0";"Longo da via";"Bom";"Não existe";"Incompleta";"Seca";"Perfeito estado";"Não existe";"Não há placas";"";"Única";"Faixa contínua";"";""
"6593";2021-01-19;"16:43:00";"COM VÍTIMA";"FINALIZADA";"BOA VISTA";"AV GOVERNADOR AGAMENON MAGALHAES";"";"";"AV. GOV. AGAMENON MAGALHAES";"BOA VISTA";"";"OLINDA";"CAPOTAMENTO";0;"1";"0";"0";"0";"0";"0";"0";"0";"1";"0";"Cruzamento";"Bom";"Sem defeito";"Perfeito estado";"Seca";"Perfeito estado";"Faixa de pedestre";"Não há placas";"60 km/h";"Única";"Faixa seccionada";"";""
"6594";2021-01-19;"17:42:00";"COM VÍTIMA";"FINALIZADA";"VÁRZEA";"AV AFONSO OLINDENSE";"";"";"SENTINDO INDO PRA CAXAGA, LOGO APOS O COLISEU";"VÁRZEA";"";"";"COLISÃO COM CICLISTA";0;"1";"0";"1";"0";"0";"0";"0";"0";"2";"0";"Longo da via";"Bom";"Não existe";"Perfeito estado";"Seca";"Perfeito estado";"Não existe";"Outras";"40 km/h";"Dupla";"Faixa seccionada";"";""
"6595";2021-01-19;"21:27:40";"SEM VÍTIMA";"CANCELADA";"MACAXEIRA";"AV NORTE";"";"";"PROX AO TERMINAL DA MACAXEIRA";"MACAXEIRA";"";"";"CHOQUE";1;"0";"0";"0";"0";"0";"0";"0";"0";"0";"0";"";"";"";"";"";"";"";"";"";"";"";"";""
"6596";2021-01-19;"21:31:40";"COM VÍTIMA";"FINALIZADA";"SANTO ANTÔNIO";"PTE PRINCESA IZABEL";"";"";"COLISÃO ENVOLVENDO VT DA CTTU NÚMERO 27";"SANTO ANTÔNIO";"";"";"COLISÃO COM CICLISTA";0;"0";"0";"1";"0";"0";"0";"1";"0";"1";"0";"Longo da via";"Chuvoso";"Não existe";"Perfeito estado";"Molhada";"Perfeito estado";"Não existe";"Não há placas";"";"Dupla";"Faixa contínua";"";""
"6597";2021-01-20;"12:37:00";"COM VÍTIMA";"FINALIZADA";"VÁRZEA";"RUA AGRICOLANDIA";"171";"RUA PROFESSOR ANTONIO COELHO";"EDF. RIO TAPAJÓS";"VÁRZEA";"";"";"COLISÃO LATERAL";1;"1";"0";"0";"0";"0";"0";"0";"0";"1";"0";"Cruzamento";"Bom";"Não existe";"Incompleta";"Seca";"Perfeito estado";"Não existe";"Placas ""Pare""";"";"Dupla";"Faixa seccionada";"";""
"6598";2021-01-20;"14:12:00";"COM VÍTIMA";"FINALIZADA";"ARRUDA";"AV BEBERIBE";"";"";"AO LADO DO LOJAO DO PETROLEO";"ARRUDA";"";"";"COLISÃO COM CICLISTA";0;"0";"0";"1";"0";"1";"0";"0";"0";"1";"0";"Longo da via";"Bom";"Sem defeito";"Perfeito estado";"Seca";"Perfeito estado";"Faixa de pedestre";"Outras";"";"Dupla";"Faixa contínua";"";""
"6599";2021-01-20;"17:09:00";"SEM VÍTIMA";"FINALIZADA";"SOLEDADE";"RUA DA SOLEDADE";"";"";"E/F A IGREJA DA SOLEDADE";"SOLEDADE";"";"";"COLISÃO LATERAL";1;"0";"0";"0";"0";"0";"1";"0";"0";"0";"0";"Longo da via";"Bom";"Sem defeito";"Perfeito estado";"Seca";"Perfeito estado";"";"Não há placas";"40 KM/H";"Única";"";"";""
"6600";2021-01-20;"21:07:40";"COM VÍTIMA";"CANCELADA";"IMBIRIBEIRA";"AV MARECHAL MASCARENHAS DE MORAES";"";"";"E/F AO AEROPORTO / NA ÁREA DE DESEMBARQUE";"IMBIRIBEIRA";"";"";"COLISÃO";1;"1";"0";"0";"0";"0";"0";"0";"0";"1";"0";"";"";"";"";"";"";"";"";"";"";"";"";""
"6601";2021-01-21;"05:01:00";"COM VÍTIMA";"FINALIZADA";"DERBY";"AV GOVERNADOR AGAMENON MAGALHAES";"";"AV RUI BARBOSA";"CRUZAMENTO C/AV RUI BARBOSA - SENTIDO BOA VIAGEM";"DERBY";"";"";"CHOQUE";0;"1";"0";"0";"0";"0";"0";"0";"0";"2";"0";"";"";"";"";"";"";"";"";"";"";"";"";""
"6602";2021-01-21;"09:30:00";"COM VÍTIMA";"FINALIZADA";"IBURA";"AV DOIS RIOS";"";"";"EM FRENTE AO PET SHOP CÃOBELELEIRO / POSTO PETRONAC";"IBURA";"";"";"ATROPELAMENTO";0;"1";"0";"0";"1";"0";"0";"0";"0";"3";"0";"Longo da via";"Bom";"Não existe";"Perfeito estado";"Seca";"Perfeito estado";"Não existe";"R-6a";"";"Dupla";"Faixa contínua";"";""
"6603";2021-01-21;"10:36:00";"COM VÍTIMA";"FINALIZADA";"CABANGA";"AV ENGENHEIRO JOSE ESTELITA";"";"";"EMBAIXO DO VIADUTO DO CABANGA";"CABANGA";"";"";"COLISÃO LATERAL";1;"1";"0";"0";"0";"0";"0";"0";"0";"1";"0";"Longo da via";"Bom";"Não existe";"Perfeito estado";"Seca";"Perfeito estado";"Não existe";"Não há placas";"";"Única";"Não existe";"";""
"6604";2021-01-21;"13:36:00";"COM VÍTIMA";"FINALIZADA";"ARRUDA";"RUA DO TRIUNFO";"204";"RUA BOM CONSELHO";"PRÓX À LOJA DA NATURA";"ARRUDA";"";"";"COLISÃO TRANSVERSAL";0;"2";"0";"0";"0";"0";"0";"0";"0";"1";"0";"Cruzamento";"Bom";"Não existe";"Não existente";"Seca";"Perfeito estado";"Não existe";"Não há placas";"";"Dupla";"Não existe";"";""
"6605";2021-01-21;"15:38:00";"SEM VÍTIMA";"CANCELADA";"PINA";"AV REPUBLICA DO LIBANO";"";"";"PRÓX AO SHOPPING RIO MAR";"PINA";"";"";"COLISÃO";2;"0";"0";"0";"0";"0";"0";"0";"0";"0";"0";"";"";"";"";"";"";"";"";"";"";"";"";""
"6606";2021-01-21;"15:47:00";"SEM VÍTIMA";"FINALIZADA";"SANTO ANTÔNIO";"PTE PRINCESA IZABEL";"";"";"TEATRO DE SANTA ISABEL";"SANTO ANTÔNIO";"";"CIDADE";"COLISÃO TRASEIRA";2;"0";"0";"0";"0";"0";"0";"0";"0";"0";"0";"Ponte";"Bom";"Não existe";"Perfeito estado";"Seca";"Perfeito estado";"Não existe";"Não há placas";"";"Dupla";"Faixa contínua";"Faixa seccionada";""
"6607";2021-01-21;"21:49:40";"COM VÍTIMA";"FINALIZADA";"CASA FORTE";"AV DEZESSETE DE AGOSTO";"";"";"EM FRENTE AO BURGUER KING, PROXIMO DO SHOPPING PLAZA";"CASA FORTE";"";"";"COLISÃO LATERAL";1;"1";"0";"0";"0";"0";"0";"0";"0";"1";"0";"Esquina";"Chuvoso";"Sem defeito";"Perfeito estado";"Seca";"Perfeito estado";"Faixa de pedestre";"R-6a";"";"Dupla";"Faixa contínua";"Faixa seccionada";""
"6608";2021-01-22;"08:15:00";"COM VÍTIMA";"CANCELADA";"PARNAMIRIM";"RUA SEBASTIAO ALVES";"";"EST DO ARRAIAL";"EM   BAIXO  DO  SEMAFORO  421    EM  FRENTE  A  FARMACIA  DO TRABALHADOR";"PARNAMIRIM";"";"";"COLISÃO";2;"0";"0";"0";"0";"0";"0";"0";"0";"1";"0";"";"";"";"";"";"";"";"";"";"";"";"";""
"6609";2021-01-22;"12:02:00";"COM VÍTIMA";"FINALIZADA";"CASA FORTE";"AV DEZESSETE DE AGOSTO";"";"";"EM FRENTE AO BANCO DO BRASIL";"CASA FORTE";"";"";"COLISÃO LATERAL";0;"2";"0";"0";"0";"0";"0";"0";"0";"2";"0";"Longo da via";"Bom";"";"Perfeito estado";"Seca";"Perfeito estado";"";"";"60 km/h";"Dupla";"Faixa contínua";"";""
"6610";2021-01-22;"13:15:00";"SEM VÍTIMA";"FINALIZADA";"BOA VISTA";"RUA DO PRINCIPE";"";"RUA NUNES MACHADO";"RUA NUNES MACHADO";"BOA VISTA";"";"";"COLISÃO LATERAL";2;"0";"0";"0";"0";"0";"0";"0";"0";"0";"0";"Longo da via";"Bom";"Não existe";"Perfeito estado";"Seca";"Perfeito estado";"Não existe";"Não há placas";"";"Única";"Faixa contínua";"";""
"6611";2021-01-22;"13:21:00";"COM VÍTIMA";"FINALIZADA";"BOMBA DO HEMETÉRIO";"RUA BOMBA DO HEMETERIO";"171";"";"POR TRAS DO GIGANTE DO SAMBA";"BOMBA DO HEMETÉRIO";"";"";"COLISÃO TRASEIRA";1;"1";"0";"0";"0";"0";"0";"0";"0";"1";"0";"Longo da via";"Chuvoso";"Não existe";"Não existente";"Molhada";"Perfeito estado";"Não existe";"Não há placas";"";"Dupla";"Faixa seccionada";"";""
"6612";2021-01-22;"16:38:00";"COM VÍTIMA";"FINALIZADA";"JARDIM SÃO PAULO";"AV RECIFE";"5536";"";"";"JARDIM SÃO PAULO";"";"";"ATROPELAMENTO";0;"1";"0";"0";"1";"0";"0";"0";"0";"1";"0";"Longo da via";"Bom";"Não existe";"Perfeito estado";"Seca";"Perfeito estado";"Não existe";"Não há placas";"50 km/h";"Dupla";"Canteiro central";"";""
"6613";2021-01-22;"16:52:00";"COM VÍTIMA";"CANCELADA";"AFOGADOS";"RUA ARQUITETO LUIZ NUNES";"234";"";"APOS O DEPATRI PROX AO BANCO DO BRASIL";"AFOGADOS";"";"";"COLISÃO COM CICLISTA";1;"0";"0";"1";"0";"0";"0";"0";"0";"1";"0";"";"";"";"";"";"";"";"";"";"";"";"";""
"6614";2021-01-22;"18:27:00";"COM VÍTIMA";"FINALIZADA";"CORDEIRO";"AV CAXANGA";"";"AV GENERAL SAN MARTIN";"SEMÁFORO 080 / PRÓX A INTEGRAÇÃO GETULIO VARGAS";"CORDEIRO";"";"";"COLISÃO LATERAL";1;"1";"0";"0";"0";"0";"0";"0";"0";"1";"0";"Longo da via";"Bom";"Sem defeito";"Perfeito estado";"Seca";"Perfeito estado";"";"";"60 km/h";"Única";"Faixa seccionada";"";""
"6615";2021-01-22;"20:49:40";"COM VÍTIMA";"FINALIZADA";"BOA VIAGEM";"RUA CAMBUI";"";"RUA DEZ DE JULHO";"PROX A ESTAÇAO DO AEROPORTO";"BOA VIAGEM";"";"";"COLISÃO TRANSVERSAL";1;"2";"0";"0";"0";"0";"0";"0";"0";"1";"0";"Cruzamento";"Bom";"Não existe";"Incompleta";"Seca";"Mal conservada";"Não existe";"Placas ""Pare""";"";"Única";"Faixa seccionada";"";""
"6616";2021-01-22;"21:52:40";"SEM VÍTIMA";"FINALIZADA";"JORDÃO";"AV MARIA IRENE";"1246";"";"E/F A CASA DE RAÇÃO WS PET SHOP / PRÓX A ASSEMBLEIA DE DEUS";"JORDÃO";"";"";"COLISÃO LATERAL";1;"0";"0";"0";"0";"0";"0";"1";"0";"0";"0";"Longo da via";"Bom";"Não existe";"Perfeito estado";"Seca";"Perfeito estado";"Não existe";"Não há placas";"";"Única";"Não existe";"";""
"6617";2021-01-23;"11:28:00";"SEM VÍTIMA";"FINALIZADA";"DERBY";"AV GOVERNADOR AGAMENON MAGALHAES";"";"PRC DO DERBY";"EM FRENTE A PRAÇA";"DERBY";"75";"OLINDA";"COLISÃO LATERAL";1;"0";"0";"0";"0";"0";"0";"1";"0";"0";"0";"Longo da via";"Bom";"Sem defeito";"Perfeito estado";"Seca";"Perfeito estado";"Faixa de pedestre";"Outras";"60KM/H";"Dupla";"Faixa seccionada";"";""
"6618";2021-01-23;"11:39:00";"SEM VÍTIMA";"CANCELADA";"PORTO DA MADEIRA";"RUA SATURNO";"60 A";"AV BEBERIBE";"RUAS EM FRENTE AO COLEGIO NOVENTA GRAUS";"PORTO DA MADEIRA";"";"";"COLISÃO";2;"0";"0";"0";"0";"0";"0";"0";"0";"0";"0";"";"";"";"";"";"";"";"";"";"";"";"";""
"6619";2021-01-23;"12:16:00";"COM VÍTIMA";"FINALIZADA";"CAXANGÁ";"RUA RIBEIRO PESSOA";"945";"";"EM FRENTE AO PARAÍSO HOTEL";"CAXANGÁ";"";"";"COLISÃO LATERAL";1;"1";"0";"0";"0";"0";"0";"0";"0";"1";"0";"Longo da via";"Bom";"Não existe";"Não existente";"Seca";"Perfeito estado";"Faixa de pedestre";"";"";"Dupla";"Não existe";"";""
"6620";2021-01-23;"12:20:00";"SEM VÍTIMA";"FINALIZADA";"CAMPO GRANDE";"EST DE BELEM";"";"";"PRÓX AO CENTRO DE CONVENÇÕES";"CAMPO GRANDE";"";"";"COLISÃO";3;"0";"0";"0";"0";"0";"0";"0";"0";"0";"0";"";"";"";"";"";"";"";"";"";"";"";"";""
"6621";2021-01-23;"14:17:00";"COM VÍTIMA";"FINALIZADA";"ENCRUZILHADA";"AV BEBERIBE";"542";"";"PROXIMO AO PADEIRÃO";"ENCRUZILHADA";"";"";"COLISÃO TRANSVERSAL";1;"0";"1";"0";"0";"0";"0";"0";"0";"1";"0";"Longo da via";"Bom";"Não existe";"Perfeito estado";"Seca";"Perfeito estado";"Não existe";"Não há placas";"40 km/h";"Dupla";"Faixa seccionada";"";""
"6622";2021-01-23;"19:41:00";"COM VÍTIMA";"FINALIZADA";"BOA VIAGEM";"RUA VISCONDE DE JEQUITINHONHA";"";"RUA BALTAZAR PASSOS";"";"BOA VIAGEM";"";"";"COLISÃO TRANSVERSAL";2;"0";"0";"0";"0";"0";"0";"0";"0";"1";"0";"Cruzamento";"Bom";"Sem defeito";"Perfeito estado";"Seca";"Perfeito estado";"Faixa de pedestre";"Outras";"";"Única";"Faixa seccionada";"Canteiro central";""
"6623";2021-01-24;"12:06:00";"COM VÍTIMA";"FINALIZADA";"SANTO AMARO";"AV NORTE";"866";"";"E/F A O CRAS DE SANTO AMARO S/T MACAXEIRA";"SANTO AMARO";"";"";"COLISÃO LATERAL";1;"1";"0";"0";"0";"0";"0";"0";"0";"1";"0";"Longo da via";"Bom";"Não existe";"Perfeito estado";"Seca";"Perfeito estado";"Não existe";"Não há placas";"";"Dupla";"Canteiro central";"";""
"6624";2021-01-24;"14:27:00";"COM VÍTIMA";"CANCELADA";"DOIS UNIDOS";"RUA JORNALISTA NELSON FIRMO";"50";"";"PROXIMO AO BAR DO GEORGE";"DOIS UNIDOS";"";"";"COLISÃO";1;"1";"0";"0";"0";"0";"0";"0";"0";"1";"0";"";"";"";"";"";"";"";"";"";"";"";"";""
"6625";2021-01-24;"20:19:00";"COM VÍTIMA";"CANCELADA";"IPSEP";"RUA JEAN EMILE FAVRE";"1363";"";"E/F A DROGASIL";"IPSEP";"";"";"COLISÃO";1;"1";"0";"0";"0";"0";"0";"0";"0";"1";"0";"";"";"";"";"";"";"";"";"";"";"";"";""
"6626";2021-01-25;"12:26:00";"SEM VÍTIMA";"FINALIZADA";"NOVA DESCOBERTA";"RUA CORREGO DA AREIA";"";"";"EM FRENTE À ESCOLA MUNICIPAL DE CASA AMARELA";"NOVA DESCOBERTA";"";"";"COLISÃO LATERAL";1;"0";"0";"0";"0";"0";"1";"0";"0";"0";"0";"Longo da via";"Bom";"Não existe";"Perfeito estado";"Seca";"Perfeito estado";"Não existe";"Não há placas";"";"Dupla";"Não existe";"";""
"6627";2021-01-25;"16:06:00";"COM VÍTIMA";"CANCELADA";"SAN MARTIN";"RUA VINTE E UM DE ABRIL";"";"";"PRÓX À LOJA DE MÓVEIS MULTILAR / NA FRENTE DA LOTERICA MONTE CARLOS / NA LOJA MULTILAR";"SAN MARTIN";"";"";"COLISÃO";1;"1";"0";"0";"0";"0";"0";"0";"0";"2";"0";"";"";"";"";"";"";"";"";"";"";"";"";""
"6628";2021-01-25;"16:34:00";"COM VÍTIMA";"FINALIZADA";"BOA VIAGEM";"RUA ANTONIO FALCAO";"565";"RUA PROFESSOR JULIO FERREIRA DE MELO";"PRÓX À DEPIL";"BOA VIAGEM";"";"";"COLISÃO LATERAL";1;"1";"0";"0";"0";"0";"0";"0";"0";"1";"0";"Longo da via";"Bom";"Não existe";"Perfeito estado";"Seca";"Perfeito estado";"Não existe";"Não há placas";"";"Única";"Faixa seccionada";"";""
"6629";2021-01-25;"16:48:00";"COM VÍTIMA";"FINALIZADA";"JARDIM SÃO PAULO";"RUA DAMASCO";"55";"RUA ALFREDO DUARTE FILHO";"EM FRENTE AO NUMERO 55 / PROX A IGREJA SAO PAULO / NO CRUZAMENTO";"JARDIM SÃO PAULO";"";"";"COLISÃO FRONTAL";1;"1";"0";"0";"0";"0";"0";"0";"0";"1";"0";"Cruzamento";"Bom";"Não existe";"Perfeito estado";"Seca";"Perfeito estado";"Não existe";"Não há placas";"30 km/h";"Dupla";"Não existe";"";""
"6630";2021-01-25;"20:44:40";"COM VÍTIMA";"FINALIZADA";"BOA VIAGEM";"AV ENGENHEIRO DOMINGOS FERREIRA";"2842";"RUA PADRE BERNADINO PESSOA";"EM FRENTE AO TORRE MADRID RESIDENCE";"BOA VIAGEM";"144";"SUBURBIO";"COLISÃO LATERAL";1;"1";"0";"0";"0";"0";"0";"0";"0";"1";"0";"Cruzamento";"Bom";"Sem defeito";"Perfeito estado";"Seca";"Perfeito estado";"Faixa de pedestre";"R-6a";"60 km/h";"Dupla";"Canteiro central";"";""
"6631";2021-01-25;"21:51:40";"COM VÍTIMA";"FINALIZADA";"PORTO DA MADEIRA";"AV BEBERIBE";"4340";"";"PRÓX A PIZZARIA DO ROUCHE";"PORTO DA MADEIRA";"";"SUBURBIO";"COLISÃO LATERAL";1;"1";"0";"0";"0";"0";"0";"0";"0";"1";"0";"Longo da via";"Bom";"Não existe";"";"Seca";"Mal iluminada";"Não existe";"Não há placas";"60 km/h";"Dupla";"Faixa seccionada";"";""
"6632";2021-01-26;"07:16:00";"SEM VÍTIMA";"FINALIZADA";"DERBY";"RUA JORNALISTA PAULO BITTENCOURT";"";"";"AO LADO DO HOSPITAL DA RESTAURAÇÃO";"DERBY";"";"";"COLISÃO LATERAL";1;"1";"0";"0";"0";"0";"0";"0";"0";"0";"0";"Longo da via";"Bom";"Não existe";"Perfeito estado";"Seca";"Perfeito estado";"Não existe";"Não há placas";"";"Dupla";"Não existe";"";""
"6633";2021-01-26;"07:20:00";"COM VÍTIMA";"FINALIZADA";"TORRE";"RUA PADRE ANCHIETA";"435";"RUA JOSE BONIFACIO";"EM  FRENTE  A  PADARIA  MASSA  NOBRE. APÓS O MINUTO PÃO DE AÇÚCAR.";"TORRE";"193";"SUBURBIO";"COLISÃO TRASEIRA";0;"2";"0";"0";"0";"0";"0";"0";"0";"1";"0";"Cruzamento";"Chuvoso";"Sem defeito";"Perfeito estado";"Molhada";"Perfeito estado";"Faixa de pedestre";"R-6a";"";"Única";"Faixa seccionada";"";""
"6634";2021-01-26;"08:01:00";"COM VÍTIMA";"FINALIZADA";"CASA AMARELA";"RUA BELA VISTA";"343";"";"EM FRENTE AO SITIO DA TRINDADE";"CASA AMARELA";"";"SUBURBIO";"COLISÃO TRANSVERSAL";1;"1";"0";"0";"0";"0";"0";"0";"0";"1";"0";"Longo da via";"Bom";"Não existe";"Incompleta";"Molhada";"Perfeito estado";"Não existe";"Outras";"40 km/h";"Dupla";"Não existe";"";""
"6635";2021-01-26;"08:13:00";"COM VÍTIMA";"FINALIZADA";"BOA VISTA";"PRC MACIEL PINHEIRO";"342";"RUA DO ARAGAO";"";"BOA VISTA";"33";"CENTRO";"ATROPELAMENTO";1;"0";"0";"0";"1";"0";"0";"0";"0";"1";"0";"Cruzamento";"Bom";"Sem defeito";"Incompleta";"Molhada";"Mal conservada";"Não existe";"Não há placas";"40 km/h";"Única";"Não existe";"";""
"6636";2021-01-26;"10:41:00";"SEM VÍTIMA";"FINALIZADA";"BOA VISTA";"AV CONDE DA BOA VISTA";"";"";"RUA DA AURORA";"BOA VISTA";"162";"";"CHOQUE";0;"0";"0";"0";"0";"1";"0";"0";"0";"0";"0";"Cruzamento";"Bom";"Sem defeito";"Perfeito estado";"Seca";"Perfeito estado";"Agente";"R-6c";"";"Única";"Faixa contínua";"";""
"6637";2021-01-26;"13:46:00";"COM VÍTIMA";"FINALIZADA";"ESPINHEIRO";"AV GOVERNADOR AGAMENON MAGALHAES";"2860";"";"E/F AO CREA PE   S/T BOA VIAGEM";"ESPINHEIRO";"";"BOA VIAGEM";"COLISÃO TRASEIRA";1;"1";"0";"0";"0";"0";"0";"0";"0";"1";"0";"Longo da via";"Bom";"Não existe";"Perfeito estado";"Seca";"Perfeito estado";"Não existe";"Outras";"";"Dupla";"Canal";"";""
"6638";2021-01-26;"16:25:00";"COM VÍTIMA";"FINALIZADA";"ÁGUA FRIA";"EST VELHA DE AGUA FRIA";"";"AV PROFESSOR JOSE DOS ANJOS";"PROX. AO DNOCS";"ÁGUA FRIA";"306";"SUBURBIO";"COLISÃO LATERAL";0;"2";"0";"0";"0";"0";"0";"0";"0";"1";"0";"Cruzamento";"Bom";"Sem defeito";"Perfeito estado";"Seca";"Perfeito estado";"Faixa de pedestre";"Não há placas";"40 km/h";"Dupla";"";"";""
"6639";2021-01-26;"17:17:00";"SEM VÍTIMA";"FINALIZADA";"BOA VIAGEM";"RUA MARIO SOUTO MAIOR";"265";"RUA SA E SOUZA";"EM FRENTE A DROGARIA SETUBAL";"BOA VIAGEM";"";"";"COLISÃO";1;"1";"0";"0";"0";"0";"0";"0";"0";"0";"0";"";"";"";"";"";"";"";"";"";"";"";"";""
"6640";2021-01-26;"17:18:00";"COM VÍTIMA";"FINALIZADA";"DOIS IRMÃOS";"RUA RIBEIRO PESSOA";"733";"";"PROX A UPA DA CAXANGA";"DOIS IRMÃOS";"";"SUBURBIO";"COLISÃO TRANSVERSAL";1;"1";"0";"0";"0";"0";"0";"0";"0";"2";"0";"Longo da via";"Chuvoso";"Não existe";"Incompleta";"Seca";"Perfeito estado";"Não existe";"R-6a";"";"Dupla";"Não existe";"";""
"6641";2021-01-26;"17:41:00";"SEM VÍTIMA";"FINALIZADA";"MUSTARDINHA";"RUA VINTE E UM DE ABRIL";"";"";"EM FRENTE AO CAFÉ PETINHO";"MUSTARDINHA";"";"";"COLISÃO LATERAL";0;"0";"0";"0";"0";"0";"0";"0";"0";"0";"0";"Longo da via";"Bom";"Sem defeito";"Perfeito estado";"Seca";"Perfeito estado";"Outros";"Outras";"";"Dupla";"Outros";"";""
"6642";2021-01-26;"17:43:00";"COM VÍTIMA";"FINALIZADA";"BOA VIAGEM";"AV ENGENHEIRO DOMINGOS FERREIRA";"1818";"";"EM FRENTE AO EXTRA";"BOA VIAGEM";"";"SUBURBIO";"COLISÃO TRASEIRA";1;"1";"0";"0";"0";"0";"0";"0";"0";"1";"0";"Longo da via";"Chuvoso";"Não existe";"Perfeito estado";"Molhada";"Perfeito estado";"Não existe";"R-19";"60 km/h";"Única";"Faixa seccionada";"Canteiro central";""
"6643";2021-01-26;"20:48:00";"COM VÍTIMA";"FINALIZADA";"CAMPO GRANDE";"EST DE BELEM";"866";"RUA PADRE CAPISTRANO";"E/F A SUBWAY E POSTO PETRONAC";"CAMPO GRANDE";"";"CIDADE";"COLISÃO TRANSVERSAL";1;"1";"0";"0";"0";"0";"0";"0";"0";"2";"0";"Longo da via";"Chuvoso";"Não existe";"Perfeito estado";"Molhada";"Perfeito estado";"Não existe";"";"";"Dupla";"Faixa contínua";"Faixa seccionada";""
"6644";2021-01-26;"22:45:40";"SEM VÍTIMA";"CANCELADA";"JORDÃO";"RUA EMILIO MONTEIRO FONSECA";"838";"";"";"JORDÃO";"";"";"COLISÃO";2;"0";"0";"0";"0";"0";"0";"0";"0";"0";"0";"";"";"";"";"";"";"";"";"";"";"";"";""
"6645";2021-01-27;"07:19:00";"COM VÍTIMA";"FINALIZADA";"BAIRRO DO RECIFE";"AV MILITAR";"";"";"EM  FRENTE a unidade de segurança quarda portuaria. MEMORIAL DE JUSTIÇA DE PERNAMBUCO.";"BAIRRO DO RECIFE";"";"SUBURBIO";"COLISÃO LATERAL";0;"1";"0";"0";"0";"0";"0";"1";"0";"1";"0";"Longo da via";"Chuvoso";"Não existe";"Perfeito estado";"Molhada";"Perfeito estado";"Faixa de pedestre";"R-6a";"";"Única";"Faixa seccionada";"";""