"";"data";"hora";"natureza_acidente";"situacao";"bairro";"endereco";"numero";"detalhe_endereco_acidente";"complemento";"bairro_cruzamento";"num_semaforo";"sentido_via";"tipo";"auto";"moto";"ciclom";"ciclista";"pedestre";"onibus";"caminhao";"viatura";"outros";"vitimas";"vitimasfatais";"acidente_verificado";"tempo_clima";"situacao_semaforo";"sinalizacao";"condicao_via";"conservacao_via";"ponto_controle";"situacao_placa";"velocidade_max_via";"mao_direcao";"divisao_via1";"divisao_via2";"divisao_via3"
"7002";2021-03-25;"07:07:00";"COM VÍTIMA";"FINALIZADA";"CASA AMARELA";"RUA PADRE LEMOS";"391";"AV PEDRO ALLAIN";"EM FRENTE AO SUPERMERCADO CANELA";"CASA AMARELA";"";"";"COLISÃO LATERAL";0;"1";"0";"0";"0";"1";"0";"0";"0";"1";"0";"Cruzamento";"Bom";"Não existe";"Perfeito estado";"Seca";"Perfeito estado";"Faixa de pedestre";"R-6a";"";"Dupla";"Não existe";"";""
"7003";2021-03-25;"14:18:00";"COM VÍTIMA";"FINALIZADA";"FUNDÃO";"RUA DO MACHADO";"862";"RUA MANOEL SILVA";"NA RUA DOS IRRESPONSÁVEIS";"FUNDÃO";"";"SUBURBIO";"COLISÃO LATERAL";1;"1";"0";"0";"0";"0";"0";"0";"0";"1";"0";"Cruzamento";"Bom";"Não existe";"Perfeito estado";"Seca";"Perfeito estado";"Faixa de pedestre";"Não há placas";"30 km/h";"Dupla";"Faixa seccionada";"";""
"7004";2021-03-25;"15:54:00";"COM VÍTIMA";"FINALIZADA";"GRAÇAS";"RUA QUARENTA E OITO";"";"RUA CONS PORTELA";"FARMACIA PAGUE MENOS";"GRAÇAS";"11";"CIDADE";"COLISÃO TRANSVERSAL";1;"1";"0";"0";"0";"0";"0";"0";"0";"2";"0";"Cruzamento";"Bom";"Com defeito";"Incompleta";"Seca";"Perfeito estado";"Faixa de pedestre";"Não há placas";"30 km/h";"Única";"Faixa seccionada";"";""
"7005";2021-03-25;"18:12:00";"COM VÍTIMA";"FINALIZADA";"PINA";"AV ANTONIO DE GOES";"";"";"PROXIMO AO JCPM";"PINA";"";"CIDADE";"COLISÃO LATERAL";1;"1";"0";"0";"0";"0";"0";"0";"0";"2";"0";"Longo da via";"Bom";"Não existe";"Perfeito estado";"Seca";"Perfeito estado";"Não existe";"Não há placas";"60 km/h";"Única";"Faixa seccionada";"Canteiro central";""
"7006";2021-03-26;"09:37:00";"SEM VÍTIMA";"FINALIZADA";"SANTO AMARO";"RUA DOIS DE JULHO";"392";"AV CRUZ CABUGA";"";"SANTO AMARO";"";"";"";1;"0";"0";"0";"0";"0";"0";"1";"0";"0";"0";"Longo da via";"Bom";"Não existe";"Perfeito estado";"Seca";"Perfeito estado";"Outros";"Outras";"30 km/h";"Dupla";"Não existe";"";""
"7007";2021-03-26;"11:32:00";"COM VÍTIMA";"FINALIZADA";"IBURA";"RUA RIO XINGU";"";"AV DOIS RIOS";"EM FRENTE AO POSTO BR";"IBURA";"351";"SUBURBIO";"COLISÃO TRANSVERSAL";1;"1";"0";"0";"0";"0";"0";"0";"0";"1";"0";"Cruzamento";"Bom";"Sem defeito";"Perfeito estado";"Seca";"Perfeito estado";"Faixa de pedestre";"Não há placas";"";"Dupla";"";"";""
"7008";2021-03-26;"11:50:00";"COM VÍTIMA";"FINALIZADA";"BOA VIAGEM";"RUA PROFESSOR JOSE BRANDAO";"410";"RUA FRANCISCO DA CUNHA";"EM FRENTE  AO EMPRESARIAL MASTER";"BOA VIAGEM";"";"SUBURBIO";"COLISÃO TRANSVERSAL";2;"0";"0";"0";"0";"0";"0";"0";"0";"1";"0";"Cruzamento";"Bom";"Não existe";"Perfeito estado";"Seca";"Perfeito estado";"Faixa de retenção";"Placas ""Pare""";"";"Única";"Faixa seccionada";"";""
"7009";2021-03-26;"14:57:00";"COM VÍTIMA";"FINALIZADA";"AFOGADOS";"RUA COSME VIANA";"245";"RUA TRES DE AGOSTO";"PRÓX AO HOTEL EROS";"AFOGADOS";"525";"SUBURBIO";"COLISÃO TRANSVERSAL";1;"1";"0";"0";"0";"0";"0";"0";"0";"1";"0";"Cruzamento";"Bom";"Sem defeito";"Perfeito estado";"Seca";"Perfeito estado";"Faixa de pedestre";"Outras";"40 km/h";"Única";"Faixa contínua";"Faixa seccionada";""
"7010";2021-03-27;"03:20:00";"COM VÍTIMA";"FINALIZADA";"ESPINHEIRO";"AV CONS ROSA E SILVA";"767";"RUA ANTENOR NAVARRO";"EM FRENTE AO PONTO DO AÇAI";"ESPINHEIRO";"522";"SUBURBIO";"COLISÃO TRANSVERSAL";1;"1";"0";"0";"0";"0";"0";"0";"0";"1";"0";"Cruzamento";"Bom";"Sem defeito";"Perfeito estado";"Seca";"Perfeito estado";"Faixa de pedestre";"Placas ""Pare""";"40 km/h";"Única";"Faixa seccionada";"";""
"7011";2021-03-27;"15:17:00";"COM VÍTIMA";"CANCELADA";"JIQUIÁ";"AV DR JOSE RUFINO";"";"RUA MORAIS E SILVA";"PROX AO VIADUTO DA AV RECIFE  S/T AFOGADOS";"JIQUIÁ";"";"";"COLISÃO FRONTAL";1;"1";"0";"0";"0";"0";"0";"0";"0";"1";"0";"";"";"";"";"";"";"";"";"";"";"";"";""
"7012";2021-03-27;"17:00:00";"COM VÍTIMA";"FINALIZADA";"TEJIPIÓ";"AV DR JOSE RUFINO";"441";"RUA IGUACU";"NO SEMAFORO  285 SENTIDO JABOATAO. EM FRENTE A PADARIA PONTO DO TRIGO / FÁBRICA DA PADARIA.";"TEJIPIÓ";"285";"SUBURBIO";"COLISÃO COM CICLISTA";1;"0";"0";"1";"0";"0";"0";"0";"0";"1";"0";"Longo da via";"Bom";"Sem defeito";"Perfeito estado";"Seca";"Mal iluminada";"Faixa de pedestre";"Outras";"50 km/h";"Dupla";"Faixa contínua";"";""
"7013";2021-03-27;"20:11:00";"COM VÍTIMA";"FINALIZADA";"CASA AMARELA";"EST DAS UBAIAS";"20";"RUA CONS NABUCO";"E/F AO POSTO BR E PRÓX AO BOMPREÇO // SEMÁFORO 655";"CASA AMARELA";"655";"SUBURBIO";"COLISÃO TRANSVERSAL";1;"1";"0";"0";"0";"0";"0";"0";"0";"1";"0";"Cruzamento";"Bom";"Sem defeito";"Perfeito estado";"Seca";"Perfeito estado";"Faixa de pedestre";"";"";"Dupla";"Faixa contínua";"";""
"7014";2021-03-27;"21:16:40";"COM VÍTIMA";"FINALIZADA";"CAMPO GRANDE";"EST DE BELEM";"1217";"RUA ODORICO MENDES";"ENTRE A EXTRA FARMA E DROGASIL / E/F AO COLÉGIO JESUS CRUCIFICADO";"CAMPO GRANDE";"26";"";"COLISÃO TRASEIRA";1;"1";"0";"0";"0";"0";"0";"0";"0";"1";"0";"Longo da via";"Chuvoso";"Sem defeito";"Perfeito estado";"Molhada";"Perfeito estado";"Faixa de pedestre";"";"";"Dupla";"Faixa contínua";"";""
"7015";2021-03-28;"06:15:00";"COM VÍTIMA";"FINALIZADA";"PINA";"AVENIDA CELSO FURTADO (VIA MANGUE)";"";"";"LADO  OPOSTO AO AERO CLUBE";"PINA";"";"SUBURBIO";"CHOQUE";0;"1";"0";"0";"0";"0";"0";"0";"0";"1";"0";"Longo da via";"Bom";"Não existe";"";"";"";"Não existe";"R-6a";"";"Dupla";"";"";""
"7016";2021-03-28;"14:41:00";"COM VÍTIMA";"FINALIZADA";"DERBY";"AV GOVERNADOR AGAMENON MAGALHAES";"";"RUA HENRIQUE DIAS";"NO CRUZAMENTO EM BAIXO DO SEMAFORO 068";"DERBY";"68";"BOA VIAGEM";"COLISÃO TRANSVERSAL";1;"1";"0";"0";"0";"0";"0";"0";"0";"1";"0";"Cruzamento";"Bom";"Sem defeito";"Perfeito estado";"Seca";"Perfeito estado";"Faixa de pedestre";"Outras";"60 km/h";"";"Faixa contínua";"Faixa seccionada";"Canteiro central"
"7017";2021-03-28;"15:36:00";"COM VÍTIMA";"FINALIZADA";"SANTO AMARO";"AV GOVERNADOR AGAMENON MAGALHAES";"1101";"AV JOAO DE BARROS";"PRÓX AO POSTO BR - QUITANDARIA (AV. JOAO DE BARROS)";"SANTO AMARO";"";"CIDADE";"COLISÃO LATERAL";1;"1";"0";"0";"0";"0";"0";"0";"0";"1";"0";"Esquina";"Bom";"Não existe";"Perfeito estado";"Seca";"Perfeito estado";"Não existe";"Outras";"";"Única";"Faixa seccionada";"";""
"7018";2021-03-28;"17:22:00";"COM VÍTIMA";"FINALIZADA";"BOA VIAGEM";"AV CONSELHEIRO AGUIAR";"4784";"RUA RIBEIRO DE BRITO";"PXB4D39 X PGW4036";"BOA VIAGEM";"147";"";"COLISÃO LATERAL";2;"0";"0";"0";"0";"0";"0";"0";"0";"3";"0";"Cruzamento";"Bom";"Sem defeito";"Perfeito estado";"Seca";"Perfeito estado";"Faixa de pedestre";"Não há placas";"";"Única";"Faixa seccionada";"";""
"7019";2021-03-28;"19:43:00";"COM VÍTIMA";"FINALIZADA";"BONGI";"RUA PROFESSOR CELESTIN MALZAC";"42";"";"EM FRENTE A FACULDADE NOVA ROMA";"BONGI";"";"CIDADE";"COLISÃO TRANSVERSAL";1;"1";"0";"0";"0";"0";"0";"0";"0";"1";"0";"Longo da via";"Bom";"Não existe";"Incompleta";"Seca";"";"Não existe";"Não há placas";"";"Dupla";"Não existe";"";""
"7020";2021-03-29;"09:24:00";"COM VÍTIMA";"FINALIZADA";"MONTEIRO";"RUA DE APIPUCOS";"117";"RUA DOM MALAN";"";"MONTEIRO";"";"SUBURBIO";"COLISÃO TRANSVERSAL";1;"1";"0";"0";"0";"0";"0";"0";"0";"1";"0";"Longo da via";"Bom";"Não existe";"Perfeito estado";"Seca";"Perfeito estado";"Não existe";"R-6a";"";"Dupla";"Faixa contínua";"";""
"7021";2021-03-29;"09:47:00";"COM VÍTIMA";"FINALIZADA";"VÁRZEA";"RUA ACADEMICO HELIO RAMOS";"304";"";"PROX. A UNIVER. FEDERAL, JUNTO A GRADE";"VÁRZEA";"";"SUBURBIO";"COLISÃO TRASEIRA";1;"1";"0";"0";"0";"0";"0";"0";"0";"1";"0";"Longo da via";"Bom";"Sem defeito";"Perfeito estado";"Seca";"Perfeito estado";"Não existe";"Não há placas";"30 km/h";"";"Faixa seccionada";"";""
"7022";2021-03-29;"11:55:00";"COM VÍTIMA";"FINALIZADA";"SANTO AMARO";"AV VISCONDE DE SUASSUNA";"";"RUA DO HOSPICIO";"ESQUINA COM O CENTRO CULTURAL ROSSINI ALVES COUTO";"SANTO AMARO";"32";"CIDADE";"COLISÃO LATERAL";1;"0";"1";"0";"0";"0";"0";"0";"0";"1";"0";"Cruzamento";"Bom";"Sem defeito";"Perfeito estado";"Seca";"Perfeito estado";"Faixa de pedestre";"Não há placas";"40 km/h";"Dupla";"Não existe";"";""
"7023";2021-03-29;"13:33:00";"COM VÍTIMA";"CANCELADA";"BEBERIBE";"AV BEBERIBE";"4215";"";"";"BEBERIBE";"";"";"COLISÃO FRONTAL";1;"1";"0";"0";"0";"0";"0";"0";"0";"1";"0";"";"";"";"";"";"";"";"";"";"";"";"";""
"7024";2021-03-29;"17:04:00";"COM VÍTIMA";"FINALIZADA";"CORDEIRO";"RUA DR MIGUEL VIEIRA FERREIRA";"1625";"RUA IPINIRAS";"PROX A ANTIGA RUA DA LAMA S/T  SUDENE   NO SEMAFORO 566";"CORDEIRO";"";"SUBURBIO";"COLISÃO TRANSVERSAL";1;"1";"0";"0";"0";"0";"0";"0";"0";"1";"0";"Esquina";"Bom";"Não existe";"Não existente";"Seca";"Perfeito estado";"";"";"";"Dupla";"Não existe";"";""
"7025";2021-03-29;"19:54:00";"COM VÍTIMA";"CANCELADA";"ILHA DO LEITE";"AV GOVERNADOR AGAMENON MAGALHAES";"4575";"";"E/F AO EMPRESARIAL NASSAU (VIA LOCAL) // SENTIDO OLINDA";"ILHA DO LEITE";"69";"";"ENGAVETAMENTO";4;"0";"0";"0";"0";"0";"0";"0";"0";"3";"0";"";"";"";"";"";"";"";"";"";"";"";"";""
"7026";2021-03-29;"22:34:40";"SEM VÍTIMA";"FINALIZADA";"MADALENA";"AV BEIRA RIO";"";"RUA JOSE OSORIO";"COM A RUA JOSÉ OSORIO";"MADALENA";"327";"";"COLISÃO TRASEIRA";1;"0";"0";"0";"0";"0";"0";"1";"0";"0";"0";"";"";"";"";"";"";"";"";"";"";"";"";""
"7027";2021-03-30;"05:13:00";"COM VÍTIMA";"FINALIZADA";"IPUTINGA";"AV CAXANGA";"";"RUA MANOEL JOAQUIM DE ALMEIDA";"LADO OPOSTO AO BIG BOMPREÇO";"IPUTINGA";"533";"CIDADE";"COLISÃO COM CICLISTA";0;"1";"0";"1";"0";"0";"0";"0";"0";"1";"0";"Cruzamento";"Chuvoso";"Sem defeito";"Perfeito estado";"Molhada";"Perfeito estado";"Faixa de pedestre";"Outras";"";"Única";"Outros";"";""
"7028";2021-03-30;"08:06:00";"COM VÍTIMA";"FINALIZADA";"IMBIRIBEIRA";"AV MARECHAL MASCARENHAS DE MORAES";"";"";"EM FRENTE A FACULDADE PERNAMBUCANA DE SAUDE";"IMBIRIBEIRA";"530";"CIDADE";"COLISÃO TRASEIRA";1;"1";"0";"0";"0";"0";"0";"0";"0";"1";"0";"Longo da via";"Nublado";"Sem defeito";"Perfeito estado";"Molhada";"Perfeito estado";"Faixa de pedestre";"Outras";"";"Única";"Faixa seccionada";"Canteiro central";""
"7029";2021-03-30;"12:40:00";"COM VÍTIMA";"FINALIZADA";"BOA VIAGEM";"RUA VISCONDE DE JEQUITINHONHA";"1656";"";"";"BOA VIAGEM";"158";"SUBURBIO";"ATROPELAMENTO DE PESSOA";0;"1";"0";"0";"1";"0";"0";"0";"0";"1";"0";"Longo da via";"Bom";"Sem defeito";"Perfeito estado";"Seca";"Perfeito estado";"Faixa de pedestre";"Outras";"60 km/h";"Única";"Faixa seccionada";"";""
"7030";2021-03-30;"18:13:00";"COM VÍTIMA";"FINALIZADA";"IMBIRIBEIRA";"AV SUL";"";"";"POR TRÁS DA LOJA GRILHO  / PRÓX  A ESTAÇÃO IMBIRIBEIRA";"IMBIRIBEIRA";"";"SUBURBIO";"ATROPELAMENTO DE PESSOA";1;"0";"0";"0";"1";"0";"0";"0";"0";"1";"0";"Longo da via";"Bom";"Não existe";"Perfeito estado";"Seca";"Perfeito estado";"Não existe";"Não há placas";"30 km/h";"Dupla";"Não existe";"";""
"7031";2021-03-31;"08:51:00";"COM VÍTIMA";"FINALIZADA";"CASA AMARELA";"RUA CONS NABUCO";"151";"RUA EVARISTO DA VEIGA";"EDIF. SOLAR TRINDADE";"CASA AMARELA";"285";"CIDADE";"COLISÃO TRANSVERSAL";1;"1";"0";"0";"0";"0";"0";"0";"0";"2";"0";"Longo da via";"Bom";"Sem defeito";"Perfeito estado";"Seca";"Mal iluminada";"Faixa de pedestre";"Outras";"50 km/h";"Dupla";"Faixa contínua";"";""
"7032";2021-03-31;"15:32:00";"SEM VÍTIMA";"FINALIZADA";"DERBY";"AV GOVERNADOR AGAMENON MAGALHAES";"";"";"SOB O SEMÁFORO Nº 075 / SENTIDO SUL";"DERBY";"75";"CIDADE";"";1;"1";"0";"0";"0";"0";"0";"0";"0";"0";"0";"Cruzamento";"Bom";"Sem defeito";"Perfeito estado";"Seca";"Perfeito estado";"Agente";"";"60 km/h";"Dupla";"Canal";"";""
"7033";2021-03-31;"16:15:00";"COM VÍTIMA";"FINALIZADA";"BREJO DA GUABIRABA";"AV VEREADOR OTACILIO AZEVEDO";"30 B";"RUA SENHOR DO BONFIM";"E/F A GARAGEM DA GLOBO  S/T  SUB";"BREJO DA GUABIRABA";"";"";"COLISÃO LATERAL";1;"1";"0";"0";"0";"0";"0";"0";"0";"2";"0";"Longo da via";"Bom";"Não existe";"Não existente";"Seca";"Perfeito estado";"Não existe";"Não há placas";"";"Dupla";"Não existe";"";""
"7034";2021-03-31;"17:05:00";"COM VÍTIMA";"FINALIZADA";"MADALENA";"AV VISCONDE DE ALBUQUERQUE";"620";"";"PROXIMO A ESQUINA DA RUA DR. ARTHUR GONÇALVES; Hospital D'Ávila";"MADALENA";"";"SUBURBIO";"COLISÃO TRASEIRA";1;"1";"0";"0";"0";"0";"0";"0";"0";"1";"0";"Longo da via";"Bom";"Não existe";"Perfeito estado";"Seca";"Perfeito estado";"Não existe";"Não há placas";"30 km/h";"Única";"Faixa seccionada";"";""
"7035";2021-03-31;"17:39:00";"COM VÍTIMA";"FINALIZADA";"PAISSANDU";"AV GOVERNADOR AGAMENON MAGALHAES";"";"RUA GENERAL JOAQUIM INACIO";"E/F AO BANCO SAFRA  PROX AO HOSPITAL PORTUGUES";"PAISSANDU";"69";"OLINDA";"COLISÃO LATERAL";1;"1";"0";"0";"0";"0";"0";"0";"0";"1";"0";"Cruzamento";"Bom";"Sem defeito";"Perfeito estado";"Seca";"Perfeito estado";"Agente";"R-19";"60 km/h";"Dupla";"Canteiro central";"";""
"7036";2021-03-31;"19:57:00";"COM VÍTIMA";"FINALIZADA";"SAN MARTIN";"AV RECIFE";"";"AV JOAO CABRAL DE MELO NETO";"CRUZAMENTO COM  A AV JOÃO CABRAL DE MELO NETO";"SAN MARTIN";"259";"SUBURBIO";"COLISÃO TRASEIRA";1;"1";"0";"0";"0";"0";"0";"0";"0";"1";"0";"Longo da via";"Bom";"Sem defeito";"Perfeito estado";"Seca";"Perfeito estado";"Faixa de pedestre";"R-4a";"";"Dupla";"Canteiro central";"Blocos";""
"7037";2021-04-01;"00:14:00";"COM VÍTIMA";"CANCELADA";"IBURA";"RUA JORNALISTA EDSON REGIS";"";"";"EM FRENTE A FABRICA DA FREVO REFRIGERANTES";"IBURA";"";"";"COLISÃO LATERAL";1;"1";"0";"0";"0";"0";"0";"0";"0";"1";"0";"";"";"";"";"";"";"";"";"";"";"";"";""
"7038";2021-04-01;"07:09:00";"COM VÍTIMA";"FINALIZADA";"IMBIRIBEIRA";"AV MARECHAL MASCARENHAS DE MORAES";"4900";"";"EM FRENTE A FACULDADE PERNAMBUCANA DE SAUDE";"IMBIRIBEIRA";"531";"SUBURBIO";"COLISÃO TRASEIRA";1;"1";"0";"0";"0";"0";"0";"0";"0";"1";"0";"Longo da via";"Bom";"Sem defeito";"Perfeito estado";"Seca";"Perfeito estado";"Faixa de pedestre";"R-6a";"60 km/h";"Dupla";"Faixa contínua";"Faixa seccionada";"Canteiro central"
"7039";2021-04-01;"10:58:00";"COM VÍTIMA";"FINALIZADA";"SANTO ANTÔNIO";"AV MARTINS DE BARROS";"";"RUA SIQUEIRA CAMPOS";"";"SANTO ANTÔNIO";"";"";"COLISÃO TRASEIRA";1;"2";"0";"0";"0";"0";"0";"0";"0";"1";"0";"Cruzamento";"Bom";"Não existe";"Perfeito estado";"Seca";"Perfeito estado";"Não existe";"Não há placas";"40 km/h";"Única";"Faixa seccionada";"";""
"7040";2021-04-01;"19:19:00";"COM VÍTIMA";"FINALIZADA";"BARRO";"AV DR JOSE RUFINO";"2342";"RUA CAPITAO PONCIANO";"PRÓXIMO DA IGREJA DO BARRO";"BARRO";"";"CIDADE";"COLISÃO TRASEIRA";1;"1";"0";"0";"0";"0";"0";"0";"0";"1";"0";"Cruzamento";"Bom";"Não existe";"Incompleta";"Seca";"Perfeito estado";"Não existe";"Outras";"40 km/h";"Dupla";"Faixa contínua";"";""
"7041";2021-04-01;"19:43:00";"SEM VÍTIMA";"FINALIZADA";"SANTO ANTÔNIO";"RUA DA CONCORDIA";"";"PRC SERGIO LORETO";"";"SANTO ANTÔNIO";"408";"";"CHOQUE";1;"0";"0";"0";"0";"0";"1";"0";"0";"0";"0";"";"";"";"";"";"";"";"";"";"";"";"";""
"7042";2021-04-01;"21:22:40";"COM VÍTIMA";"FINALIZADA";"MADALENA";"RUA PESSOA DE MELO";"";"";"PRC EÇA DE QUEIROZ, EM FRENTE AO BEERDOCK";"MADALENA";"";"SUBURBIO";"COLISÃO FRONTAL";1;"1";"0";"0";"0";"0";"0";"0";"0";"1";"0";"Cruzamento";"Chuvoso";"Não existe";"Perfeito estado";"Molhada";"Perfeito estado";"Faixa de pedestre";"Não há placas";"40 km/h";"Única";"";"";""
"7043";2021-04-02;"09:25:00";"SEM VÍTIMA";"FINALIZADA";"CAXANGÁ";"AV CAXANGA";"";"RUA CLAUDIO BROTHERHOOD";"";"CAXANGÁ";"235";"";"SEMÁFORO";0;"0";"0";"0";"0";"0";"0";"0";"0";"0";"0";"";"";"";"";"";"";"";"";"";"";"";"";""
"7044";2021-04-02;"11:03:00";"SEM VÍTIMA";"FINALIZADA";"CAXANGÁ";"AV CAXANGA";"";"RUA CLAUDIO BROTHERHOOD";"";"CAXANGÁ";"235";"";"SEMÁFORO";0;"0";"0";"0";"0";"0";"0";"0";"0";"0";"0";"";"";"";"";"";"";"";"";"";"";"";"";""
"7045";2021-04-02;"12:24:00";"SEM VÍTIMA";"FINALIZADA";"CORDEIRO";"AV CAXANGA";"";"RUA CLAUDIO BROTHERHOOD";"";"CORDEIRO";"235";"";"SEMÁFORO";0;"0";"0";"0";"0";"0";"0";"0";"0";"0";"0";"";"";"";"";"";"";"";"";"";"";"";"";""
"7046";2021-04-02;"20:46:00";"COM VÍTIMA";"CANCELADA";"BOA VISTA";"AV GOVERNADOR AGAMENON MAGALHAES";"";"RUA DR LEOPOLDO LINS";"CRUZAMENTO C/A RUA DR LEOPOLDO LINS - SENTIDO OLINDA";"BOA VISTA";"78";"SUBURBIO";"COLISÃO LATERAL";0;"0";"0";"0";"0";"0";"0";"0";"0";"1";"0";"";"";"";"";"";"";"";"";"";"";"";"";""
"7047";2021-04-02;"21:22:40";"COM VÍTIMA";"FINALIZADA";"TORRE";"RUA JOSE BONIFACIO";"";"RUA CONDE DE IRAJA";"CRUZAMENTO DA RUA JOSE BONIFACIO COM CONDE DE IRAJA";"TORRE";"191";"SUBURBIO";"COLISÃO COM CICLISTA";1;"0";"0";"1";"0";"0";"0";"0";"0";"1";"0";"Cruzamento";"Bom";"Sem defeito";"Perfeito estado";"Seca";"Perfeito estado";"Faixa de pedestre";"";"40 km/h";"Única";"";"";""
"7048";2021-04-03;"09:47:00";"COM VÍTIMA";"FINALIZADA";"CAMPO GRANDE";"EST DE BELEM";"";"RUA JERONIMO VILELA";"EM FRENTE AO COLEGIO JESUS CRUCIFICADO";"CAMPO GRANDE";"";"";"COLISÃO LATERAL";1;"1";"0";"0";"0";"0";"0";"0";"0";"2";"0";"";"";"";"";"";"";"";"";"";"";"";"";""
"7049";2021-04-03;"10:31:00";"COM VÍTIMA";"FINALIZADA";"SANTO AMARO";"AV CRUZ CABUGA";"";"";"EM FRENTE A SANTA CASA";"SANTO AMARO";"474";"CIDADE";"COLISÃO TRASEIRA";1;"1";"0";"0";"0";"0";"0";"0";"0";"1";"0";"Longo da via";"Bom";"Sem defeito";"Perfeito estado";"Seca";"Perfeito estado";"Faixa de retenção";"Outras";"";"Dupla";"Blocos";"";""
"7050";2021-04-03;"15:20:00";"SEM VÍTIMA";"FINALIZADA";"BOA VISTA";"AV GOVERNADOR AGAMENON MAGALHAES";"";"";"EM FRENTE A PARADA DE ÔNIBUS Nº 180184";"BOA VISTA";"";"SUBURBIO";"COLISÃO TRASEIRA";2;"0";"0";"0";"0";"0";"0";"0";"0";"0";"0";"Longo da via";"Bom";"Sem defeito";"Perfeito estado";"Seca";"Perfeito estado";"Faixa de pedestre";"";"60 km/h";"Dupla";"Canteiro central";"";""
"7051";2021-04-03;"18:17:00";"COM VÍTIMA";"FINALIZADA";"CORDEIRO";"AV GENERAL SAN MARTIN";"67";"RUA GOMES TABORDA";"";"CORDEIRO";"767";"SUBURBIO";"COLISÃO FRONTAL";1;"1";"0";"0";"0";"0";"0";"0";"0";"1";"0";"Cruzamento";"Bom";"Sem defeito";"Perfeito estado";"Seca";"Perfeito estado";"Faixa de pedestre";"Não há placas";"60 km/h";"Dupla";"Faixa contínua";"";""
"7052";2021-04-03;"20:59:00";"SEM VÍTIMA";"FINALIZADA";"VÁRZEA";"RUA PROFESSOR ANTONIO COELHO";"477";"RUA EMILIANO BRAGA";"TERMINAL DE ÔNIBUS DE PASSAGEIRO ( CDU)";"VÁRZEA";"";"SUBURBIO";"COLISÃO TRANSVERSAL";1;"0";"0";"0";"0";"1";"0";"0";"0";"0";"0";"Cruzamento";"Bom";"Não existe";"Perfeito estado";"Seca";"Perfeito estado";"Faixa de retenção";"Placas ""Pare""";"";"Única";"";"";""
"7053";2021-04-04;"11:56:00";"COM VÍTIMA";"FINALIZADA";"TAMARINEIRA";"RUA CONEGO BARATA";"";"";"AO LADO DA FERREIRA COSTA";"TAMARINEIRA";"";"SUBURBIO";"CHOQUE";0;"1";"0";"0";"0";"0";"0";"0";"0";"1";"0";"Longo da via";"Bom";"Não existe";"Não existente";"Seca";"Outros";"Não existe";"Não há placas";"";"Única";"Não existe";"";""
"7054";2021-04-05;"06:30:00";"SEM VÍTIMA";"FINALIZADA";"PINA";"RUA ARQUITETO AUGUSTO REINALDO";"";"";"EM FRENTE AO ATACADO DA CONSTRUÇAO";"PINA";"";"";"COLISÃO LATERAL";1;"0";"0";"0";"0";"0";"0";"1";"0";"0";"0";"";"";"";"";"";"";"";"";"";"";"";"";""
"7055";2021-04-05;"14:34:00";"COM VÍTIMA";"FINALIZADA";"ÁGUA FRIA";"AV BEBERIBE";"1824";"EST VELHA DE AGUA FRIA";"EM FRENTE A FEIRA NOVA DE ÁGUA FRIA";"ÁGUA FRIA";"405";"CIDADE";"COLISÃO COM CICLISTA";0;"0";"0";"1";"0";"0";"1";"0";"0";"1";"0";"Longo da via";"Bom";"Sem defeito";"Perfeito estado";"Seca";"Perfeito estado";"Faixa de pedestre";"Outras";"30 km/h";"Dupla";"Faixa contínua";"";""
"7056";2021-04-05;"15:16:00";"SEM VÍTIMA";"FINALIZADA";"CASA AMARELA";"RUA DA HARMONIA";"322";"";"CONDOMÍNIO ALMEIDA HARMONIA";"CASA AMARELA";"598";"SUBURBIO";"COLISÃO TRASEIRA";2;"0";"0";"0";"0";"0";"0";"0";"0";"0";"0";"Longo da via";"Bom";"Sem defeito";"Perfeito estado";"Seca";"Perfeito estado";"Não existe";"";"";"Dupla";"Faixa seccionada";"";""
"7057";2021-04-05;"16:21:00";"SEM VÍTIMA";"FINALIZADA";"TORRÕES";"RUA ZUMBI DOS PALMARES";"";"RUA EDVALDO MARANHAO FERREIRA";"UNIDADE DE SAUDE DA FAMILIA COSIROF";"TORRÕES";"";"SUBURBIO";"COLISÃO TRASEIRA";1;"0";"0";"0";"0";"0";"0";"0";"0";"0";"0";"Cruzamento";"Bom";"Não existe";"Não existente";"Seca";"Perfeito estado";"Não existe";"R-6a";"30 km/h";"Dupla";"Não existe";"";""
"7058";2021-04-05;"21:19:40";"COM VÍTIMA";"FINALIZADA";"ILHA JOANA BEZERRA";"VIADUTO CAPITAO TEMUDO";"";"";"EM CIMA DO VIADUTO CAPITÃO TEMUDO";"ILHA JOANA BEZERRA";"";"BOA VIAGEM";"COLISÃO TRASEIRA";1;"1";"0";"0";"0";"0";"0";"0";"0";"2";"0";"Viaduto";"Bom";"Não existe";"Perfeito estado";"Seca";"Perfeito estado";"Não existe";"Não há placas";"60 km/h";"Dupla";"Faixa seccionada";"";""
"7059";2021-04-06;"08:13:00";"COM VÍTIMA";"FINALIZADA";"CORDEIRO";"AV CAXANGA";"2957";"";"SENT. CIDADE";"CORDEIRO";"";"CIDADE";"COLISÃO TRASEIRA";1;"1";"0";"0";"0";"0";"0";"0";"0";"1";"0";"Longo da via";"Bom";"Não existe";"Perfeito estado";"Seca";"Perfeito estado";"Não existe";"R-6a";"";"Dupla";"Canteiro central";"";""