"";"data";"hora";"natureza_acidente";"situacao";"bairro";"endereco";"numero";"detalhe_endereco_acidente";"complemento";"bairro_cruzamento";"num_semaforo";"sentido_via";"tipo";"auto";"moto";"ciclom";"ciclista";"pedestre";"onibus";"caminhao";"viatura";"outros";"vitimas";"vitimasfatais";"acidente_verificado";"tempo_clima";"situacao_semaforo";"sinalizacao";"condicao_via";"conservacao_via";"ponto_controle";"situacao_placa";"velocidade_max_via";"mao_direcao";"divisao_via1";"divisao_via2";"divisao_via3"
"7307";2021-05-13;"15:41:00";"SEM VÍTIMA";"FINALIZADA";"BOA VISTA";"RUA BISPO CARDOSO AYRES";"";"RUA DO PRINCIPE";"MONITORAMENTO EM PONTO DE ALAGAMENTO";"BOA VISTA";"";"";"ALAGAMENTO";0;"0";"0";"0";"0";"0";"0";"0";"0";"0";"0";"";"";"";"";"";"";"";"";"";"";"";"";""
"7308";2021-05-13;"16:07:00";"SEM VÍTIMA";"FINALIZADA";"BOA VISTA";"RUA BISPO CARDOSO AYRES";"";"RUA DO PRINCIPE";"MONITORAMENTO EM PONTO DE ALAGAMENTO";"BOA VISTA";"";"";"ALAGAMENTO";0;"0";"0";"0";"0";"0";"0";"0";"0";"0";"0";"";"";"";"";"";"";"";"";"";"";"";"";""
"7309";2021-05-13;"17:04:00";"SEM VÍTIMA";"CANCELADA";"BOA VISTA";"RUA BISPO CARDOSO AYRES";"";"RUA DO PRINCIPE";"MONITORAMENTO EM PONTO DE ALAGAMENTO";"BOA VISTA";"";"";"ALAGAMENTO";0;"0";"0";"0";"0";"0";"0";"0";"0";"0";"0";"";"";"";"";"";"";"";"";"";"";"";"";""
"7310";2021-05-14;"18:00:00";"COM VÍTIMA";"FINALIZADA";"PRADO";"RUA SANTA EDWIRGES";"";"AV ENGENHEIRO ABDIAS DE CARVALHO";"SEMÁFORO 354";"PRADO";"354";"CIDADE";"COLISÃO LATERAL";1;"1";"0";"0";"0";"0";"0";"0";"0";"1";"0";"Cruzamento";"Chuvoso";"Com defeito";"Perfeito estado";"Molhada";"Perfeito estado";"Faixa de pedestre";"Outras";"";"Única";"Não existe";"";""
"7311";2021-05-14;"19:12:00";"SEM VÍTIMA";"FINALIZADA";"BOMBA DO HEMETÉRIO";"RUA BOMBA DO HEMETERIO";"405[";"";"E/F A fUNERARIA BOMBA DO HEMETEIRO E CONSULTÓRIOS MÉDICOS";"BOMBA DO HEMETÉRIO";"";"";"COLISÃO LATERAL";0;"0";"0";"0";"0";"0";"0";"0";"0";"0";"0";"";"";"";"";"";"";"";"";"";"";"";"";""
"7312";2021-05-14;"19:36:00";"SEM VÍTIMA";"EVADIU-SE";"CASA AMARELA";"AV NORTE";"";"";"SEMÁFORO  643 / E/F AO POSTO BR E PRÓX AO SESC";"CASA AMARELA";"";"";"COLISÃO FRONTAL";2;"0";"0";"0";"0";"0";"0";"0";"0";"0";"0";"";"";"";"";"";"";"";"";"";"";"";"";""
"7313";2021-05-15;"11:09:00";"COM VÍTIMA";"FINALIZADA";"BOA VIAGEM";"RUA JOAQUIM BANDEIRA";"";"RUA SARGENTO SILVINO DE MACEDO";"HOTEL PRAIA SUL";"BOA VIAGEM";"";"";"COLISÃO TRANSVERSAL";1;"1";"0";"0";"0";"0";"0";"0";"0";"1";"0";"";"";"";"";"";"";"";"";"";"";"";"";""
"7314";2021-05-15;"13:00:00";"COM VÍTIMA";"FINALIZADA";"ÁGUA FRIA";"RUA MANOEL SILVA";"233";"";"PRÓX AO EMPÓRIO DA CERVEJA";"ÁGUA FRIA";"";"";"COLISÃO LATERAL";2;"0";"0";"0";"0";"0";"0";"0";"0";"1";"0";"";"";"";"";"";"";"";"";"";"";"";"";""
"7315";2021-05-15;"14:03:00";"COM VÍTIMA";"FINALIZADA";"CAXANGÁ";"AV CAXANGA";"";"";"PRÓX À UPA";"CAXANGÁ";"";"CIDADE";"COLISÃO TRASEIRA";1;"1";"0";"0";"0";"0";"0";"0";"0";"1";"0";"Longo da via";"Bom";"Sem defeito";"Perfeito estado";"Seca";"Perfeito estado";"Não existe";"Não há placas";"";"Dupla";"Canteiro central";"";""
"7316";2021-05-15;"14:35:00";"COM VÍTIMA";"FINALIZADA";"CAMPO GRANDE";"EST DE BELEM";"1099";"";"ASSEMBLEIA DE DEUS";"CAMPO GRANDE";"";"CIDADE";"COLISÃO TRASEIRA";0;"1";"0";"0";"0";"1";"0";"0";"0";"1";"0";"Longo da via";"Bom";"Não existe";"Perfeito estado";"Seca";"Perfeito estado";"Não existe";"Outras";"";"Dupla";"Faixa contínua";"Faixa seccionada";""
"7317";2021-05-15;"15:13:00";"COM VÍTIMA";"FINALIZADA";"IBURA";"AV RECIFE";"2240";"";"EM FRENTE AO PERNAMBUCO GÁS";"IBURA";"";"CIDADE";"COLISÃO TRASEIRA";1;"1";"0";"0";"0";"0";"0";"0";"0";"1";"0";"Longo da via";"Bom";"Sem defeito";"Perfeito estado";"Seca";"Perfeito estado";"Outros";"Outras";"60 km/h";"Dupla";"Canteiro central";"";""
"7318";2021-05-15;"15:28:00";"COM VÍTIMA";"FINALIZADA";"PONTO DE PARADA";"RUA COUTO MAGALHAES";"176";"";"PRÓX à PADARIA DO ÍNDIO";"PONTO DE PARADA";"";"SUBURBIO";"COLISÃO TRASEIRA";2;"0";"0";"0";"0";"0";"0";"0";"0";"3";"0";"Longo da via";"Bom";"Não existe";"Não existente";"Seca";"Perfeito estado";"Não existe";"Não há placas";"";"Dupla";"Não existe";"";""
"7319";2021-05-15;"15:40:00";"COM VÍTIMA";"FINALIZADA";"SANTO AMARO";"AV CRUZ CABUGA";"";"";"EM FRENTE À IGREJA UNIVERSAL";"SANTO AMARO";"";"CIDADE";"COLISÃO COM CICLISTA";1;"0";"0";"1";"0";"0";"0";"0";"0";"1";"0";"Longo da via";"Bom";"Não existe";"Perfeito estado";"Seca";"Perfeito estado";"Outros";"Não há placas";"";"Dupla";"Faixa seccionada";"";""
"7320";2021-05-15;"15:45:00";"COM VÍTIMA";"FINALIZADA";"BOA VIAGEM";"RUA DOS NAVEGANTES";"1979";"RUA MARIA CAROLINA";"";"BOA VIAGEM";"";"SUBURBIO";"COLISÃO LATERAL";1;"1";"0";"0";"0";"0";"0";"0";"0";"1";"0";"Cruzamento";"Bom";"Não existe";"Perfeito estado";"Seca";"Perfeito estado";"Não existe";"Não há placas";"";"Única";"Não existe";"";""
"7321";2021-05-15;"19:06:00";"SEM VÍTIMA";"FINALIZADA";"BOA VIAGEM";"RUA TENENTE JOAO CICERO";"";"RUA MINISTRO NELSON HUNGRIA";"";"BOA VIAGEM";"";"CIDADE";"COLISÃO TRANSVERSAL";3;"0";"0";"0";"0";"0";"0";"0";"0";"0";"0";"Cruzamento";"Bom";"Não existe";"Incompleta";"Seca";"Perfeito estado";"Não existe";"Placas ""Pare""";"";"Única";"Não existe";"";""
"7322";2021-05-15;"21:46:40";"SEM VÍTIMA";"FINALIZADA";"TORREÃO";"RUA OTHON PARAISO";"";"RUA DJALMA FARIAS";"";"TORREÃO";"";"";"COLISÃO FRONTAL";2;"0";"0";"0";"0";"0";"0";"0";"0";"0";"0";"";"";"";"";"";"";"";"";"";"";"";"";""
"7323";2021-05-16;"07:35:00";"SEM VÍTIMA";"CANCELADA";"IMBIRIBEIRA";"AV MARECHAL MASCARENHAS DE MORAES";"";"";"EMFRENTE AO POSTO IPIRANGA,AO LADO DACAIXA ECONOMICA, SENT. CIDADE";"IMBIRIBEIRA";"";"";"COLISÃO LATERAL";3;"0";"0";"0";"0";"0";"0";"0";"0";"0";"0";"";"";"";"";"";"";"";"";"";"";"";"";""
"7324";2021-05-16;"07:41:00";"COM VÍTIMA";"FINALIZADA";"BOA VIAGEM";"AV ENGENHEIRO DOMINGOS FERREIRA";"1340";"RUA FELIX DE BRITO E MELO";"POR TRAS DO CARREFOUR";"BOA VIAGEM";"545";"SUBURBIO";"CAPOTAMENTO";2;"0";"0";"0";"0";"0";"0";"0";"0";"1";"0";"Cruzamento";"Bom";"Sem defeito";"Perfeito estado";"Seca";"Perfeito estado";"Faixa de pedestre";"R-6a";"";"Única";"Canteiro central";"";""
"7325";2021-05-16;"17:27:00";"COM VÍTIMA";"FINALIZADA";"BOA VIAGEM";"AV ENGENHEIRO DOMINGOS FERREIRA";"";"RUA FELIX DE BRITO E MELO";"RUA FELIX BRITO DE MELO";"BOA VIAGEM";"545";"SUBURBIO";"COLISÃO LATERAL";1;"1";"0";"0";"0";"0";"0";"0";"0";"1";"0";"Cruzamento";"Bom";"Sem defeito";"Perfeito estado";"Seca";"Perfeito estado";"Faixa de pedestre";"";"60 km/h";"Única";"Faixa contínua";"";""
"7326";2021-05-16;"19:10:00";"COM VÍTIMA";"FINALIZADA";"TORRE";"RUA JOSE BONIFACIO";"";"RUA MARCOS ANDRE";"CRUZAMENTO C/A RUA MARCOS ANDRÉ - PRÓXIMO AO CARREFOUR";"TORRE";"";"CIDADE";"COLISÃO COM CICLISTA";1;"1";"0";"0";"0";"0";"0";"0";"0";"1";"0";"Longo da via";"Bom";"Sem defeito";"Perfeito estado";"Seca";"Perfeito estado";"Não existe";"R-6a";"40 km/h";"Dupla";"Canteiro central";"";""
"7327";2021-05-16;"19:09:00";"COM VÍTIMA";"FINALIZADA";"MADALENA";"AV BEIRA RIO";"";"RUA JOSE OSORIO";"SEMÁFORO 387";"MADALENA";"387";"CIDADE";"COLISÃO COM CICLISTA";1;"0";"0";"1";"0";"0";"0";"0";"0";"1";"0";"Cruzamento";"Bom";"Sem defeito";"Perfeito estado";"Seca";"Perfeito estado";"Faixa de pedestre";"R-6a";"";"Única";"";"";""
"7328";2021-05-16;"19:13:00";"COM VÍTIMA";"FINALIZADA";"SANTO AMARO";"AV GOVERNADOR AGAMENON MAGALHAES";"";"RUA DR LEOPOLDO LINS";"CRUZAMENTO C/A RUA LEOPOLDO LINS - SENTIDO OLINDA - PROXIMO À CAIXA ECONOMICA";"SANTO AMARO";"78";"SUBURBIO";"CHOQUE";1;"1";"0";"0";"0";"0";"0";"0";"0";"1";"0";"Longo da via";"Bom";"Sem defeito";"Perfeito estado";"Seca";"Perfeito estado";"Faixa de pedestre";"Outras";"60 km/h";"Única";"Faixa seccionada";"";""
"7329";2021-05-17;"07:07:00";"COM VÍTIMA";"FINALIZADA";"IPUTINGA";"AV CAXANGA";"3367";"";"EM FRENTE  AO BIG BOMPREÇO";"IPUTINGA";"533";"SUBURBIO";"COLISÃO LATERAL";1;"1";"0";"0";"0";"0";"0";"0";"0";"1";"0";"Longo da via";"Bom";"Sem defeito";"Perfeito estado";"Seca";"Perfeito estado";"Agente";"Não há placas";"60 km/h";"Única";"Faixa seccionada";"";""
"7330";2021-05-17;"09:17:00";"SEM VÍTIMA";"FINALIZADA";"CASA AMARELA";"RUA PAULA BATISTA";"202";"RUA XAVANTES";"CASA ESPÍRITA LAR DE MARIA";"CASA AMARELA";"";"CIDADE";"COLISÃO TRANSVERSAL";1;"0";"0";"0";"0";"0";"0";"1";"0";"0";"0";"Cruzamento";"Bom";"Não existe";"Incompleta";"Seca";"Perfeito estado";"Faixa de retenção";"Outras";"";"Dupla";"Faixa seccionada";"";""
"7331";2021-05-17;"10:09:00";"COM VÍTIMA";"FINALIZADA";"BOMBA DO HEMETÉRIO";"RUA BOMBA DO HEMETERIO";"";"";"PRÓX AO POSTO DE COMBUSTÍVEL NORTE BRAS";"BOMBA DO HEMETÉRIO";"";"SUBURBIO";"COLISÃO TRASEIRA";1;"1";"0";"0";"0";"0";"0";"0";"0";"2";"0";"Rotatória";"Bom";"Não existe";"Perfeito estado";"Seca";"Perfeito estado";"Faixa de pedestre";"Não há placas";"30 km/h";"Dupla";"Faixa seccionada";"";""
"7332";2021-05-17;"11:32:00";"COM VÍTIMA";"FINALIZADA";"IMBIRIBEIRA";"RUA JORGE DE LIMA";"479";"RUA JORGE DE LIMA";"EM FRENTE AO GALETINHO DO MATUTO";"IMBIRIBEIRA";"402";"SUBURBIO";"COLISÃO LATERAL";0;"2";"0";"0";"0";"0";"0";"0";"0";"1";"0";"Cruzamento";"Bom";"Sem defeito";"Perfeito estado";"Seca";"Perfeito estado";"Faixa de pedestre";"Outras";"60 km/h";"Única";"Faixa contínua";"";""
"7333";2021-05-17;"14:56:00";"COM VÍTIMA";"FINALIZADA";"SÃO JOSÉ";"AV DANTAS BARRETO";"";"";"PRÓX À PRAÇA SERGIO LORÊTO";"SÃO JOSÉ";"";"CIDADE";"ATROPELAMENTO DE PESSOA";1;"0";"0";"0";"1";"0";"0";"0";"0";"1";"0";"Longo da via";"Bom";"Sem defeito";"Perfeito estado";"Seca";"Perfeito estado";"Faixa de pedestre";"Não há placas";"";"Dupla";"Faixa contínua";"";""
"7334";2021-05-17;"19:12:00";"SEM VÍTIMA";"CANCELADA";"MANGABEIRA";"RUA DA MANGABEIRA";"281";"";"PROX. DO CLUB DA MANGABEIRA";"MANGABEIRA";"";"";"COLISÃO LATERAL";2;"0";"0";"0";"0";"0";"0";"0";"0";"0";"0";"";"";"";"";"";"";"";"";"";"";"";"";""
"7335";2021-05-17;"19:22:00";"COM VÍTIMA";"CANCELADA";"COQUEIRAL";"RUA ANANIAS CATANHO";"39";"";"CASA";"COQUEIRAL";"";"";"ATROPELAMENTO DE PESSOA";0;"1";"0";"0";"1";"0";"0";"0";"0";"1";"0";"";"";"";"";"";"";"";"";"";"";"";"";""
"7336";2021-05-17;"19:52:00";"COM VÍTIMA";"FINALIZADA";"SANTO AMARO";"AV NORTE";"";"AV CRUZ CABUGA";"NA ALÇA DE ACESSO A AV. CRUZ CABUGÁ";"SANTO AMARO";"34";"CIDADE";"COLISÃO TRASEIRA";1;"1";"0";"0";"0";"0";"0";"0";"0";"1";"0";"Longo da via";"Bom";"Não existe";"Perfeito estado";"Seca";"Perfeito estado";"Faixa de pedestre";"Placas ""Dê a preferência""";"";"Única";"Não existe";"";""
"7337";2021-05-18;"07:54:00";"COM VÍTIMA";"FINALIZADA";"AREIAS";"AV RECIFE";"";"";"EMFRENTE AO HIPER DE AREIAS. SENTIDO BOA VIAGEM";"AREIAS";"";"";"COLISÃO LATERAL";0;"2";"0";"0";"0";"0";"0";"0";"0";"1";"0";"Longo da via";"Bom";"Não existe";"Perfeito estado";"Seca";"Perfeito estado";"Não existe";"Outras";"";"Dupla";"Canteiro central";"";""
"7338";2021-05-18;"09:44:00";"COM VÍTIMA";"FINALIZADA";"ILHA DO LEITE";"RUA FRANCISCO ALVES";"325";"";"EMPREASRIAL MULTIMED ILHA CENTER";"ILHA DO LEITE";"";"SUBURBIO";"COLISÃO LATERAL";1;"1";"0";"0";"0";"0";"0";"0";"0";"1";"0";"Longo da via";"Bom";"Não existe";"Perfeito estado";"Seca";"Perfeito estado";"Outros";"Placas ""Dê a preferência""";"";"Dupla";"Faixa contínua";"";""
"7339";2021-05-18;"12:48:00";"COM VÍTIMA";"FINALIZADA";"TORRE";"RUA CONDE DE IRAJA";"691";"RUA REAL DA TORRE";"AO LADO EXTRA E/F A ESCOLA GERAÇAO  ATIVA";"TORRE";"";"SUBURBIO";"COLISÃO LATERAL";1;"1";"0";"0";"0";"0";"0";"0";"0";"1";"0";"Longo da via";"Bom";"Não existe";"Perfeito estado";"Seca";"Perfeito estado";"Não existe";"Não há placas";"60 km/h";"Única";"Faixa seccionada";"";""
"7340";2021-05-18;"13:29:00";"COM VÍTIMA";"FINALIZADA";"ESPINHEIRO";"RUA QUARENTA E OITO";"873";"RUA CARNEIRO VILELA";"EM FRENTE A GALERIA QUARENTA E OITO";"ESPINHEIRO";"";"CIDADE";"COLISÃO TRANSVERSAL";1;"1";"0";"0";"0";"0";"0";"0";"0";"1";"0";"Longo da via";"Bom";"Não existe";"Perfeito estado";"Seca";"Perfeito estado";"Faixa de pedestre";"Não há placas";"40 km/h";"Única";"Faixa seccionada";"";""
"7341";2021-05-18;"15:03:00";"COM VÍTIMA";"FINALIZADA";"SANTO AMARO";"RUA TRES DE MAIO";"9144";"RUA FREI CASSIMIRO";"PROX ANTIGA CTTU E/F A BORRACHARIA MODESTO";"SANTO AMARO";"";"SUBURBIO";"COLISÃO LATERAL";1;"0";"0";"0";"0";"0";"0";"0";"0";"1";"0";"Cruzamento";"Bom";"Não existe";"Ilegível";"Seca";"Mal iluminada";"Não existe";"Não há placas";"";"Dupla";"Não existe";"";""
"7342";2021-05-18;"17:32:00";"COM VÍTIMA";"FINALIZADA";"BOA VISTA";"RUA DOM BOSCO";"";"";"LADO OPOSTO A FARMACIA DROGASIL";"BOA VISTA";"";"SUBURBIO";"CHOQUE";1;"0";"0";"0";"0";"0";"0";"0";"0";"1";"0";"Longo da via";"Bom";"Sem defeito";"Perfeito estado";"Seca";"Perfeito estado";"Outros";"Outras";"40 km/h";"Única";"Faixa seccionada";"";""
"7343";2021-05-18;"17:42:00";"COM VÍTIMA";"FINALIZADA";"BOA VISTA";"AV GOVERNADOR AGAMENON MAGALHAES";"";"AV GOVERNADOR AGAMENON MAGALHAES";"EM FRENTE AO HOSPITAL MENORIAL SÃO JOSE";"BOA VISTA";"";"CIDADE";"COLISÃO TRASEIRA";0;"0";"0";"0";"0";"2";"0";"0";"0";"1";"0";"Longo da via";"Bom";"Sem defeito";"Perfeito estado";"Seca";"Perfeito estado";"Não existe";"Não há placas";"60 km/h";"Dupla";"Canteiro central";"";""
"7344";2021-05-18;"17:55:00";"COM VÍTIMA";"FINALIZADA";"ESPINHEIRO";"AV NORTE";"";"RUA MARQUES DO PARANA";"LADO OPOSTO A PRAÇA DA PICANHA";"ESPINHEIRO";"376";"CIDADE";"CAPOTAMENTO";1;"0";"0";"0";"0";"0";"0";"0";"0";"1";"0";"Cruzamento";"Bom";"Sem defeito";"Perfeito estado";"Seca";"Perfeito estado";"Faixa de pedestre";"Outras";"60 km/h";"Dupla";"Canteiro central";"";""
"7345";2021-05-18;"18:11:00";"COM VÍTIMA";"FINALIZADA";"BOA VIAGEM";"AV BOA VIAGEM";"826";"";"";"BOA VIAGEM";"";"CIDADE";"COLISÃO TRANSVERSAL";1;"1";"0";"0";"0";"0";"0";"0";"0";"1";"0";"Longo da via";"Bom";"Não existe";"Perfeito estado";"Seca";"Perfeito estado";"Não existe";"Não há placas";"";"Única";"Faixa seccionada";"";""
"7346";2021-05-19;"07:17:00";"COM VÍTIMA";"FINALIZADA";"MADALENA";"AV BEIRA RIO";"771";"";"EM FRENTE AO EDF BEIRA RIO";"MADALENA";"";"";"COLISÃO COM CICLISTA";1;"0";"0";"1";"0";"0";"0";"0";"0";"1";"0";"Longo da via";"Bom";"Sem defeito";"Perfeito estado";"Seca";"Perfeito estado";"Não existe";"Não há placas";"";"Dupla";"Faixa seccionada";"";""
"7347";2021-05-19;"08:16:00";"COM VÍTIMA";"FINALIZADA";"CAXANGÁ";"AV CAXANGA";"";"";"EM  FRENTE A EXPOSIÇAO DE ANIMAIS /  SENT CAMARAGIBE /";"CAXANGÁ";"";"";"COLISÃO TRASEIRA";1;"1";"0";"0";"0";"0";"0";"0";"0";"1";"0";"Longo da via";"Bom";"Não existe";"Perfeito estado";"Seca";"Perfeito estado";"Não existe";"R-6a";"";"Dupla";"Faixa contínua";"Faixa seccionada";"Canteiro central"
"7348";2021-05-19;"09:11:00";"COM VÍTIMA";"FINALIZADA";"BOA VISTA";"RUA JOSE DE ALENCAR";"";"RUA BARAO DE SAO BORJA";"EM FRENTE AO HOTEL BOA VISTA";"BOA VISTA";"";"";"COLISÃO LATERAL";2;"0";"0";"0";"0";"0";"0";"0";"0";"1";"0";"";"";"";"";"";"";"";"";"";"";"";"";""
"7349";2021-05-19;"17:35:00";"COM VÍTIMA";"FINALIZADA";"SANTO AMARO";"AV VISCONDE DE SUASSUNA";"";"PRQ TREZE DE MAIO";"COLÉGIO IEP";"SANTO AMARO";"";"";"COLISÃO LATERAL";0;"1";"0";"0";"0";"0";"0";"1";"0";"1";"0";"Cruzamento";"Bom";"Sem defeito";"Perfeito estado";"Seca";"Perfeito estado";"Faixa de pedestre";"Outras";"";"Dupla";"Faixa seccionada";"";""
"7350";2021-05-19;"19:05:00";"COM VÍTIMA";"FINALIZADA";"CORDEIRO";"AV CAXANGA";"";"AV GENERAL SAN MARTIN";"PRÓX AO HOSPITAL GETÚLIO VARGAS";"CORDEIRO";"";"CIDADE";"COLISÃO LATERAL";1;"1";"0";"0";"0";"0";"0";"0";"0";"1";"0";"Longo da via";"Bom";"Sem defeito";"Perfeito estado";"Seca";"Perfeito estado";"Não existe";"Não há placas";"";"Dupla";"Canteiro central";"";""
"7351";2021-05-20;"08:21:00";"COM VÍTIMA";"FINALIZADA";"IPUTINGA";"AV CAXANGA";"4360";"RUA PROFESSOR CHAVES BATISTA";"LADO OPOSTO AO HOSPITAL SANTA TEREZINHA";"IPUTINGA";"230";"CIDADE";"COLISÃO COM CICLISTA";0;"0";"0";"1";"0";"0";"0";"0";"0";"1";"0";"Cruzamento";"Bom";"Sem defeito";"Perfeito estado";"Seca";"Perfeito estado";"Faixa de pedestre";"Outras";"";"Dupla";"Canteiro central";"";""
"7352";2021-05-20;"12:08:00";"COM VÍTIMA";"FINALIZADA";"TEJIPIÓ";"RUA FALCAO DE LACERDA";"112";"";"PROXIMO A OFICINA LIDER";"TEJIPIÓ";"";"SUBURBIO";"COLISÃO LATERAL";1;"1";"0";"0";"0";"0";"0";"0";"0";"1";"0";"Longo da via";"Bom";"Não existe";"Ilegível";"Seca";"Perfeito estado";"Não existe";"Não há placas";"40 km/h";"Dupla";"Faixa contínua";"";""
"7353";2021-05-20;"13:58:00";"COM VÍTIMA";"FINALIZADA";"CORDEIRO";"RUA CLAUDIO BROTHERHOOD";"571";"RUA RIO CAPIBARIBE";"";"CORDEIRO";"";"CIDADE";"COLISÃO FRONTAL";1;"1";"0";"0";"0";"0";"0";"0";"0";"1";"0";"Cruzamento";"Bom";"Não existe";"Não existente";"Seca";"Perfeito estado";"Não existe";"Não há placas";"40 km/h";"Dupla";"Faixa seccionada";"";""
"7354";2021-05-20;"15:07:00";"COM VÍTIMA";"FINALIZADA";"MADALENA";"RUA SENADOR FABIO DE BARROS";"";"";"E/F AO EXTRA";"MADALENA";"";"SUBURBIO";"COLISÃO FRONTAL";1;"1";"0";"0";"0";"0";"0";"0";"0";"1";"0";"Longo da via";"Bom";"Sem defeito";"Perfeito estado";"Seca";"Perfeito estado";"Não existe";"Não há placas";"";"Dupla";"Faixa contínua";"";""
"7355";2021-05-20;"16:24:00";"COM VÍTIMA";"FINALIZADA";"IMBIRIBEIRA";"AV ENGENHEIRO ALVES DE SOUZA";"";"RUA ARQUITETO LUIZ NUNES";"EM FRENTE A DROGASIL E A JULIETTO";"IMBIRIBEIRA";"634";"CIDADE";"COLISÃO LATERAL";1;"1";"0";"0";"0";"0";"0";"0";"0";"1";"0";"Cruzamento";"Bom";"Sem defeito";"Ilegível";"Seca";"Perfeito estado";"Faixa de pedestre";"Placas ""Pare""";"";"Dupla";"Faixa seccionada";"";""
"7356";2021-05-20;"22:26:40";"COM VÍTIMA";"FINALIZADA";"BOA VIAGEM";"AV ENGENHEIRO DOMINGOS FERREIRA";"";"RUA ERNESTO DE PAULA SANTOS";"E/F AO RESTAURANTE CASA DITÁLIA - PISTA DA ESQUERDA";"BOA VIAGEM";"217";"SUBURBIO";"COLISÃO TRASEIRA";1;"1";"0";"0";"0";"0";"0";"0";"0";"1";"0";"Cruzamento";"Bom";"Sem defeito";"Perfeito estado";"Seca";"Perfeito estado";"Faixa de pedestre";"R-6a";"50 km/h";"Única";"Canteiro central";"";""
"7357";2021-05-21;"05:22:00";"SEM VÍTIMA";"FINALIZADA";"IPUTINGA";"AV PROFESSOR JOAQUIM CAVALCANTI";"";"";"PROXIMO DO VIADUTO DA CAXANGÁ";"IPUTINGA";"";"";"COLISÃO LATERAL";2;"0";"0";"0";"0";"0";"0";"0";"0";"0";"0";"";"";"";"";"";"";"";"";"";"";"";"";""
"7358";2021-05-21;"10:03:00";"COM VÍTIMA";"FINALIZADA";"GRAÇAS";"RUA ALBERTO PAIVA";"";"";"POR TRÁS DA PEDRAGON CHEVROLET";"GRAÇAS";"";"SUBURBIO";"QUEDA";0;"1";"0";"0";"0";"0";"0";"0";"0";"1";"0";"Longo da via";"Chuvoso";"Não existe";"Perfeito estado";"Oleosa";"Perfeito estado";"Não existe";"Não há placas";"40 km/h";"Única";"Faixa seccionada";"";""
"7359";2021-05-21;"10:27:00";"COM VÍTIMA";"FINALIZADA";"IBURA";"AV RECIFE";"2670";"";"LOJA DE AUTO";"IBURA";"";"SUBURBIO";"COLISÃO TRANSVERSAL";1;"1";"0";"0";"0";"0";"0";"0";"0";"1";"0";"Longo da via";"Bom";"Sem defeito";"Perfeito estado";"Seca";"Perfeito estado";"Não existe";"Não há placas";"60 km/h";"Dupla";"Canteiro central";"";""
"7360";2021-05-21;"10:35:00";"COM VÍTIMA";"FINALIZADA";"SANTO ANTÔNIO";"AV GUARARAPES";"161";"";"EM FRENTE A CAIXA ECONÔMICA FEDERAL";"SANTO ANTÔNIO";"";"SUBURBIO";"ATROPELAMENTO DE PESSOA";0;"0";"0";"0";"1";"1";"0";"0";"0";"1";"0";"Longo da via";"Bom";"Não existe";"Perfeito estado";"Seca";"Perfeito estado";"Não existe";"Não há placas";"40 km/h";"Dupla";"Canteiro central";"";""
"7361";2021-05-21;"10:50:00";"COM VÍTIMA";"DUPLICIDADE";"SANTO ANTÔNIO";"AV GUARARAPES";"";"";"EM FRENTE A FARMACIA INDEPENDENTE";"SANTO ANTÔNIO";"";"SUBURBIO";"ATROPELAMENTO DE PESSOA";0;"0";"0";"0";"1";"0";"0";"0";"0";"1";"0";"";"";"";"";"";"";"";"";"";"";"";"";""
"7362";2021-05-21;"12:23:00";"COM VÍTIMA";"FINALIZADA";"SÃO JOSÉ";"C SANTA RITA";"595";"AV ENGENHEIRO JOSE ESTELITA";"EM FRENTE AO PIER MARICIO DE NASSAU";"SÃO JOSÉ";"";"SUBURBIO";"COLISÃO TRASEIRA";1;"1";"0";"0";"0";"0";"0";"0";"0";"1";"0";"Longo da via";"Bom";"Não existe";"Perfeito estado";"Seca";"Perfeito estado";"Não existe";"Não há placas";"60 km/h";"Dupla";"Canteiro central";"";""
"7363";2021-05-21;"13:11:00";"COM VÍTIMA";"FINALIZADA";"BOA VIAGEM";"RUA VISCONDE DE JEQUITINHONHA";"1900";"RUA DES JOAO PAES";"EM FRENTE";"BOA VIAGEM";"";"CIDADE";"COLISÃO FRONTAL";2;"0";"0";"0";"0";"0";"0";"0";"0";"1";"0";"Cruzamento";"Bom";"Não existe";"Perfeito estado";"Seca";"Perfeito estado";"Faixa de pedestre";"Placas ""Pare""";"";"Única";"Não existe";"";""
"7364";2021-05-21;"14:18:00";"COM VÍTIMA";"FINALIZADA";"BRASÍLIA TEIMOSA";"RUA IVONETE FERREIRA DA SILVA";"15";"";"AO LADO DO HABITACIONAL,EM FRENTE A OFICINA DE BARCOS";"BRASÍLIA TEIMOSA";"";"CIDADE";"COLISÃO FRONTAL";1;"1";"0";"0";"0";"0";"0";"0";"0";"1";"0";"Longo da via";"Bom";"Não existe";"Ilegível";"Seca";"Mal conservada";"Não existe";"Não há placas";"";"Dupla";"Faixa contínua";"";""
"7365";2021-05-21;"19:17:00";"COM VÍTIMA";"CANCELADA";"BOA VIAGEM";"AV CONSELHEIRO AGUIAR";"3600";"";"EM FRENTE A IMORIO FRUTÁRIA/ EDIF. SANTA TEREZA";"BOA VIAGEM";"";"";"COLISÃO LATERAL";2;"0";"0";"0";"0";"0";"0";"0";"0";"1";"0";"";"";"";"";"";"";"";"";"";"";"";"";""