"";"data";"hora";"natureza_acidente";"situacao";"bairro";"endereco";"numero";"detalhe_endereco_acidente";"complemento";"bairro_cruzamento";"num_semaforo";"sentido_via";"tipo";"auto";"moto";"ciclom";"ciclista";"pedestre";"onibus";"caminhao";"viatura";"outros";"vitimas";"vitimasfatais";"acidente_verificado";"tempo_clima";"situacao_semaforo";"sinalizacao";"condicao_via";"conservacao_via";"ponto_controle";"situacao_placa";"velocidade_max_via";"mao_direcao";"divisao_via1";"divisao_via2";"divisao_via3"
"7366";2021-05-21;"19:34:00";"SEM VÍTIMA";"CANCELADA";"ARRUDA";"AV PROFESSOR JOSE DOS ANJOS";"";"RUA CONEGO BARATA";"PRÓX AO DENOCS";"ARRUDA";"306";"";"COLISÃO TRASEIRA";2;"0";"0";"0";"0";"0";"0";"0";"0";"0";"0";"";"";"";"";"";"";"";"";"";"";"";"";""
"7367";2021-05-21;"20:54:40";"COM VÍTIMA";"FINALIZADA";"CAMPO GRANDE";"RUA CATULO DA PAIXAO CEARENSE";"";"RUA PROFESSOR FRANCISCO DA TRINDADE";"PRÓX A IGREJA A UNIVERSAL";"CAMPO GRANDE";"";"";"COLISÃO LATERAL";1;"1";"0";"0";"0";"0";"0";"0";"0";"1";"0";"";"";"";"";"";"";"";"";"";"";"";"";""
"7368";2021-05-22;"08:48:00";"COM VÍTIMA";"FINALIZADA";"AFOGADOS";"RUA PROFESSOR AUGUSTO WANDERLEY FILHO";"25";"RUA AUGUSTO CALHEIROS";"ANTES DA PONTE MOTOCOLOMBO, SENT. IMBIRIBEIRA";"AFOGADOS";"";"SUBURBIO";"COLISÃO TRASEIRA";1;"1";"0";"0";"0";"0";"0";"0";"0";"1";"0";"Longo da via";"Bom";"Sem defeito";"Perfeito estado";"Seca";"Perfeito estado";"Não existe";"Não há placas";"40 km/h";"Única";"Faixa seccionada";"";""
"7369";2021-05-22;"13:49:00";"COM VÍTIMA";"FINALIZADA";"BOA VIAGEM";"AV BOA VIAGEM";"3610";"";"APOS O HOTEL INTERNACIONAL PALACE  RECIFE";"BOA VIAGEM";"";"CIDADE";"COLISÃO TRASEIRA";1;"1";"0";"0";"0";"0";"0";"0";"0";"1";"0";"Longo da via";"Bom";"Não existe";"Perfeito estado";"Seca";"Perfeito estado";"Não existe";"Não há placas";"";"Única";"Faixa seccionada";"";""
"7370";2021-05-22;"19:26:00";"COM VÍTIMA";"FINALIZADA";"SAN MARTIN";"AV JOAO CABRAL DE MELO NETO";"2702";"RUA TENENTE MINDELO";"SEMÁFORO 250 - RUA TENENTE MINDELO";"SAN MARTIN";"250";"SUBURBIO";"COLISÃO COM CICLISTA";0;"1";"0";"1";"0";"0";"0";"0";"0";"1";"0";"Cruzamento";"Bom";"Sem defeito";"Perfeito estado";"Seca";"Perfeito estado";"Não existe";"Não há placas";"";"Dupla";"Canteiro central";"";""
"7371";2021-05-22;"20:42:40";"COM VÍTIMA";"CANCELADA";"ÁGUA FRIA";"AV ANIBAL BENEVOLO";"";"";"E/F AO MERCADINHO SUPERBOM E PRÓX AO BELA VISTA";"ÁGUA FRIA";"";"";"COLISÃO FRONTAL";0;"1";"1";"0";"0";"0";"0";"0";"0";"3";"0";"";"";"";"";"";"";"";"";"";"";"";"";""
"7372";2021-05-22;"21:20:40";"SEM VÍTIMA";"FINALIZADA";"PRADO";"RUA GOMES TABORDA";"376";"RUA QUATRO DE OUTUBRO";"";"PRADO";"";"SUBURBIO";"";1;"1";"0";"0";"0";"0";"0";"0";"0";"0";"0";"Longo da via";"Bom";"Não existe";"Não existente";"Seca";"Mal conservada";"";"Não há placas";"";"Dupla";"Faixa seccionada";"";""
"7373";2021-05-22;"22:17:40";"COM VÍTIMA";"CANCELADA";"IPSEP";"RUA JEAN EMILE FAVRE";"";"";"EM FRENTE A DP DO IPSEP";"IPSEP";"";"";"COLISÃO LATERAL";0;"2";"0";"0";"0";"0";"0";"0";"0";"1";"0";"";"";"";"";"";"";"";"";"";"";"";"";""
"7374";2021-05-23;"13:46:00";"COM VÍTIMA";"FINALIZADA";"BOA VIAGEM";"AV ENGENHEIRO DOMINGOS FERREIRA";"1990";"";"PROX AO RESTAURANTE MATCH / PROX AO SUPERMERCADO ZEPELIN";"BOA VIAGEM";"";"SUBURBIO";"COLISÃO TRASEIRA";2;"0";"0";"0";"0";"0";"0";"0";"0";"1";"0";"Longo da via";"Bom";"Não existe";"Perfeito estado";"Seca";"Perfeito estado";"Não existe";"Não há placas";"60 km/h";"Única";"Faixa contínua";"";""
"7375";2021-05-24;"10:49:00";"COM VÍTIMA";"FINALIZADA";"PINA";"AV ENGENHEIRO DOMINGOS FERREIRA";"668";"";"E/F A ART FIBRA SINTETICA";"PINA";"";"SUBURBIO";"COLISÃO LATERAL";0;"0";"0";"0";"0";"0";"0";"0";"0";"2";"0";"Longo da via";"Bom";"Não existe";"Perfeito estado";"Seca";"Perfeito estado";"Não existe";"Não há placas";"";"Única";"Faixa seccionada";"";""
"7376";2021-05-24;"11:21:00";"COM VÍTIMA";"FINALIZADA";"SANTO AMARO";"AV CRUZ CABUGA";"";"RUA DO HOSPICIO";"MPPE";"SANTO AMARO";"32";"";"COLISÃO TRASEIRA";1;"1";"0";"0";"0";"0";"0";"0";"0";"1";"0";"Longo da via";"Bom";"Sem defeito";"Perfeito estado";"Seca";"Perfeito estado";"Faixa de pedestre";"Não há placas";"";"Única";"Faixa contínua";"";""
"7377";2021-05-24;"12:18:00";"COM VÍTIMA";"FINALIZADA";"AFOGADOS";"RUA SAO MIGUEL";"1648";"RUA ALEXANDRE RODRIGUES FERREIRA";"EM FRENTE AO RESTAURANTE CHARQUE NA BRASA";"AFOGADOS";"";"SUBURBIO";"COLISÃO LATERAL";1;"1";"0";"0";"0";"0";"0";"0";"0";"1";"0";"Longo da via";"Bom";"Não existe";"Perfeito estado";"Seca";"Perfeito estado";"Não existe";"Não há placas";"";"Dupla";"Faixa seccionada";"";""
"7378";2021-05-24;"17:46:00";"COM VÍTIMA";"FINALIZADA";"IMBIRIBEIRA";"AV RECIFE";"";"AV SENADOR ROBERT KENNEDY";"SENTIDO AEROPORTO";"IMBIRIBEIRA";"319";"";"COLISÃO COM CICLISTA";1;"0";"0";"1";"0";"0";"0";"0";"0";"1";"0";"Cruzamento";"Bom";"Sem defeito";"Perfeito estado";"Seca";"Perfeito estado";"Faixa de pedestre";"R-18";"30 km/h";"Dupla";"Faixa contínua";"Canteiro central";"Canal"
"7379";2021-05-25;"08:25:00";"COM VÍTIMA";"FINALIZADA";"SÃO JOSÉ";"AV DANTAS BARRETO";"1186";"RUA SAO JOAO";"SEMÁFORO 054";"SÃO JOSÉ";"54";"CIDADE";"ATROPELAMENTO DE PESSOA";0;"1";"0";"0";"1";"0";"0";"0";"0";"1";"0";"Cruzamento";"Bom";"Sem defeito";"Perfeito estado";"Seca";"Perfeito estado";"Faixa de pedestre";"Não há placas";"";"Dupla";"Faixa contínua";"";""
"7380";2021-05-25;"12:09:00";"COM VÍTIMA";"CANCELADA";"GRAÇAS";"RUA AMELIA";"422";"";"EM  FRENTE A  CACHEFERIA TRADICAO";"GRAÇAS";"";"";"COLISÃO COM CICLISTA";1;"0";"0";"1";"0";"0";"0";"0";"0";"1";"0";"";"";"";"";"";"";"";"";"";"";"";"";""
"7381";2021-05-26;"13:47:00";"COM VÍTIMA";"FINALIZADA";"CASA FORTE";"AV DEZESSETE DE AGOSTO";"675";"";"EM FRENTE A CAOA CHERY";"CASA FORTE";"";"SUBURBIO";"COLISÃO LATERAL";0;"2";"0";"0";"0";"0";"0";"0";"0";"1";"0";"Longo da via";"Bom";"Não existe";"Perfeito estado";"Seca";"Perfeito estado";"Não existe";"Não há placas";"40 km/h";"Dupla";"Faixa seccionada";"";""
"7382";2021-05-26;"15:09:00";"COM VÍTIMA";"FINALIZADA";"ROSARINHO";"AV NORTE";"3110";"AV SANTOS DUMONT";"LADO OPOSTO A PADARIA ROSARINHO DELICATESSEN";"ROSARINHO";"81";"SUBURBIO";"COLISÃO LATERAL";1;"1";"0";"0";"0";"0";"0";"0";"0";"1";"0";"Longo da via";"Bom";"Sem defeito";"Perfeito estado";"Seca";"Perfeito estado";"Faixa de pedestre";"Não há placas";"60 km/h";"Dupla";"Canteiro central";"";""
"7383";2021-05-27;"07:51:00";"COM VÍTIMA";"FINALIZADA";"BOA VIAGEM";"RUA FELIX DE BRITO E MELO";"";"";"";"BOA VIAGEM";"";"CIDADE";"CAPOTAMENTO";2;"0";"0";"0";"0";"0";"0";"0";"0";"1";"0";"Longo da via";"Chuvoso";"Não existe";"Perfeito estado";"Molhada";"Perfeito estado";"Não existe";"Não há placas";"60 km/h";"Única";"Faixa seccionada";"";""
"7384";2021-05-27;"08:46:00";"COM VÍTIMA";"FINALIZADA";"CORDEIRO";"RUA N S DA SAUDE";"202";"RUA DR GASTAO DA SILVEIRA";"CENTRO VETERIN ARIO DE ESPECIALIDADE PATRICA BARROCA";"CORDEIRO";"";"";"COLISÃO TRASEIRA";1;"0";"0";"0";"0";"0";"0";"0";"0";"1";"0";"Cruzamento";"Bom";"Não existe";"Perfeito estado";"Molhada";"Perfeito estado";"Não existe";"Não há placas";"40 km/h";"Dupla";"Faixa contínua";"";""
"7385";2021-05-27;"08:58:00";"COM VÍTIMA";"FINALIZADA";"SANTO AMARO";"RUA COELHO LEITE";"393";"RUA COELHO LEITE";"EM FRENTE AO GALPAO DA POLICIA";"SANTO AMARO";"";"CIDADE";"COLISÃO TRASEIRA";1;"1";"0";"0";"0";"0";"0";"0";"0";"1";"0";"Cruzamento";"Chuvoso";"Não existe";"Perfeito estado";"Molhada";"Perfeito estado";"Faixa de retenção";"Outras";"40 km/h";"Dupla";"Faixa seccionada";"";""
"7386";2021-05-27;"09:24:00";"COM VÍTIMA";"FINALIZADA";"CASA FORTE";"AV DEZESSETE DE AGOSTO";"2133";"";"AO LADO DO MUSEUN DO HOMEM DO NORDESTE";"CASA FORTE";"646";"CIDADE";"COLISÃO LATERAL";1;"1";"0";"0";"0";"0";"0";"0";"0";"1";"0";"Longo da via";"Chuvoso";"Sem defeito";"Perfeito estado";"Molhada";"Perfeito estado";"Faixa de retenção";"Não há placas";"60 km/h";"Dupla";"Faixa contínua";"";""
"7387";2021-05-27;"14:22:00";"COM VÍTIMA";"FINALIZADA";"CASA AMARELA";"RUA PAULA BATISTA";"";"RUA XAVANTES";"EM FRENTE AO CENTRO ESPÍRITAR MOACYR / PRÓX À PRAÇA DO TRABALHO";"CASA AMARELA";"";"";"COLISÃO LATERAL";2;"0";"0";"0";"0";"0";"0";"0";"0";"3";"0";"Cruzamento";"Chuvoso";"Não existe";"Perfeito estado";"Seca";"Perfeito estado";"Faixa de retenção";"Placas ""Pare""";"";"Dupla";"Faixa seccionada";"";""
"7388";2021-05-27;"14:42:00";"COM VÍTIMA";"FINALIZADA";"SANTO AMARO";"AV CRUZ CABUGA";"659";"AV NORTE";"ESQUINA COM A CASA DA INDUSTRIA";"SANTO AMARO";"37";"CIDADE";"COLISÃO TRANSVERSAL";1;"1";"0";"0";"0";"0";"0";"0";"0";"1";"0";"Cruzamento";"Bom";"Sem defeito";"Perfeito estado";"Seca";"Perfeito estado";"Agente";"Não há placas";"";"Dupla";"Faixa contínua";"";""
"7389";2021-05-27;"15:46:00";"COM VÍTIMA";"FINALIZADA";"CORDEIRO";"AV CAXANGA";"";"RUA CLAUDIO BROTHERHOOD";"EM FRENTE À EXPOSIÇÃO DE ANIMAIS";"CORDEIRO";"";"CIDADE";"COLISÃO LATERAL";1;"1";"0";"0";"0";"0";"0";"0";"0";"2";"0";"Cruzamento";"Bom";"Sem defeito";"Incompleta";"Seca";"Perfeito estado";"Faixa de pedestre";"R-6a";"";"Dupla";"Faixa contínua";"Faixa seccionada";""
"7390";2021-05-27;"17:19:00";"COM VÍTIMA";"FINALIZADA";"BOA VIAGEM";"AV BOA VIAGEM";"2294";"";"EDIF. MARIA EDICTA";"BOA VIAGEM";"";"CIDADE";"COLISÃO LATERAL";1;"1";"0";"0";"0";"0";"0";"0";"0";"1";"0";"Longo da via";"Bom";"Sem defeito";"Perfeito estado";"Seca";"Perfeito estado";"Não existe";"Outras";"60 km/h";"Única";"Faixa contínua";"";""
"7391";2021-05-27;"17:43:00";"COM VÍTIMA";"FINALIZADA";"IPSEP";"RUA JEAN EMILE FAVRE";"1301";"";"MERCADINHO IGUAÇU";"IPSEP";"";"CIDADE";"ATROPELAMENTO DE PESSOA";1;"0";"0";"0";"2";"0";"0";"0";"0";"2";"0";"Longo da via";"Chuvoso";"Sem defeito";"Perfeito estado";"Molhada";"Perfeito estado";"Não existe";"Não há placas";"";"Dupla";"Faixa contínua";"";""
"7392";2021-05-27;"19:35:00";"COM VÍTIMA";"CANCELADA";"IPUTINGA";"AV CAXANGA";"4474";"";"DROGASIL E BOI E BRASA";"IPUTINGA";"";"";"COLISÃO LATERAL";0;"2";"0";"0";"0";"0";"0";"0";"0";"3";"0";"";"";"";"";"";"";"";"";"";"";"";"";""
"7393";2021-05-28;"07:45:00";"COM VÍTIMA";"FINALIZADA";"JORDÃO";"AV MARIA IRENE";"373";"";"EM FRENTE A CAPELA SÃO JOÃO BATISTA";"JORDÃO";"";"CIDADE";"COLISÃO TRASEIRA";1;"1";"0";"0";"0";"0";"0";"0";"0";"1";"0";"Longo da via";"Bom";"Não existe";"Perfeito estado";"Seca";"Perfeito estado";"Não existe";"Não há placas";"";"Dupla";"Faixa contínua";"";""
"7394";2021-05-28;"08:43:00";"COM VÍTIMA";"FINALIZADA";"PARNAMIRIM";"RUA JOAO TUDE DE MELO";"";"";"SHOPPING PARNAMIRIN";"PARNAMIRIM";"";"SUBURBIO";"COLISÃO LATERAL";0;"0";"0";"0";"0";"0";"0";"0";"0";"2";"0";"Longo da via";"Bom";"Não existe";"Perfeito estado";"Seca";"Perfeito estado";"Faixa de pedestre";"Não há placas";"";"Única";"Faixa seccionada";"";""
"7395";2021-05-28;"08:59:00";"COM VÍTIMA";"CANCELADA";"DOIS UNIDOS";"RUA URIEL DE HOLANDA";"";"";"CAMPO DO CAFÉ";"DOIS UNIDOS";"";"";"ATROPELAMENTO DE PESSOA";0;"0";"0";"0";"1";"0";"0";"0";"0";"1";"0";"";"";"";"";"";"";"";"";"";"";"";"";""
"7396";2021-05-28;"09:59:00";"COM VÍTIMA";"FINALIZADA";"CAXANGÁ";"AV CAXANGA";"171";"";"EM FRENTE A FARMACIA PAGUE MENOS E ESTAÇÃO BRT ABOLIÇÃO SENT. CIDADE";"CAXANGÁ";"";"CIDADE";"COLISÃO LATERAL";1;"1";"0";"0";"0";"0";"0";"0";"0";"1";"0";"Longo da via";"Bom";"Sem defeito";"Perfeito estado";"Seca";"Perfeito estado";"Não existe";"Não há placas";"60 km/h";"Dupla";"Canteiro central";"";""
"7397";2021-05-28;"16:08:00";"COM VÍTIMA";"FINALIZADA";"DOIS IRMÃOS";"RUA DOIS IRMAOS";"416";"RUA DOIS IRMAOS";"SOB VIADUTO DA BR-101";"DOIS IRMÃOS";"416";"CIDADE";"COLISÃO TRASEIRA";0;"1";"0";"0";"0";"1";"0";"0";"0";"1";"0";"Longo da via";"Chuvoso";"Sem defeito";"Perfeito estado";"Molhada";"Perfeito estado";"Faixa de retenção";"Não há placas";"";"Única";"Outros";"";""
"7398";2021-05-28;"22:38:40";"COM VÍTIMA";"CANCELADA";"TORRE";"RUA CONDE DE IRAJA";"998";"";"PROXIMO IGREJA DA TORRE";"TORRE";"";"";"COLISÃO LATERAL";0;"2";"0";"0";"0";"0";"0";"0";"0";"2";"0";"";"";"";"";"";"";"";"";"";"";"";"";""
"7399";2021-05-29;"09:41:00";"COM VÍTIMA";"FINALIZADA";"BOA VIAGEM";"AV BOA VIAGEM";"3722";"";"";"BOA VIAGEM";"120";"CIDADE";"COLISÃO TRANSVERSAL";0;"1";"1";"0";"0";"0";"0";"0";"0";"1";"0";"Longo da via";"Bom";"Sem defeito";"Perfeito estado";"Seca";"Perfeito estado";"Faixa de pedestre";"Outras";"60 km/h";"Única";"Faixa contínua";"";""
"7400";2021-05-29;"11:08:00";"COM VÍTIMA";"FINALIZADA";"DOIS UNIDOS";"AV HILDEBRANDO DE VASCONCELOS";"";"";"EM FRENTE A ESTAÇAO DA CELPE / ENTRADA DE DOIS UNIDOS";"DOIS UNIDOS";"";"";"COLISÃO LATERAL";1;"1";"0";"0";"0";"0";"0";"0";"0";"1";"0";"Cruzamento";"Bom";"Não existe";"Incompleta";"Seca";"Perfeito estado";"Faixa de pedestre";"Outras";"40 km/h";"Dupla";"Faixa";"";""
"7401";2021-05-29;"13:14:00";"COM VÍTIMA";"FINALIZADA";"TORRE";"RUA MARQUES DE MARICA";"12";"";"PRÓX À PRAÇA PROF. BARRETO CAMPELO";"TORRE";"";"SUBURBIO";"COLISÃO LATERAL";1;"1";"0";"0";"0";"0";"0";"0";"0";"1";"0";"Longo da via";"Bom";"Não existe";"Perfeito estado";"Seca";"Perfeito estado";"Não existe";"Placas ""Pare""";"";"Dupla";"Faixa seccionada";"";""
"7402";2021-05-29;"14:16:00";"SEM VÍTIMA";"FINALIZADA";"BOA VIAGEM";"RUA ANTONIO FALCAO";"";"";"SEMÁFORO 640";"BOA VIAGEM";"640";"";"CHOQUE";1;"0";"0";"0";"0";"0";"0";"0";"0";"0";"0";"";"";"";"";"";"";"";"";"";"";"";"";""
"7403";2021-05-30;"11:51:00";"COM VÍTIMA";"FINALIZADA";"ESPINHEIRO";"RUA DA HORA";"";"AV JOAO DE BARROS";"E/F AO EXTRA";"ESPINHEIRO";"656";"SUBURBIO";"COLISÃO FRONTAL";2;"0";"0";"0";"0";"0";"0";"0";"0";"2";"0";"Cruzamento";"Chuvoso";"Sem defeito";"Perfeito estado";"Molhada";"Perfeito estado";"Faixa de pedestre";"Outras";"60 km/h";"Única";"Não existe";"";""
"7404";2021-05-30;"15:54:00";"COM VÍTIMA";"FINALIZADA";"CORDEIRO";"AV GENERAL SAN MARTIN";"";"RUA CLOTILDE DE OLIVEIRA";"RUA CLOTILDE DE OLIVEIRA";"CORDEIRO";"185";"SUBURBIO";"COLISÃO LATERAL";1;"1";"0";"0";"0";"0";"0";"0";"0";"1";"0";"Longo da via";"Bom";"Sem defeito";"Perfeito estado";"Seca";"Mal conservada";"Faixa de pedestre";"Não há placas";"";"Dupla";"Faixa contínua";"";""
"7405";2021-05-30;"19:50:00";"SEM VÍTIMA";"CANCELADA";"AREIAS";"AV RECIFE";"";"";"SEMÁFORO 494 - E/F AO RESIDENCIAL IGNEZ ANDREAZZA,  PRÓX AO BIG BOMPREÇO - FAIXA DA ESQUERDA";"AREIAS";"494";"";"COLISÃO TRASEIRA";2;"0";"0";"0";"0";"0";"0";"0";"0";"0";"0";"";"";"";"";"";"";"";"";"";"";"";"";""
"7406";2021-05-31;"09:08:00";"COM VÍTIMA";"FINALIZADA";"ÁGUA FRIA";"AV BEBERIBE";"2395";"";"EM FRENTE AO CONDOMINIO SOBRADO BEBERIBE";"ÁGUA FRIA";"153";"CIDADE";"COLISÃO LATERAL";1;"1";"0";"0";"0";"0";"0";"0";"0";"1";"0";"Longo da via";"Bom";"Sem defeito";"Perfeito estado";"Seca";"Perfeito estado";"Faixa de pedestre";"Outras";"";"Dupla";"Faixa contínua";"Faixa seccionada";""
"7407";2021-05-31;"13:21:00";"COM VÍTIMA";"FINALIZADA";"CASA AMARELA";"AV NORTE";"5100";"";"EM FRENTE AO REI DA PICANHA";"CASA AMARELA";"";"SUBURBIO";"COLISÃO COM CICLISTA";0;"0";"0";"1";"0";"0";"1";"0";"0";"1";"0";"Longo da via";"Bom";"Sem defeito";"Perfeito estado";"Seca";"Perfeito estado";"Não existe";"Outras";"";"Dupla";"Faixa seccionada";"";""
"7408";2021-05-31;"16:28:00";"COM VÍTIMA";"FINALIZADA";"SANTO ANTÔNIO";"PRC DA REPUBLICA";"";"";"ENTRE O PALACIO CAMPO DAS PRINCESA E O TEATRO SANTA ISABEL";"SANTO ANTÔNIO";"";"";"COLISÃO COM CICLISTA";1;"0";"0";"1";"0";"0";"0";"0";"0";"1";"0";"Longo da via";"Chuvoso";"Não existe";"Perfeito estado";"Molhada";"Perfeito estado";"Outros";"R-6a";"";"Única";"Outros";"";""
"7409";2021-05-31;"17:59:00";"COM VÍTIMA";"FINALIZADA";"BOA VIAGEM";"RUA DEZ DE JULHO";"481";"RUA CAMBOIM";"EM FRENTE AO MAISON CRISTAL";"BOA VIAGEM";"";"SUBURBIO";"COLISÃO LATERAL";1;"1";"0";"0";"0";"0";"0";"0";"0";"1";"0";"Cruzamento";"Chuvoso";"Não existe";"Perfeito estado";"Molhada";"Perfeito estado";"Faixa de pedestre";"Placas ""Pare""";"30 km/h";"Dupla";"Faixa seccionada";"";""
"7410";2021-05-31;"18:42:00";"COM VÍTIMA";"FINALIZADA";"BEBERIBE";"RUA BOLIVAR";"";"";"EM FRENTE AO CAMPO DO ARRUDA/ ARMAZÉM CORAL";"BEBERIBE";"";"CIDADE";"COLISÃO LATERAL";1;"1";"0";"0";"0";"0";"0";"0";"0";"1";"0";"Longo da via";"Chuvoso";"Não existe";"Perfeito estado";"Molhada";"Perfeito estado";"Não existe";"Outras";"";"Dupla";"Faixa contínua";"";""
"7411";2021-05-31;"19:05:00";"COM VÍTIMA";"FINALIZADA";"IPSEP";"AV RECIFE";"";"RUA JEAN EMILE FAVRE";"PRÓXIMO A ENTRADA DA JEAN EMILE FAVRE";"IPSEP";"";"SUBURBIO";"CAPOTAMENTO";0;"0";"0";"0";"0";"0";"0";"0";"0";"4";"0";"Longo da via";"Chuvoso";"Não existe";"Perfeito estado";"Molhada";"Perfeito estado";"";"";"";"Dupla";"Faixa seccionada";"Canteiro central";""
"7412";2021-05-31;"19:08:00";"COM VÍTIMA";"FINALIZADA";"CAXANGÁ";"AV CAXANGA";"";"";"PROX. A UPA, SENTIDO CIDADE";"CAXANGÁ";"";"CIDADE";"COLISÃO TRASEIRA";1;"1";"0";"0";"0";"0";"0";"0";"0";"1";"0";"Longo da via";"Chuvoso";"Não existe";"Perfeito estado";"Molhada";"Perfeito estado";"Não existe";"Não há placas";"";"Única";"Faixa seccionada";"";""
"7413";2021-06-01;"08:48:00";"COM VÍTIMA";"FINALIZADA";"IPUTINGA";"AV MAURICIO DE NASSAU";"57";"RUA N S DA SAUDE";"";"IPUTINGA";"88";"SUBURBIO";"COLISÃO TRANSVERSAL";1;"1";"0";"0";"0";"0";"0";"0";"0";"1";"0";"Longo da via";"Bom";"Sem defeito";"";"Seca";"Perfeito estado";"Faixa de retenção";"R-19";"40 km/h";"Dupla";"Faixa contínua";"";""
"7414";2021-06-01;"08:57:00";"COM VÍTIMA";"FINALIZADA";"ARRUDA";"RUA DAS MOCAS";"309";"";"ARMAZÉM SÃO JOÃO";"ARRUDA";"";"SUBURBIO";"COLISÃO COM CICLISTA";1;"0";"0";"1";"0";"0";"0";"0";"0";"1";"0";"Longo da via";"Bom";"Não existe";"Perfeito estado";"Seca";"Perfeito estado";"Não existe";"Placas ""Pare""";"";"Dupla";"";"";""
"7415";2021-06-01;"11:17:00";"COM VÍTIMA";"FINALIZADA";"BOA VIAGEM";"AV ENGENHEIRO DOMINGOS FERREIRA";"";"";"PRÓX. AO EXTRABOM";"BOA VIAGEM";"";"SUBURBIO";"COLISÃO LATERAL";2;"0";"0";"0";"0";"0";"0";"0";"0";"1";"0";"Longo da via";"Bom";"Sem defeito";"Perfeito estado";"Seca";"Perfeito estado";"";"Não há placas";"";"Única";"Canteiro central";"";""
"7416";2021-06-01;"16:37:00";"COM VÍTIMA";"FINALIZADA";"AFOGADOS";"RUA SAO MIGUEL";"436";"";"AO LADO DO POSTO DISLUB ESQUINA COM A GRAN FARMA";"AFOGADOS";"";"SUBURBIO";"CHOQUE";0;"1";"0";"0";"0";"0";"0";"0";"0";"1";"0";"Longo da via";"Bom";"Não existe";"Perfeito estado";"Seca";"Perfeito estado";"Faixa de pedestre";"R-4a";"";"Dupla";"Faixa contínua";"";""
"7417";2021-06-02;"03:31:00";"COM VÍTIMA";"FINALIZADA";"PINA";"AVENIDA CELSO FURTADO (VIA MANGUE)";"";"";"APÓS O SHOPPING RIO MAR, PRÓXIMO AO AERO CLUBE -SENTIDO PIEDADE";"PINA";"";"";"TOMBAMENTO";0;"1";"0";"0";"0";"0";"0";"0";"0";"1";"0";"";"";"";"";"";"";"";"";"";"";"";"";""
"7418";2021-06-02;"08:33:00";"COM VÍTIMA";"FINALIZADA";"SANTO AMARO";"RUA DO POMBAL";"";"";"ATRÁS DA DELEGACIA DA MULHER";"SANTO AMARO";"";"";"COLISÃO FRONTAL";0;"0";"0";"0";"0";"0";"0";"0";"0";"1";"0";"Cruzamento";"Bom";"Não existe";"Perfeito estado";"Seca";"Perfeito estado";"";"";"";"Dupla";"Faixa seccionada";"";""
"7419";2021-06-02;"10:34:00";"SEM VÍTIMA";"FINALIZADA";"MACAXEIRA";"RUA ANA";"58";"";"PROXIMO AO LARGO DE DONA REGINA";"MACAXEIRA";"";"SUBURBIO";"COLISÃO TRASEIRA";1;"0";"0";"0";"0";"0";"1";"0";"0";"0";"0";"";"";"";"";"";"";"";"";"";"";"";"";""
"7420";2021-06-02;"15:45:00";"COM VÍTIMA";"FINALIZADA";"BOA VISTA";"AV CONDE DA BOA VISTA";"463";"RUA BARAO DA SOLEDADE";"EM FRENTE A IGREJA NOSSA SENHORA DA SOLEDADE";"BOA VISTA";"222";"CIDADE";"QUEDA";0;"1";"0";"0";"0";"0";"0";"0";"0";"1";"0";"Longo da via";"Bom";"Sem defeito";"Perfeito estado";"Seca";"Perfeito estado";"Faixa de pedestre";"R-6a";"40 km/h";"Única";"";"";""
"7421";2021-06-02;"17:59:00";"COM VÍTIMA";"FINALIZADA";"BOA VIAGEM";"AVENIDA CELSO FURTADO (VIA MANGUE)";"";"";"";"BOA VIAGEM";"";"SUBURBIO";"COLISÃO FRONTAL";1;"1";"0";"0";"0";"0";"0";"0";"0";"1";"0";"Longo da via";"Bom";"Não existe";"Perfeito estado";"Seca";"Perfeito estado";"Não existe";"Outras";"60 km/h";"Dupla";"Faixa seccionada";"";""
"7422";2021-06-03;"16:21:00";"COM VÍTIMA";"FINALIZADA";"TAMARINEIRA";"EST VELHA DE AGUA FRIA";"739";"RUA JOSE DE VASCONCELOS";"DENOCS";"TAMARINEIRA";"";"SUBURBIO";"COLISÃO FRONTAL";1;"1";"0";"0";"0";"0";"0";"0";"0";"1";"0";"Cruzamento";"Bom";"Não existe";"Não existente";"Seca";"Perfeito estado";"Não existe";"R-6a";"";"Dupla";"Faixa seccionada";"";""
"7423";2021-06-03;"17:13:00";"COM VÍTIMA";"FINALIZADA";"DERBY";"AV GOVERNADOR AGAMENON MAGALHAES";"";"RUA JOAQUIM NABUCO";"PROXIMO AO HOSPITAL DA RESTAURAÇÃO SENTIDO BOA VIAGEM";"DERBY";"174";"";"COLISÃO LATERAL";1;"0";"0";"0";"0";"0";"1";"0";"0";"1";"0";"Cruzamento";"Bom";"Sem defeito";"Perfeito estado";"Seca";"Perfeito estado";"Faixa de pedestre";"Outras";"60 km/h";"Dupla";"Faixa seccionada";"";""