"";"data";"hora";"natureza_acidente";"situacao";"bairro";"endereco";"numero";"detalhe_endereco_acidente";"complemento";"bairro_cruzamento";"num_semaforo";"sentido_via";"tipo";"auto";"moto";"ciclom";"ciclista";"pedestre";"onibus";"caminhao";"viatura";"outros";"vitimas";"vitimasfatais";"acidente_verificado";"tempo_clima";"situacao_semaforo";"sinalizacao";"condicao_via";"conservacao_via";"ponto_controle";"situacao_placa";"velocidade_max_via";"mao_direcao";"divisao_via1";"divisao_via2";"divisao_via3"
"7485";2021-06-12;"21:00:40";"COM VÍTIMA";"FINALIZADA";"BARRO";"AV DR JOSE RUFINO";"2001";"";"E/F AO CONVENTO DO BARRO";"BARRO";"";"SUBURBIO";"COLISÃO FRONTAL";1;"1";"0";"0";"0";"0";"0";"0";"0";"1";"0";"Longo da via";"Bom";"Não existe";"Perfeito estado";"Seca";"Perfeito estado";"Não existe";"R-6a";"60 km/h";"Dupla";"Faixa contínua";"";""
"7486";2021-06-12;"21:10:40";"COM VÍTIMA";"FINALIZADA";"AFOGADOS";"RUA DA PAZ";"";"";"EM FRENTE A POLICLINICA AGAMENON MAGALHAES";"AFOGADOS";"";"SUBURBIO";"COLISÃO COM CICLISTA";1;"0";"0";"1";"0";"0";"0";"0";"0";"1";"0";"Longo da via";"Bom";"Não existe";"Perfeito estado";"Seca";"Perfeito estado";"Não existe";"Outras";"";"Única";"Faixa seccionada";"";""
"7487";2021-06-13;"06:15:00";"COM VÍTIMA";"FINALIZADA";"BRASÍLIA TEIMOSA";"RUA COMENDADOR MORAES";"262";"";"AO LADO DO JC PM";"BRASÍLIA TEIMOSA";"";"SUBURBIO";"QUEDA";0;"0";"1";"0";"0";"0";"0";"0";"0";"2";"0";"Longo da via";"Bom";"Não existe";"Perfeito estado";"Seca";"Perfeito estado";"Não existe";"Outras";"";"Única";"Faixa seccionada";"";""
"7488";2021-06-13;"10:18:00";"COM VÍTIMA";"FINALIZADA";"IPSEP";"RUA JEAN EMILE FAVRE";"890";"RUA BLUMENAU";"";"IPSEP";"101";"SUBURBIO";"COLISÃO LATERAL";1;"1";"0";"0";"0";"0";"0";"0";"0";"1";"0";"Cruzamento";"Bom";"Sem defeito";"Perfeito estado";"Seca";"Perfeito estado";"Faixa de pedestre";"R-6a";"";"Dupla";"Faixa contínua";"";""
"7489";2021-06-13;"19:11:00";"COM VÍTIMA";"FINALIZADA";"BONGI";"EST DO BONGI";"";"";"PROX A DELEGACIA DA POLICIA CIVIL";"BONGI";"";"CIDADE";"COLISÃO COM CICLISTA";0;"1";"0";"1";"0";"0";"0";"0";"0";"1";"0";"Longo da via";"Bom";"Não existe";"Perfeito estado";"Seca";"Perfeito estado";"";"Não há placas";"30 km/h";"Dupla";"Faixa contínua";"";""
"7490";2021-06-13;"20:20:00";"COM VÍTIMA";"FINALIZADA";"CAMPO GRANDE";"AV GOVERNADOR AGAMENON MAGALHAES";"";"";"PROX AO POSTO DISLUB";"CAMPO GRANDE";"";"OLINDA";"COLISÃO LATERAL";1;"1";"0";"0";"0";"0";"0";"0";"0";"1";"0";"";"";"";"";"";"";"";"";"";"";"";"";""
"7491";2021-06-13;"21:25:40";"COM VÍTIMA";"FINALIZADA";"BONGI";"RUA PADRE TEOFILO TWORZ";"";"RUA CARLOS GOMES";"NO CRUZAMNETO MESMO";"BONGI";"";"SUBURBIO";"COLISÃO FRONTAL";1;"1";"0";"0";"0";"0";"0";"0";"0";"1";"0";"Cruzamento";"Bom";"Não existe";"Perfeito estado";"Seca";"Perfeito estado";"Não existe";"Placas ""Pare""";"";"Única";"Faixa seccionada";"";""
"7492";2021-06-14;"07:01:00";"COM VÍTIMA";"FINALIZADA";"BAIRRO DO RECIFE";"AV MILITAR";"550";"";"EM FRENTE O POSTO BR E PROX. DA PREFEITURA";"BAIRRO DO RECIFE";"";"";"COLISÃO LATERAL";0;"1";"0";"0";"0";"1";"0";"0";"0";"1";"0";"";"";"";"";"";"";"";"";"";"";"";"";""
"7493";2021-06-14;"11:52:00";"SEM VÍTIMA";"FINALIZADA";"TEJIPIÓ";"AV PADRE IBIAPINA";"";"";"AO LADO DO POSTE Nº B 088968";"TEJIPIÓ";"";"SUBURBIO";"COLISÃO TRASEIRA";2;"0";"0";"0";"0";"0";"0";"0";"0";"0";"0";"Longo da via";"Bom";"Não existe";"Não existente";"Seca";"Perfeito estado";"Não existe";"Não há placas";"60 km/h";"Dupla";"Não existe";"";""
"7494";2021-06-14;"11:55:00";"COM VÍTIMA";"FINALIZADA";"BEBERIBE";"AV BEBERIBE";"3677";"RUA DALVA DE OLIVEIRA";"";"BEBERIBE";"575";"";"COLISÃO LATERAL";1;"1";"0";"0";"0";"0";"0";"0";"0";"1";"0";"Cruzamento";"Chuvoso";"Sem defeito";"Perfeito estado";"Molhada";"Perfeito estado";"Faixa de pedestre";"Outras";"60 km/h";"Dupla";"Faixa contínua";"";""
"7495";2021-06-14;"14:22:00";"COM VÍTIMA";"FINALIZADA";"DERBY";"PRC DO DERBY";"177";"";"EM FRENTE AO LABORATÓRIO MARCELO MAGALHÃES";"DERBY";"";"CIDADE";"ATROPELAMENTO DE PESSOA";1;"0";"0";"0";"1";"0";"0";"0";"0";"1";"0";"Longo da via";"Bom";"Não existe";"Perfeito estado";"Seca";"Perfeito estado";"Não existe";"Outras";"";"Única";"Faixa seccionada";"";""
"7496";2021-06-14;"17:04:00";"COM VÍTIMA";"CANCELADA";"CASA AMARELA";"RUA DES MOTTA JUNIOR";"";"";"E/F A ESCOLA ESTADUAL CARLOS DE LIMA CAVALCANTI";"CASA AMARELA";"";"";"COLISÃO LATERAL";1;"1";"0";"0";"0";"0";"0";"0";"0";"1";"0";"";"";"";"";"";"";"";"";"";"";"";"";""
"7497";2021-06-14;"19:36:00";"COM VÍTIMA";"FINALIZADA";"MADALENA";"RUA JOSE OSORIO";"9727";"";"PRÓX A AUTO NORDESTE E MULTI MARCAS";"MADALENA";"";"CIDADE";"COLISÃO FRONTAL";1;"1";"0";"0";"0";"0";"0";"0";"0";"1";"0";"Longo da via";"Chuvoso";"Não existe";"Perfeito estado";"Molhada";"Perfeito estado";"Não existe";"Não há placas";"";"Dupla";"Faixa contínua";"";""
"7498";2021-06-14;"20:33:40";"COM VÍTIMA";"FINALIZADA";"BOA VISTA";"AV CONDE DA BOA VISTA";"233";"";"LOGO APÓS O CRUZAMENTO COM A RUA GERVÁSIO PIRES";"BOA VISTA";"";"SUBURBIO";"COLISÃO FRONTAL";0;"1";"0";"0";"0";"0";"0";"0";"0";"1";"0";"Longo da via";"Chuvoso";"Não existe";"Perfeito estado";"Molhada";"Perfeito estado";"Não existe";"Outras";"";"Única";"Faixa seccionada";"";""
"7499";2021-06-15;"11:05:00";"COM VÍTIMA";"FINALIZADA";"BEBERIBE";"AV BEBERIBE";"1796";"RUA ZEFERINO AGRA";"AO LADO OFICINA SAO MARCOS";"BEBERIBE";"";"CIDADE";"COLISÃO FRONTAL";1;"1";"0";"0";"0";"0";"0";"0";"0";"1";"0";"Longo da via";"Bom";"Não existe";"Perfeito estado";"Seca";"Perfeito estado";"Faixa de pedestre";"Não há placas";"60 km/h";"Dupla";"Faixa contínua";"";""
"7500";2021-06-15;"11:07:00";"COM VÍTIMA";"FINALIZADA";"CAMPO GRANDE";"AV PROFESSOR JOSE DOS ANJOS";"36";"";"SENT. OLINDA, EM FRENTE AO SUPERMERCADO BOA FEIRA";"CAMPO GRANDE";"";"";"COLISÃO TRASEIRA";1;"1";"0";"0";"0";"0";"0";"0";"0";"1";"0";"Longo da via";"Bom";"Não existe";"Perfeito estado";"Seca";"Perfeito estado";"Não existe";"Não há placas";"";"Única";"Faixa seccionada";"";""
"7501";2021-06-15;"11:14:00";"COM VÍTIMA";"FINALIZADA";"SAN MARTIN";"RUA CLOTILDE DE OLIVEIRA";"";"";"PROX. DO GERTULIO VARGAS";"SAN MARTIN";"";"CIDADE";"COLISÃO FRONTAL";1;"1";"0";"0";"0";"0";"0";"0";"0";"1";"0";"Cruzamento";"Bom";"Sem defeito";"Ilegível";"Seca";"Mal conservada";"Faixa de pedestre";"R-6a";"";"Dupla";"Faixa contínua";"";""
"7502";2021-06-15;"12:17:00";"COM VÍTIMA";"FINALIZADA";"BOA VIAGEM";"RUA BALTAZAR PASSOS";"";"RUA ALMIRANTE BATISTA LEAO";"AO LADO DO COLEGIO MADRE DE DEUS  E/F AO BAR DO LUIZ";"BOA VIAGEM";"";"";"COLISÃO LATERAL";1;"1";"0";"0";"0";"0";"0";"0";"0";"1";"0";"Cruzamento";"Bom";"Não existe";"Incompleta";"Seca";"Perfeito estado";"Não existe";"Placas ""Pare""";"";"Única";"Faixa seccionada";"";""
"7503";2021-06-15;"13:36:00";"COM VÍTIMA";"FINALIZADA";"ESPINHEIRO";"RUA DA HORA";"628";"";"APÓS O BRADESCO";"ESPINHEIRO";"";"";"COLISÃO COM CICLISTA";1;"0";"0";"1";"0";"0";"0";"0";"0";"1";"0";"Longo da via";"Bom";"Não existe";"Perfeito estado";"Seca";"Perfeito estado";"Outros";"Não há placas";"";"Única";"Não existe";"";""
"7504";2021-06-15;"15:32:00";"COM VÍTIMA";"CANCELADA";"CASA AMARELA";"AV DR EURICO CHAVES";"957";"";"PRÓX À PADARIA MANDACARU";"CASA AMARELA";"";"";"COLISÃO LATERAL";2;"1";"0";"0";"0";"0";"0";"0";"0";"1";"0";"";"";"";"";"";"";"";"";"";"";"";"";""
"7505";2021-06-15;"16:22:00";"COM VÍTIMA";"FINALIZADA";"MACAXEIRA";"RUA TEREZA CARNEIRO";"115";"";"PROXIMO A QUITANDA DO DINHO";"MACAXEIRA";"";"SUBURBIO";"COLISÃO LATERAL";0;"1";"0";"0";"0";"0";"0";"1";"0";"2";"0";"Longo da via";"Chuvoso";"Não existe";"Não existente";"Molhada";"Mal conservada";"Não existe";"Não há placas";"";"Dupla";"Não existe";"";""
"7506";2021-06-15;"18:28:00";"SEM VÍTIMA";"CANCELADA";"BEBERIBE";"RUA URIEL DE HOLANDA";"160";"";"ENTRADA DE DOIS UNIDOS. APÓS A PRAÇA DA CONVENÇÃO";"BEBERIBE";"";"";"APOIO COMPESA";0;"0";"0";"0";"0";"0";"0";"0";"0";"0";"0";"";"";"";"";"";"";"";"";"";"";"";"";""
"7507";2021-06-16;"12:38:00";"COM VÍTIMA";"FINALIZADA";"BOA VIAGEM";"RUA DEZ DE JULHO";"481";"RUA CAMBOIM";"AO LADO DA MAISON CHRISTAL RECEPÇÕES";"BOA VIAGEM";"";"CIDADE";"COLISÃO LATERAL";1;"1";"0";"0";"0";"0";"0";"0";"0";"1";"0";"Cruzamento";"Bom";"Não existe";"Perfeito estado";"Seca";"Perfeito estado";"Faixa de pedestre";"Placas ""Pare""";"30 km/h";"Única";"Faixa contínua";"Faixa seccionada";""
"7508";2021-06-16;"15:45:00";"COM VÍTIMA";"FINALIZADA";"ENCRUZILHADA";"RUA CASTRO ALVES";"767";"";"PRÓX À CHURRASCARIA LEITÃO";"ENCRUZILHADA";"377";"SUBURBIO";"COLISÃO LATERAL";1;"1";"0";"0";"0";"0";"0";"0";"0";"1";"0";"Longo da via";"Bom";"Sem defeito";"Perfeito estado";"Seca";"Perfeito estado";"Faixa de pedestre";"Outras";"";"Única";"Faixa contínua";"Faixa seccionada";""
"7509";2021-06-16;"16:10:00";"COM VÍTIMA";"FINALIZADA";"BEBERIBE";"PRC DA CONVENCAO";"4592";"";"E/F AIGREJA BATISTA  E O MAGAZINE LUIZA";"BEBERIBE";"";"SUBURBIO";"ATROPELAMENTO DE PESSOA";0;"1";"0";"0";"1";"0";"0";"0";"0";"2";"0";"Longo da via";"Bom";"Sem defeito";"Perfeito estado";"Seca";"Perfeito estado";"Outros";"Não há placas";"";"Dupla";"Faixa contínua";"Faixa seccionada";""
"7510";2021-06-16;"17:59:00";"COM VÍTIMA";"FINALIZADA";"AREIAS";"AV DR JOSE RUFINO";"";"";"E/F AO CT DA HONDA";"AREIAS";"";"SUBURBIO";"COLISÃO FRONTAL";0;"2";"0";"0";"0";"0";"0";"0";"0";"1";"0";"Longo da via";"Bom";"Não existe";"Perfeito estado";"Seca";"Perfeito estado";"Não existe";"Não há placas";"";"Dupla";"Faixa contínua";"";""
"7511";2021-06-17;"18:38:00";"SEM VÍTIMA";"FINALIZADA";"MADALENA";"AV BEIRA RIO";"591";"";"E/F AO EDF SOBRADO DO CAPIBARIBE";"MADALENA";"";"";"COLISÃO LATERAL";3;"0";"0";"0";"0";"0";"0";"0";"0";"0";"0";"";"";"";"";"";"";"";"";"";"";"";"";""
"7512";2021-06-17;"19:07:00";"COM VÍTIMA";"FINALIZADA";"SANTO AMARO";"AV MARIO MELO";"";"AV CRUZ CABUGA";"SEMÁFORO 171 / SNT SUB-CID";"SANTO AMARO";"171";"CIDADE";"COLISÃO FRONTAL";0;"1";"0";"0";"0";"1";"0";"0";"0";"1";"0";"Cruzamento";"Bom";"Sem defeito";"Perfeito estado";"Seca";"Perfeito estado";"Outros";"R-4a";"";"Dupla";"Faixa contínua";"";""
"7513";2021-06-17;"19:24:00";"COM VÍTIMA";"FINALIZADA";"VÁRZEA";"RUA ENGENHEIRO VASCONCELOS BITTENCOURT";"330";"RUA ABATIA";"E/F A PRC DO CAXITO";"VÁRZEA";"";"SUBURBIO";"ATROPELAMENTO DE PESSOA";0;"1";"0";"0";"1";"0";"0";"0";"0";"1";"0";"Longo da via";"Bom";"Não existe";"Não existente";"Seca";"Perfeito estado";"Não existe";"Não há placas";"30 km/h";"Dupla";"Não existe";"";""
"7514";2021-06-17;"20:41:40";"SEM VÍTIMA";"FINALIZADA";"BOA VIAGEM";"RUA CORONEL ANIZIO RODRIGUES COELHO";"678";"";"E/F AO EDF CASTELO DE VAN GOGH / PRÓX A IGREJA NOSSA SENHORA DE FATIMA";"BOA VIAGEM";"";"";"ENGAVETAMENTO";3;"0";"0";"0";"0";"0";"0";"0";"0";"0";"0";"";"";"";"";"";"";"";"";"";"";"";"";""
"7515";2021-06-17;"21:00:40";"COM VÍTIMA";"FINALIZADA";"BOA VIAGEM";"RUA GENERAL SALGADO";"820";"RUA COSMORAMA";"NO CRUZAMENTO MESMO";"BOA VIAGEM";"";"SUBURBIO";"COLISÃO LATERAL";1;"1";"0";"0";"0";"0";"0";"0";"0";"1";"0";"Cruzamento";"Chuvoso";"Não existe";"Perfeito estado";"Molhada";"Perfeito estado";"Não existe";"Placas ""Pare""";"40 km/h";"Dupla";"";"";""
"7516";2021-06-17;"21:01:40";"SEM VÍTIMA";"FINALIZADA";"ARRUDA";"RUA DO MACHADO";"886";"";"PRÓX AO EMPORIO DA CERVEJA";"ARRUDA";"";"";"COLISÃO LATERAL";1;"0";"0";"0";"0";"0";"0";"1";"0";"0";"0";"";"";"";"";"";"";"";"";"";"";"";"";""
"7517";2021-06-18;"03:37:00";"SEM VÍTIMA";"FINALIZADA";"SANTO AMARO";"AV GOVERNADOR AGAMENON MAGALHAES";"";"";"POSTO BR, SENTIDO OLINDA";"SANTO AMARO";"378";"";"CHOQUE";1;"0";"0";"0";"0";"0";"0";"0";"0";"0";"0";"";"";"";"";"";"";"";"";"";"";"";"";""
"7518";2021-06-18;"19:11:00";"SEM VÍTIMA";"CANCELADA";"JARDIM SÃO PAULO";"RUA LEANDRO BARRETO";"385";"";"E/F A PÁDARIA SABORES DA PRAÇA";"JARDIM SÃO PAULO";"";"";"COLISÃO TRASEIRA";2;"0";"0";"0";"0";"0";"0";"0";"0";"0";"0";"";"";"";"";"";"";"";"";"";"";"";"";""
"7519";2021-06-19;"08:23:00";"COM VÍTIMA";"FINALIZADA";"CORDEIRO";"AV CAXANGA";"2900";"";"SUPERMERCADO EXTRA";"CORDEIRO";"";"SUBURBIO";"CHOQUE";0;"1";"0";"0";"0";"0";"0";"0";"0";"1";"0";"Longo da via";"Chuvoso";"Não existe";"Perfeito estado";"Molhada";"Perfeito estado";"Não existe";"Não há placas";"";"Dupla";"Canteiro central";"";""
"7520";2021-06-19;"08:50:00";"COM VÍTIMA";"CANCELADA";"MADALENA";"RUA JOSE OSORIO";"877";"";"EM FRENTE A LOJA SEU CARANGO";"MADALENA";"";"";"COLISÃO TRASEIRA";1;"1";"0";"0";"0";"0";"0";"0";"0";"1";"0";"";"";"";"";"";"";"";"";"";"";"";"";""
"7521";2021-06-19;"13:17:00";"COM VÍTIMA";"FINALIZADA";"CAMPO GRANDE";"AV CORREIA DE BRITO";"";"";"EM FRENTE A CONSTRUTORA PLINIO CAVALCANTI";"CAMPO GRANDE";"";"SUBURBIO";"COLISÃO FRONTAL";1;"1";"0";"0";"0";"0";"0";"0";"0";"1";"0";"Longo da via";"Bom";"Não existe";"Não existente";"Seca";"Perfeito estado";"Não existe";"Não há placas";"";"Dupla";"Não existe";"";""
"7522";2021-06-19;"16:33:00";"SEM VÍTIMA";"FINALIZADA";"IPSEP";"AV RECIFE";"";"";"LADO OPOSTO AO POSTO DE COMBUSTIVEIS FEDERAL";"IPSEP";"";"SUBURBIO";"CAPOTAMENTO";1;"0";"0";"0";"0";"0";"0";"0";"0";"0";"0";"Longo da via";"Chuvoso";"Não existe";"Perfeito estado";"Molhada";"Perfeito estado";"Não existe";"Não há placas";"";"Dupla";"Faixa contínua";"Faixa seccionada";"Canteiro central"
"7523";2021-06-19;"17:09:00";"COM VÍTIMA";"FINALIZADA";"SÃO JOSÉ";"RUA IMPERIAL";"";"RUA BOM SUCESSO";"APOS O COLEGIO JOAQUIM NABUCO  VT  01  ESTA NO LOCAL AGUARDANDO A VT 22";"SÃO JOSÉ";"";"AFOGADOS";"COLISÃO LATERAL";1;"1";"0";"0";"0";"0";"0";"0";"0";"1";"0";"Cruzamento";"Chuvoso";"Não existe";"Incompleta";"Molhada";"Perfeito estado";"Não existe";"Outras";"40 km/h";"Única";"Não existe";"";""
"7524";2021-06-19;"17:49:00";"SEM VÍTIMA";"FINALIZADA";"BAIRRO DO RECIFE";"AV RIO BRANCO";"";"";"APOS A POLICIA FEDERAL";"BAIRRO DO RECIFE";"19";"";"";1;"0";"0";"0";"0";"0";"0";"1";"0";"0";"0";"Longo da via";"Bom";"Sem defeito";"Perfeito estado";"Molhada";"Perfeito estado";"Faixa de pedestre";"R-6c";"";"Dupla";"Faixa contínua";"Faixa seccionada";""
"7525";2021-06-19;"21:06:40";"SEM VÍTIMA";"CANCELADA";"IPUTINGA";"EST DO BARBALHO";"1365";"";"EM FRENTE A GRANJA DE BIRA";"IPUTINGA";"";"";"COLISÃO LATERAL";4;"0";"0";"0";"0";"0";"0";"0";"0";"0";"0";"";"";"";"";"";"";"";"";"";"";"";"";""
"7526";2021-06-19;"22:49:40";"COM VÍTIMA";"FINALIZADA";"BOA VIAGEM";"RUA HENRIQUE CAPITULINO";"143";"AV CONSELHEIRO AGUIAR";"COM A  AV  CONS AGUIAR";"BOA VIAGEM";"143";"CIDADE";"COLISÃO FRONTAL";1;"1";"0";"0";"0";"0";"0";"0";"0";"1";"0";"Cruzamento";"Chuvoso";"Sem defeito";"Perfeito estado";"Molhada";"Perfeito estado";"Faixa de pedestre";"Outras";"";"Única";"Faixa seccionada";"";""
"7527";2021-06-21;"07:11:00";"COM VÍTIMA";"CANCELADA";"IPUTINGA";"RUA BARAO DE ITAPISSUMA";"";"";"PROX AO POSTO DE GASOLINA ECOPOSTO /  ESQ COM A IGREJA PRIMEIRA BATISTA DA IPUTINGA";"IPUTINGA";"";"";"COLISÃO TRASEIRA";1;"1";"0";"0";"0";"0";"0";"0";"0";"1";"0";"";"";"";"";"";"";"";"";"";"";"";"";""
"7528";2021-06-21;"12:39:00";"SEM VÍTIMA";"FINALIZADA";"ENCRUZILHADA";"RUA DONA ELVIRA";"194";"RUA FREDERICO";"PROX A CONFRARIA DO MAR";"ENCRUZILHADA";"";"";"COLISÃO LATERAL";2;"0";"0";"0";"0";"0";"0";"0";"0";"0";"0";"";"";"";"";"";"";"";"";"";"";"";"";""
"7529";2021-06-21;"12:44:00";"COM VÍTIMA";"FINALIZADA";"PORTO DA MADEIRA";"AV BEBERIBE";"4333";"";"POSTO SINIVI";"PORTO DA MADEIRA";"";"CIDADE";"ATROPELAMENTO DE PESSOA";0;"1";"0";"0";"1";"0";"0";"0";"0";"1";"0";"Longo da via";"Bom";"Não existe";"Perfeito estado";"Seca";"Mal conservada";"Não existe";"Não há placas";"";"Dupla";"Faixa contínua";"";""
"7530";2021-06-21;"13:23:00";"COM VÍTIMA";"FINALIZADA";"CASA AMARELA";"AV NORTE";"";"";"EM FRENTE À PRAÇA DO TRABALHO";"CASA AMARELA";"676";"SUBURBIO";"COLISÃO LATERAL";0;"1";"0";"0";"0";"2";"0";"0";"0";"2";"0";"Longo da via";"Bom";"Sem defeito";"Perfeito estado";"Seca";"Perfeito estado";"Faixa de pedestre";"Não há placas";"60 km/h";"Dupla";"Canteiro central";"";""
"7531";2021-06-21;"14:08:00";"SEM VÍTIMA";"FINALIZADA";"SANTO AMARO";"AV DR JAYME DA FONTE";"";"";"E/F AO CAMPO DO ONZE";"SANTO AMARO";"";"";"COLISÃO TRASEIRA";2;"0";"0";"0";"0";"0";"0";"0";"0";"0";"0";"";"";"";"";"";"";"";"";"";"";"";"";""
"7532";2021-06-21;"20:46:40";"SEM VÍTIMA";"FINALIZADA";"GRAÇAS";"AV CONS ROSA E SILVA";"";"RUA AMELIA";"CRUZAMENTO";"GRAÇAS";"46";"";"COLISÃO LATERAL";1;"0";"1";"0";"0";"0";"0";"0";"0";"0";"0";"";"";"";"";"";"";"";"";"";"";"";"";""
"7533";2021-06-21;"22:20:40";"COM VÍTIMA";"CANCELADA";"CASA FORTE";"AV DEZESSETE DE AGOSTO";"";"RUA PIAUI";"PRÓX AO MUSEU DO HOMEM DO NORDESTE / SEMÁFORO 251";"CASA FORTE";"";"";"COLISÃO LATERAL";1;"1";"0";"0";"0";"0";"0";"0";"0";"1";"0";"";"";"";"";"";"";"";"";"";"";"";"";""
"7534";2021-06-22;"07:32:00";"COM VÍTIMA";"FINALIZADA";"SANTO AMARO";"RUA PEDRO AFONSO";"";"RUA TREZE DE MAIO";"SER EDUCACIONAL E SESC/ IML";"SANTO AMARO";"427";"CIDADE";"COLISÃO TRANSVERSAL";1;"1";"0";"0";"0";"0";"0";"0";"0";"1";"0";"";"";"";"";"";"";"";"";"";"";"";"";""
"7535";2021-06-22;"08:30:00";"COM VÍTIMA";"FINALIZADA";"APIPUCOS";"RUA DE APIPUCOS";"355";"";"EDIF. ARQUIPELAGO DOS AÇORES.";"APIPUCOS";"";"CIDADE";"QUEDA";0;"1";"0";"0";"0";"0";"0";"0";"0";"2";"0";"";"";"";"";"";"";"";"";"";"";"";"";""
"7536";2021-06-22;"08:32:00";"COM VÍTIMA";"FINALIZADA";"ÁGUA FRIA";"AV BEBERIBE";"418";"RUA PROFESSOR OTAVIO DE FREITAS";"";"ÁGUA FRIA";"";"SUBURBIO";"COLISÃO LATERAL";0;"1";"0";"0";"0";"1";"0";"0";"0";"1";"0";"Longo da via";"Bom";"Não existe";"";"Seca";"";"Outros";"Outras";"";"Dupla";"Faixa contínua";"";""
"7537";2021-06-22;"09:48:00";"COM VÍTIMA";"FINALIZADA";"BOA VIAGEM";"RUA VISCONDE DE JEQUITINHONHA";"420";"";"LADO OPOSTO À ACADEMIA SELF IT";"BOA VIAGEM";"433";"SUBURBIO";"COLISÃO TRASEIRA";3;"1";"0";"0";"0";"0";"0";"0";"0";"1";"0";"";"";"";"";"";"";"";"";"";"";"";"";""
"7538";2021-06-22;"11:42:00";"COM VÍTIMA";"FINALIZADA";"IPUTINGA";"AV CAXANGA";"";"";"AO LADO DA AUTO ESC. ESTRELA";"IPUTINGA";"";"";"COLISÃO TRANSVERSAL";1;"1";"0";"0";"0";"0";"0";"0";"0";"1";"0";"";"";"";"";"";"";"";"";"";"";"";"";""
"7539";2021-06-22;"15:53:00";"COM VÍTIMA";"FINALIZADA";"IMBIRIBEIRA";"RUA ITAJAI";"";"RUA IRAPUA";"PADARIA PORTO DELICATESSEN";"IMBIRIBEIRA";"";"";"COLISÃO LATERAL";4;"0";"0";"0";"0";"0";"0";"0";"0";"1";"0";"";"";"";"";"";"";"";"";"";"";"";"";""
"7540";2021-06-22;"18:44:00";"COM VÍTIMA";"FINALIZADA";"CASA AMARELA";"AV DR EURICO CHAVES";"851";"";"E/F A ACADEMIA ACTION FITNESS";"CASA AMARELA";"";"";"COLISÃO LATERAL";0;"0";"0";"0";"0";"0";"0";"0";"0";"1";"0";"";"";"";"";"";"";"";"";"";"";"";"";""
"7541";2021-06-23;"00:12:00";"COM VÍTIMA";"FINALIZADA";"PINA";"AV CONSELHEIRO AGUIAR";"857";"";"EM FRENTE À BARBEARIA TRÓIS";"PINA";"";"CIDADE";"COLISÃO TRASEIRA";1;"1";"0";"0";"0";"0";"0";"0";"0";"1";"0";"";"";"";"";"";"";"";"";"";"";"";"";""
"7542";2021-06-23;"07:24:00";"COM VÍTIMA";"FINALIZADA";"BOA VIAGEM";"RUA BRUNO VELOSO";"3722";"AV BOA VIAGEM";"EM FRENTE AO ED LITORANIOS";"BOA VIAGEM";"120";"CIDADE";"COLISÃO TRASEIRA";1;"1";"0";"0";"0";"0";"0";"0";"0";"1";"0";"";"";"";"";"";"";"";"";"";"";"";"";""
"7543";2021-06-23;"08:01:00";"COM VÍTIMA";"FINALIZADA";"GRAÇAS";"AV GOVERNADOR AGAMENON MAGALHAES";"";"RUA DR BANDEIRA FILHO";"CLUBE PORTUGUÊS";"GRAÇAS";"173";"";"COLISÃO TRASEIRA";0;"2";"0";"0";"0";"0";"0";"0";"0";"1";"0";"Longo da via";"Bom";"Sem defeito";"Perfeito estado";"Seca";"Perfeito estado";"Faixa de pedestre";"Não há placas";"60 km/h";"Única";"Faixa contínua";"";""
"7544";2021-06-23;"11:54:00";"COM VÍTIMA";"FINALIZADA";"TEJIPIÓ";"RUA APRIGIO GUIMARAES";"641";"";"PROX. AO HOSP. OTÁVIO DE FREITAS";"TEJIPIÓ";"";"SUBURBIO";"COLISÃO TRASEIRA";1;"1";"0";"0";"0";"0";"0";"0";"0";"1";"0";"";"";"";"";"";"";"";"";"";"";"";"";""
"7545";2021-06-23;"18:59:00";"SEM VÍTIMA";"FINALIZADA";"MADALENA";"AV VISCONDE DE ALBUQUERQUE";"232";"RUA GALVAO RAPOSO";"SEMAFORO 576  / E/F AO EDF VILLA BARILOCHE / PRÓX AO POSTO IPIRANGA";"MADALENA";"576";"";"COLISÃO LATERAL";2;"0";"0";"0";"0";"0";"0";"0";"0";"0";"0";"";"";"";"";"";"";"";"";"";"";"";"";""
"7546";2021-06-23;"23:19:40";"SEM VÍTIMA";"FINALIZADA";"IMBIRIBEIRA";"AV MARECHAL MASCARENHAS DE MORAES";"4861";"";"E/F A FACULDADE PERNAMBUCANA";"IMBIRIBEIRA";"";"";"COLISÃO TRASEIRA";2;"0";"0";"0";"0";"0";"0";"0";"0";"0";"0";"";"";"";"";"";"";"";"";"";"";"";"";""
"7547";2021-06-24;"02:22:00";"SEM VÍTIMA";"FINALIZADA";"IMBIRIBEIRA";"AV MARECHAL MASCARENHAS DE MORAES";"";"";"";"IMBIRIBEIRA";"631";"";"COLISÃO TRANSVERSAL";2;"0";"0";"0";"0";"0";"0";"0";"0";"0";"0";"";"";"";"";"";"";"";"";"";"";"";"";""
"7548";2021-06-24;"07:25:00";"COM VÍTIMA";"FINALIZADA";"ESPINHEIRO";"RUA QUARENTA E OITO";"261";"RUA DA HORA";"NA ESQUINA DO LABORATÓRIO CERPE";"ESPINHEIRO";"21";"CIDADE";"COLISÃO FRONTAL";1;"0";"1";"0";"0";"0";"0";"0";"0";"1";"0";"";"";"";"";"";"";"";"";"";"";"";"";""