"";"data";"hora";"natureza_acidente";"situacao";"bairro";"endereco";"numero";"detalhe_endereco_acidente";"complemento";"bairro_cruzamento";"num_semaforo";"sentido_via";"tipo";"auto";"moto";"ciclom";"ciclista";"pedestre";"onibus";"caminhao";"viatura";"outros";"vitimas";"vitimasfatais";"acidente_verificado";"tempo_clima";"situacao_semaforo";"sinalizacao";"condicao_via";"conservacao_via";"ponto_controle";"situacao_placa";"velocidade_max_via";"mao_direcao";"divisao_via1";"divisao_via2";"divisao_via3"
"7549";2021-06-24;"12:01:00";"SEM VÍTIMA";"FINALIZADA";"IPSEP";"RUA JEAN EMILE FAVRE";"";"RUA POTENGI";"FARMÁCIA DIARIAMENTE";"IPSEP";"564";"CIDADE";"COLISÃO TRANSVERSAL";2;"0";"0";"0";"0";"0";"0";"0";"0";"0";"0";"";"";"";"";"";"";"";"";"";"";"";"";""
"7550";2021-06-24;"22:31:40";"SEM VÍTIMA";"CANCELADA";"CORDEIRO";"AV GENERAL SAN MARTIN";"";"";"E/F AO HOSPITAL GETULIO VARGAS E POSTO SANTA TEREZINHA";"CORDEIRO";"";"";"CHOQUE";1;"0";"0";"0";"0";"0";"0";"0";"0";"0";"0";"";"";"";"";"";"";"";"";"";"";"";"";""
"7551";2021-06-25;"07:03:00";"COM VÍTIMA";"FINALIZADA";"TAMARINEIRA";"AV NORTE";"3733";"";"EM FRENTE A FABRICA DE BOLO";"TAMARINEIRA";"";"";"COLISÃO FRONTAL";0;"2";"0";"0";"0";"0";"0";"0";"0";"1";"0";"";"";"";"";"";"";"";"";"";"";"";"";""
"7552";2021-06-25;"07:58:00";"COM VÍTIMA";"FINALIZADA";"BOA VISTA";"AV GOVERNADOR AGAMENON MAGALHAES";"2807";"";"EM FRENTE AO CIRCULO MILITAR, SENT. OLINDA";"BOA VISTA";"";"";"COLISÃO LATERAL";1;"1";"0";"0";"0";"0";"0";"0";"0";"1";"0";"";"";"";"";"";"";"";"";"";"";"";"";""
"7553";2021-06-25;"14:46:00";"COM VÍTIMA";"FINALIZADA";"TAMARINEIRA";"RUA CONEGO BARATA";"";"";"PROXIMO A PADARIA MANA/ SENTIDO ÁGUA FRIA";"TAMARINEIRA";"";"";"COLISÃO LATERAL";1;"1";"0";"0";"0";"0";"0";"0";"0";"1";"0";"";"";"";"";"";"";"";"";"";"";"";"";""
"7554";2021-06-25;"15:14:00";"COM VÍTIMA";"FINALIZADA";"ROSARINHO";"AV NORTE";"";"";"E/F A PADARIA DO ROSARINHO S/T CID";"ROSARINHO";"";"CIDADE";"COLISÃO LATERAL";2;"1";"0";"0";"0";"0";"0";"0";"0";"1";"0";"";"";"";"";"";"";"";"";"";"";"";"";""
"7555";2021-06-25;"18:20:00";"SEM VÍTIMA";"FINALIZADA";"BAIRRO DO RECIFE";"";"";"";"PONTE 12 DE SETEMBRO / EM FRENTE AO SEMÁFORO DE Nº473";"BAIRRO DO RECIFE";"473";"SUBURBIO";"COLISÃO COM CICLISTA";1;"0";"0";"1";"0";"0";"0";"0";"0";"0";"0";"";"";"";"";"";"";"";"";"";"";"";"";""
"7556";2021-06-25;"18:37:00";"COM VÍTIMA";"FINALIZADA";"VÁRZEA";"AV AFONSO OLINDENSE";"";"";"E/F AO RESIDENCIAL ELIS REGINA";"VÁRZEA";"";"";"COLISÃO TRASEIRA";1;"1";"0";"0";"0";"0";"0";"0";"0";"1";"0";"";"";"";"";"";"";"";"";"";"";"";"";""
"7557";2021-06-25;"20:50:40";"COM VÍTIMA";"CANCELADA";"DOIS UNIDOS";"SUB DA MEDALHA MILAGROSA";"81";"";"PRÓX AO CAMPO DO CAFÉ";"DOIS UNIDOS";"";"";"COLISÃO FRONTAL";1;"1";"0";"0";"0";"0";"0";"0";"0";"1";"0";"";"";"";"";"";"";"";"";"";"";"";"";""
"7558";2021-06-26;"00:34:00";"COM VÍTIMA";"FINALIZADA";"IMBIRIBEIRA";"AV MARECHAL MASCARENHAS DE MORAES";"2690";"1 TRV JUSTICA E PAZ";"APÓS A FERREIRA COSTA - E/F AO BANCO ITAÚ - SENTIDO AFOGADOS";"IMBIRIBEIRA";"225";"CID";"CHOQUE";1;"1";"0";"0";"0";"0";"0";"0";"0";"2";"0";"";"";"";"";"";"";"";"";"";"";"";"";""
"7559";2021-06-26;"00:42:00";"COM VÍTIMA";"FINALIZADA";"BOA VIAGEM";"RUA DEZ DE JULHO";"";"RUA CAMBOIM";"CRUZAMENTO C/A RUA CAMBOIM - APÓS A ESTAÇÃO DO METRÔ";"BOA VIAGEM";"";"";"COLISÃO LATERAL";1;"1";"0";"0";"0";"0";"0";"0";"0";"1";"0";"";"";"";"";"";"";"";"";"";"";"";"";""
"7560";2021-06-26;"06:07:00";"COM VÍTIMA";"FINALIZADA";"AFOGADOS";"AV SUL";"";"";"APÓS A POLICLINICA DE AFOGADOS";"AFOGADOS";"";"CIDADE";"COLISÃO TRANSVERSAL";1;"1";"0";"0";"0";"0";"0";"0";"0";"2";"0";"";"";"";"";"";"";"";"";"";"";"";"";""
"7561";2021-06-26;"06:29:00";"COM VÍTIMA";"FINALIZADA";"IPSEP";"RUA JEAN EMILE FAVRE";"";"RUA POTENGY";"PROX. A FEIJOADA DO VAVÁ";"IPSEP";"564";"";"COLISÃO FRONTAL";1;"1";"0";"0";"0";"0";"0";"0";"0";"1";"0";"";"";"";"";"";"";"";"";"";"";"";"";""
"7562";2021-06-27;"11:05:00";"SEM VÍTIMA";"FINALIZADA";"CAXANGÁ";"AV CAXANGA";"";"";"INTEGRAÇÃO DA CAXANGÁ, PROX. A UPA";"CAXANGÁ";"";"";"CHOQUE";0;"0";"0";"0";"0";"0";"0";"1";"0";"0";"0";"";"";"";"";"";"";"";"";"";"";"";"";""
"7563";2021-06-27;"16:50:00";"COM VÍTIMA";"CANCELADA";"IBURA";"AV DOIS RIOS";"";"";"EM FRENTE A IGREJA EL SHADDAI E AO PET SHOP CÃOBELELEIRO";"IBURA";"";"";"COLISÃO FRONTAL";1;"1";"0";"0";"0";"0";"0";"0";"0";"1";"0";"";"";"";"";"";"";"";"";"";"";"";"";""
"7564";2021-06-27;"18:50:00";"COM VÍTIMA";"FINALIZADA";"IPSEP";"RUA JEAN EMILE FAVRE";"";"";"E/F A PADARIA PAO NORTE";"IPSEP";"";"";"COLISÃO FRONTAL";1;"0";"0";"0";"0";"0";"0";"0";"0";"2";"0";"";"";"";"";"";"";"";"";"";"";"";"";""
"7565";2021-06-28;"08:45:00";"COM VÍTIMA";"FINALIZADA";"VÁRZEA";"RUA SOLDADO MARIO KOSEL FILHO";"";"RUA INALDO BARTOLOMEU DE CARVALHO";"PROX. A IGREJA ASSEMBLEIA DE DEUS";"VÁRZEA";"";"";"ATROPELAMENTO DE PESSOA";0;"0";"0";"0";"1";"0";"1";"0";"0";"1";"0";"";"";"";"";"";"";"";"";"";"";"";"";""
"7566";2021-06-28;"11:36:00";"COM VÍTIMA";"FINALIZADA";"PINA";"AV BOA VIAGEM";"9";"";"E/F AO POSTO PETROBRÁS BR";"PINA";"104";"CIDADE";"COLISÃO LATERAL";1;"1";"0";"0";"0";"0";"0";"0";"0";"1";"0";"";"";"";"";"";"";"";"";"";"";"";"";""
"7567";2021-06-28;"12:53:00";"COM VÍTIMA";"FINALIZADA";"ESTÂNCIA";"AV RECIFE";"272";"";"ANTIGA CIROL ROYAL / SENTIDO CEASA";"ESTÂNCIA";"";"SUBURBIO";"COLISÃO LATERAL";0;"1";"0";"0";"0";"0";"1";"0";"0";"1";"0";"";"";"";"";"";"";"";"";"";"";"";"";""
"7568";2021-06-28;"13:48:00";"COM VÍTIMA";"FINALIZADA";"CASA FORTE";"AV DEZESSETE DE AGOSTO";"357";"";"EM  FRENTE À FARMÁCIA PAGUE MENOS";"CASA FORTE";"614";"CIDADE";"COLISÃO LATERAL";2;"1";"0";"0";"0";"0";"0";"0";"0";"1";"0";"";"";"";"";"";"";"";"";"";"";"";"";""
"7569";2021-06-28;"14:56:00";"SEM VÍTIMA";"FINALIZADA";"TORRE";"RUA MARQUES DE MARICA";"236";"RUA SOUZA BANDEIRA";"ESQUINA DO EDIFICIO VIVENDA DOS GIRASSOIS 236";"TORRE";"317";"CIDADE";"COLISÃO TRASEIRA";2;"0";"0";"0";"0";"0";"0";"0";"0";"0";"0";"";"";"";"";"";"";"";"";"";"";"";"";""
"7570";2021-06-29;"10:30:00";"SEM VÍTIMA";"FINALIZADA";"APIPUCOS";"RUA DOIS IRMAOS";"";"AV DA RECUPERACAO";"";"APIPUCOS";"416";"";"COLISÃO LATERAL";0;"2";"0";"0";"0";"0";"0";"0";"0";"0";"0";"";"";"";"";"";"";"";"";"";"";"";"";""
"7571";2021-06-29;"10:39:00";"COM VÍTIMA";"FINALIZADA";"BOA VIAGEM";"AV ENGENHEIRO DOMINGOS FERREIRA";"2600";"";"EM FRENTE A FARMACIA INDEPENDENTE";"BOA VIAGEM";"";"";"COLISÃO TRASEIRA";1;"1";"0";"0";"0";"0";"0";"0";"0";"1";"0";"";"";"";"";"";"";"";"";"";"";"";"";""
"7572";2021-06-29;"11:05:00";"SEM VÍTIMA";"FINALIZADA";"CORDEIRO";"AV PROFESSOR ESTEVAO FRANCISCO DA COSTA";"";"RUA ODETE MONTEIRO";"MARTELINHO DE OURO PREMIUM E O POSTO PETROCAL";"CORDEIRO";"";"";"COLISÃO FRONTAL";1;"0";"0";"0";"0";"0";"0";"1";"0";"0";"0";"";"";"";"";"";"";"";"";"";"";"";"";""
"7573";2021-06-29;"11:31:00";"SEM VÍTIMA";"FINALIZADA";"CORDEIRO";"RUA MARIA QUITERIA";"168";"";"E/F AO EDF. RIO JARI";"CORDEIRO";"";"";"COLISÃO LATERAL";1;"0";"0";"0";"0";"0";"0";"1";"0";"0";"0";"";"";"";"";"";"";"";"";"";"";"";"";""
"7574";2021-06-29;"11:39:00";"VÍTIMA FATAL";"FINALIZADA";"SANTO AMARO";"AV NORTE";"785";"RUA TREZE DE MAIO";"ESQUINA COM A RUA TREZE DE MAIO";"SANTO AMARO";"";"CIDADE";"ATROPELAMENTO DE PESSOA";1;"0";"0";"0";"1";"0";"0";"0";"0";"1";"1";"";"";"";"";"";"";"";"";"";"";"";"";""
"7575";2021-06-29;"11:55:00";"COM VÍTIMA";"FINALIZADA";"ÁGUA FRIA";"AV BEBERIBE";"2275";"";"E/F AO SUPERMERCADO SOBERANO";"ÁGUA FRIA";"";"";"COLISÃO LATERAL";1;"1";"0";"0";"0";"0";"0";"0";"0";"1";"0";"";"";"";"";"";"";"";"";"";"";"";"";""
"7576";2021-06-29;"13:21:00";"COM VÍTIMA";"FINALIZADA";"IMBIRIBEIRA";"AV MARECHAL MASCARENHAS DE MORAES";"";"";"EM FRENTE AO GERALDÃO/ SENTIDO CIDADE";"IMBIRIBEIRA";"";"";"COLISÃO TRASEIRA";1;"1";"0";"0";"0";"0";"0";"0";"0";"1";"0";"";"";"";"";"";"";"";"";"";"";"";"";""
"7577";2021-06-29;"17:07:00";"SEM VÍTIMA";"FINALIZADA";"MACAXEIRA";"AV NORTE";"";"";"PROX  A ESCOLA  DO ESTADUAL MARILIA AMALIA";"MACAXEIRA";"";"";"COLISÃO LATERAL";0;"1";"0";"0";"0";"0";"0";"1";"0";"0";"0";"";"";"";"";"";"";"";"";"";"";"";"";""
"7578";2021-06-29;"20:59:40";"COM VÍTIMA";"FINALIZADA";"CAMPO GRANDE";"RUA ODORICO MENDES";"598";"";"AO LADO DA CENTRAL DE FLAGRANTES";"CAMPO GRANDE";"";"";"ATROPELAMENTO DE PESSOA";0;"1";"0";"0";"1";"0";"0";"0";"0";"1";"0";"";"";"";"";"";"";"";"";"";"";"";"";""
"7579";2021-06-29;"22:20:40";"SEM VÍTIMA";"FINALIZADA";"CAMPO GRANDE";"RUA ODORICO MENDES";"598";"";"AO LADO DA CENTRAL DE FLAGRANTES";"CAMPO GRANDE";"";"";"COLISÃO TRASEIRA";3;"0";"0";"0";"0";"0";"0";"0";"0";"0";"0";"";"";"";"";"";"";"";"";"";"";"";"";""
"7580";2021-06-30;"09:24:00";"COM VÍTIMA";"FINALIZADA";"TORRÕES";"RUA DR MIGUEL VIEIRA FERREIRA";"275";"";"EM FRENTE AO BETO BEBIDAS";"TORRÕES";"";"";"ATROPELAMENTO DE PESSOA";1;"0";"0";"0";"1";"0";"0";"0";"0";"1";"0";"";"";"";"";"";"";"";"";"";"";"";"";""
"7581";2021-06-30;"10:19:00";"COM VÍTIMA";"FINALIZADA";"SANCHO";"AV LIBERDADE";"612";"";"100 METROS ANTES DA IGREJA ASSEMBLEIA DE DEUS";"SANCHO";"";"";"COLISÃO LATERAL";1;"1";"0";"0";"0";"0";"0";"0";"0";"1";"0";"";"";"";"";"";"";"";"";"";"";"";"";""
"7582";2021-06-30;"11:40:00";"COM VÍTIMA";"FINALIZADA";"AFOGADOS";"RUA DA PAZ";"388";"";"E/F A FIGUEIRAS CALÇADOS";"AFOGADOS";"";"";"ATROPELAMENTO DE PESSOA";1;"0";"0";"0";"1";"0";"0";"0";"0";"1";"0";"";"";"";"";"";"";"";"";"";"";"";"";""
"7583";2021-06-30;"13:44:00";"COM VÍTIMA";"CANCELADA";"CASA FORTE";"AV DEZESSETE DE AGOSTO";"";"";"EM FRENTE AO CENTRO MÉDICO SEN. JOSÉ ERMÍRIO DE MORAES";"CASA FORTE";"";"";"COLISÃO TRASEIRA";1;"1";"0";"0";"0";"0";"0";"0";"0";"1";"0";"";"";"";"";"";"";"";"";"";"";"";"";""
"7584";2021-06-30;"14:34:00";"COM VÍTIMA";"FINALIZADA";"CASA AMARELA";"AV NORTE";"667";"";"";"CASA AMARELA";"";"";"COLISÃO TRANSVERSAL";0;"2";"0";"0";"0";"0";"0";"0";"0";"1";"0";"";"";"";"";"";"";"";"";"";"";"";"";""
"7585";2021-06-30;"16:40:00";"COM VÍTIMA";"FINALIZADA";"SÃO JOSÉ";"AV SUL";"";"";"EM FRENTE A POLICLINICA DE AFOGADOS";"SÃO JOSÉ";"";"";"QUEDA";0;"0";"0";"0";"0";"0";"0";"0";"0";"1";"0";"";"";"";"";"";"";"";"";"";"";"";"";""
"7586";2021-06-30;"16:54:00";"COM VÍTIMA";"FINALIZADA";"ROSARINHO";"AV NORTE";"";"";"EM FRENTE A PRAÇA DO ROSARINHO";"ROSARINHO";"";"";"COLISÃO LATERAL";1;"1";"0";"0";"0";"0";"0";"0";"0";"1";"0";"";"";"";"";"";"";"";"";"";"";"";"";""
"7587";2021-06-30;"19:09:00";"COM VÍTIMA";"FINALIZADA";"AREIAS";"AV DR JOSE RUFINO";"";"";"PROX A HONDA";"AREIAS";"";"";"COLISÃO FRONTAL";1;"1";"0";"0";"0";"0";"0";"0";"0";"1";"0";"";"";"";"";"";"";"";"";"";"";"";"";""
"7588";2021-06-30;"20:02:00";"COM VÍTIMA";"CANCELADA";"JARDIM SÃO PAULO";"RUA LEANDRO BARRETO";"";"";"E/F AO SUPER MERCADO COMPRA MAIS";"JARDIM SÃO PAULO";"";"";"COLISÃO FRONTAL";1;"1";"0";"0";"0";"0";"0";"0";"0";"1";"0";"";"";"";"";"";"";"";"";"";"";"";"";""
"7589";2021-07-01;"07:58:00";"COM VÍTIMA";"FINALIZADA";"SANTO AMARO";"RUA IMPERADOR PEDRO SEGUNDO";"";"RUA PRIMEIRO DE MARCO";"EM FRENTE AO BANCO ITAÚ";"SANTO AMARO";"18";"";"COLISÃO TRANSVERSAL";1;"1";"0";"0";"0";"0";"0";"0";"0";"1";"0";"Cruzamento";"Chuvoso";"Sem defeito";"Perfeito estado";"Molhada";"Perfeito estado";"Faixa de pedestre";"Outras";"40 km/h";"Única";"Faixa seccionada";"";""
"7590";2021-07-01;"13:56:00";"COM VÍTIMA";"FINALIZADA";"ESPINHEIRO";"RUA AFONSO BATISTA";"239";"RUA GOMES PACHECO";"PRÓX AO CHINA BAR";"ESPINHEIRO";"";"SUBURBIO";"COLISÃO LATERAL";1;"1";"0";"0";"0";"0";"0";"0";"0";"1";"0";"Esquina";"Bom";"Não existe";"Perfeito estado";"Seca";"Perfeito estado";"Outros";"Placas ""Pare""";"";"Dupla";"Não existe";"";""
"7591";2021-07-01;"14:46:00";"VÍTIMA FATAL";"FINALIZADA";"BOA VIAGEM";"AV BOA VIAGEM";"";"";"PRÓXIMO AO HOSPITAL DE AERONÁLTICA";"BOA VIAGEM";"";"CIDADE";"QUEDA";1;"1";"0";"0";"0";"0";"0";"0";"0";"1";"1";"Longo da via";"Bom";"Não existe";"Perfeito estado";"Seca";"Perfeito estado";"Não existe";"Não há placas";"";"Única";"Faixa seccionada";"";""
"7592";2021-07-01;"18:15:00";"COM VÍTIMA";"FINALIZADA";"BOA VISTA";"RUA DO RIACHUELO";"1038";"";"";"BOA VISTA";"";"CIDADE";"COLISÃO FRONTAL";2;"0";"1";"0";"0";"0";"0";"0";"0";"2";"0";"Longo da via";"Bom";"Não existe";"Perfeito estado";"Seca";"Perfeito estado";"Não existe";"R-6a";"";"Única";"Faixa contínua";"";""
"7593";2021-07-01;"22:42:40";"COM VÍTIMA";"FINALIZADA";"SANTO AMARO";"RUA FREI CASSIMIRO";"626";"RUA FRANCISCO JACINTO";"E/F A DELEGACIA";"SANTO AMARO";"";"SUBURBIO";"COLISÃO LATERAL";1;"1";"0";"0";"0";"0";"0";"0";"0";"1";"0";"Cruzamento";"Chuvoso";"Não existe";"Incompleta";"Molhada";"Mal iluminada";"Não existe";"Não há placas";"";"Dupla";"Canteiro central";"";""
"7594";2021-07-02;"07:54:00";"COM VÍTIMA";"FINALIZADA";"CORDEIRO";"EST DO FORTE DO ARRAIAL N. DO B. JESUS";"341";"RUA AUREO XAVIER";"E/F AO RESTAURANTE O PESCADOR";"CORDEIRO";"";"";"COLISÃO LATERAL";1;"1";"0";"0";"0";"0";"0";"0";"0";"1";"0";"Longo da via";"Bom";"Não existe";"Perfeito estado";"Seca";"Perfeito estado";"";"Outras";"";"Dupla";"Faixa contínua";"";""
"7595";2021-07-02;"09:31:00";"SEM VÍTIMA";"FINALIZADA";"CASA FORTE";"AV DEZESSETE DE AGOSTO";"";"RUA JORGE DE ALBUQUERQUE";"";"CASA FORTE";"251";"SUBURBIO";"";2;"0";"0";"0";"0";"0";"0";"0";"0";"0";"0";"Cruzamento";"Bom";"Sem defeito";"Perfeito estado";"Seca";"Perfeito estado";"Faixa de pedestre";"Outras";"";"Dupla";"Faixa contínua";"";""
"7596";2021-07-02;"09:50:00";"COM VÍTIMA";"FINALIZADA";"BOA VIAGEM";"RUA SA E SOUZA";"845";"RUA DR LUIZ INACIO PESSOA DE MELO";"PROX. AO RM EXPRESS";"BOA VIAGEM";"";"SUBURBIO";"COLISÃO LATERAL";1;"1";"0";"0";"0";"0";"0";"0";"0";"1";"0";"Cruzamento";"Bom";"Não existe";"Perfeito estado";"Seca";"Perfeito estado";"Não existe";"R-6a";"";"Dupla";"Não existe";"";""
"7597";2021-07-02;"11:16:00";"COM VÍTIMA";"FINALIZADA";"ALTO JOSÉ BONIFÁCIO";"RUA CORREGO DO EUCLIDES";"258";"";"PROX. A UPA E O TERMINAL DE ONIBUS DO COR. DO EUCLIDES";"ALTO JOSÉ BONIFÁCIO";"";"CIDADE";"COLISÃO COM CICLISTA";1;"1";"0";"0";"0";"0";"0";"0";"0";"1";"0";"Longo da via";"Bom";"Não existe";"Não existente";"Seca";"Mal conservada";"Não existe";"Não há placas";"";"Dupla";"Não existe";"";""
"7598";2021-07-02;"11:48:00";"COM VÍTIMA";"FINALIZADA";"IPSEP";"AV RECIFE";"2739";"";"EM FRENTE A PIZZARIA ATLANTICO";"IPSEP";"";"SUBURBIO";"COLISÃO LATERAL";1;"1";"0";"0";"0";"0";"0";"0";"0";"1";"0";"Longo da via";"Bom";"Não existe";"Perfeito estado";"Seca";"Perfeito estado";"Não existe";"Não há placas";"";"Dupla";"Canteiro central";"";""
"7599";2021-07-02;"15:09:00";"COM VÍTIMA";"FINALIZADA";"CAXANGÁ";"AV JOAQUIM RIBEIRO";"";"RUA RIBEIRO PESSOA";"EM FRENTE UPA /SENTIDO DOIS IRMÃO";"CAXANGÁ";"281";"SUBURBIO";"COLISÃO TRANSVERSAL";0;"1";"0";"0";"0";"0";"0";"0";"0";"1";"0";"Cruzamento";"Bom";"Sem defeito";"Perfeito estado";"Seca";"Perfeito estado";"Agente";"";"60 km/h";"Única";"Canteiro central";"";""
"7600";2021-07-02;"15:45:00";"COM VÍTIMA";"FINALIZADA";"CORDEIRO";"AV CAXANGA";"2694";"";"LADO OPOSTO AO ARMAZEM HELENA/ SENTIDO CIDADE";"CORDEIRO";"";"CIDADE";"ATROPELAMENTO DE PESSOA";2;"0";"0";"0";"1";"0";"0";"0";"0";"1";"0";"Longo da via";"Bom";"Não existe";"Perfeito estado";"Seca";"Perfeito estado";"Faixa de retenção";"Placas ""Pare""";"";"Única";"Não existe";"";""
"7601";2021-07-02;"17:09:00";"COM VÍTIMA";"FINALIZADA";"CAMPO GRANDE";"EST DE BELEM";"";"";"EM FRENTE AO SUPERMERCADO STTYLLO";"CAMPO GRANDE";"";"";"COLISÃO LATERAL";1;"1";"0";"0";"0";"0";"0";"0";"0";"1";"0";"";"";"";"";"";"";"";"";"";"";"";"";""
"7602";2021-07-02;"18:41:00";"COM VÍTIMA";"FINALIZADA";"IBURA";"AV DOIS RIOS";"";"";"E/F AUPAE";"IBURA";"";"";"COLISÃO LATERAL";1;"1";"0";"0";"0";"0";"0";"0";"0";"1";"0";"Longo da via";"Chuvoso";"Não existe";"Ilegível";"Molhada";"Mal conservada";"Não existe";"Outras";"";"Dupla";"";"";""
"7603";2021-07-02;"20:54:40";"COM VÍTIMA";"FINALIZADA";"IBURA";"AV DOIS RIOS";"393";"";"EM FRENTE A IGREJA UNIVERSAL";"IBURA";"";"CIDADE";"COLISÃO FRONTAL";0;"1";"0";"0";"0";"0";"0";"0";"0";"1";"0";"Longo da via";"Chuvoso";"Não existe";"Perfeito estado";"Molhada";"Perfeito estado";"Não existe";"Não há placas";"";"Dupla";"Faixa contínua";"";""
"7604";2021-07-02;"21:27:40";"SEM VÍTIMA";"FINALIZADA";"IMBIRIBEIRA";"AV MARECHAL MASCARENHAS DE MORAES";"";"";"SOB O VIADUTO PRESIDENTE TANCREDO NEVES";"IMBIRIBEIRA";"";"CIDADE";"COLISÃO TRASEIRA";2;"2";"0";"0";"0";"0";"1";"1";"0";"0";"0";"Longo da via";"Chuvoso";"Não existe";"Perfeito estado";"Molhada";"Perfeito estado";"Agente";"Não há placas";"";"Dupla";"Faixa seccionada";"Canteiro central";""
"7605";2021-07-02;"22:33:40";"COM VÍTIMA";"FINALIZADA";"IMBIRIBEIRA";"VIADUTO TANCREDO NEVES";"";"";"NO INÍCIO DO VIADUTO SENTIDO BOA VIAGEM.";"IMBIRIBEIRA";"";"CIDADE";"QUEDA";0;"0";"0";"1";"0";"0";"0";"0";"0";"1";"0";"Viaduto";"Chuvoso";"Não existe";"Perfeito estado";"Molhada";"Perfeito estado";"";"Não há placas";"";"Única";"Canteiro central";"";""
"7606";2021-07-03;"08:20:00";"COM VÍTIMA";"FINALIZADA";"IPUTINGA";"AV CAXANGA";"7038";"AV CAXANGA";"PRÓXIMO AO BIG BOM PREÇO";"IPUTINGA";"533";"SUBURBIO";"COLISÃO LATERAL";1;"0";"0";"0";"0";"0";"0";"0";"0";"1";"0";"Longo da via";"Chuvoso";"Sem defeito";"Perfeito estado";"Molhada";"Perfeito estado";"Faixa de pedestre";"Não há placas";"";"Única";"Faixa seccionada";"";""
"7607";2021-07-03;"08:46:00";"COM VÍTIMA";"FINALIZADA";"ROSARINHO";"AV NORTE";"";"AV SANTOS DUMONT";"";"ROSARINHO";"81";"CIDADE";"COLISÃO LATERAL";1;"2";"0";"0";"0";"0";"0";"0";"0";"1";"0";"Longo da via";"Chuvoso";"Com defeito";"Perfeito estado";"Molhada";"Perfeito estado";"Faixa de pedestre";"R-6a";"";"Dupla";"Faixa contínua";"";""
"7608";2021-07-03;"09:26:00";"COM VÍTIMA";"FINALIZADA";"BOA VIAGEM";"AV BOA VIAGEM";"3610";"";"EM FRENTE DO PORTO CANOA";"BOA VIAGEM";"";"CIDADE";"COLISÃO TRASEIRA";1;"1";"0";"0";"0";"0";"0";"0";"0";"2";"0";"Longo da via";"Chuvoso";"Sem defeito";"Perfeito estado";"Molhada";"Perfeito estado";"Não existe";"Outras";"";"Única";"Faixa seccionada";"";""
"7609";2021-07-03;"12:54:00";"SEM VÍTIMA";"CANCELADA";"IMBIRIBEIRA";"AV MARECHAL MASCARENHAS DE MORAES";"";"";"E/F LASER ELETRO S/T AFOGADOS";"IMBIRIBEIRA";"";"";"COLISÃO FRONTAL";1;"1";"0";"0";"0";"0";"0";"0";"0";"0";"0";"";"";"";"";"";"";"";"";"";"";"";"";""
"7610";2021-07-03;"15:01:00";"SEM VÍTIMA";"FINALIZADA";"AREIAS";"AV DR JOSE RUFINO";"1545";"";"E/F AO COLEGIO INCENTIVO";"AREIAS";"";"CIDADE";"COLISÃO TRASEIRA";2;"0";"0";"0";"0";"0";"0";"0";"0";"0";"0";"Longo da via";"Chuvoso";"Não existe";"";"Molhada";"Perfeito estado";"Não existe";"Não há placas";"";"Dupla";"Faixa contínua";"";""
"7611";2021-07-03;"15:12:00";"COM VÍTIMA";"FINALIZADA";"CABANGA";"VDO PAPA JOAO PAULO II";"";"";"EM CIMA DO VIADUTO/ SENTIDO DERBY";"CABANGA";"";"CIDADE";"COLISÃO COM CICLISTA";0;"1";"0";"1";"0";"0";"0";"0";"0";"2";"0";"Viaduto";"Bom";"Não existe";"Perfeito estado";"Seca";"Perfeito estado";"Não existe";"Não há placas";"";"Dupla";"Canteiro central";"";""
"7612";2021-07-04;"10:38:00";"COM VÍTIMA";"FINALIZADA";"PARNAMIRIM";"AV FLOR DE SANTANA";"223";"RUA DO MARQUES";"PROX. EDF. TORONTO";"PARNAMIRIM";"";"";"COLISÃO LATERAL";1;"1";"0";"0";"0";"0";"0";"0";"0";"1";"0";"Cruzamento";"Bom";"Não existe";"Incompleta";"Seca";"Mal conservada";"Faixa de pedestre";"Placas ""Pare""";"30 km/h";"Dupla";"Não existe";"";""
"7613";2021-07-04;"16:12:00";"COM VÍTIMA";"FINALIZADA";"ESPINHEIRO";"RUA QUARENTA E OITO";"";"RUA CONS PORTELA";"FARMÁCIA PAGUE MENOS";"ESPINHEIRO";"11";"CIDADE";"COLISÃO LATERAL";1;"1";"0";"0";"0";"0";"0";"0";"0";"2";"0";"Cruzamento";"Bom";"Sem defeito";"Perfeito estado";"Seca";"Perfeito estado";"Faixa de pedestre";"R-6a";"";"Única";"Faixa contínua";"";""
"7614";2021-07-04;"20:58:00";"SEM VÍTIMA";"CANCELADA";"DOIS IRMÃOS";"RUA MANUEL DE MEDEIROS";"";"";"E/F A FACULDADE RURAL";"DOIS IRMÃOS";"0";"";"QUEDA";0;"1";"0";"0";"0";"0";"0";"0";"0";"0";"0";"";"";"";"";"";"";"";"";"";"";"";"";""
"7615";2021-07-04;"22:39:40";"COM VÍTIMA";"FINALIZADA";"GRAÇAS";"AV CONS ROSA E SILVA";"471";"RUA BRUNO MAIA";"ESQUINA COM HOSPITAL DOS SERVIDORES[";"GRAÇAS";"";"SUBURBIO";"COLISÃO TRASEIRA";1;"1";"0";"0";"0";"0";"0";"0";"0";"1";"0";"Longo da via";"Bom";"Não existe";"Perfeito estado";"Seca";"Perfeito estado";"";"Outras";"";"Única";"Faixa seccionada";"";""
"7616";2021-07-05;"06:56:00";"COM VÍTIMA";"FINALIZADA";"IBURA";"AV DOM HELDER CAMARA";"351";"";"E/F ARMAZÉM FAMA";"IBURA";"";"CIDADE";"QUEDA";0;"1";"0";"0";"0";"0";"0";"0";"0";"1";"0";"Longo da via";"Bom";"Não existe";"Perfeito estado";"Seca";"Perfeito estado";"Não existe";"Não há placas";"";"Dupla";"Canteiro central";"";""
"7617";2021-07-05;"07:11:00";"COM VÍTIMA";"FINALIZADA";"PINA";"AV CONSELHEIRO AGUIAR";"523";"RUA PEREIRA DA COSTA";"LUCK VIAGENS";"PINA";"140";"CIDADE";"QUEDA";0;"1";"0";"0";"0";"0";"0";"0";"0";"1";"0";"Longo da via";"Bom";"Sem defeito";"Perfeito estado";"Seca";"Perfeito estado";"Faixa de pedestre";"Outras";"";"Única";"Faixa contínua";"Faixa seccionada";""