"";"data";"hora";"natureza_acidente";"situacao";"bairro";"endereco";"numero";"detalhe_endereco_acidente";"complemento";"bairro_cruzamento";"num_semaforo";"sentido_via";"tipo";"auto";"moto";"ciclom";"ciclista";"pedestre";"onibus";"caminhao";"viatura";"outros";"vitimas";"vitimasfatais";"acidente_verificado";"tempo_clima";"situacao_semaforo";"sinalizacao";"condicao_via";"conservacao_via";"ponto_controle";"situacao_placa";"velocidade_max_via";"mao_direcao";"divisao_via1";"divisao_via2";"divisao_via3"
"7675";2021-07-13;"20:13:00";"SEM VÍTIMA";"FINALIZADA";"VASCO DA GAMA";"RUA ASSUNCAO";"115";"";"PROX AO TEATRO LOBATINHO";"VASCO DA GAMA";"";"";"CHOQUE";0;"0";"0";"0";"0";"0";"0";"0";"0";"0";"0";"";"";"";"";"";"";"";"";"";"";"";"";""
"7676";2021-07-14;"01:10:00";"SEM VÍTIMA";"CANCELADA";"ESTÂNCIA";"AV RECIFE";"";"";"EM FRENTE AO ATACADÃO,SENTIDO AEROPORTO";"ESTÂNCIA";"";"";"CHOQUE";0;"0";"0";"0";"0";"0";"0";"0";"0";"0";"0";"";"";"";"";"";"";"";"";"";"";"";"";""
"7677";2021-07-14;"11:40:00";"COM VÍTIMA";"FINALIZADA";"HIPÓDROMO";"EST DE BELEM";"836";"RUA PRUDENTE DE MORAES";"ESQUINA DO POSTO TOTAL";"HIPÓDROMO";"94";"";"COLISÃO FRONTAL";0;"1";"0";"0";"0";"1";"0";"0";"0";"1";"0";"Cruzamento";"Bom";"Sem defeito";"Perfeito estado";"Seca";"Perfeito estado";"Faixa de pedestre";"Outras";"30 km/h";"Dupla";"Faixa contínua";"";""
"7678";2021-07-14;"11:56:00";"SEM VÍTIMA";"FINALIZADA";"CAMPO GRANDE";"RUA NOGUEIRA LIMA";"85";"";"EM FRENTE A ESCOLA EMBAIXADOR GILBERTO AMADO";"CAMPO GRANDE";"";"";"";2;"0";"0";"0";"0";"0";"0";"0";"0";"0";"0";"Longo da via";"Bom";"Não existe";"Perfeito estado";"Seca";"Perfeito estado";"Não existe";"Não há placas";"";"Dupla";"Não existe";"";""
"7679";2021-07-14;"15:43:00";"COM VÍTIMA";"FINALIZADA";"TAMARINEIRA";"AV NORTE";"4001";"";"APÓS O SESC DE CASA AMARELA";"TAMARINEIRA";"";"CIDADE";"ATROPELAMENTO DE PESSOA";0;"1";"0";"0";"1";"0";"0";"0";"0";"1";"0";"Longo da via";"Bom";"Não existe";"Perfeito estado";"Seca";"Perfeito estado";"Não existe";"Não há placas";"";"Única";"Faixa seccionada";"";""
"7680";2021-07-14;"16:45:00";"SEM VÍTIMA";"FINALIZADA";"CAMPO GRANDE";"RUA MARQUES DE BAIPENDI";"82";"";"PROXIMO AO DEPOSITO DA COCA COLA";"CAMPO GRANDE";"";"";"COLISÃO LATERAL";3;"0";"0";"0";"0";"0";"0";"0";"0";"0";"0";"";"";"";"";"";"";"";"";"";"";"";"";""
"7681";2021-07-14;"17:23:00";"COM VÍTIMA";"FINALIZADA";"SÃO JOSÉ";"AV SUL";"";"";"NO SEMÁFORO 260";"SÃO JOSÉ";"260";"CIDADE";"COLISÃO LATERAL";1;"1";"0";"0";"0";"0";"0";"0";"0";"1";"0";"Cruzamento";"Nublado";"Sem defeito";"Incompleta";"Molhada";"Perfeito estado";"Faixa de pedestre";"Não há placas";"";"Única";"Não existe";"";""
"7682";2021-07-14;"20:12:00";"COM VÍTIMA";"FINALIZADA";"MADALENA";"AV VISCONDE DE ALBUQUERQUE";"401";"";"E/F AO MADALENA CENTER";"MADALENA";"";"CIDADE";"COLISÃO TRASEIRA";3;"0";"0";"0";"0";"1";"0";"0";"0";"1";"0";"Cruzamento";"Bom";"Não existe";"Perfeito estado";"Seca";"Perfeito estado";"Não existe";"Placas ""Pare""";"";"Única";"Faixa seccionada";"";""
"7683";2021-07-15;"08:09:00";"COM VÍTIMA";"FINALIZADA";"DOIS IRMÃOS";"RUA MANUEL DE MEDEIROS";"123";"";"EM FRENTE A UNIVERSIDADE RURAL";"DOIS IRMÃOS";"224";"";"COLISÃO TRASEIRA";1;"1";"0";"0";"0";"0";"0";"0";"0";"1";"0";"Longo da via";"Bom";"Sem defeito";"Perfeito estado";"Molhada";"Mal conservada";"Não existe";"R-19";"30 km/h";"Dupla";"Não existe";"";""
"7684";2021-07-15;"10:48:00";"COM VÍTIMA";"FINALIZADA";"BOA VIAGEM";"AV ENGENHEIRO DOMINGOS FERREIRA";"1472";"";"TREED CENTER";"BOA VIAGEM";"";"SUBURBIO";"COLISÃO TRANSVERSAL";1;"1";"0";"0";"0";"0";"0";"0";"0";"1";"0";"Longo da via";"Bom";"Não existe";"Perfeito estado";"Seca";"Perfeito estado";"Não existe";"Não há placas";"60 km/h";"Única";"Canteiro central";"";""
"7685";2021-07-15;"12:23:00";"COM VÍTIMA";"FINALIZADA";"AFOGADOS";"RUA NICOLAU PEREIRA";"445";"";"EM FRENTE AO ARMAZEM CORAL";"AFOGADOS";"242";"SUBURBIO";"COLISÃO TRASEIRA";1;"2";"0";"0";"0";"0";"0";"0";"0";"1";"0";"Longo da via";"Bom";"Sem defeito";"Perfeito estado";"Seca";"Perfeito estado";"Não existe";"";"";"";"";"";""
"7686";2021-07-15;"13:48:00";"COM VÍTIMA";"CANCELADA";"PINA";"AV ANTONIO DE GOES";"";"";"EM FRENTE AO LUCILO ÁVILA";"PINA";"";"";"COLISÃO TRASEIRA";1;"1";"0";"0";"0";"0";"0";"0";"0";"2";"0";"";"";"";"";"";"";"";"";"";"";"";"";""
"7687";2021-07-15;"14:46:00";"COM VÍTIMA";"FINALIZADA";"ESPINHEIRO";"AV GOVERNADOR AGAMENON MAGALHAES";"3158";"";"EM FRENTE A MEDICAL / SENTIDO BOA VIAGEM";"ESPINHEIRO";"";"BOA VIAGEM";"COLISÃO TRASEIRA";1;"1";"0";"0";"0";"0";"0";"0";"0";"1";"0";"Longo da via";"Bom";"Sem defeito";"Perfeito estado";"Seca";"Perfeito estado";"Não existe";"Não há placas";"60 km/h";"Dupla";"Faixa seccionada";"";""
"7688";2021-07-15;"16:34:00";"COM VÍTIMA";"FINALIZADA";"CIDADE UNIVERSITÁRIA";"AV PROFESSOR LUIZ FREIRE";"500";"";"PRÓX AO IFPE";"CIDADE UNIVERSITÁRIA";"374";"BR-101";"QUEDA";0;"1";"0";"0";"0";"0";"0";"0";"0";"1";"0";"Longo da via";"Bom";"Sem defeito";"Incompleta";"Seca";"Mal conservada";"";"Não há placas";"30 km/h";"Única";"Faixa seccionada";"";""
"7689";2021-07-15;"16:18:00";"COM VÍTIMA";"FINALIZADA";"TORRÕES";"AV ENGENHEIRO ABDIAS DE CARVALHO";"";"RUA QUINZE DE MARCO";"NO SEMAFORO 422 PROX A CHESF  S/T BR";"TORRÕES";"422";"SUBURBIO";"COLISÃO LATERAL";1;"1";"0";"0";"0";"0";"0";"0";"0";"1";"0";"Cruzamento";"Bom";"Sem defeito";"Perfeito estado";"Seca";"";"Faixa de pedestre";"Não há placas";"60 km/h";"Única";"Canteiro central";"";""
"7690";2021-07-15;"16:27:00";"COM VÍTIMA";"FINALIZADA";"ENCRUZILHADA";"AV BEBERIBE";"376";"";"E/F AO BANCO DO BRASIL S/T  SUB";"ENCRUZILHADA";"";"SUBURBIO";"COLISÃO FRONTAL";1;"1";"0";"0";"0";"0";"0";"0";"0";"1";"0";"Longo da via";"Bom";"";"Perfeito estado";"Seca";"Perfeito estado";"Não existe";"R-6a";"60 km/h";"Dupla";"Faixa contínua";"";""
"7691";2021-07-15;"21:04:40";"SEM VÍTIMA";"FINALIZADA";"SANTO AMARO";"AV GOVERNADOR AGAMENON MAGALHAES";"";"";"AO LADO DO MINISTÉRIO PÚBLICO FEDERAL";"SANTO AMARO";"";"CIDADE";"COLISÃO TRASEIRA";1;"0";"0";"0";"0";"0";"0";"1";"0";"0";"0";"Longo da via";"Bom";"Não existe";"Não existente";"Seca";"Perfeito estado";"Não existe";"Não há placas";"";"Dupla";"";"";""
"7692";2021-07-16;"04:18:00";"SEM VÍTIMA";"FINALIZADA";"ARRUDA";"AV PROFESSOR JOSE DOS ANJOS";"1561";"";"APÓS A VIA SUL";"ARRUDA";"";"";"CHOQUE";1;"0";"0";"0";"0";"1";"0";"0";"0";"0";"0";"";"";"";"";"";"";"";"";"";"";"";"";""
"7693";2021-07-16;"09:52:00";"COM VÍTIMA";"FINALIZADA";"BOA VIAGEM";"RUA ERNESTO DE PAULA SANTOS";"1114";"RUA AGENOR LOPES";"APOS A FARMACIA PAGUE MENOS";"BOA VIAGEM";"";"";"COLISÃO LATERAL";1;"1";"0";"0";"0";"0";"0";"0";"0";"1";"0";"Cruzamento";"Chuvoso";"Não existe";"Perfeito estado";"Molhada";"Perfeito estado";"Faixa de pedestre";"Não há placas";"";"Única";"Faixa seccionada";"";""
"7694";2021-07-16;"11:47:00";"COM VÍTIMA";"FINALIZADA";"SÃO JOSÉ";"AV SUL";"";"";"AO LADO DO POSTO BR. PRAÇA SÉRGIO LORETO.";"SÃO JOSÉ";"311";"CIDADE";"COLISÃO TRASEIRA";1;"1";"0";"0";"0";"0";"0";"0";"0";"1";"0";"Longo da via";"Chuvoso";"Sem defeito";"Perfeito estado";"Molhada";"Perfeito estado";"Faixa de retenção";"Outras";"";"Dupla";"Canteiro central";"";""
"7695";2021-07-16;"16:32:00";"COM VÍTIMA";"FINALIZADA";"BOA VIAGEM";"RUA ERNESTO DE PAULA SANTOS";"1342";"RUA CORONEL ANIZIO RODRIGUES COELHO";"PROX A PALADARIA  E DELICATESSEN";"BOA VIAGEM";"";"CIDADE";"COLISÃO LATERAL";2;"0";"0";"0";"0";"0";"0";"0";"0";"1";"0";"Cruzamento";"Bom";"Não existe";"Perfeito estado";"Molhada";"Perfeito estado";"Não existe";"Não há placas";"";"Única";"Não existe";"";""
"7696";2021-07-16;"20:40:00";"COM VÍTIMA";"FINALIZADA";"BOA VIAGEM";"AV CONSELHEIRO AGUIAR";"3628";"";"E/F AO HOSPITAL VERETINARIO ARMONIA";"BOA VIAGEM";"";"SUBURBIO";"COLISÃO TRASEIRA";1;"1";"0";"0";"0";"0";"0";"0";"0";"1";"0";"Longo da via";"Bom";"Não existe";"Perfeito estado";"Seca";"Perfeito estado";"Não existe";"R-6a";"";"Única";"Canteiro central";"";""
"7697";2021-07-17;"10:12:00";"COM VÍTIMA";"CANCELADA";"TORRE";"RUA PADRE LANDIM";"974";"RUA CONDE DE IRAJA";"APOS A PADARIA DO IRAJA";"TORRE";"";"";"COLISÃO TRANSVERSAL";1;"1";"0";"0";"0";"0";"0";"0";"0";"1";"0";"";"";"";"";"";"";"";"";"";"";"";"";""
"7698";2021-07-17;"14:11:00";"COM VÍTIMA";"FINALIZADA";"ROSARINHO";"RUA DR JOSE MARIA";"855";"";"PROX AO TAMARIDU´S FESTAS S/T SUB";"ROSARINHO";"";"";"COLISÃO LATERAL";1;"1";"0";"0";"0";"0";"0";"0";"0";"1";"0";"";"";"";"";"";"";"";"";"";"";"";"";""
"7699";2021-07-17;"19:31:00";"COM VÍTIMA";"FINALIZADA";"BOA VIAGEM";"AV BOA VIAGEM";"1998";"";"PROX AO EDFC PLAZA DEL MAR";"BOA VIAGEM";"117";"CIDADE";"ATROPELAMENTO DE PESSOA";0;"1";"0";"0";"1";"0";"0";"0";"0";"1";"0";"Longo da via";"Bom";"Sem defeito";"Perfeito estado";"Seca";"Perfeito estado";"Faixa de pedestre";"Não há placas";"60 km/h";"Única";"Faixa contínua";"";""
"7700";2021-07-17;"19:36:00";"COM VÍTIMA";"FINALIZADA";"BOA VIAGEM";"RUA VISCONDE DE JEQUITINHONHA";"138";"";"LADO OPOSTO A CHURRASCARIA PONTEIO";"BOA VIAGEM";"";"SUBURBIO";"ATROPELAMENTO DE PESSOA";1;"0";"0";"0";"1";"0";"0";"0";"0";"1";"0";"Longo da via";"Bom";"Não existe";"Não existente";"Seca";"Perfeito estado";"Não existe";"Não há placas";"";"Única";"Faixa seccionada";"";""
"7701";2021-07-17;"20:39:40";"COM VÍTIMA";"FINALIZADA";"CORDEIRO";"AV GENERAL SAN MARTIN";"624";"RUA GOMES TABORDA";"E/F A DROGASIL";"CORDEIRO";"67";"SUBURBIO";"COLISÃO TRANSVERSAL";1;"1";"0";"0";"0";"0";"0";"0";"0";"1";"0";"Cruzamento";"Chuvoso";"Sem defeito";"Não existente";"Molhada";"Perfeito estado";"Faixa de pedestre";"Outras";"";"Dupla";"Faixa contínua";"";"Não existe"
"7702";2021-07-17;"22:21:40";"COM VÍTIMA";"FINALIZADA";"BOA VIAGEM";"AV BOA VIAGEM";"2054";"";"E/F AO EDFC  CASA ALTA";"BOA VIAGEM";"117";"";"COLISÃO TRASEIRA";1;"1";"0";"0";"0";"0";"0";"0";"0";"1";"0";"";"";"";"";"";"";"";"";"";"";"";"";""
"7703";2021-07-18;"02:18:00";"SEM VÍTIMA";"CANCELADA";"IMBIRIBEIRA";"AV MARECHAL MASCARENHAS DE MORAES";"";"";"PROXIMO AO AO ATACADO DOS PRESENTES";"IMBIRIBEIRA";"";"CIDADE";"COLISÃO TRASEIRA";2;"0";"0";"0";"0";"0";"0";"0";"0";"0";"0";"";"";"";"";"";"";"";"";"";"";"";"";""
"7704";2021-07-18;"07:40:00";"COM VÍTIMA";"FINALIZADA";"SANTO AMARO";"AV DR JAYME DA FONTE";"";"AV CRUZ CABUGA";"SEMÁFORO 373";"SANTO AMARO";"373";"SUBURBIO";"COLISÃO LATERAL";2;"0";"0";"0";"0";"0";"0";"0";"0";"3";"0";"Cruzamento";"Bom";"Sem defeito";"Perfeito estado";"Seca";"Perfeito estado";"Faixa de pedestre";"Outras";"";"Dupla";"Canteiro central";"";""
"7705";2021-07-18;"09:13:00";"COM VÍTIMA";"CANCELADA";"MADALENA";"AV ENGENHEIRO ABDIAS DE CARVALHO";"252";"";"E/F A MC DONALD'S";"MADALENA";"";"SUBURBIO";"COLISÃO TRASEIRA";1;"1";"0";"0";"0";"0";"0";"0";"0";"1";"0";"";"";"";"";"";"";"";"";"";"";"";"";""
"7706";2021-07-19;"07:36:00";"COM VÍTIMA";"FINALIZADA";"ILHA JOANA BEZERRA";"VIADUTO CAPITAO TEMUDO";"";"";"";"ILHA JOANA BEZERRA";"";"CIDADE";"QUEDA";0;"1";"0";"0";"0";"0";"0";"0";"0";"1";"0";"Viaduto";"Chuvoso";"Não existe";"Perfeito estado";"Molhada";"Perfeito estado";"Agente";"Placas ""Dê a preferência""";"";"Dupla";"Canteiro central";"";""
"7707";2021-07-19;"08:17:00";"SEM VÍTIMA";"FINALIZADA";"VASCO DA GAMA";"RUA ALTO DO EUCALIPTO";"128";"";"";"VASCO DA GAMA";"";"";"";2;"0";"0";"0";"0";"0";"0";"0";"1";"0";"0";"Longo da via";"Chuvoso";"Não existe";"";"Molhada";"Perfeito estado";"Não existe";"Não há placas";"30 km/h";"Dupla";"Não existe";"";""
"7708";2021-07-19;"08:35:00";"COM VÍTIMA";"FINALIZADA";"ARRUDA";"AV BEBERIBE";"1217";"";"ESTÁDIO DO SANTA CRUZ";"ARRUDA";"";"CIDADE";"COLISÃO TRASEIRA";1;"1";"0";"0";"0";"0";"0";"0";"0";"1";"0";"Longo da via";"Chuvoso";"";"Perfeito estado";"Molhada";"Perfeito estado";"Faixa de pedestre";"Outras";"60 km/h";"Dupla";"Faixa contínua";"";""
"7709";2021-07-19;"10:00:00";"SEM VÍTIMA";"FINALIZADA";"BOA VISTA";"AV GOVERNADOR AGAMENON MAGALHAES";"";"";"E/F AO COLÉGIO AMERICANO BATISTA";"BOA VISTA";"174";"SUBURBIO";"COLISÃO TRASEIRA";2;"0";"0";"0";"0";"0";"0";"0";"0";"0";"0";"Longo da via";"Chuvoso";"Sem defeito";"Perfeito estado";"Molhada";"Perfeito estado";"Faixa de pedestre";"Outras";"60 km/h";"Dupla";"Canteiro central";"";""
"7710";2021-07-19;"11:48:00";"COM VÍTIMA";"FINALIZADA";"AFOGADOS";"RUA SAO MIGUEL";"443";"RUA GENERAL CARLOS LIRA";"EM FRENTE AO POSTO DE COMBUSTIVEL DISLUB";"AFOGADOS";"";"SUBURBIO";"COLISÃO LATERAL";1;"1";"0";"0";"0";"0";"0";"0";"0";"1";"0";"Longo da via";"Chuvoso";"Não existe";"Perfeito estado";"Molhada";"Perfeito estado";"Faixa de pedestre";"Não há placas";"60 km/h";"Dupla";"Faixa contínua";"";""
"7711";2021-07-20;"10:15:00";"COM VÍTIMA";"FINALIZADA";"BOA VIAGEM";"RUA SA E SOUZA";"";"RUA BARAO DE SOUZA LEAO";"E/F AO COLÉGIO SANTOS DUMONT";"BOA VIAGEM";"159";"SUBURBIO";"ATROPELAMENTO DE PESSOA";0;"0";"0";"0";"1";"0";"0";"0";"0";"1";"0";"Cruzamento";"Bom";"Sem defeito";"Perfeito estado";"Seca";"Perfeito estado";"Faixa de pedestre";"Outras";"60 km/h";"Única";"Faixa contínua";"";""
"7712";2021-07-20;"15:57:00";"COM VÍTIMA";"FINALIZADA";"CORDEIRO";"RUA SOUZA BANDEIRA";"52";"AV CAXANGA";"LIVRARIA E PAPELARIA CAXANGÁ";"CORDEIRO";"236";"";"COLISÃO LATERAL";1;"1";"0";"0";"0";"0";"0";"0";"0";"1";"0";"Longo da via";"Bom";"Sem defeito";"Perfeito estado";"Seca";"Perfeito estado";"Faixa de pedestre";"Não há placas";"";"Única";"Faixa seccionada";"";""
"7713";2021-07-20;"17:04:00";"COM VÍTIMA";"FINALIZADA";"IMBIRIBEIRA";"RUA SUELI LUNA MENELAU";"";"AV MARECHAL MASCARENHAS DE MORAES";"EM FRENTE A OFICINA ELICAR";"IMBIRIBEIRA";"";"CIDADE";"COLISÃO LATERAL";1;"1";"0";"0";"0";"0";"0";"0";"0";"1";"0";"Cruzamento";"Bom";"Não existe";"Não existente";"Seca";"Perfeito estado";"Não existe";"Placas ""Dê a preferência""";"";"Única";"Não existe";"";""
"7714";2021-07-20;"19:14:00";"COM VÍTIMA";"FINALIZADA";"BOA VIAGEM";"RUA CAMBOIM";"505";"";"PRÓX AO TERMINAL DE SETUBAL";"BOA VIAGEM";"";"DUPLO";"COLISÃO TRASEIRA";1;"1";"0";"0";"0";"0";"0";"0";"0";"1";"0";"Cruzamento";"Bom";"Não existe";"Perfeito estado";"Seca";"Perfeito estado";"Faixa de retenção";"R-6a";"";"Dupla";"Não existe";"";""
"7715";2021-07-20;"19:30:00";"COM VÍTIMA";"FINALIZADA";"ENCRUZILHADA";"AV NORTE";"";"AV JOAO DE BARROS";"LADO OPOSTO AO BANCO SANTANDER";"ENCRUZILHADA";"";"SUBURBIO";"COLISÃO COM CICLISTA";1;"0";"0";"1";"0";"0";"0";"0";"0";"1";"0";"Longo da via";"Bom";"Sem defeito";"Perfeito estado";"Seca";"Mal iluminada";"Faixa de pedestre";"Outras";"60 km/h";"Dupla";"";"";""
"7716";2021-07-20;"20:58:40";"COM VÍTIMA";"FINALIZADA";"TORRE";"RUA JOSE BONIFACIO";"610";"";"PRÓX AO CARLITOS BURGUER E PADARIA NOVA ARMADA";"TORRE";"";"SUBURBIO";"COLISÃO LATERAL";0;"2";"0";"0";"0";"0";"0";"0";"0";"1";"0";"Longo da via";"Bom";"Não existe";"Perfeito estado";"Seca";"Perfeito estado";"Não existe";"Não há placas";"60 km/h";"Única";"Faixa seccionada";"";""
"7717";2021-07-21;"06:32:00";"COM VÍTIMA";"FINALIZADA";"ENCRUZILHADA";"AV NORTE";"2459";"";"";"ENCRUZILHADA";"";"CIDADE";"QUEDA";0;"1";"0";"0";"0";"0";"0";"0";"0";"1";"0";"Longo da via";"Chuvoso";"Não existe";"";"Molhada";"";"Não existe";"R-6a";"";"Dupla";"Canteiro central";"";""
"7718";2021-07-21;"10:04:00";"COM VÍTIMA";"FINALIZADA";"PINA";"AV BOA VIAGEM";"236";"";"EM FRENTE AO CONJUNTO BELMAR";"PINA";"";"SUBURBIO";"COLISÃO LATERAL";1;"1";"0";"0";"0";"0";"0";"0";"0";"1";"0";"Longo da via";"Chuvoso";"Não existe";"Perfeito estado";"Molhada";"Perfeito estado";"Não existe";"Não há placas";"60 km/h";"Única";"Faixa seccionada";"";""
"7719";2021-07-21;"10:15:00";"COM VÍTIMA";"FINALIZADA";"CASA FORTE";"AV DEZESSETE DE AGOSTO";"1872";"";"EM FRENTE AO COLEGIO MOTIVO";"CASA FORTE";"410";"SUBURBIO";"COLISÃO LATERAL";1;"1";"0";"0";"0";"0";"0";"0";"0";"1";"0";"Longo da via";"Bom";"Sem defeito";"Perfeito estado";"Molhada";"Perfeito estado";"Não existe";"Outras";"";"Dupla";"Faixa contínua";"";""
"7720";2021-07-21;"11:35:00";"COM VÍTIMA";"FINALIZADA";"CASA FORTE";"RUA LEONARDO BEZERRA CAVALCANTE";"646";"";"EM FRENTE AO BIG BOMPREÇO";"CASA FORTE";"";"SUBURBIO";"COLISÃO TRANSVERSAL";1;"1";"0";"0";"0";"0";"0";"0";"0";"1";"0";"Longo da via";"Chuvoso";"Não existe";"Perfeito estado";"Seca";"Perfeito estado";"Não existe";"Outras";"";"Única";"Faixa seccionada";"";""
"7721";2021-07-21;"15:48:00";"COM VÍTIMA";"FINALIZADA";"IPSEP";"RUA HELIO BRANDAO";"670";"RUA ADERBAL DE MELO";"";"IPSEP";"";"";"COLISÃO LATERAL";0;"1";"0";"0";"0";"0";"1";"0";"0";"1";"0";"Cruzamento";"Bom";"Não existe";"Perfeito estado";"Seca";"Perfeito estado";"Outros";"Placas ""Pare""";"";"Única";"";"Faixa seccionada";""
"7722";2021-07-21;"16:33:00";"COM VÍTIMA";"FINALIZADA";"SAN MARTIN";"RUA MINEIROLANDIA";"116";"RUA CATURITE";"";"SAN MARTIN";"";"SUBURBIO";"COLISÃO LATERAL";1;"0";"0";"0";"0";"0";"0";"1";"0";"1";"0";"Cruzamento";"Bom";"Não existe";"Perfeito estado";"Seca";"Perfeito estado";"Não existe";"Não há placas";"40 km/h";"Dupla";"Não existe";"";""
"7723";2021-07-22;"08:16:00";"COM VÍTIMA";"FINALIZADA";"CASA FORTE";"RUA DO MARQUES";"223";"AV FLOR DE SANTANA";"PROX. A BURGUER KING";"CASA FORTE";"";"CIDADE";"QUEDA";0;"1";"0";"0";"0";"0";"0";"0";"0";"1";"0";"Cruzamento";"Bom";"Não existe";"Incompleta";"Seca";"Mal iluminada";"Não existe";"Placas ""Pare""";"";"Dupla";"Não existe";"";""
"7724";2021-07-22;"10:53:00";"COM VÍTIMA";"FINALIZADA";"ESTÂNCIA";"AV ESTANCIA";"90";"RUA MORAIS E SILVA";"PROX A ESTAÇAO  SANTA LUZIA";"ESTÂNCIA";"";"";"COLISÃO LATERAL";2;"0";"0";"0";"0";"0";"0";"0";"0";"1";"0";"";"";"";"";"";"";"";"";"";"";"";"";""
"7725";2021-07-22;"11:14:00";"COM VÍTIMA";"CANCELADA";"APIPUCOS";"RUA DE APIPUCOS";"149";"";"E/F AO EDF. PAINEIRAS";"APIPUCOS";"";"";"COLISÃO FRONTAL";1;"1";"0";"0";"0";"0";"0";"0";"0";"1";"0";"";"";"";"";"";"";"";"";"";"";"";"";""
"7726";2021-07-22;"11:22:00";"COM VÍTIMA";"CANCELADA";"CAXANGÁ";"";"";"";"EM FRENTE A ESTAÇÃO BARREIRA, SENTIDO CAMARAGIBE";"CAXANGÁ";"";"";"COLISÃO TRANSVERSAL";1;"1";"0";"0";"0";"0";"0";"0";"0";"1";"0";"";"";"";"";"";"";"";"";"";"";"";"";""
"7727";2021-07-22;"14:05:00";"COM VÍTIMA";"FINALIZADA";"CAXANGÁ";"RUA RIBEIRO PESSOA";"";"";"APOS A UPA DA CAXANGA SENTIDO DOIS IRMAOS";"CAXANGÁ";"";"CIDADE";"COLISÃO LATERAL";0;"1";"0";"0";"0";"0";"1";"0";"0";"1";"0";"Cruzamento";"Bom";"Não existe";"Perfeito estado";"Seca";"Perfeito estado";"Não existe";"Outras";"40 km/h";"Dupla";"Faixa seccionada";"";""
"7728";2021-07-22;"14:25:00";"COM VÍTIMA";"FINALIZADA";"BOA VIAGEM";"RUA SA E SOUZA";"918";"";"EDIFICIO BARRAMARES";"BOA VIAGEM";"";"CIDADE";"COLISÃO LATERAL";1;"0";"0";"0";"0";"0";"1";"0";"0";"1";"0";"Longo da via";"Bom";"Não existe";"Perfeito estado";"Seca";"Perfeito estado";"Não existe";"Outras";"40 km/h";"Dupla";"Faixa seccionada";"";""
"7729";2021-07-22;"14:31:00";"COM VÍTIMA";"FINALIZADA";"BOA VISTA";"AV CRUZ CABUGA";"737";"";"EM FRENTE A SERES";"BOA VISTA";"";"";"ATROPELAMENTO DE PESSOA";0;"1";"0";"0";"1";"0";"0";"0";"0";"3";"0";"Longo da via";"Bom";"Não existe";"Ilegível";"Seca";"Perfeito estado";"Não existe";"R-6a";"";"Dupla";"Blocos";"";""
"7730";2021-07-22;"15:57:00";"COM VÍTIMA";"FINALIZADA";"ESTÂNCIA";"AV RECIFE";"5005";"";"EM FRENTE AO ATACADÃO";"ESTÂNCIA";"461";"AEROPORTO";"COLISÃO TRASEIRA";1;"0";"0";"0";"0";"0";"1";"0";"0";"1";"0";"Longo da via";"Bom";"Sem defeito";"Perfeito estado";"Seca";"Perfeito estado";"Faixa de pedestre";"Não há placas";"60 km/h";"Dupla";"Canteiro central";"";""
"7731";2021-07-22;"17:21:00";"COM VÍTIMA";"FINALIZADA";"CASA AMARELA";"AV NORTE";"5264";"RUA DA HARMONIA";"AO LADO DO BANCO DO BRADESCO";"CASA AMARELA";"312";"SUBURBIO";"COLISÃO FRONTAL";1;"1";"0";"0";"0";"0";"0";"0";"0";"1";"0";"Cruzamento";"Bom";"Sem defeito";"Não existente";"Seca";"Perfeito estado";"Não existe";"R-26";"50 km/h";"Única";"Canteiro central";"";""
"7732";2021-07-22;"17:42:00";"SEM VÍTIMA";"FINALIZADA";"NOVA DESCOBERTA";"RUA NOVA DESCOBERTA";"";"";"EM FRENTE A ALB RAÇOES";"NOVA DESCOBERTA";"";"SUBURBIO";"COLISÃO TRANSVERSAL";0;"0";"0";"0";"0";"1";"0";"1";"0";"0";"0";"Longo da via";"Bom";"Não existe";"Perfeito estado";"Seca";"Perfeito estado";"Outros";"Outras";"40 km/h";"Dupla";"Faixa seccionada";"";""
"7733";2021-07-23;"00:27:00";"SEM VÍTIMA";"FINALIZADA";"IBURA";"AV DOIS RIOS";"";"";"PRÓXIMO A POLICLINICA ARNALDO MARQUES";"IBURA";"";"";"COLISÃO TRANSVERSAL";1;"0";"0";"0";"0";"0";"1";"0";"0";"0";"0";"Cruzamento";"Chuvoso";"Não existe";"Perfeito estado";"Molhada";"Perfeito estado";"";"Não há placas";"40 km/h";"Dupla";"Não existe";"";""
"7734";2021-07-23;"11:40:00";"SEM VÍTIMA";"FINALIZADA";"AREIAS";"AV RECIFE";"5425";"RUA MAESTRO ALCIDES LEAO";"EM FRENTE AO HOTEL ESTORIL";"AREIAS";"";"CIDADE";"COLISÃO TRASEIRA";2;"0";"0";"0";"0";"0";"0";"0";"0";"0";"0";"Longo da via";"Bom";"Sem defeito";"Perfeito estado";"Seca";"Perfeito estado";"Não existe";"Não há placas";"60 km/h";"Dupla";"Canteiro central";"";""