"";"data";"hora";"natureza_acidente";"situacao";"bairro";"endereco";"numero";"detalhe_endereco_acidente";"complemento";"bairro_cruzamento";"num_semaforo";"sentido_via";"tipo";"auto";"moto";"ciclom";"ciclista";"pedestre";"onibus";"caminhao";"viatura";"outros";"vitimas";"vitimasfatais";"acidente_verificado";"tempo_clima";"situacao_semaforo";"sinalizacao";"condicao_via";"conservacao_via";"ponto_controle";"situacao_placa";"velocidade_max_via";"mao_direcao";"divisao_via1";"divisao_via2";"divisao_via3"
"7735";2021-07-23;"16:42:00";"SEM VÍTIMA";"FINALIZADA";"MADALENA";"AV VISCONDE DE ALBUQUERQUE";"270";"RUA JOSE OSORIO";"AO LADO DA EXTRAFARMA";"MADALENA";"50";"SUBURBIO";"COLISÃO TRANSVERSAL";1;"0";"0";"0";"0";"0";"0";"1";"0";"0";"0";"Cruzamento";"Chuvoso";"Sem defeito";"Perfeito estado";"Molhada";"Perfeito estado";"Não existe";"";"30 km/h";"Única";"Faixa seccionada";"";""
"7736";2021-07-23;"16:53:00";"COM VÍTIMA";"FINALIZADA";"CAMPO GRANDE";"RUA MARQUES DE BAIPENDI";"417";"";"AO LADO DO MERCADINHO N.S. DA CONCEIÇÃO";"CAMPO GRANDE";"";"";"COLISÃO FRONTAL";0;"1";"0";"0";"0";"1";"0";"0";"0";"1";"0";"Longo da via";"Bom";"Não existe";"Não existente";"Seca";"Perfeito estado";"Não existe";"Não há placas";"";"Dupla";"Faixa seccionada";"";""
"7737";2021-07-23;"17:00:00";"COM VÍTIMA";"FINALIZADA";"CASA AMARELA";"AV NORTE";"5050";"";"RESTAURANTE REI DA PICANHA";"CASA AMARELA";"";"SUBURBIO";"CHOQUE";0;"1";"0";"0";"0";"0";"0";"0";"0";"1";"0";"Longo da via";"Bom";"Não existe";"Perfeito estado";"Seca";"Perfeito estado";"Não existe";"Outras";"60 km/h";"Dupla";"Canteiro central";"";""
"7738";2021-07-23;"18:07:00";"COM VÍTIMA";"CANCELADA";"ALTO JOSÉ BONIFÁCIO";"RUA ALTO JOSE BONIFACIO";"251";"";"NA SUBIDA DA LADEIRA / PRÓX  A BARBEARIA DOS REIS E PRAÇA DA BANDEIRA";"ALTO JOSÉ BONIFÁCIO";"";"";"COLISÃO LATERAL";2;"0";"0";"0";"0";"0";"0";"0";"0";"1";"0";"";"";"";"";"";"";"";"";"";"";"";"";""
"7739";2021-07-23;"18:17:00";"COM VÍTIMA";"CANCELADA";"PARNAMIRIM";"AV PARNAMIRIM";"448";"";"PROX AO PARNAMARIM CENTER";"PARNAMIRIM";"";"";"COLISÃO LATERAL";1;"1";"0";"0";"0";"0";"0";"0";"0";"1";"0";"";"";"";"";"";"";"";"";"";"";"";"";""
"7740";2021-07-23;"18:29:00";"COM VÍTIMA";"FINALIZADA";"SANTO AMARO";"AV CRUZ CABUGA";"";"RUA CAPITAO LIMA";"PRÓX. A CTTU";"SANTO AMARO";"";"CIDADE";"COLISÃO LATERAL";1;"1";"0";"0";"0";"0";"0";"0";"0";"1";"0";"Longo da via";"Bom";"Não existe";"Perfeito estado";"";"";"Não existe";"Placas ""Pare""";"40 km/h";"Dupla";"Faixa contínua";"";""
"7741";2021-07-23;"20:26:00";"COM VÍTIMA";"FINALIZADA";"IPUTINGA";"AV CAXANGA";"3168";"";"EM FRENTE A FARMACIA EXTRAFARMA";"IPUTINGA";"";"SUBURBIO";"COLISÃO LATERAL";2;"0";"0";"0";"0";"0";"0";"0";"0";"1";"0";"Longo da via";"Bom";"Não existe";"Perfeito estado";"Seca";"Perfeito estado";"Não existe";"R-6a";"";"Dupla";"Canteiro central";"";""
"7742";2021-07-24;"05:40:00";"VÍTIMA FATAL";"FINALIZADA";"IBURA";"AV DOZE DE JUNHO";"";"";"EM FRENTE AO IMÓVEL N E 1450";"IBURA";"";"CIDADE";"CHOQUE";0;"1";"0";"0";"0";"0";"0";"0";"0";"1";"1";"Longo da via";"Bom";"Não existe";"Não existente";"Seca";"Perfeito estado";"Não existe";"Não há placas";"30 km/h";"Dupla";"Não existe";"";""
"7743";2021-07-24;"10:54:00";"COM VÍTIMA";"FINALIZADA";"SÃO JOSÉ";"PRC DAS CINCO PONTAS";"321";"";"E/F AO TRE";"SÃO JOSÉ";"";"AV SUL";"COLISÃO FRONTAL";1;"1";"0";"0";"0";"0";"0";"0";"0";"1";"0";"Cruzamento";"Bom";"Sem defeito";"Perfeito estado";"Seca";"Perfeito estado";"Outros";"Outras";"";"";"Faixa seccionada";"Canteiro central";""
"7744";2021-07-24;"11:31:00";"SEM VÍTIMA";"FINALIZADA";"TAMARINEIRA";"RUA CONEGO BARATA";"";"";"OPOSTO A FERREIRA COSTA HOME CENTER";"TAMARINEIRA";"347";"CIDADE";"";1;"0";"0";"0";"0";"0";"0";"1";"0";"0";"0";"Longo da via";"Bom";"Sem defeito";"Perfeito estado";"Seca";"Perfeito estado";"Faixa de pedestre";"Outras";"50 km/h";"Dupla";"Faixa seccionada";"Canteiro central";""
"7745";2021-07-24;"13:14:00";"COM VÍTIMA";"FINALIZADA";"SANTO AMARO";"AV GOVERNADOR AGAMENON MAGALHAES";"";"";"NA REITORIA DA UPE";"SANTO AMARO";"108";"CIDADE";"COLISÃO LATERAL";1;"1";"0";"0";"0";"0";"0";"0";"0";"1";"0";"Ponte";"Bom";"Não existe";"Perfeito estado";"Seca";"Perfeito estado";"Não existe";"Não há placas";"";"Única";"Canteiro central";"";""
"7746";2021-07-24;"21:31:40";"COM VÍTIMA";"CANCELADA";"TOTÓ";"AV LIBERDADE";"";"";"E/F A CASA DO BREGA";"TOTÓ";"";"";"ATROPELAMENTO DE PESSOA";1;"0";"0";"0";"1";"0";"0";"0";"0";"1";"0";"";"";"";"";"";"";"";"";"";"";"";"";""
"7747";2021-07-25;"06:41:00";"SEM VÍTIMA";"FINALIZADA";"SANTO ANTÔNIO";"AV DANTAS BARRETO";"";"RUA SIQUEIRA CAMPOS";"SOB O SEMÁFORO 141";"SANTO ANTÔNIO";"141";"CIDADE";"COLISÃO TRANSVERSAL";1;"0";"0";"0";"0";"1";"0";"0";"0";"0";"0";"Cruzamento";"Bom";"Intermitente";"Perfeito estado";"Seca";"Perfeito estado";"Faixa de pedestre";"Não há placas";"";"";"Canteiro central";"";""
"7748";2021-07-25;"08:21:00";"COM VÍTIMA";"FINALIZADA";"DOIS UNIDOS";"AV HILDEBRANDO DE VASCONCELOS";"512";"";"COMPESA";"DOIS UNIDOS";"512";"SUBURBIO";"COLISÃO FRONTAL";0;"2";"0";"0";"0";"0";"0";"0";"0";"2";"0";"Longo da via";"Bom";"";"Perfeito estado";"Molhada";"Perfeito estado";"Não existe";"Não há placas";"40 km/h";"Dupla";"Faixa seccionada";"";""
"7749";2021-07-25;"17:58:00";"COM VÍTIMA";"FINALIZADA";"AFOGADOS";"RUA NICOLAU PEREIRA";"";"RUA NICOLAU PEREIRA";"E/F A POLICLINICA DE AFOGADOS";"AFOGADOS";"";"";"QUEDA";0;"1";"0";"0";"0";"0";"0";"0";"0";"1";"0";"Longo da via";"Chuvoso";"Não existe";"Perfeito estado";"Molhada";"Perfeito estado";"Não existe";"Não há placas";"40 km/h";"Única";"Faixa seccionada";"";""
"7750";2021-07-25;"19:29:00";"SEM VÍTIMA";"FINALIZADA";"PINA";"AV ENGENHEIRO DOMINGOS FERREIRA";"256";"";"E/F AO MUNDO PET / PRÓX AO HOTEL IBIS";"PINA";"";"";"COLISÃO LATERAL";2;"0";"0";"0";"0";"0";"0";"0";"0";"0";"0";"";"";"";"";"";"";"";"";"";"";"";"";""
"7751";2021-07-25;"20:55:40";"COM VÍTIMA";"FINALIZADA";"NOVA DESCOBERTA";"AV VEREADOR OTACILIO AZEVEDO";"1076";"";"E/F AO ANTIGO CLUBE DA FAZENDA / PRÓX A UPA";"NOVA DESCOBERTA";"";"SUBURBIO";"COLISÃO TRASEIRA";0;"2";"0";"0";"0";"0";"0";"0";"0";"1";"0";"Longo da via";"Chuvoso";"Não existe";"Ilegível";"Molhada";"Perfeito estado";"Não existe";"Não há placas";"";"Dupla";"Faixa seccionada";"";""
"7752";2021-07-26;"08:29:00";"COM VÍTIMA";"FINALIZADA";"CORDEIRO";"AV PROFESSOR ESTEVAO FRANCISCO DA COSTA";"412";"";"AO LADO 412";"CORDEIRO";"280";"";"COLISÃO LATERAL";1;"1";"0";"0";"0";"0";"0";"0";"0";"1";"0";"Cruzamento";"Bom";"Sem defeito";"Perfeito estado";"Seca";"Perfeito estado";"Faixa de pedestre";"Não há placas";"";"Dupla";"Canteiro central";"";""
"7753";2021-07-26;"10:42:00";"COM VÍTIMA";"FINALIZADA";"ENCRUZILHADA";"AV BEBERIBE";"740";"";"AO LADO DA DISNOVE, EM FRENTE AO ARMAZEM MADCUNHA";"ENCRUZILHADA";"";"SUBURBIO";"COLISÃO FRONTAL";1;"2";"0";"0";"0";"0";"0";"0";"0";"1";"0";"Longo da via";"Bom";"Não existe";"Perfeito estado";"Seca";"Perfeito estado";"Não existe";"Outras";"";"Dupla";"Faixa contínua";"";""
"7754";2021-07-26;"14:52:00";"COM VÍTIMA";"FINALIZADA";"SANTO AMARO";"AV GOVERNADOR AGAMENON MAGALHAES";"";"";"UPINHA";"SANTO AMARO";"";"CIDADE";"CHOQUE";1;"0";"0";"0";"0";"0";"0";"0";"0";"3";"0";"Longo da via";"Bom";"Não existe";"Perfeito estado";"Seca";"Perfeito estado";"Outros";"Outras";"";"Dupla";"Faixa contínua";"";""
"7755";2021-07-26;"16:22:00";"SEM VÍTIMA";"FINALIZADA";"IMBIRIBEIRA";"AV MARECHAL MASCARENHAS DE MORAES";"1854";"";"EM FRENTE AO POSTO PETROBRAS";"IMBIRIBEIRA";"";"SUBURBIO";"";1;"0";"0";"0";"0";"0";"0";"1";"0";"0";"0";"Longo da via";"Bom";"Sem defeito";"Perfeito estado";"Seca";"Perfeito estado";"Não existe";"Outras";"60 km/h";"Única";"Faixa seccionada";"";""
"7756";2021-07-26;"20:46:00";"COM VÍTIMA";"FINALIZADA";"CAXANGÁ";"AV CAXANGA";"";"RUA SAO MATEUS";"SEMÁFORO 229";"CAXANGÁ";"229";"SUBURBIO";"COLISÃO FRONTAL";1;"1";"0";"0";"0";"0";"0";"0";"0";"1";"0";"Cruzamento";"Chuvoso";"Sem defeito";"Perfeito estado";"Molhada";"Perfeito estado";"Faixa de pedestre";"Não há placas";"";"Dupla";"Faixa contínua";"Canteiro central";""
"7757";2021-07-26;"20:53:40";"COM VÍTIMA";"FINALIZADA";"PORTO DA MADEIRA";"RUA DALVA DE OLIVEIRA";"";"RUA NOVA ESPERANCA";"RUA VILA  ESPERANÇA/ E/F A IGREJA BATISTA DO VALE";"PORTO DA MADEIRA";"";"SUBURBIO";"COLISÃO LATERAL";1;"1";"0";"0";"0";"0";"0";"0";"0";"1";"0";"Cruzamento";"Bom";"Não existe";"Perfeito estado";"Molhada";"Perfeito estado";"Faixa de pedestre";"Placas ""Pare""";"";"Dupla";"Faixa seccionada";"";""
"7758";2021-07-27;"12:24:00";"SEM VÍTIMA";"CANCELADA";"SANTO AMARO";"RUA DOS PALMARES";"";"";"E/F A EMERGENCIA DO PROCAP";"SANTO AMARO";"";"";"COLISÃO LATERAL";1;"0";"0";"0";"0";"0";"0";"1";"0";"0";"0";"";"";"";"";"";"";"";"";"";"";"";"";""
"7759";2021-07-27;"12:24:00";"COM VÍTIMA";"FINALIZADA";"SANTO AMARO";"AV VISCONDE DE SUASSUNA";"797";"";"LADO OPOSTO A AUDIOCLÍNICA";"SANTO AMARO";"";"SUBURBIO";"COLISÃO LATERAL";1;"0";"0";"0";"0";"0";"0";"0";"1";"1";"0";"Longo da via";"Bom";"Não existe";"Perfeito estado";"Seca";"Perfeito estado";"Não existe";"R-6a";"40 km/h";"Única";"Faixa seccionada";"";""
"7760";2021-07-26;"09:25:00";"COM VÍTIMA";"FINALIZADA";"BOA VISTA";"AV GOVERNADOR AGAMENON MAGALHAES";"";"";"PISTA CENTRAL EM FRENTE À FARMÁCIA DROGASIL";"BOA VISTA";"";"BOA VIAGEM";"COLISÃO TRASEIRA";1;"2";"0";"0";"0";"0";"0";"0";"0";"2";"0";"Longo da via";"Bom";"Não existe";"Perfeito estado";"Seca";"Perfeito estado";"Outros";"Outras";"60 km/h";"Dupla";"Canteiro central";"";""
"7761";2021-07-27;"15:03:00";"COM VÍTIMA";"FINALIZADA";"BREJO DE BEBERIBE";"AV VEREADOR OTACILIO AZEVEDO";"200";"RUA PINDAI";"E/F AO COLEGIO ROTARY DE NOVA DESCOBERTA";"BREJO DE BEBERIBE";"";"";"COLISÃO LATERAL";1;"1";"0";"0";"0";"0";"0";"0";"0";"1";"0";"Esquina";"Bom";"Não existe";"Ilegível";"Seca";"Perfeito estado";"Não existe";"R-6a";"";"Dupla";"Não existe";"";""
"7762";2021-07-27;"16:29:00";"COM VÍTIMA";"FINALIZADA";"AFLITOS";"AV NORTE";"";"RUA GUIMARAES PEIXOTO";"EM FRENTE À LOJA RAINHA REVESTE";"AFLITOS";"96";"";"COLISÃO LATERAL";1;"1";"0";"0";"0";"0";"0";"0";"0";"1";"0";"Cruzamento";"Bom";"Sem defeito";"Perfeito estado";"Seca";"Perfeito estado";"Agente";"Outras";"";"Dupla";"Canteiro central";"";""
"7763";2021-07-27;"16:53:00";"SEM VÍTIMA";"FINALIZADA";"BOA VIAGEM";"RUA BARAO DE SOUZA LEAO";"698";"RUA PADRE LUIZ MARQUES TEIXEIRA";"";"BOA VIAGEM";"";"";"";1;"0";"0";"0";"0";"0";"0";"1";"0";"0";"0";"Cruzamento";"Bom";"Não existe";"Perfeito estado";"Seca";"Perfeito estado";"Faixa de pedestre";"Não há placas";"";"Única";"Faixa seccionada";"";""
"7764";2021-07-28;"09:47:00";"COM VÍTIMA";"FINALIZADA";"CASA FORTE";"AV DEZESSETE DE AGOSTO";"1008";"";"EM FRENTE A CONFEITARIA CASA FORTE";"CASA FORTE";"";"SUBURBIO";"COLISÃO LATERAL";2;"2";"0";"0";"0";"0";"0";"0";"0";"1";"0";"Longo da via";"Bom";"Sem defeito";"Perfeito estado";"Seca";"Perfeito estado";"Faixa de pedestre";"R-6a";"";"Dupla";"Faixa contínua";"Faixa seccionada";""
"7765";2021-07-28;"10:03:00";"COM VÍTIMA";"FINALIZADA";"CASA AMARELA";"AV NORTE";"2459";"";"AO LADO DO CONSULTÓRIOS ODONTO- MÉDICOS COSTA SILVA";"CASA AMARELA";"43";"CIDADE";"ATROPELAMENTO DE PESSOA";0;"1";"0";"0";"1";"0";"0";"0";"0";"1";"0";"Longo da via";"Bom";"Sem defeito";"Perfeito estado";"Seca";"Perfeito estado";"Faixa de pedestre";"Outras";"60 km/h";"Dupla";"Faixa seccionada";"";""
"7766";2021-07-28;"11:26:00";"COM VÍTIMA";"CANCELADA";"PARNAMIRIM";"AV FLOR DE SANTANA";"263";"";"EM FRENTE AO EDF JOSUE PAIVA";"PARNAMIRIM";"";"";"COLISÃO TRASEIRA";1;"1";"0";"0";"0";"0";"0";"0";"0";"1";"0";"";"";"";"";"";"";"";"";"";"";"";"";""
"7767";2021-07-28;"15:36:00";"COM VÍTIMA";"FINALIZADA";"BOA VIAGEM";"RUA JOAO CARDOSO AIRES";"1005";"RUA CAMBOIM";"EM FRENTE AO RESTAURANTE DO BAMBAM";"BOA VIAGEM";"";"SUBURBIO";"COLISÃO FRONTAL";1;"1";"0";"0";"0";"0";"0";"0";"0";"1";"0";"Cruzamento";"Bom";"Não existe";"Perfeito estado";"Seca";"Perfeito estado";"Faixa de retenção";"Placas ""Pare""";"30 km/h";"Dupla";"Faixa contínua";"";""
"7768";2021-07-28;"18:11:00";"COM VÍTIMA";"FINALIZADA";"NOVA DESCOBERTA";"RUA NOVA DESCOBERTA";"211";"";"EM FRENTE AO N° 211";"NOVA DESCOBERTA";"";"SUBURBIO";"ATROPELAMENTO DE PESSOA";1;"0";"0";"0";"1";"0";"0";"0";"0";"1";"0";"Longo da via";"Bom";"Não existe";"Incompleta";"Seca";"Mal iluminada";"Não existe";"Não há placas";"";"Dupla";"Faixa seccionada";"";""
"7769";2021-07-29;"02:03:00";"COM VÍTIMA";"FINALIZADA";"BOA VISTA";"AV GOVERNADOR AGAMENON MAGALHAES";"";"RUA JOAO FERNANDES VIEIRA";"AO LADO DO COLÉGIO AMERICANO BATISTA";"BOA VISTA";"37";"SUBURBIO";"CAPOTAMENTO";1;"0";"0";"0";"0";"0";"0";"0";"0";"1";"0";"Longo da via";"Bom";"Sem defeito";"Perfeito estado";"Seca";"Perfeito estado";"Faixa de retenção";"Não há placas";"";"Dupla";"Não existe";"";""
"7770";2021-07-29;"07:47:00";"COM VÍTIMA";"FINALIZADA";"GRAÇAS";"RUA SIMAO MENDES";"";"RUA DO FUTURO";"AO LADO PARQUE DA JAQUEIRA";"GRAÇAS";"";"";"COLISÃO LATERAL";1;"1";"0";"0";"0";"0";"0";"0";"0";"1";"0";"Esquina";"Bom";"Não existe";"Incompleta";"Seca";"Perfeito estado";"Faixa de pedestre";"";"40 km/h";"Dupla";"Faixa seccionada";"";""
"7771";2021-07-29;"17:13:00";"COM VÍTIMA";"FINALIZADA";"SANTO AMARO";"AV CRUZ CABUGA";"525";"";"AO LADO DA ESTAÇÃO BRT ARARIPINA";"SANTO AMARO";"";"CIDADE";"ATROPELAMENTO DE PESSOA";0;"1";"0";"0";"1";"0";"0";"0";"0";"1";"0";"Longo da via";"Bom";"Não existe";"Perfeito estado";"Seca";"Perfeito estado";"Não existe";"Não há placas";"";"Dupla";"Faixa contínua";"";""
"7772";2021-07-29;"20:50:00";"SEM VÍTIMA";"CANCELADA";"CASA FORTE";"PRC DE CASA FORTE";"";"";"PROX A IGREJA DE CASA FORTE";"CASA FORTE";"";"";"COLISÃO LATERAL";1;"1";"0";"0";"0";"0";"0";"0";"0";"0";"0";"";"";"";"";"";"";"";"";"";"";"";"";""
"7773";2021-07-30;"07:38:00";"COM VÍTIMA";"FINALIZADA";"CASA AMARELA";"AV NORTE";"12";"";"LADO OPOSTO AO ARMAZÉM CORAL";"CASA AMARELA";"";"SUBURBIO";"QUEDA";0;"1";"0";"0";"0";"0";"0";"0";"0";"1";"0";"Longo da via";"Bom";"Sem defeito";"Perfeito estado";"Seca";"Perfeito estado";"Outros";"Outras";"";"Dupla";"Faixa seccionada";"";""
"7774";2021-07-30;"10:58:00";"COM VÍTIMA";"FINALIZADA";"DERBY";"AV GOVERNADOR AGAMENON MAGALHAES";"2291";"";"E/F AO HOSPITAL MEMORIAL SÃO JOSÉ (SENTIDO OLINDA)";"DERBY";"";"OLINDA";"COLISÃO LATERAL";1;"1";"0";"0";"0";"0";"0";"0";"0";"1";"0";"Longo da via";"Bom";"Não existe";"Perfeito estado";"Seca";"Perfeito estado";"Não existe";"Não há placas";"";"Única";"Faixa seccionada";"Canteiro central";""
"7775";2021-07-30;"11:19:00";"SEM VÍTIMA";"FINALIZADA";"IMBIRIBEIRA";"AV GENERAL MAC ARTHUR";"1111";"";"APÓS O RESTAURANTE BAIÃO DE DOIS";"IMBIRIBEIRA";"673";"SUBURBIO";"CHOQUE";1;"0";"0";"0";"0";"0";"0";"0";"0";"0";"0";"Longo da via";"Bom";"Sem defeito";"Perfeito estado";"Seca";"Perfeito estado";"Faixa de pedestre";"Outras";"";"Única";"Faixa seccionada";"";""
"7776";2021-07-30;"11:34:00";"COM VÍTIMA";"FINALIZADA";"ARRUDA";"RUA SAO BENTO";"89";"";"EM FRENTE A JF RAÇÕES";"ARRUDA";"";"";"COLISÃO TRASEIRA";1;"1";"0";"0";"0";"0";"0";"0";"0";"1";"0";"";"";"";"";"";"";"";"";"";"";"";"";""
"7777";2021-07-30;"12:41:00";"COM VÍTIMA";"FINALIZADA";"TEJIPIÓ";"AV LIBERDADE";"110";"";"E/F AO CONDOMINIO VILA JARDIM";"TEJIPIÓ";"";"CIDADE";"COLISÃO LATERAL";1;"1";"0";"0";"0";"0";"0";"0";"0";"1";"0";"Longo da via";"Bom";"Não existe";"Incompleta";"Seca";"Mal conservada";"Não existe";"Não há placas";"";"Dupla";"Não existe";"";""
"7778";2021-07-30;"16:52:00";"COM VÍTIMA";"FINALIZADA";"SANTO AMARO";"AV CRUZ CABUGA";"";"";"EM FRENTE AO HOSPITAL DO CANCER/ SENTIDO OLINDA";"SANTO AMARO";"202";"SUBURBIO";"ATROPELAMENTO DE PESSOA";0;"1";"0";"0";"1";"0";"0";"0";"0";"1";"0";"Longo da via";"Bom";"Sem defeito";"Perfeito estado";"Seca";"Perfeito estado";"Faixa de pedestre";"Não há placas";"60 km/h";"Dupla";"Canteiro central";"";""
"7779";2021-07-30;"18:22:00";"SEM VÍTIMA";"FINALIZADA";"BOA VIAGEM";"AV CONSELHEIRO AGUIAR";"138";"";"E/ F AO SO CALDINHO";"BOA VIAGEM";"";"";"COLISÃO LATERAL";1;"0";"0";"0";"0";"1";"0";"0";"0";"0";"0";"";"";"";"";"";"";"";"";"";"";"";"";""
"7780";2021-07-30;"18:53:00";"SEM VÍTIMA";"FINALIZADA";"";"RUA VALE DO CARIRI";"10";"";"EM FRENTE AO Nº 10";"";"";"SUBURBIO";"COLISÃO TRASEIRA";1;"0";"0";"0";"0";"0";"0";"1";"0";"0";"0";"Longo da via";"Bom";"Não existe";"Não existente";"Seca";"Perfeito estado";"Não existe";"";"";"Dupla";"Não existe";"";""
"7781";2021-07-30;"19:27:00";"SEM VÍTIMA";"FINALIZADA";"BOA VISTA";"RUA DO RIACHUELO";"325";"";"E/F AO EDFC EBANO";"BOA VISTA";"";"";"COLISÃO LATERAL";1;"0";"0";"0";"0";"0";"0";"0";"0";"0";"0";"";"";"";"";"";"";"";"";"";"";"";"";""
"7782";2021-07-30;"21:07:40";"SEM VÍTIMA";"FINALIZADA";"ARRUDA";"AV PROFESSOR JOSE DOS ANJOS";"";"";"AO LADO DO ESTADIO DO ARRUDA SEMÁFORO 131";"ARRUDA";"131";"SUBURBIO";"COLISÃO TRASEIRA";1;"0";"0";"0";"0";"0";"0";"1";"0";"0";"0";"Longo da via";"Chuvoso";"Sem defeito";"Perfeito estado";"Molhada";"Perfeito estado";"Faixa de pedestre";"Outras";"";"Única";"Faixa contínua";"";""
"7783";2021-07-31;"03:48:00";"COM VÍTIMA";"FINALIZADA";"IMBIRIBEIRA";"AV MARECHAL MASCARENHAS DE MORAES";"";"AV GENERAL MAC ARTHUR";"";"IMBIRIBEIRA";"225";"CIDADE";"COLISÃO TRANSVERSAL";0;"1";"0";"0";"0";"0";"1";"0";"0";"1";"0";"Cruzamento";"Bom";"Sem defeito";"Perfeito estado";"Molhada";"Perfeito estado";"Faixa de pedestre";"Não há placas";"";"Dupla";"Faixa contínua";"Canteiro central";""
"7784";2021-07-31;"07:36:00";"COM VÍTIMA";"FINALIZADA";"CASA AMARELA";"AV NORTE";"";"";"EM FRENTE A UPINHA";"CASA AMARELA";"";"CIDADE";"ATROPELAMENTO DE PESSOA";0;"1";"0";"0";"1";"0";"0";"0";"0";"2";"0";"Longo da via";"Bom";"Não existe";"Incompleta";"Seca";"Perfeito estado";"Não existe";"";"";"Única";"Faixa seccionada";"";""
"7785";2021-07-31;"09:14:00";"COM VÍTIMA";"FINALIZADA";"CAXANGÁ";"AV CAXANGA";"5335";"";"EM FRENTE AO GOLF CLUBE";"CAXANGÁ";"";"CIDADE";"COLISÃO FRONTAL";0;"2";"0";"0";"0";"0";"0";"0";"0";"1";"0";"Longo da via";"Chuvoso";"Não existe";"Perfeito estado";"Molhada";"Perfeito estado";"";"";"";"";"";"";""
"7786";2021-07-31;"14:30:00";"COM VÍTIMA";"FINALIZADA";"GRAÇAS";"AV GOVERNADOR AGAMENON MAGALHAES";"";"RUA DR BANDEIRA FILHO";"EM FRENTE AO MCDONALD'S";"GRAÇAS";"173";"BOA VIAGEM";"COLISÃO LATERAL";1;"1";"0";"0";"0";"0";"0";"0";"0";"1";"0";"Cruzamento";"Bom";"Sem defeito";"Perfeito estado";"Seca";"Perfeito estado";"Faixa de pedestre";"R-6a";"60 km/h";"Única";"Faixa seccionada";"";""
"7787";2021-07-31;"15:39:00";"COM VÍTIMA";"FINALIZADA";"IMBIRIBEIRA";"AV MARECHAL MASCARENHAS DE MORAES";"2967";"";"EM FRENTE A FERREIRA COSTA";"IMBIRIBEIRA";"386";"CIDADE";"COLISÃO LATERAL";1;"1";"0";"0";"0";"0";"0";"0";"0";"1";"0";"Longo da via";"Bom";"Sem defeito";"Perfeito estado";"Seca";"Perfeito estado";"Faixa de pedestre";"R-6a";"";"Dupla";"Canteiro central";"";""
"7788";2021-07-31;"16:24:00";"COM VÍTIMA";"FINALIZADA";"CAMPO GRANDE";"RUA PROFESSOR FRANCISCO DA TRINDADE";"113";"";"RUA RESIDENCIAL SEM ESTABELECIMENTOS PARA REFERENCIAS";"CAMPO GRANDE";"";"CIDADE";"COLISÃO TRASEIRA";2;"0";"0";"0";"0";"0";"0";"0";"0";"1";"0";"Longo da via";"Bom";"";"Perfeito estado";"Seca";"Perfeito estado";"";"";"";"";"";"";""
"7789";2021-07-31;"20:19:00";"COM VÍTIMA";"FINALIZADA";"ALTO JOSÉ BONIFÁCIO";"RUA ALTO JOSE BONIFACIO";"1079";"";"PROX A IGREJA BATISTA DA FILADELFIA";"ALTO JOSÉ BONIFÁCIO";"";"SUBURBIO";"COLISÃO FRONTAL";1;"2";"0";"0";"0";"0";"0";"0";"0";"3";"0";"Longo da via";"Bom";"Não existe";"Não existente";"Seca";"Perfeito estado";"Não existe";"Não há placas";"";"Dupla";"Faixa seccionada";"";""
"7790";2021-07-31;"20:41:00";"SEM VÍTIMA";"CANCELADA";"ÁGUA FRIA";"RUA LADEIRA DE PEDRA";"1043";"";"PROX AO CLUBE SETE DE SETEMBRO";"ÁGUA FRIA";"";"";"COLISÃO TRASEIRA";1;"1";"0";"0";"0";"0";"0";"0";"0";"0";"0";"";"";"";"";"";"";"";"";"";"";"";"";""
"7791";2021-08-01;"05:43:00";"SEM VÍTIMA";"FINALIZADA";"PINA";"AVENIDA CELSO FURTADO (VIA MANGUE)";"";"";"PRÓXIMO AO EXTRA, SENTIDO PIEDADE";"PINA";"";"";"CHOQUE";1;"0";"0";"0";"0";"0";"0";"0";"0";"0";"0";"";"";"";"";"";"";"";"";"";"";"";"";""
"7792";2021-08-01;"15:11:00";"COM VÍTIMA";"FINALIZADA";"MADALENA";"AV CAXANGA";"1221";"";"EM FRENTE À DROGASIL";"MADALENA";"236";"CIDADE";"COLISÃO LATERAL";0;"2";"0";"0";"0";"0";"0";"0";"0";"2";"0";"Cruzamento";"Bom";"Sem defeito";"Perfeito estado";"Seca";"Perfeito estado";"Faixa de pedestre";"";"";"Dupla";"Faixa seccionada";"Canteiro central";""
"7793";2021-08-01;"18:00:00";"COM VÍTIMA";"FINALIZADA";"VÁRZEA";"AV BARAO DE BONITO";"702";"RUA ENGENHEIRO VASCONCELOS BITTENCOURT";"E/F A PANIFICADORA SEMPRE VIVA";"VÁRZEA";"";"SUBURBIO";"COLISÃO LATERAL";1;"1";"0";"0";"0";"0";"0";"0";"0";"1";"0";"Cruzamento";"Chuvoso";"Não existe";"Ilegível";"Molhada";"Mal conservada";"Faixa de retenção";"Placas ""Pare""";"";"Dupla";"Não existe";"";""