"";"data";"hora";"natureza_acidente";"situacao";"bairro";"endereco";"numero";"detalhe_endereco_acidente";"complemento";"bairro_cruzamento";"num_semaforo";"sentido_via";"tipo";"auto";"moto";"ciclom";"ciclista";"pedestre";"onibus";"caminhao";"viatura";"outros";"vitimas";"vitimasfatais";"acidente_verificado";"tempo_clima";"situacao_semaforo";"sinalizacao";"condicao_via";"conservacao_via";"ponto_controle";"situacao_placa";"velocidade_max_via";"mao_direcao";"divisao_via1";"divisao_via2";"divisao_via3"
"7855";2021-08-09;"17:27:00";"COM VÍTIMA";"FINALIZADA";"SANTO ANTÔNIO";"AV N S DO CARMO";"50";"";"LADO OPOSTO A CASA PIO";"SANTO ANTÔNIO";"";"SUBURBIO";"ATROPELAMENTO DE PESSOA";0;"0";"0";"0";"1";"1";"0";"0";"0";"1";"0";"Longo da via";"Chuvoso";"Sem defeito";"Perfeito estado";"Molhada";"Perfeito estado";"Não existe";"Outras";"";"Dupla";"Outros";"";""
"7856";2021-08-10;"00:02:00";"COM VÍTIMA";"FINALIZADA";"SAN MARTIN";"AV ENGENHEIRO ABDIAS DE CARVALHO";"";"";"LADO OPOSTO A UPA";"SAN MARTIN";"";"CIDADE";"QUEDA";0;"1";"0";"0";"0";"0";"0";"1";"0";"1";"0";"Longo da via";"Chuvoso";"Sem defeito";"Incompleta";"Molhada";"Mal iluminada";"Não existe";"Não há placas";"60 km/h";"Dupla";"Canteiro central";"";""
"7857";2021-08-10;"06:49:00";"SEM VÍTIMA";"FINALIZADA";"VÁRZEA";"AV CAXANGA";"5759";"";"LADO OPOSTO AO TERMINAL INTEGRADO DA CAXANGÁ";"VÁRZEA";"262";"CIDADE";"COLISÃO TRASEIRA";3;"0";"0";"0";"0";"0";"0";"0";"0";"0";"0";"Longo da via";"Chuvoso";"Sem defeito";"Perfeito estado";"Molhada";"Perfeito estado";"Agente";"";"";"Única";"Faixa contínua";"";""
"7858";2021-08-10;"07:17:00";"COM VÍTIMA";"FINALIZADA";"BOA VIAGEM";"RUA VISCONDE DE JEQUITINHONHA";"1656";"";"EM FRENTE AO POSTO SHELL";"BOA VIAGEM";"";"SUBURBIO";"COLISÃO TRASEIRA";0;"0";"0";"0";"0";"2";"0";"0";"0";"1";"0";"Longo da via";"Chuvoso";"Sem defeito";"Perfeito estado";"Molhada";"Perfeito estado";"Não existe";"Não há placas";"60 km/h";"Única";"Faixa seccionada";"";""
"7859";2021-08-10;"11:35:00";"COM VÍTIMA";"CANCELADA";"SANTO AMARO";"AV JOAO DE BARROS";"";"";"PRÓX AO CONSERVATÓRIO PERNAMBUCANO DE MÚSICA";"SANTO AMARO";"198";"";"COLISÃO COM CICLISTA";1;"0";"0";"1";"0";"0";"0";"0";"0";"1";"0";"";"";"";"";"";"";"";"";"";"";"";"";""
"7860";2021-08-10;"12:16:00";"COM VÍTIMA";"FINALIZADA";"BOA VISTA";"RUA DO HOSPICIO";"";"";"E/F A CAMERA DOS VEREADORES";"BOA VISTA";"31";"CIDADE";"COLISÃO LATERAL";1;"1";"0";"0";"0";"0";"0";"0";"0";"1";"0";"Cruzamento";"Chuvoso";"Sem defeito";"Incompleta";"Molhada";"Perfeito estado";"Agente";"Outras";"";"Dupla";"Faixa contínua";"";""
"7861";2021-08-10;"17:02:00";"COM VÍTIMA";"FINALIZADA";"BOA VIAGEM";"RUA BALTAZAR PASSOS";"";"RUA VISCONDE DE JEQUITINHONHA";"";"BOA VIAGEM";"154";"";"COLISÃO LATERAL";1;"1";"0";"0";"0";"0";"0";"0";"0";"1";"0";"Cruzamento";"Bom";"Sem defeito";"Perfeito estado";"Seca";"Perfeito estado";"Faixa de pedestre";"R-25d";"";"Dupla";"Faixa contínua";"";""
"7862";2021-08-10;"18:36:00";"VÍTIMA FATAL";"FINALIZADA";"ENCRUZILHADA";"EST DE BELEM";"175";"RUA DONA JULIETA";"EM FRENTE A IGREJA CATÓLICA DE BELÉM E EDF JULIO ll";"ENCRUZILHADA";"";"CIDADE";"COLISÃO TRANSVERSAL";1;"1";"0";"0";"0";"0";"0";"0";"0";"0";"1";"Cruzamento";"Bom";"Não existe";"Perfeito estado";"Seca";"Perfeito estado";"Não existe";"R-6a";"";"Dupla";"Faixa contínua";"Faixa seccionada";""
"7863";2021-08-10;"19:54:00";"SEM VÍTIMA";"CANCELADA";"ILHA DO LEITE";"RUA FRANCISCO ALVES";"";"";"E/F AO HOSPITAL HOPE";"ILHA DO LEITE";"";"";"COLISÃO LATERAL";1;"0";"0";"0";"0";"1";"0";"0";"0";"0";"0";"";"";"";"";"";"";"";"";"";"";"";"";""
"7864";2021-08-11;"08:09:00";"VÍTIMA FATAL";"FINALIZADA";"MADALENA";"AV JOSE GONCALVES DE MEDEIROS";"138";"RUA COMENDADOR BENTO AGUIAR";"APOIO NO LOCAL  ACIDENTE COM VITIMA FATAL";"MADALENA";"353";"SUBURBIO";"CHOQUE";1;"0";"0";"0";"0";"0";"0";"0";"0";"0";"1";"Longo da via";"Chuvoso";"";"";"Molhada";"Perfeito estado";"Não existe";"R-6a";"";"Dupla";"Faixa contínua";"";""
"7865";2021-08-12;"07:24:00";"COM VÍTIMA";"FINALIZADA";"AFOGADOS";"RUA VINTE E UM DE ABRIL";"968";"RUA DR ALBERTO MOREIRA";"EM FRENTE A FABRICA CAFE PETINHO";"AFOGADOS";"";"SUBURBIO";"COLISÃO LATERAL";1;"1";"0";"0";"0";"0";"0";"0";"0";"1";"0";"Longo da via";"Chuvoso";"Não existe";"Não existente";"Molhada";"";"Não existe";"Não há placas";"";"Dupla";"Não existe";"";""
"7866";2021-08-12;"07:25:00";"COM VÍTIMA";"FINALIZADA";"DERBY";"AV GOVERNADOR AGAMENON MAGALHAES";"";"";"EM FRENTE AO HOSP. DA RESTAURAÇÃO";"DERBY";"";"BOA VIAGEM";"COLISÃO COM CICLISTA";0;"0";"0";"1";"0";"1";"0";"0";"0";"1";"0";"Longo da via";"Chuvoso";"Sem defeito";"";"Molhada";"Mal conservada";"Faixa de pedestre";"";"60 km/h";"Dupla";"Canteiro central";"";""
"7867";2021-08-12;"09:32:00";"COM VÍTIMA";"FINALIZADA";"TORRE";"RUA MARQUES DE MARICA";"147";"";"EM FRENTE AO CONDOMINIO ENGENHO DA TORRE";"TORRE";"";"";"COLISÃO LATERAL";1;"1";"0";"0";"0";"0";"0";"0";"0";"1";"0";"Longo da via";"Chuvoso";"Não existe";"Perfeito estado";"Molhada";"Perfeito estado";"Não existe";"Não há placas";"30 km/h";"Dupla";"Faixa seccionada";"";""
"7868";2021-08-12;"09:36:00";"COM VÍTIMA";"FINALIZADA";"IMBIRIBEIRA";"RUA PINTOR LULA CARDOSO AYRES";"4779";"RUA JOSE LINS DO REGO";"APOS O POSTO SHELL, PRIMEIRA ENTRADA NA RUA DE CARGA E DESCARGA DO AEROPORTO";"IMBIRIBEIRA";"";"SUBURBIO";"COLISÃO FRONTAL";1;"1";"0";"0";"0";"0";"0";"0";"0";"1";"0";"Cruzamento";"Bom";"Não existe";"Não existente";"Seca";"Perfeito estado";"Não existe";"Não há placas";"60 km/h";"Dupla";"";"";""
"7869";2021-08-12;"09:38:00";"COM VÍTIMA";"FINALIZADA";"CASA FORTE";"AV DEZESSETE DE AGOSTO";"2187";"";"EM FRENTE AO MUSEU  HOMEM DO NORDESTE /";"CASA FORTE";"";"CIDADE";"COLISÃO TRASEIRA";1;"1";"0";"0";"0";"0";"1";"0";"0";"1";"0";"Longo da via";"Bom";"Não existe";"Perfeito estado";"Seca";"Perfeito estado";"Não existe";"R-6a";"60 km/h";"Dupla";"Faixa contínua";"";""
"7870";2021-08-12;"11:45:00";"COM VÍTIMA";"FINALIZADA";"BOA VIAGEM";"RUA RIBEIRO DE BRITO";"972";"RUA DOS NAVEGANTES";"AO LADO DO EDF. HOLLIDAY";"BOA VIAGEM";"";"";"COLISÃO LATERAL";1;"1";"0";"0";"0";"0";"0";"0";"0";"1";"0";"Cruzamento";"Bom";"Não existe";"Perfeito estado";"Seca";"Perfeito estado";"Faixa de retenção";"Não há placas";"60 km/h";"Única";"Não existe";"";""
"7871";2021-08-12;"13:21:00";"COM VÍTIMA";"FINALIZADA";"ILHA DO RETIRO";"RUA JOAO ELISIO RAMOS";"140";"RUA DR JOAO MARQUES";"PRAÇA PABS BARRETO";"ILHA DO RETIRO";"";"SUBURBIO";"COLISÃO LATERAL";1;"1";"0";"0";"0";"0";"0";"0";"0";"1";"0";"Cruzamento";"Bom";"Não existe";"Incompleta";"Seca";"Perfeito estado";"Não existe";"R-6a";"";"Dupla";"Faixa seccionada";"";""
"7872";2021-08-13;"10:04:00";"SEM VÍTIMA";"FINALIZADA";"DOIS IRMÃOS";"RUA DOIS IRMAOS";"";"";"AO LADO DO MOTEL SENZALA";"DOIS IRMÃOS";"";"";"CHOQUE";1;"0";"0";"0";"0";"0";"0";"0";"0";"0";"0";"";"";"";"";"";"";"";"";"";"";"";"";""
"7873";2021-08-13;"12:43:00";"COM VÍTIMA";"FINALIZADA";"MADALENA";"RUA BENFICA";"";"RUA JOAO IVO DA SILVA";"E/F A O MUSEU DA ABOLIÇAO  PROX  AO BRADESCO PRIME";"MADALENA";"257";"CIDADE";"COLISÃO FRONTAL";2;"0";"0";"0";"0";"0";"0";"0";"0";"1";"0";"Cruzamento";"Bom";"Sem defeito";"Perfeito estado";"Seca";"Perfeito estado";"Outros";"Não há placas";"";"Dupla";"Faixa contínua";"";""
"7874";2021-08-13;"12:51:00";"SEM VÍTIMA";"FINALIZADA";"DERBY";"AV GOVERNADOR AGAMENON MAGALHAES";"";"";"EM FRENTE A EMERGENCIA CLÍNICA DO HOSPITAL DA RESTAURAÇÃO";"DERBY";"";"SUBURBIO";"";2;"0";"0";"0";"0";"0";"0";"0";"0";"0";"0";"Longo da via";"Bom";"Não existe";"Perfeito estado";"Seca";"Perfeito estado";"Não existe";"Não há placas";"60 km/h";"Única";"Faixa seccionada";"";""
"7875";2021-08-13;"14:50:00";"COM VÍTIMA";"FINALIZADA";"SANTO AMARO";"AV NORTE MIGUEL ARRAES DE ALENCAR";"";"AV CRUZ CABUGA";"PROX AO CEMITERIO DOS INGLESES";"SANTO AMARO";"34";"CIDADE";"COLISÃO TRASEIRA";1;"1";"0";"0";"0";"0";"0";"0";"0";"2";"0";"Longo da via";"Bom";"Sem defeito";"Perfeito estado";"Seca";"Perfeito estado";"Faixa de pedestre";"Outras";"";"Única";"Não existe";"";""
"7876";2021-08-13;"14:59:00";"SEM VÍTIMA";"FINALIZADA";"BOA VIAGEM";"RUA ANTONIO LUMACK DO MONTE";"";"";"FERREIRA COSTA";"BOA VIAGEM";"";"SUBURBIO";"";0;"0";"0";"0";"0";"0";"0";"0";"0";"0";"0";"";"";"";"";"";"";"";"";"";"";"";"";""
"7877";2021-08-13;"16:42:00";"COM VÍTIMA";"FINALIZADA";"CORDEIRO";"EST DO FORTE DO ARRAIAL N. DO B. JESUS";"477";"RUA EURICO DE SOUZA LEAO";"E/F ACADEMIA  CIA FIT";"CORDEIRO";"";"AV CAXANGA";"COLISÃO LATERAL";1;"1";"0";"0";"0";"0";"0";"0";"0";"1";"0";"Cruzamento";"Bom";"Não existe";"Perfeito estado";"Seca";"";"Não existe";"Não há placas";"";"Dupla";"Não existe";"";""
"7878";2021-08-13;"19:07:00";"COM VÍTIMA";"FINALIZADA";"SANTO ANTÔNIO";"AV SUL";"";"";"E/F AO POSTO BR";"SANTO ANTÔNIO";"311";"CIDADE";"COLISÃO COM CICLISTA";0;"1";"0";"1";"0";"0";"0";"0";"0";"1";"0";"Longo da via";"Bom";"Sem defeito";"Perfeito estado";"Seca";"Perfeito estado";"Não existe";"Não há placas";"";"Dupla";"Não existe";"";""
"7879";2021-08-13;"20:21:00";"SEM VÍTIMA";"FINALIZADA";"IPSEP";"RUA ITAJAI";"";"RUA JAMAICA";"";"IPSEP";"";"SUBURBIO";"COLISÃO TRANSVERSAL";2;"0";"0";"0";"0";"0";"0";"0";"0";"0";"0";"Cruzamento";"Bom";"Não existe";"Perfeito estado";"Seca";"Perfeito estado";"Faixa de pedestre";"Outras";"40 km/h";"Única";"Faixa contínua";"";""
"7880";2021-08-13;"22:36:40";"SEM VÍTIMA";"FINALIZADA";"SANTO AMARO";"AV CRUZ CABUGA";"";"";"EM FRENTE AO SHOPPING TACARUNA";"SANTO AMARO";"";"SUBURBIO";"COLISÃO LATERAL";0;"1";"0";"0";"0";"0";"1";"0";"0";"0";"0";"";"";"";"";"";"";"";"";"";"";"";"";""
"7881";2021-08-14;"09:18:00";"COM VÍTIMA";"FINALIZADA";"SANTO ANTÔNIO";"AV MARTINS DE BARROS";"";"";"EM FRENTE AO BANCO SANTANDER";"SANTO ANTÔNIO";"";"SUBURBIO";"COLISÃO TRANSVERSAL";1;"1";"0";"0";"0";"0";"0";"0";"0";"1";"0";"Longo da via";"Bom";"Não existe";"Perfeito estado";"Seca";"Perfeito estado";"";"";"";"";"";"";""
"7882";2021-08-14;"15:57:00";"COM VÍTIMA";"FINALIZADA";"IPUTINGA";"RUA SAO MATEUS";"";"";"EM FRENTE A CENTRAL DE DISTRIBUIÇÃO DOS CORREIOS";"IPUTINGA";"";"CIDADE";"COLISÃO LATERAL";1;"1";"0";"0";"0";"0";"0";"0";"0";"1";"0";"Longo da via";"Bom";"Não existe";"Perfeito estado";"Seca";"Perfeito estado";"Não existe";"Não há placas";"";"Dupla";"Não existe";"";""
"7883";2021-08-14;"22:29:40";"SEM VÍTIMA";"FINALIZADA";"ESPINHEIRO";"AV JOAO DE BARROS";"1187";"";"POSTO BR E LOMBADA ELETRÔNICA";"ESPINHEIRO";"";"SUBURBIO";"CHOQUE";2;"0";"0";"0";"0";"0";"0";"0";"0";"0";"0";"Longo da via";"Chuvoso";"Não existe";"Perfeito estado";"Molhada";"Perfeito estado";"Não existe";"Outras";"";"Única";"Faixa seccionada";"";""
"7884";2021-08-15;"15:45:00";"COM VÍTIMA";"FINALIZADA";"IPUTINGA";"AV MAURICIO DE NASSAU";"";"";"DEPOIS DO GOE";"IPUTINGA";"";"SUBURBIO";"CHOQUE";0;"1";"0";"0";"0";"0";"0";"0";"0";"1";"0";"Longo da via";"Bom";"Não existe";"Perfeito estado";"Seca";"Perfeito estado";"Não existe";"Outras";"";"Dupla";"Faixa contínua";"";""
"7885";2021-08-15;"17:06:00";"COM VÍTIMA";"CANCELADA";"PRADO";"AV ENGENHEIRO ABDIAS DE CARVALHO";"1009";"";"PROX. AO CORREIOS";"PRADO";"";"";"COLISÃO FRONTAL";3;"0";"0";"0";"0";"0";"0";"0";"0";"2";"0";"";"";"";"";"";"";"";"";"";"";"";"";""
"7886";2021-08-15;"18:15:00";"COM VÍTIMA";"FINALIZADA";"CASA AMARELA";"AV NORTE MIGUEL ARRAES DE ALENCAR";"678";"";"EM FRENTE A PASSARELA";"CASA AMARELA";"";"";"COLISÃO LATERAL";1;"1";"0";"0";"0";"0";"0";"0";"0";"1";"0";"Longo da via";"Bom";"Não existe";"Perfeito estado";"Seca";"Perfeito estado";"Não existe";"Não há placas";"60 km/h";"Dupla";"";"";""
"7887";2021-08-16;"00:33:00";"SEM VÍTIMA";"CANCELADA";"ESPINHEIRO";"RUA CONS PORTELA";"536";"";"";"ESPINHEIRO";"";"";"CHOQUE";2;"0";"0";"0";"0";"0";"0";"0";"0";"0";"0";"";"";"";"";"";"";"";"";"";"";"";"";""
"7888";2021-08-16;"09:00:00";"VÍTIMA FATAL";"FINALIZADA";"MADALENA";"AV CAXANGA";"1049";"RUA FREI TEOFILO DE VIRGOLETTA";"E/F A SEMINOVOS LOCALIZA";"MADALENA";"";"CIDADE";"ATROPELAMENTO DE PESSOA";0;"0";"0";"0";"1";"1";"0";"0";"0";"0";"1";"Longo da via";"Bom";"Não existe";"Perfeito estado";"Seca";"Perfeito estado";"Não existe";"Não há placas";"60 km/h";"Dupla";"Canteiro central";"";""
"7889";2021-08-16;"12:23:00";"COM VÍTIMA";"FINALIZADA";"BONGI";"EST DO BONGI";"775";"";"PRÓXIMO A LANCHONETE BOKA LOKA";"BONGI";"";"CIDADE";"COLISÃO FRONTAL";1;"1";"0";"0";"0";"0";"0";"0";"0";"1";"0";"Longo da via";"Bom";"Sem defeito";"Perfeito estado";"Seca";"Perfeito estado";"Não existe";"Não há placas";"30 km/h";"Dupla";"Faixa seccionada";"";""
"7890";2021-08-16;"12:29:00";"COM VÍTIMA";"FINALIZADA";"SANTO AMARO";"RUA TREZE DE MAIO";"";"";"EM FRENTE DA PRAÇA DO CAMPO SANTO";"SANTO AMARO";"";"SUBURBIO";"COLISÃO LATERAL";1;"1";"0";"0";"0";"0";"0";"0";"0";"1";"0";"Longo da via";"Bom";"Não existe";"Perfeito estado";"Seca";"Perfeito estado";"Não existe";"Outras";"";"Dupla";"Faixa contínua";"";""
"7891";2021-08-16;"13:51:00";"COM VÍTIMA";"FINALIZADA";"AFOGADOS";"RUA MOTOCOLOMBO";"184";"";"AO LADO DA IGREJA PRESBITERIANA DO LARGO DA PAZ";"AFOGADOS";"";"SUBURBIO";"COLISÃO FRONTAL";1;"1";"0";"0";"0";"0";"0";"0";"0";"1";"0";"Longo da via";"Bom";"Não existe";"Não existente";"Seca";"Perfeito estado";"Não existe";"Não há placas";"";"Única";"Faixa seccionada";"";""
"7892";2021-08-16;"15:13:00";"COM VÍTIMA";"FINALIZADA";"DERBY";"AV GOVERNADOR AGAMENON MAGALHAES";"";"";"SOB O SEMÁFORO N° 75";"DERBY";"75";"SUBURBIO";"COLISÃO TRASEIRA";1;"1";"0";"0";"0";"0";"0";"0";"0";"1";"0";"Cruzamento";"Bom";"Sem defeito";"Perfeito estado";"Seca";"Perfeito estado";"Faixa de pedestre";"Outras";"60 km/h";"Dupla";"Canal";"";""
"7893";2021-08-16;"17:30:00";"VÍTIMA FATAL";"FINALIZADA";"SANTO AMARO";"AV GOVERNADOR AGAMENON MAGALHAES";"";"";"SOB O VIADUTO DA AVENIDA NORTE";"SANTO AMARO";"";"SUBURBIO";"ATROPELAMENTO DE PESSOA";0;"0";"0";"0";"1";"1";"0";"0";"0";"1";"1";"Longo da via";"Bom";"";"Perfeito estado";"Seca";"";"";"";"";"";"";"";""
"7894";2021-08-16;"18:04:00";"COM VÍTIMA";"FINALIZADA";"BOA VIAGEM";"RUA BALTAZAR PASSOS";"515";"RUA JOSE HIPOLITO CARDOSO";"E/F AO CAFE SAO BRAZ";"BOA VIAGEM";"";"";"COLISÃO FRONTAL";1;"2";"0";"0";"0";"0";"0";"0";"0";"1";"0";"Cruzamento";"Bom";"Não existe";"Perfeito estado";"Seca";"Perfeito estado";"Faixa de pedestre";"Placas ""Pare""";"";"Única";"Não existe";"";""
"7895";2021-08-16;"19:43:00";"COM VÍTIMA";"FINALIZADA";"BOA VIAGEM";"AV BOA VIAGEM";"452";"";"E/F AO EDF MAR DEL PLATA E ORLA";"BOA VIAGEM";"";"CIDADE";"ATROPELAMENTO DE PESSOA";0;"1";"0";"0";"1";"0";"0";"0";"0";"1";"0";"Longo da via";"Bom";"Sem defeito";"Perfeito estado";"Seca";"Perfeito estado";"";"Outras";"50 km/h";"Única";"";"";""
"7896";2021-08-16;"19:53:00";"COM VÍTIMA";"FINALIZADA";"CABANGA";"AV ENGENHEIRO JOSE ESTELITA";"";"";"EM FRENTE AO GABANGA IATE  CLUBE";"CABANGA";"";"";"COLISÃO LATERAL";0;"0";"0";"0";"0";"0";"0";"0";"0";"1";"0";"";"";"";"";"";"";"";"";"";"";"";"";""
"7897";2021-08-16;"20:13:00";"COM VÍTIMA";"FINALIZADA";"CAJUEIRO";"AV SEBASTIAO SALAZAR";"156";"";"PRÓX AO BAR DA FAVA E POSTO BRAZ CAJUEIRO";"CAJUEIRO";"";"";"COLISÃO LATERAL";1;"1";"0";"0";"0";"0";"0";"0";"0";"1";"0";"Longo da via";"Bom";"Não existe";"Perfeito estado";"Seca";"Perfeito estado";"Não existe";"Outras";"";"Dupla";"Faixa contínua";"";""
"7898";2021-08-16;"22:38:40";"COM VÍTIMA";"FINALIZADA";"BAIRRO DO RECIFE";"AV MARQUES DE OLINDA";"";"RUA MADRE DEUS";"E/F AOS CORREIOS";"BAIRRO DO RECIFE";"20";"SUBURBIO";"COLISÃO LATERAL";1;"0";"0";"0";"0";"1";"0";"0";"0";"1";"0";"Cruzamento";"Chuvoso";"Intermitente";"Perfeito estado";"Molhada";"Perfeito estado";"Faixa de pedestre";"Outras";"";"Única";"Faixa seccionada";"";""
"7899";2021-08-17;"00:12:00";"COM VÍTIMA";"FINALIZADA";"DERBY";"AV GOVERNADOR AGAMENON MAGALHAES";"";"RUA JOAQUIM NABUCO";"EM FRENTE AO HOSPITAL DA RESTAURAÇÃO";"DERBY";"174";"SUBURBIO";"COLISÃO TRANSVERSAL";0;"0";"0";"0";"0";"0";"0";"0";"0";"1";"0";"Cruzamento";"Bom";"Sem defeito";"Perfeito estado";"Seca";"Perfeito estado";"Faixa de pedestre";"R-6a";"50 km/h";"Dupla";"Canal";"";""
"7900";2021-08-17;"07:48:00";"SEM VÍTIMA";"FINALIZADA";"ARRUDA";"AV BEBERIBE";"1020";"";"REGIONAL NORTE, APOIO A EMLURB,GEOP, GCUTI";"ARRUDA";"";"SUBURBIO";"";0;"0";"0";"0";"0";"0";"0";"0";"0";"0";"0";"";"";"";"";"";"";"";"";"";"";"";"";""
"7901";2021-08-17;"10:28:00";"SEM VÍTIMA";"FINALIZADA";"JOANA BEZERRA";"AV BEIRA RIO";"";"VIADUTO CAPITAO TEMUDO";"AO LADO DO FORUM DES RODOLFO AURELIANO";"JOANA BEZERRA";"38";"CIDADE";"COLISÃO TRASEIRA";1;"0";"0";"0";"0";"0";"0";"1";"0";"0";"0";"Longo da via";"Bom";"Sem defeito";"Incompleta";"Seca";"Perfeito estado";"";"R-6a";"";"Dupla";"Faixa contínua";"";""
"7902";2021-08-17;"10:24:00";"COM VÍTIMA";"FINALIZADA";"BOA VIAGEM";"AV ENGENHEIRO DOMINGOS FERREIRA";"";"RUA FELIX DE BRITO E MELO";"PROX. A PAPIC PAPELARIA";"BOA VIAGEM";"545";"CIDADE";"COLISÃO LATERAL";1;"1";"0";"0";"0";"0";"0";"0";"0";"1";"0";"Cruzamento";"Bom";"Sem defeito";"Perfeito estado";"Seca";"Perfeito estado";"Faixa de pedestre";"";"";"Única";"Canteiro central";"";""
"7903";2021-08-17;"12:15:00";"COM VÍTIMA";"FINALIZADA";"TAMARINEIRA";"AV NORTE MIGUEL ARRAES DE ALENCAR";"3892";"";"EM FRENTE A CANTANHEDE DIESEL";"TAMARINEIRA";"";"SUBURBIO";"ATROPELAMENTO DE PESSOA";0;"1";"0";"0";"1";"0";"0";"0";"0";"1";"0";"Longo da via";"Bom";"Não existe";"Perfeito estado";"Seca";"Perfeito estado";"Não existe";"R-6a";"";"Dupla";"Faixa seccionada";"Canteiro central";""
"7904";2021-08-17;"13:21:00";"COM VÍTIMA";"FINALIZADA";"BAIRRO DO RECIFE";"CAIS DO APOLO";"";"";"EM FRENTE A PREFEITURA DO RECIFE";"BAIRRO DO RECIFE";"436";"SUBURBIO";"QUEDA";0;"1";"0";"0";"0";"0";"0";"0";"0";"1";"0";"Longo da via";"Chuvoso";"Sem defeito";"Perfeito estado";"Molhada";"Perfeito estado";"Faixa de pedestre";"Outras";"";"Única";"Faixa seccionada";"";""
"7905";2021-08-17;"13:55:00";"COM VÍTIMA";"FINALIZADA";"VÁRZEA";"AV AFONSO OLINDENSE";"";"";"E/F A SECRETARIA DE EDUCAÇAO";"VÁRZEA";"";"CIDADE";"COLISÃO LATERAL";0;"1";"0";"0";"0";"0";"0";"1";"0";"1";"0";"Longo da via";"Chuvoso";"Não existe";"Perfeito estado";"Molhada";"Perfeito estado";"Não existe";"Não há placas";"";"Dupla";"Faixa contínua";"";""
"7906";2021-08-17;"15:16:00";"COM VÍTIMA";"FINALIZADA";"ZUMBI";"AV CAXANGA";"340";"";"LADO OPOSTO AO NÚMERO 345";"ZUMBI";"";"SUBURBIO";"COLISÃO COM CICLISTA";0;"0";"0";"1";"0";"1";"0";"0";"0";"1";"0";"Longo da via";"Bom";"Não existe";"Perfeito estado";"Seca";"Perfeito estado";"Não existe";"Não há placas";"";"Dupla";"Faixa contínua";"Faixa seccionada";"Canteiro central"
"7907";2021-08-17;"17:29:00";"COM VÍTIMA";"FINALIZADA";"SANTO AMARO";"AV PREFEITO ARTUR LIMA CAVALCANTI";"";"";"PRÓXIMO A PONTE DO LIMOEIRO";"SANTO AMARO";"";"SUBURBIO";"COLISÃO TRASEIRA";1;"1";"0";"0";"0";"0";"0";"0";"0";"1";"0";"Longo da via";"Bom";"Não existe";"Perfeito estado";"Seca";"Perfeito estado";"Não existe";"Não há placas";"40 km/h";"";"Faixa seccionada";"";""
"7908";2021-08-17;"17:50:00";"COM VÍTIMA";"FINALIZADA";"CORDEIRO";"RUA GOMES TABORDA";"1560";"";"PROXIMO AO ATACAREJO IDEAL";"CORDEIRO";"";"CIDADE";"COLISÃO LATERAL";1;"1";"0";"0";"0";"0";"0";"0";"0";"1";"0";"Longo da via";"Bom";"Não existe";"Incompleta";"Seca";"Mal iluminada";"Não existe";"R-6a";"";"Dupla";"Faixa seccionada";"";""
"7909";2021-08-17;"18:42:00";"COM VÍTIMA";"FINALIZADA";"BARRO";"AV DR JOSE RUFINO";"";"RUA PEDRO JOSE VIEIRA";"E/F AO PONTO IMPERIO";"BARRO";"";"DUPLO";"COLISÃO FRONTAL";1;"1";"0";"0";"0";"0";"0";"0";"0";"1";"0";"Cruzamento";"Bom";"Não existe";"Perfeito estado";"Seca";"Perfeito estado";"Não existe";"";"";"Dupla";"Não existe";"";""
"7910";2021-08-17;"19:37:00";"COM VÍTIMA";"FINALIZADA";"BOA VIAGEM";"AV BOA VIAGEM";"1800";"RUA FRANCA PEREIRA";"PROX AO SEGUNDO JARDIN";"BOA VIAGEM";"3";"CIDADE";"COLISÃO TRANSVERSAL";1;"1";"0";"0";"0";"0";"0";"0";"0";"1";"0";"Longo da via";"Bom";"Sem defeito";"Perfeito estado";"Seca";"Perfeito estado";"Faixa de pedestre";"Não há placas";"";"Única";"Faixa contínua";"";""
"7911";2021-08-17;"22:44:40";"COM VÍTIMA";"FINALIZADA";"BAIRRO DO RECIFE";"AV ALFREDO LISBOA";"";"";"E/F AO FORTE DO BRUM";"BAIRRO DO RECIFE";"";"SUBURBIO";"COLISÃO COM CICLISTA";1;"0";"0";"2";"0";"0";"0";"0";"0";"2";"0";"Longo da via";"Bom";"Sem defeito";"Perfeito estado";"Seca";"Mal iluminada";"Faixa de pedestre";"Outras";"60 km/h";"Única";"Faixa seccionada";"";""
"7912";2021-08-18;"08:29:00";"COM VÍTIMA";"FINALIZADA";"SANTO AMARO";"AV PREFEITO ARTUR LIMA CAVALCANTI";"";"";"POR TRAS DO PREDIO DA CONTAX, NA CURVA";"SANTO AMARO";"";"SUBURBIO";"QUEDA";0;"1";"0";"0";"0";"0";"0";"0";"0";"1";"0";"Longo da via";"Bom";"Não existe";"Perfeito estado";"Seca";"Perfeito estado";"Não existe";"Não há placas";"";"Dupla";"Canteiro central";"";""