"";"data";"hora";"natureza_acidente";"situacao";"bairro";"endereco";"numero";"detalhe_endereco_acidente";"complemento";"bairro_cruzamento";"num_semaforo";"sentido_via";"tipo";"auto";"moto";"ciclom";"ciclista";"pedestre";"onibus";"caminhao";"viatura";"outros";"vitimas";"vitimasfatais";"acidente_verificado";"tempo_clima";"situacao_semaforo";"sinalizacao";"condicao_via";"conservacao_via";"ponto_controle";"situacao_placa";"velocidade_max_via";"mao_direcao";"divisao_via1";"divisao_via2";"divisao_via3"
"8027";2021-09-05;"23:10:40";"COM VÍTIMA";"CANCELADA";"IPUTINGA";"AV MAURICIO DE NASSAU";"165";"";"ENTRE O PARQUE DO CAIARA  E LOMBADA ELETRONICA";"IPUTINGA";"";"";"COLISÃO TRASEIRA";1;"1";"0";"0";"0";"0";"0";"0";"0";"1";"0";"";"";"";"";"";"";"";"";"";"";"";"";""
"8028";2021-09-06;"06:54:00";"COM VÍTIMA";"FINALIZADA";"MONTEIRO";"RUA DE APIPUCOS";"685";"";"RESERVA APIPUCOS";"MONTEIRO";"";"SUBURBIO";"COLISÃO TRANSVERSAL";2;"1";"0";"0";"0";"0";"0";"0";"0";"1";"0";"Longo da via";"Bom";"Não existe";"Perfeito estado";"Seca";"Perfeito estado";"Não existe";"Não há placas";"60 km/h";"Dupla";"Faixa contínua";"";""
"8029";2021-09-06;"08:24:00";"COM VÍTIMA";"FINALIZADA";"ÁGUA FRIA";"AV BEBERIBE";"1678";"";"MERCADO DO ÓLEO";"ÁGUA FRIA";"";"DUPLO";"COLISÃO TRANSVERSAL";1;"1";"0";"0";"0";"0";"0";"0";"0";"1";"0";"Longo da via";"Bom";"Não existe";"Perfeito estado";"Seca";"Perfeito estado";"Outros";"Não há placas";"";"Dupla";"Faixa contínua";"Faixa seccionada";""
"8030";2021-09-06;"10:42:00";"COM VÍTIMA";"FINALIZADA";"PRADO";"AV ENGENHEIRO ABDIAS DE CARVALHO";"1771";"";"EM FRENTE A ESTÁCIO";"PRADO";"327";"CIDADE";"COLISÃO TRASEIRA";3;"0";"0";"0";"0";"0";"0";"0";"0";"1";"0";"Longo da via";"Bom";"Sem defeito";"Incompleta";"Seca";"Perfeito estado";"Faixa de pedestre";"Outras";"60 km/h";"Dupla";"Canteiro central";"";""
"8031";2021-09-06;"11:43:00";"SEM VÍTIMA";"CANCELADA";"BOA VIAGEM";"RUA PADRE BERNADINO PESSOA";"";"";"AO LADO DO RESTAURANTE ILHA DOS NAVEGANTES";"BOA VIAGEM";"";"";"COLISÃO LATERAL";2;"0";"0";"0";"0";"0";"0";"0";"0";"0";"0";"";"";"";"";"";"";"";"";"";"";"";"";""
"8032";2021-09-06;"16:20:00";"COM VÍTIMA";"FINALIZADA";"DERBY";"AV GOVERNADOR AGAMENON MAGALHAES";"";"RUA JOAQUIM NABUCO";"EM FRENTE AO HOSPITAL DA RESTAURAÇÃO";"DERBY";"";"CIDADE";"ATROPELAMENTO DE PESSOA";1;"0";"0";"0";"1";"0";"0";"0";"0";"1";"0";"Longo da via";"Bom";"Sem defeito";"Perfeito estado";"Seca";"Perfeito estado";"Faixa de pedestre";"Outras";"60 km/h";"Dupla";"Canal";"";""
"8033";2021-09-06;"18:45:00";"COM VÍTIMA";"CANCELADA";"BOA VIAGEM";"AV ARMINDO MOURA";"525";"";"E/F A PIZZARIA KAMILA";"BOA VIAGEM";"";"";"COLISÃO FRONTAL";1;"1";"0";"0";"0";"0";"0";"0";"0";"1";"0";"";"";"";"";"";"";"";"";"";"";"";"";""
"8034";2021-09-06;"19:28:00";"COM VÍTIMA";"FINALIZADA";"ÁGUA FRIA";"AV BEBERIBE";"2185";"";"E/F A SELECTA ALIMENTOS";"ÁGUA FRIA";"187";"SUBURBIO";"COLISÃO COM CICLISTA";0;"0";"0";"1";"0";"1";"0";"0";"0";"1";"0";"Cruzamento";"Bom";"Sem defeito";"Perfeito estado";"Seca";"Perfeito estado";"Faixa de pedestre";"R-6a";"";"Dupla";"Faixa contínua";"";""
"8035";2021-09-07;"13:37:00";"COM VÍTIMA";"FINALIZADA";"SÃO JOSÉ";"AV MARTINS DE BARROS";"";"C SANTA RITA";"EM FRENTE AO TERMINAL INTEGRADO CAIS DE SANTA RITA";"SÃO JOSÉ";"383";"CIDADE";"COLISÃO COM CICLISTA";1;"0";"0";"1";"0";"0";"0";"0";"0";"1";"0";"Longo da via";"Bom";"Sem defeito";"Perfeito estado";"Seca";"Perfeito estado";"Faixa de pedestre";"Não há placas";"";"Dupla";"Canteiro central";"";""
"8036";2021-09-07;"17:26:00";"COM VÍTIMA";"FINALIZADA";"VÁRZEA";"AV PROFESSOR ARTUR DE SA";"1310";"";"E/F AO BAR DA KELLY";"VÁRZEA";"";"";"COLISÃO LATERAL";1;"1";"0";"0";"0";"0";"0";"0";"0";"1";"0";"Longo da via";"Bom";"Não existe";"Não existente";"Seca";"Perfeito estado";"Não existe";"Não há placas";"";"Dupla";"Faixa";"";""
"8037";2021-09-07;"17:59:00";"COM VÍTIMA";"FINALIZADA";"BOA VIAGEM";"AV BOA VIAGEM";"";"";"EM FRENTE A PRACINHA DE BOA VIAGEM";"BOA VIAGEM";"";"CIDADE";"COLISÃO LATERAL";1;"1";"0";"0";"0";"0";"0";"0";"0";"1";"0";"Longo da via";"Bom";"Não existe";"Perfeito estado";"Seca";"Perfeito estado";"";"";"";"";"";"";""
"8038";2021-09-07;"18:18:00";"COM VÍTIMA";"FINALIZADA";"AREIAS";"AV RECIFE";"16";"";"LADO OPOSTO AO ATACADÃO";"AREIAS";"";"SUBURBIO";"ATROPELAMENTO DE PESSOA";1;"0";"0";"0";"1";"0";"0";"0";"0";"1";"0";"Longo da via";"Bom";"Sem defeito";"Perfeito estado";"Seca";"Perfeito estado";"Não existe";"Não há placas";"60 km/h";"Dupla";"Faixa contínua";"Faixa seccionada";"Canteiro central"
"8039";2021-09-07;"22:29:40";"COM VÍTIMA";"FINALIZADA";"BOA VIAGEM";"AV ENGENHEIRO DOMINGOS FERREIRA";"1932";"RUA PROFESSOR RUI BATISTA";"E/F AO BANCO DO BRADESCO";"BOA VIAGEM";"";"SUBURBIO";"COLISÃO TRASEIRA";1;"0";"0";"0";"0";"1";"0";"0";"0";"1";"0";"Longo da via";"Bom";"Sem defeito";"Perfeito estado";"Seca";"Perfeito estado";"Outros";"Outras";"";"Única";"Faixa seccionada";"";""
"8040";2021-09-08;"08:58:00";"COM VÍTIMA";"FINALIZADA";"DOIS UNIDOS";"AV HILDEBRANDO DE VASCONCELOS";"1614";"RUA JOAO CAVALCANTI PETRIBU";"EM FRENTE AO MERCADINHO DO GALEGO";"DOIS UNIDOS";"";"SUBURBIO";"COLISÃO FRONTAL";0;"1";"0";"0";"0";"1";"0";"0";"0";"1";"0";"Cruzamento";"Bom";"Não existe";"Incompleta";"Molhada";"Perfeito estado";"Não existe";"Outras";"";"Dupla";"Não existe";"";""
"8041";2021-09-08;"14:28:00";"COM VÍTIMA";"FINALIZADA";"BOA VIAGEM";"AV CONSELHEIRO AGUIAR";"3150";"RUA MAMANGUAPE";"AO LADO DA FARMACIA DROGASIL";"BOA VIAGEM";"";"CIDADE";"COLISÃO LATERAL";1;"1";"0";"0";"0";"0";"0";"0";"0";"1";"0";"Cruzamento";"Bom";"Não existe";"Perfeito estado";"Seca";"Perfeito estado";"";"Placas ""Pare""";"";"Única";"Faixa seccionada";"";""
"8042";2021-09-08;"17:53:00";"COM VÍTIMA";"FINALIZADA";"BOA VIAGEM";"AVENIDA CELSO FURTADO (VIA MANGUE)";"";"";"APÓS O SHOPPING RECIFE";"BOA VIAGEM";"";"CIDADE";"COLISÃO TRASEIRA";1;"1";"0";"0";"0";"0";"0";"0";"0";"1";"0";"Longo da via";"Bom";"Não existe";"Perfeito estado";"Seca";"Perfeito estado";"Não existe";"Não há placas";"";"Única";"Faixa seccionada";"Canteiro central";""
"8043";2021-09-09;"08:19:00";"COM VÍTIMA";"FINALIZADA";"MADALENA";"RUA REAL DA TORRE";"1448";"";"EM FRENTE AO EDIFICIO MONT. GEMEVRE";"MADALENA";"";"";"COLISÃO LATERAL";1;"1";"0";"0";"0";"0";"0";"0";"0";"1";"0";"Longo da via";"Bom";"Não existe";"Perfeito estado";"Seca";"Perfeito estado";"Não existe";"R-6a";"";"Única";"Não existe";"";""
"8044";2021-09-09;"09:00:00";"COM VÍTIMA";"FINALIZADA";"AREIAS";"AV RECIFE";"157";"";"EM FRENTE AO ATACADAO, LUNA RATTAN MÓVEIS";"AREIAS";"";"CIDADE";"COLISÃO TRASEIRA";4;"0";"0";"0";"0";"0";"0";"0";"0";"1";"0";"Longo da via";"Bom";"Sem defeito";"";"Seca";"Perfeito estado";"Faixa de pedestre";"Não há placas";"";"Dupla";"Canteiro central";"";""
"8045";2021-09-09;"09:41:00";"COM VÍTIMA";"FINALIZADA";"SANTANA";"RUA JORGE GOMES DE SA";"";"";"PARQUE SANTANA";"SANTANA";"";"SUBURBIO";"COLISÃO TRANSVERSAL";1;"1";"0";"0";"0";"0";"0";"0";"0";"1";"0";"Longo da via";"Bom";"Não existe";"Incompleta";"Seca";"Perfeito estado";"Não existe";"Outras";"";"Dupla";"";"";""
"8046";2021-09-09;"10:20:00";"COM VÍTIMA";"FINALIZADA";"BOA VIAGEM";"RUA DEZ DE JULHO";"210";"RUA CAMBOIM";"E/F A MAISON CRISTAL";"BOA VIAGEM";"";"LOCAL";"COLISÃO LATERAL";1;"1";"0";"0";"0";"0";"0";"0";"0";"1";"0";"Cruzamento";"Bom";"Não existe";"Perfeito estado";"Seca";"Perfeito estado";"Faixa de pedestre";"Placas ""Pare""";"";"Dupla";"Faixa contínua";"";""
"8047";2021-09-09;"11:10:00";"SEM VÍTIMA";"FINALIZADA";"AFOGADOS";"RUA MOTOCOLOMBO";"203";"";"EM FRENTE A IGREJA PRESBITERIANA DO LARGO DA PAZ";"AFOGADOS";"";"SUBURBIO";"COLISÃO TRASEIRA";2;"0";"0";"0";"0";"0";"0";"0";"0";"0";"0";"Longo da via";"Bom";"Não existe";"Perfeito estado";"Seca";"Perfeito estado";"Não existe";"Não há placas";"";"Única";"Faixa seccionada";"";""
"8048";2021-09-09;"11:17:00";"COM VÍTIMA";"FINALIZADA";"PRADO";"AV ENGENHEIRO ABDIAS DE CARVALHO";"1771";"";"EM FRENTE A FACULDADE ESTACIO /";"PRADO";"327";"CIDADE";"COLISÃO TRASEIRA";1;"1";"0";"0";"0";"0";"0";"0";"0";"1";"0";"Longo da via";"Bom";"Sem defeito";"Perfeito estado";"Seca";"";"Faixa de pedestre";"";"";"Dupla";"Canteiro central";"";""
"8049";2021-09-09;"11:42:00";"COM VÍTIMA";"FINALIZADA";"ILHA DO LEITE";"PTE JOSE DE BARROS LIMA";"";"";"APÓS O HOSPITAL PORTUGUÊS";"ILHA DO LEITE";"";"SUBURBIO";"COLISÃO TRASEIRA";1;"1";"0";"0";"0";"0";"0";"0";"0";"1";"0";"Longo da via";"Bom";"Não existe";"Incompleta";"Seca";"Mal conservada";"Não existe";"Não há placas";"60 km/h";"Dupla";"Canteiro central";"";""
"8050";2021-09-09;"12:26:00";"COM VÍTIMA";"FINALIZADA";"MADALENA";"RUA DR JOAO COIMBRA";"551";"RUA REAL DA TORRE";"POR TRAS DO MERCADO DA MADALENA";"MADALENA";"";"SUBURBIO";"ATROPELAMENTO DE PESSOA";1;"0";"0";"0";"1";"0";"0";"0";"0";"1";"0";"Longo da via";"Bom";"Não existe";"Perfeito estado";"Seca";"Perfeito estado";"Não existe";"Não há placas";"";"Única";"Não existe";"";""
"8051";2021-09-09;"13:05:00";"SEM VÍTIMA";"FINALIZADA";"BOA VIAGEM";"AV BOA VIAGEM";"4070";"RUA ERNESTO DE PAULA SANTOS";"SECURITY LEADERS ORGANIZAÇÃO DE EVENTOS / GRAND MERCURE BOA VIAGEM.";"BOA VIAGEM";"113";"";"COLISÃO TRASEIRA";2;"0";"0";"0";"0";"0";"0";"0";"0";"0";"0";"";"";"";"";"";"";"";"";"";"";"";"";""
"8052";2021-09-09;"15:30:00";"COM VÍTIMA";"FINALIZADA";"AFOGADOS";"RUA VINTE E UM DE ABRIL";"734";"";"PROXIMO AO CLUBE FERREVIARIO";"AFOGADOS";"611";"SUBURBIO";"COLISÃO TRASEIRA";2;"0";"0";"0";"0";"0";"0";"0";"0";"1";"0";"Longo da via";"Bom";"Sem defeito";"Perfeito estado";"Seca";"Perfeito estado";"Outros";"Não há placas";"";"Dupla";"Não existe";"";""
"8053";2021-09-09;"17:28:00";"COM VÍTIMA";"FINALIZADA";"VÁRZEA";"AV CAXANGA";"5478";"";"LADO OPOSTO AO POSTO IPIRANGA";"VÁRZEA";"";"SUBURBIO";"ATROPELAMENTO DE PESSOA";0;"0";"1";"0";"1";"0";"0";"0";"0";"2";"0";"Longo da via";"Bom";"Sem defeito";"Perfeito estado";"Seca";"Perfeito estado";"Não existe";"Não há placas";"60 km/h";"Dupla";"Canteiro central";"";""
"8054";2021-09-09;"20:37:40";"COM VÍTIMA";"FINALIZADA";"BOA VIAGEM";"AV DOM JOAO VI";"";"";"PRÓX AO BOMPREÇO";"BOA VIAGEM";"";"SUBURBIO";"ATROPELAMENTO DE PESSOA";0;"0";"0";"0";"1";"0";"0";"0";"0";"1";"0";"Longo da via";"Bom";"Não existe";"Perfeito estado";"Seca";"Perfeito estado";"Não existe";"Não há placas";"60 km/h";"Única";"Faixa seccionada";"";""
"8055";2021-09-10;"06:10:00";"COM VÍTIMA";"FINALIZADA";"PINA";"AV ANTONIO DE GOES";"";"PTE GOVERNADOR PAULO GUERRA";"E/F AO DENIT - INICIO DA PONTE DO PINA - SENTIDO DERBY";"PINA";"";"CIDADE";"CHOQUE";1;"0";"0";"0";"0";"0";"0";"0";"0";"1";"0";"Ponte";"Bom";"Não existe";"Perfeito estado";"Seca";"Perfeito estado";"Não existe";"Não há placas";"60 km/h";"Única";"Faixa seccionada";"";""
"8056";2021-09-10;"09:00:00";"COM VÍTIMA";"FINALIZADA";"CASA AMARELA";"AV NORTE MIGUEL ARRAES DE ALENCAR";"9515";"";"ENTRADA DO VASCO DA GAMA";"CASA AMARELA";"";"SUBURBIO";"COLISÃO TRASEIRA";0;"2";"0";"0";"0";"0";"0";"0";"0";"2";"0";"Longo da via";"Bom";"Sem defeito";"Perfeito estado";"Seca";"Perfeito estado";"Não existe";"Não há placas";"60 km/h";"Única";"Faixa contínua";"";""
"8057";2021-09-10;"09:53:00";"COM VÍTIMA";"FINALIZADA";"MADALENA";"RUA MONSENHOR JULIO MARIA";"94";"";"GRUPO DWL";"MADALENA";"";"SUBURBIO";"COLISÃO COM CICLISTA";1;"0";"0";"1";"0";"0";"0";"0";"0";"1";"0";"Cruzamento";"Bom";"Não existe";"Incompleta";"Seca";"Perfeito estado";"Não existe";"Não há placas";"";"Única";"";"";""
"8058";2021-09-10;"13:29:00";"COM VÍTIMA";"FINALIZADA";"SANTO AMARO";"AV CRUZ CABUGA";"";"";"APÓS HOSPITAL SANTA CASA DA MISERICÓRDIA DO RECIFE";"SANTO AMARO";"344";"CIDADE";"COLISÃO FRONTAL";2;"1";"0";"0";"0";"0";"0";"0";"0";"1";"0";"Longo da via";"Bom";"Sem defeito";"Perfeito estado";"Seca";"Perfeito estado";"Não existe";"Não há placas";"60 km/h";"Dupla";"Faixa contínua";"";""
"8059";2021-09-10;"17:18:00";"COM VÍTIMA";"FINALIZADA";"AREIAS";"AV DR JOSE RUFINO";"765";"";"EM FRENTE A COMUNIDADE BATISTA DA CIDADE/ PROXIMO A HONDA, LADO OPOSTO À ARENA SOCIETY";"AREIAS";"";"SUBURBIO";"COLISÃO LATERAL";1;"1";"0";"0";"0";"0";"0";"0";"0";"2";"0";"Esquina";"Bom";"Não existe";"Não existente";"Molhada";"Mal conservada";"Não existe";"Não há placas";"";"Dupla";"Não existe";"";""
"8060";2021-09-10;"18:59:00";"COM VÍTIMA";"FINALIZADA";"BOA VIAGEM";"AV BOA VIAGEM";"";"";"SEMÁFORO 124";"BOA VIAGEM";"124";"CIDADE";"COLISÃO FRONTAL";1;"1";"0";"0";"0";"0";"0";"0";"0";"1";"0";"Longo da via";"Bom";"Sem defeito";"Perfeito estado";"Seca";"Perfeito estado";"Faixa de pedestre";"Não há placas";"60 km/h";"Única";"Faixa seccionada";"";""
"8061";2021-09-11;"04:52:00";"COM VÍTIMA";"CANCELADA";"MANGABEIRA";"AV NORTE MIGUEL ARRAES DE ALENCAR";"";"COR DO BARTOLOMEU";"";"MANGABEIRA";"";"";"QUEDA";1;"0";"0";"0";"0";"0";"0";"0";"0";"1";"0";"";"";"";"";"";"";"";"";"";"";"";"";""
"8062";2021-09-11;"10:09:00";"COM VÍTIMA";"FINALIZADA";"BOA VISTA";"AV MANOEL BORBA";"699";"";"VITA FRUTAS";"BOA VISTA";"";"SUBURBIO";"COLISÃO TRASEIRA";1;"1";"0";"0";"0";"0";"0";"0";"0";"1";"0";"Longo da via";"Bom";"Não existe";"Perfeito estado";"Seca";"Perfeito estado";"";"";"40 km/h";"Única";"Faixa seccionada";"";""
"8063";2021-09-11;"10:23:00";"COM VÍTIMA";"FINALIZADA";"AFOGADOS";"RUA JOAO IVO DA SILVA";"460";"RUA PADRE TEOFILO TWORZ";"EM FRENTE A TUPAN E A FIORI";"AFOGADOS";"";"SUBURBIO";"COLISÃO TRASEIRA";1;"1";"0";"0";"0";"0";"0";"0";"0";"1";"0";"Longo da via";"Bom";"Sem defeito";"Perfeito estado";"Seca";"Perfeito estado";"Faixa de pedestre";"Não há placas";"";"Única";"Canal";"";""
"8064";2021-09-11;"14:58:00";"COM VÍTIMA";"FINALIZADA";"DOIS IRMÃOS";"RUA RIBEIRO PESSOA";"771";"RUA DR ANTONIO H DE CASTRO NETO";"A FABRICA PINTO FORMOSO";"DOIS IRMÃOS";"";"";"COLISÃO TRASEIRA";0;"2";"0";"0";"0";"0";"0";"0";"0";"1";"0";"Longo da via";"Bom";"Não existe";"Não existente";"Seca";"Perfeito estado";"Não existe";"Não há placas";"";"Dupla";"Não existe";"";""
"8065";2021-09-11;"22:13:40";"COM VÍTIMA";"FINALIZADA";"ENCRUZILHADA";"AV JOAO DE BARROS";"";"AV NORTE MIGUEL ARRAES DE ALENCAR";"SEMÁFORO 43";"ENCRUZILHADA";"43";"CIDADE";"CHOQUE";1;"0";"0";"0";"0";"0";"0";"0";"0";"1";"0";"Longo da via";"Bom";"Sem defeito";"Perfeito estado";"Seca";"Perfeito estado";"Faixa de retenção";"Não há placas";"";"Única";"Canteiro central";"";""
"8066";2021-09-12;"09:04:00";"COM VÍTIMA";"FINALIZADA";"TORRÕES";"RUA ZUMBI DOS PALMARES";"770";"";"EM FRENTE AO N° 770";"TORRÕES";"";"SUBURBIO";"COLISÃO FRONTAL";3;"0";"0";"0";"0";"0";"0";"0";"0";"1";"0";"Longo da via";"Bom";"Não existe";"Incompleta";"Seca";"";"Não existe";"R-6a";"30 km/h";"Dupla";"Não existe";"";""
"8067";2021-09-12;"09:06:00";"COM VÍTIMA";"FINALIZADA";"BAIRRO DO RECIFE";"AV MILITAR";"";"";"LADO OPOSTO AO POSTO BR";"BAIRRO DO RECIFE";"";"";"TOMBAMENTO";0;"1";"0";"0";"0";"0";"0";"0";"0";"1";"0";"Longo da via";"Bom";"Não existe";"Perfeito estado";"Seca";"Perfeito estado";"Não existe";"R-6a";"";"Única";"Canteiro central";"";""
"8068";2021-09-12;"12:27:00";"COM VÍTIMA";"FINALIZADA";"TAMARINEIRA";"AV NORTE MIGUEL ARRAES DE ALENCAR";"4785";"RUA BEZERROS";"EM FRENTE AO ARMAZÉM CORAL";"TAMARINEIRA";"";"CIDADE";"COLISÃO TRANSVERSAL";1;"1";"0";"0";"0";"0";"0";"0";"0";"1";"0";"Esquina";"Bom";"Não existe";"Perfeito estado";"Seca";"Perfeito estado";"Outros";"R-6a";"";"Dupla";"Canteiro central";"";""
"8069";2021-09-12;"20:52:00";"COM VÍTIMA";"FINALIZADA";"BOA VIAGEM";"AV CONSELHEIRO AGUIAR";"1739";"RUA SOLIDONIO LEITE";"PRÓX AO POSTO BR / E/F AO RESTAURANTE NIKKO";"BOA VIAGEM";"";"CIDADE";"COLISÃO TRANSVERSAL";1;"1";"0";"0";"0";"0";"0";"0";"0";"2";"0";"Longo da via";"Bom";"Não existe";"Perfeito estado";"Seca";"Perfeito estado";"Não existe";"R-6a";"";"Única";"Faixa seccionada";"";""
"8070";2021-09-12;"21:03:40";"SEM VÍTIMA";"FINALIZADA";"CASA AMARELA";"AV NORTE MIGUEL ARRAES DE ALENCAR";"4913";"";"";"CASA AMARELA";"";"SUBURBIO";"";1;"0";"0";"0";"0";"0";"0";"0";"0";"0";"0";"Longo da via";"Bom";"Sem defeito";"Perfeito estado";"Seca";"Perfeito estado";"Não existe";"Não há placas";"60 km/h";"Dupla";"Canteiro central";"";""
"8071";2021-09-13;"08:18:00";"COM VÍTIMA";"FINALIZADA";"MADALENA";"AV VISCONDE DE ALBUQUERQUE";"101";"RUA LOPES DE CARVALHO";"PRÓXIMO À MADALENA CENTER";"MADALENA";"";"";"CAPOTAMENTO";0;"1";"0";"0";"0";"0";"0";"0";"0";"1";"0";"Longo da via";"Bom";"Não existe";"Perfeito estado";"Seca";"Mal conservada";"Não existe";"Não há placas";"";"Única";"Não existe";"";""
"8072";2021-09-13;"10:48:00";"COM VÍTIMA";"FINALIZADA";"AFOGADOS";"RUA PADRE TEOFILO TWORZ";"";"RUA COSME VIANA";"";"AFOGADOS";"499";"SUBURBIO";"COLISÃO TRANSVERSAL";1;"1";"0";"0";"0";"0";"0";"0";"0";"1";"0";"Cruzamento";"Bom";"Não existe";"Incompleta";"Seca";"Perfeito estado";"Não existe";"Não há placas";"";"Única";"Não existe";"";""
"8073";2021-09-13;"16:52:00";"COM VÍTIMA";"FINALIZADA";"COELHOS";"AV SUL";"1500";"";"LADO OPOSTO A LOJA PORTELA";"COELHOS";"260";"CIDADE";"COLISÃO COM CICLISTA";0;"0";"0";"1";"0";"1";"0";"0";"0";"1";"0";"Longo da via";"Bom";"Sem defeito";"Perfeito estado";"Seca";"Perfeito estado";"";"";"";"Dupla";"Não existe";"";""
"8074";2021-09-13;"18:12:00";"COM VÍTIMA";"FINALIZADA";"BOA VIAGEM";"RUA MARIA CAROLINA";"661";"RUA MINISTRO NELSON HUNGRIA";"EDF BRISTOL RECIFE HOTEL";"BOA VIAGEM";"";"SUBURBIO";"COLISÃO TRASEIRA";0;"1";"1";"0";"0";"0";"0";"0";"0";"2";"0";"Cruzamento";"Bom";"Não existe";"Perfeito estado";"Seca";"Perfeito estado";"Não existe";"Não há placas";"60 km/h";"Única";"Não existe";"";""
"8075";2021-09-13;"18:45:00";"COM VÍTIMA";"FINALIZADA";"CABANGA";"VIADUTO CAPITAO TEMUDO";"";"";"POR CIMA DO VIADUTO, SNT OLINDA";"CABANGA";"";"CIDADE";"COLISÃO LATERAL";1;"1";"0";"0";"0";"0";"0";"0";"0";"2";"0";"Longo da via";"Bom";"Não existe";"Perfeito estado";"Seca";"Perfeito estado";"Não existe";"Não há placas";"60 km/h";"Única";"Faixa seccionada";"";""
"8076";2021-09-14;"10:34:00";"SEM VÍTIMA";"CANCELADA";"";"AV RECIFE";"";"AV JOAO CABRAL DE MELO NETO";"";"";"";"";"COLISÃO LATERAL";0;"0";"0";"0";"0";"0";"0";"0";"0";"0";"0";"";"";"";"";"";"";"";"";"";"";"";"";""
"8077";2021-09-14;"10:47:00";"COM VÍTIMA";"FINALIZADA";"ÁGUA FRIA";"AV BEBERIBE";"1883";"";"EM FRENTE A LOJA DOMINANTE MOVEIS";"ÁGUA FRIA";"";"CIDADE";"COLISÃO FRONTAL";1;"1";"0";"0";"0";"0";"0";"0";"0";"2";"0";"Longo da via";"Bom";"Não existe";"Perfeito estado";"Seca";"Perfeito estado";"Não existe";"Outras";"";"Dupla";"Faixa contínua";"";""
"8078";2021-09-14;"11:15:00";"COM VÍTIMA";"FINALIZADA";"IPUTINGA";"AV CAXANGA";"4360";"RUA PAUL HARRIS";"E/F AO HOSPITAL SANTA TEREZINHA";"IPUTINGA";"";"SUBURBIO";"COLISÃO TRASEIRA";1;"1";"0";"0";"0";"0";"0";"0";"0";"1";"0";"Longo da via";"Bom";"Sem defeito";"Perfeito estado";"Seca";"Perfeito estado";"Faixa de pedestre";"Não há placas";"";"Dupla";"Canteiro central";"";""
"8079";2021-09-14;"17:36:00";"COM VÍTIMA";"FINALIZADA";"CAMPO GRANDE";"AV BEBERIBE";"247";"";"PROX AO POSTO SHEL E O SEMAFORO 238  E/F AO ARMAZEM COMERCIAL BECHARA";"CAMPO GRANDE";"";"SUBURBIO";"COLISÃO LATERAL";1;"1";"0";"0";"0";"0";"0";"0";"0";"1";"0";"Longo da via";"Bom";"Não existe";"Perfeito estado";"Seca";"Perfeito estado";"Não existe";"R-6a";"40 km/h";"Dupla";"Faixa contínua";"";""
"8080";2021-09-14;"19:40:00";"COM VÍTIMA";"FINALIZADA";"DERBY";"AV GOVERNADOR AGAMENON MAGALHAES";"";"";"E/F A PRAÇA DO DERBY";"DERBY";"75";"SUBURBIO";"ATROPELAMENTO DE PESSOA";1;"0";"0";"0";"1";"0";"0";"0";"0";"1";"0";"Cruzamento";"Bom";"Sem defeito";"Perfeito estado";"Seca";"Perfeito estado";"Faixa de pedestre";"R-6a";"60 km/h";"Dupla";"Canal";"";""
"8081";2021-09-14;"23:06:40";"COM VÍTIMA";"FINALIZADA";"BOA VIAGEM";"AV ENGENHEIRO DOMINGOS FERREIRA";"";"RUA FELIX DE BRITO E MELO";"CRUZAMENTO";"BOA VIAGEM";"";"SUBURBIO";"COLISÃO TRANSVERSAL";0;"0";"0";"0";"0";"0";"0";"0";"0";"2";"0";"Cruzamento";"Bom";"Sem defeito";"Perfeito estado";"Seca";"Perfeito estado";"Faixa de pedestre";"Não há placas";"60 km/h";"Única";"Faixa contínua";"";""
"8082";2021-09-15;"07:32:00";"COM VÍTIMA";"FINALIZADA";"BOA VIAGEM";"RUA SA E SOUZA";"441";"RUA BALTAZAR PASSOS";"EM FRENTE A CULTURA INGLESA";"BOA VIAGEM";"";"SUBURBIO";"COLISÃO TRANSVERSAL";1;"1";"0";"0";"0";"0";"0";"0";"0";"1";"0";"Cruzamento";"Bom";"Não existe";"Perfeito estado";"Seca";"Perfeito estado";"Faixa de retenção";"R-6a";"";"Dupla";"Faixa seccionada";"";""
"8083";2021-09-15;"08:20:00";"COM VÍTIMA";"FINALIZADA";"CAXANGÁ";"RUA RIBEIRO PESSOA";"356";"";"EM FRENTE A PINTO FORMOSO";"CAXANGÁ";"";"CIDADE";"COLISÃO TRASEIRA";1;"1";"0";"0";"0";"0";"0";"0";"0";"1";"0";"Longo da via";"Bom";"Não existe";"Incompleta";"Seca";"Perfeito estado";"Não existe";"Não há placas";"";"Dupla";"Não existe";"";""