"";"data";"hora";"natureza_acidente";"situacao";"bairro";"endereco";"numero";"detalhe_endereco_acidente";"complemento";"bairro_cruzamento";"num_semaforo";"sentido_via";"tipo";"auto";"moto";"ciclom";"ciclista";"pedestre";"onibus";"caminhao";"viatura";"outros";"vitimas";"vitimasfatais";"acidente_verificado";"tempo_clima";"situacao_semaforo";"sinalizacao";"condicao_via";"conservacao_via";"ponto_controle";"situacao_placa";"velocidade_max_via";"mao_direcao";"divisao_via1";"divisao_via2";"divisao_via3"
"8142";2021-09-23;"07:44:00";"COM VÍTIMA";"FINALIZADA";"MACAXEIRA";"AV NORTE MIGUEL ARRAES DE ALENCAR";"";"";"PRÓXIMO AO TI MACAXEIRA";"MACAXEIRA";"";"SUBURBIO";"COLISÃO TRANSVERSAL";1;"1";"0";"0";"0";"0";"0";"0";"0";"1";"0";"Cruzamento";"Bom";"Não existe";"Perfeito estado";"Seca";"Perfeito estado";"Não existe";"Não há placas";"60 km/h";"";"Não existe";"";""
"8143";2021-09-23;"10:41:00";"SEM VÍTIMA";"FINALIZADA";"BOA VISTA";"AV CONDE DA BOA VISTA";"1317";"RUA GONCALVES MAIA";"EM FRENTE AO POSTO SHELL";"BOA VISTA";"299";"CIDADE";"COLISÃO TRASEIRA";1;"0";"0";"0";"0";"0";"0";"1";"0";"0";"0";"Longo da via";"Bom";"Sem defeito";"Perfeito estado";"Seca";"Perfeito estado";"Faixa de pedestre";"Não há placas";"";"Dupla";"Canteiro central";"";""
"8144";2021-09-23;"12:50:00";"COM VÍTIMA";"FINALIZADA";"IPSEP";"RUA IBIPITUBA";"335";"RUA FRANCISCO BARRETO";"EM FRENTE AO ANTIGO 19º BATAHÃO";"IPSEP";"";"";"COLISÃO TRANSVERSAL";1;"1";"0";"0";"0";"0";"0";"0";"0";"1";"0";"Cruzamento";"Bom";"Não existe";"Não existente";"Seca";"Perfeito estado";"Não existe";"Não há placas";"";"Dupla";"Não existe";"";""
"8145";2021-09-23;"17:23:00";"COM VÍTIMA";"FINALIZADA";"PAISSANDU";"RUA SPORT CLUBE DO RECIFE";"";"";"LADO OPOSTO AO SPORT/ NA DESCIDA DA PONTE/ SENTIDO BR";"PAISSANDU";"";"SUBURBIO";"COLISÃO TRASEIRA";1;"1";"0";"0";"0";"0";"0";"0";"0";"1";"0";"Longo da via";"Bom";"Sem defeito";"Perfeito estado";"Seca";"Perfeito estado";"Agente";"R-26";"";"Dupla";"Faixa contínua";"";""
"8146";2021-09-23;"17:41:00";"COM VÍTIMA";"FINALIZADA";"ARRUDA";"AV BEBERIBE";"1664";"";"E/F AO MERCADÃO DO OLEO S/T  SUB";"ARRUDA";"";"CIDADE";"ATROPELAMENTO DE PESSOA";0;"1";"0";"0";"1";"0";"0";"0";"0";"1";"0";"Longo da via";"Bom";"Não existe";"Perfeito estado";"Seca";"Perfeito estado";"Não existe";"Não há placas";"";"Dupla";"Faixa contínua";"";""
"8147";2021-09-23;"18:48:00";"COM VÍTIMA";"FINALIZADA";"IMBIRIBEIRA";"RUA ARQUITETO LUIZ NUNES";"245";"";"SEMÁFORO 634";"IMBIRIBEIRA";"634";"CIDADE";"COLISÃO TRANSVERSAL";1;"1";"0";"0";"0";"0";"0";"0";"0";"1";"0";"Cruzamento";"Bom";"Sem defeito";"Perfeito estado";"Seca";"Perfeito estado";"Faixa de pedestre";"Não há placas";"40 km/h";"Dupla";"";"";""
"8148";2021-09-23;"19:35:00";"COM VÍTIMA";"FINALIZADA";"AFOGADOS";"RUA SAO MIGUEL";"";"RUA DA PAZ";"LADO DA PRAÇA DA PAZ";"AFOGADOS";"53";"SUBURBIO";"CHOQUE";0;"0";"0";"0";"0";"1";"0";"0";"0";"1";"0";"Cruzamento";"Bom";"Sem defeito";"Perfeito estado";"Seca";"Perfeito estado";"Faixa de pedestre";"Outras";"";"Única";"Faixa seccionada";"";""
"8149";2021-09-24;"08:25:00";"COM VÍTIMA";"FINALIZADA";"APIPUCOS";"RUA DE APIPUCOS";"1031";"RUA CORONEL JOAO BATISTA DO REGO BARROS";"CENTRO MÉDICO DE SAÚDE SÃO JOÃO";"APIPUCOS";"540";"";"CHOQUE";1;"0";"0";"0";"0";"0";"0";"0";"0";"1";"0";"Longo da via";"Chuvoso";"Sem defeito";"Perfeito estado";"Molhada";"Perfeito estado";"Faixa de retenção";"Outras";"";"Dupla";"Faixa contínua";"";""
"8150";2021-09-24;"10:39:00";"COM VÍTIMA";"FINALIZADA";"MADALENA";"RUA BENFICA";"";"";"EM FRENTE AO INTERNACIAL";"MADALENA";"";"CIDADE";"COLISÃO COM CICLISTA";1;"0";"0";"1";"0";"0";"0";"0";"0";"1";"0";"Longo da via";"Bom";"Não existe";"Perfeito estado";"Seca";"Perfeito estado";"Não existe";"Não há placas";"";"Dupla";"Outros";"";""
"8151";2021-09-24;"16:13:00";"SEM VÍTIMA";"FINALIZADA";"BOA VIAGEM";"RUA CAPITAO ZUZINHA";"";"RUA VISCONDE DE JEQUITINHONHA";"";"BOA VIAGEM";"433";"CIDADE";"COLISÃO TRANSVERSAL";0;"0";"0";"0";"0";"0";"0";"1";"0";"0";"0";"";"";"";"";"";"";"";"";"";"";"";"";""
"8152";2021-09-24;"16:05:00";"SEM VÍTIMA";"FINALIZADA";"BOA VIAGEM";"RUA CAPITAO ZUZINHA";"";"RUA VISCONDE DE JEQUITINHONHA";"ACIDENTE ENTRE DOIS VEÍCULOS SENDO UM VEÍC OFÍCIAL EMLURB";"BOA VIAGEM";"420";"SUBURBIO";"COLISÃO TRANSVERSAL";0;"0";"0";"0";"0";"0";"0";"0";"0";"0";"0";"";"";"";"";"";"";"";"";"";"";"";"";""
"8153";2021-09-24;"18:04:00";"COM VÍTIMA";"FINALIZADA";"AREIAS";"AV PRESIDENTE DUTRA";"91";"";"E/F AO SAL E BRASA";"AREIAS";"";"AEROPORTO INTERNACIONA DO RECIFE";"COLISÃO COM CICLISTA";0;"1";"0";"1";"0";"0";"0";"0";"0";"1";"0";"Longo da via";"Bom";"Não existe";"Perfeito estado";"Seca";"Perfeito estado";"Não existe";"Não há placas";"";"Dupla";"Canteiro central";"";""
"8154";2021-09-25;"10:25:00";"COM VÍTIMA";"FINALIZADA";"PINA";"AVENIDA CELSO FURTADO (VIA MANGUE)";"";"";"PRÓXIMO AO 19° B.P.M";"PINA";"";"CIDADE";"QUEDA";0;"1";"0";"0";"0";"0";"0";"0";"0";"1";"0";"Longo da via";"Bom";"Não existe";"Perfeito estado";"Seca";"Perfeito estado";"Não existe";"Não há placas";"60 km/h";"Dupla";"Canteiro central";"";""
"8155";2021-09-25;"10:49:00";"COM VÍTIMA";"FINALIZADA";"IPUTINGA";"AV CAXANGA";"3789";"";"EM FRENTE AO 17° CARTÓRIO DE REGISTRO CIVIL DA VÁRZEA";"IPUTINGA";"229";"CIDADE";"COLISÃO LATERAL";0;"2";"0";"0";"0";"0";"0";"0";"0";"1";"0";"Longo da via";"Bom";"Sem defeito";"Incompleta";"Seca";"";"Faixa de pedestre";"Não há placas";"";"Dupla";"Canteiro central";"";""
"8156";2021-09-26;"11:44:00";"COM VÍTIMA";"FINALIZADA";"BEBERIBE";"PRC DA CONVENCAO";"";"";"E/F A IGREJA CATOLICA DE BEBERIBE";"BEBERIBE";"";"";"QUEDA";0;"1";"0";"0";"0";"0";"0";"0";"0";"1";"0";"";"";"";"";"";"";"";"";"";"";"";"";""
"8157";2021-09-26;"16:32:00";"COM VÍTIMA";"FINALIZADA";"GRAÇAS";"AV RUI BARBOSA";"";"RUA ESMERALDINO BANDEIRA";"SOB  O SEMÁROFO  DE NUMERO 126  - RUA CARDEAL  ARCO VERDE ,  REF.  PIZZARIA ATLANTICO";"GRAÇAS";"126";"CIDADE";"COLISÃO COM CICLISTA";1;"0";"0";"1";"0";"0";"0";"0";"0";"1";"0";"Cruzamento";"Bom";"Sem defeito";"Perfeito estado";"Seca";"Perfeito estado";"Faixa de pedestre";"Não há placas";"";"Única";"Não existe";"";""
"8158";2021-09-27;"01:52:00";"SEM VÍTIMA";"FINALIZADA";"ILHA JOANA BEZERRA";"VIADUTO CAPITAO TEMUDO";"";"";"EM CIMA DO VIADUTO CAPITAO TEMUDO";"ILHA JOANA BEZERRA";"";"";"CHOQUE";1;"0";"0";"0";"0";"0";"0";"0";"0";"0";"0";"";"";"";"";"";"";"";"";"";"";"";"";""
"8159";2021-09-27;"06:18:00";"COM VÍTIMA";"FINALIZADA";"PRADO";"AV ENGENHEIRO ABDIAS DE CARVALHO";"";"RUA SANTA EDWIRGES";"PROX A ENGENFRIO";"PRADO";"354";"CIDADE";"COLISÃO FRONTAL";1;"1";"0";"0";"0";"0";"0";"0";"0";"1";"0";"Cruzamento";"Bom";"Sem defeito";"Perfeito estado";"Seca";"Perfeito estado";"Faixa de pedestre";"Outras";"60 km/h";"Dupla";"Canteiro central";"";""
"8160";2021-09-27;"08:40:00";"COM VÍTIMA";"FINALIZADA";"TEJIPIÓ";"RUA APRIGIO GUIMARAES";"1020";"RUA MANDUZINHO";"MERCADINHO CUSTODIA";"TEJIPIÓ";"157";"SUBURBIO";"QUEDA";0;"1";"0";"0";"0";"0";"0";"0";"0";"1";"0";"Longo da via";"Bom";"Sem defeito";"Perfeito estado";"Seca";"Mal conservada";"Faixa de pedestre";"R-6a";"";"Dupla";"Faixa contínua";"";""
"8161";2021-09-27;"14:44:00";"COM VÍTIMA";"FINALIZADA";"TORRÕES";"RUA DR MIGUEL VIEIRA FERREIRA";"301";"RUA CLAUDIO BROTHERHOOD";"UPAS LIDER VIDROS";"TORRÕES";"";"SUBURBIO";"COLISÃO TRANSVERSAL";2;"0";"0";"0";"0";"0";"0";"0";"0";"1";"0";"Cruzamento";"Bom";"Não existe";"Perfeito estado";"Seca";"Perfeito estado";"Faixa de retenção";"Placas ""Pare""";"";"Dupla";"Faixa seccionada";"";""
"8162";2021-09-27;"15:25:00";"COM VÍTIMA";"CANCELADA";"SANTO AMARO";"AV GOVERNADOR AGAMENON MAGALHAES";"";"";"NA SUBIDA DO VIADUTO AO LADO DO CIRCULO MILITAR S/T OLINDA";"SANTO AMARO";"";"";"ENGAVETAMENTO";3;"0";"0";"0";"0";"0";"0";"0";"0";"2";"0";"";"";"";"";"";"";"";"";"";"";"";"";""
"8163";2021-09-27;"15:37:00";"COM VÍTIMA";"FINALIZADA";"IMBIRIBEIRA";"RUA JOSE DA SILVA LUCENA";"241";"RUA SARGENTO SILVINO DE MACEDO";"EM FRENTE AO NÚMERO 241";"IMBIRIBEIRA";"";"SUBURBIO";"COLISÃO FRONTAL";1;"1";"0";"0";"0";"0";"0";"0";"0";"1";"0";"Cruzamento";"Bom";"Não existe";"Perfeito estado";"Seca";"Perfeito estado";"Não existe";"Não há placas";"60 km/h";"Dupla";"Não existe";"";""
"8164";2021-09-27;"16:14:00";"SEM VÍTIMA";"FINALIZADA";"CAMPO GRANDE";"RUA FRANCISCO BERENGUER";"359";"";"";"CAMPO GRANDE";"";"SUBURBIO";"COLISÃO TRASEIRA";2;"0";"0";"0";"0";"0";"0";"0";"0";"0";"0";"Longo da via";"Bom";"Não existe";"";"Seca";"Perfeito estado";"Não existe";"Não há placas";"30 km/h";"Dupla";"Não existe";"";""
"8165";2021-09-27;"20:08:00";"COM VÍTIMA";"FINALIZADA";"IBURA";"AV DOIS RIOS";"";"LAD DA COHAB";"AO LADO DA POLICLINA PROFESSOR ARNALDO BASTOS";"IBURA";"";"SUBURBIO";"COLISÃO FRONTAL";1;"2";"0";"0";"0";"0";"0";"0";"0";"2";"0";"Longo da via";"Bom";"Não existe";"Perfeito estado";"Seca";"Perfeito estado";"Não existe";"Não há placas";"";"Dupla";"Não existe";"";""
"8166";2021-09-27;"21:53:40";"COM VÍTIMA";"FINALIZADA";"CASA AMARELA";"RUA DOIS DE FEVEREIRO";"95";"";"CENTRO PEDRO CARNEIRO";"CASA AMARELA";"";"CIDADE";"COLISÃO FRONTAL";1;"1";"0";"0";"0";"0";"0";"0";"0";"1";"0";"Longo da via";"Bom";"Sem defeito";"Ilegível";"Seca";"Perfeito estado";"Não existe";"Outras";"";"Dupla";"Faixa contínua";"";""
"8167";2021-09-28;"01:09:00";"SEM VÍTIMA";"FINALIZADA";"BAIRRO DO RECIFE";"AV MILITAR";"";"";"E/F À UNIDADE DA GUARDA PORTUÁRIA - PROXIMO À FABRICA DA PILAR";"BAIRRO DO RECIFE";"";"";"CHOQUE";1;"0";"0";"0";"0";"0";"0";"0";"0";"0";"0";"";"";"";"";"";"";"";"";"";"";"";"";""
"8168";2021-09-28;"11:53:00";"COM VÍTIMA";"FINALIZADA";"SANTO AMARO";"AV CRUZ CABUGA";"481";"";"EM FRENTE AO N° 481";"SANTO AMARO";"457";"CIDADE";"COLISÃO TRANSVERSAL";0;"0";"0";"0";"0";"2";"0";"0";"0";"2";"0";"Longo da via";"Bom";"Sem defeito";"Perfeito estado";"Seca";"Perfeito estado";"Faixa de pedestre";"Outras";"";"Dupla";"Faixa contínua";"";""
"8169";2021-09-28;"12:47:00";"COM VÍTIMA";"FINALIZADA";"TAMARINEIRA";"RUA CONEGO BARATA";"3151";"AV NORTE MIGUEL ARRAES DE ALENCAR";"EM FRENTE À OFICINA TRI AUTOS";"TAMARINEIRA";"62";"CIDADE";"COLISÃO TRASEIRA";0;"1";"0";"0";"0";"1";"0";"0";"0";"1";"0";"Cruzamento";"Bom";"Sem defeito";"Perfeito estado";"Seca";"Perfeito estado";"Faixa de pedestre";"R-6a";"";"Dupla";"Canteiro central";"Faixa seccionada";""
"8170";2021-09-28;"14:18:00";"COM VÍTIMA";"FINALIZADA";"CASA AMARELA";"RUA PADRE LEMOS";"391";"RUA DR TOME DIAS";"NO CENTRO DE CASA AMARELA E/F A IGREJA UNIVERSAL";"CASA AMARELA";"";"CIDADE";"COLISÃO FRONTAL";1;"1";"0";"0";"0";"0";"0";"0";"0";"1";"0";"Longo da via";"Bom";"Não existe";"Perfeito estado";"Seca";"Perfeito estado";"Faixa de pedestre";"Placas ""Pare""";"";"Dupla";"Não existe";"";""
"8171";2021-09-28;"17:37:00";"COM VÍTIMA";"FINALIZADA";"IMBIRIBEIRA";"AV MARECHAL MASCARENHAS DE MORAES";"";"RUA JALISCO";"EM FRENTE AO GERALDÃO, VEÍCULO ATROPELOU UMA SRA. E FULGOU DO LOCAL DO FATO. PLACA E MARCA MODELO NÃO ANOTADA";"IMBIRIBEIRA";"290";"CIDADE";"ATROPELAMENTO DE PESSOA";1;"0";"0";"0";"1";"0";"0";"0";"0";"1";"0";"Longo da via";"Bom";"Sem defeito";"Perfeito estado";"Seca";"Perfeito estado";"Faixa de pedestre";"R-6a";"";"Única";"Faixa contínua";"";""
"8172";2021-09-28;"19:57:00";"COM VÍTIMA";"FINALIZADA";"PRADO";"AV ENGENHEIRO ABDIAS DE CARVALHO";"1949";"";"APÓS A ESTACIO  / PROX A FUNASE";"PRADO";"";"SUBURBIO";"ATROPELAMENTO DE ANIMAL";0;"1";"0";"0";"0";"0";"0";"0";"0";"1";"0";"Longo da via";"Bom";"Não existe";"Perfeito estado";"Seca";"Perfeito estado";"Não existe";"Não há placas";"";"Dupla";"Faixa seccionada";"";""
"8173";2021-09-29;"00:10:00";"SEM VÍTIMA";"CANCELADA";"ESPINHEIRO";"RUA MARQUES DO PARANA";"221";"";"";"ESPINHEIRO";"";"";"COLISÃO FRONTAL";0;"0";"0";"0";"0";"0";"0";"0";"0";"0";"0";"";"";"";"";"";"";"";"";"";"";"";"";""
"8174";2021-09-29;"07:34:00";"COM VÍTIMA";"FINALIZADA";"IPSEP";"RUA JEAN EMILE FAVRE";"LOJA 1";"RUA PAMPULHA";"PROX A PRAÇA DA MAURUCEIA";"IPSEP";"564";"SUBURBIO";"COLISÃO TRANSVERSAL";1;"1";"0";"0";"0";"0";"0";"0";"0";"1";"0";"Cruzamento";"Bom";"Sem defeito";"Perfeito estado";"Seca";"Perfeito estado";"Faixa de pedestre";"R-26";"";"Dupla";"Faixa contínua";"";""
"8175";2021-09-29;"11:22:00";"COM VÍTIMA";"FINALIZADA";"PINA";"AV ENGENHEIRO DOMINGOS FERREIRA";"604";"RUA PEREIRA DA COSTA";"E/F AO EMPRESARIAL MARCELO DOBEUX";"PINA";"142";"SUBURBIO";"COLISÃO TRASEIRA";1;"1";"0";"0";"0";"0";"0";"0";"0";"1";"0";"Cruzamento";"Bom";"Sem defeito";"Perfeito estado";"Seca";"Perfeito estado";"Faixa de pedestre";"R-4b";"";"Dupla";"Canteiro central";"";""
"8176";2021-09-29;"12:34:00";"COM VÍTIMA";"FINALIZADA";"BAIRRO DO RECIFE";"AV ALFREDO LISBOA";"";"RUA BREJO DA MADRE DE DEUS";"POSTO BR";"BAIRRO DO RECIFE";"477";"CIDADE";"COLISÃO TRASEIRA";2;"1";"0";"0";"0";"0";"0";"0";"0";"1";"0";"Longo da via";"Bom";"Não existe";"Perfeito estado";"Seca";"Perfeito estado";"Não existe";"R-6a";"30 km/h";"";"Faixa seccionada";"";""
"8177";2021-09-29;"12:52:00";"SEM VÍTIMA";"FINALIZADA";"BOA VISTA";"RUA DOM BOSCO";"1216";"";"APÓS O POSTO IPIRANGA";"BOA VISTA";"";"SUBURBIO";"";1;"0";"0";"0";"0";"0";"0";"1";"0";"0";"0";"Longo da via";"Bom";"Não existe";"Perfeito estado";"Seca";"Perfeito estado";"Outros";"Outras";"40 km/h";"Única";"Faixa seccionada";"";""
"8178";2021-09-29;"22:45:40";"COM VÍTIMA";"FINALIZADA";"MADALENA";"AV CAXANGA";"412";"";"E/F AO BANCO SANTANDER, SNT SUB";"MADALENA";"";"SUBURBIO";"ATROPELAMENTO DE ANIMAL";0;"1";"0";"0";"0";"0";"0";"0";"0";"1";"0";"Longo da via";"Chuvoso";"Sem defeito";"Perfeito estado";"Molhada";"Perfeito estado";"Não existe";"Não há placas";"";"Dupla";"Canteiro central";"";""
"8179";2021-09-30;"03:20:00";"COM VÍTIMA";"FINALIZADA";"BOA VIAGEM";"RUA BARAO DE SOUZA LEAO";"";"RUA VISCONDE DE JEQUITINHONHA";"CRUZAMENTO C/A RUA BARÃO DE SOUZA LEÃO - E/F AO HOSPITAL ALFA";"BOA VIAGEM";"129";"CIDADE";"COLISÃO TRANSVERSAL";1;"1";"0";"0";"0";"0";"0";"0";"0";"1";"0";"Cruzamento";"Chuvoso";"Sem defeito";"Perfeito estado";"Molhada";"Mal iluminada";"Faixa de pedestre";"R-6a";"";"Única";"Faixa contínua";"";""
"8180";2021-09-30;"03:47:00";"SEM VÍTIMA";"FINALIZADA";"CASA FORTE";"AV DEZESSETE DE AGOSTO";"";"";"E/F À SAIDA DO SHOPPING PLAZA";"CASA FORTE";"";"";"COLISÃO TRASEIRA";2;"0";"0";"0";"0";"0";"0";"0";"0";"0";"0";"";"";"";"";"";"";"";"";"";"";"";"";""
"8181";2021-09-30;"07:51:00";"COM VÍTIMA";"FINALIZADA";"GRAÇAS";"AV CONS ROSA E SILVA";"36";"";"E/F AO TRE ANEXO";"GRAÇAS";"";"CIDADE";"COLISÃO FRONTAL";1;"1";"0";"0";"0";"0";"0";"0";"0";"2";"0";"Longo da via";"Bom";"Não existe";"Perfeito estado";"Molhada";"Perfeito estado";"Não existe";"Não há placas";"";"Única";"Canteiro central";"";""
"8182";2021-09-30;"08:49:00";"COM VÍTIMA";"FINALIZADA";"BOA VIAGEM";"AVENIDA CELSO FURTADO (VIA MANGUE)";"";"";"HABTACIONAL ENCANTA MOÇÃ";"BOA VIAGEM";"";"SUBURBIO";"COLISÃO TRASEIRA";1;"1";"0";"0";"0";"0";"0";"0";"0";"1";"0";"Longo da via";"Bom";"Não existe";"Perfeito estado";"Seca";"Perfeito estado";"Não existe";"Não há placas";"60 km/h";"Única";"Faixa seccionada";"";""
"8183";2021-09-30;"15:00:00";"SEM VÍTIMA";"FINALIZADA";"DOIS IRMÃOS";"EST DOS PINTOS";"184";"";"EM FRENTE A QUITANDA COMPRE MAIS";"DOIS IRMÃOS";"";"";"COLISÃO LATERAL";2;"0";"0";"0";"0";"0";"0";"0";"0";"0";"0";"";"";"";"";"";"";"";"";"";"";"";"";""
"8184";2021-09-30;"17:59:00";"COM VÍTIMA";"FINALIZADA";"DERBY";"RUA JOAQUIM NABUCO";"92";"";"AO LADO DO HOSPITAL DA RESTAURAÇÃO";"DERBY";"";"SUBURBIO";"";1;"1";"0";"0";"0";"0";"0";"0";"0";"1";"0";"Longo da via";"Bom";"";"Perfeito estado";"Seca";"Perfeito estado";"Não existe";"R-6a";"";"Única";"Faixa seccionada";"";""
"8185";2021-09-30;"19:00:00";"SEM VÍTIMA";"FINALIZADA";"GRAÇAS";"AV GOVERNADOR AGAMENON MAGALHAES";"";"AV CONS ROSA E SILVA";"EM FRENTE À MC DONALDS";"GRAÇAS";"";"";"COLISÃO TRANSVERSAL";3;"0";"0";"0";"0";"0";"0";"0";"0";"0";"0";"";"";"";"";"";"";"";"";"";"";"";"";""
"8186";2021-09-30;"21:04:40";"COM VÍTIMA";"FINALIZADA";"TAMARINEIRA";"EST VELHA DE AGUA FRIA";"655";"";"EM FRENTE AO N° 655";"TAMARINEIRA";"";"CIDADE";"COLISÃO TRANSVERSAL";0;"0";"0";"0";"0";"0";"0";"0";"0";"1";"0";"Longo da via";"Bom";"Não existe";"Perfeito estado";"Seca";"Perfeito estado";"Não existe";"Não há placas";"";"Dupla";"Faixa contínua";"";""
"8187";2021-10-01;"01:57:00";"COM VÍTIMA";"FINALIZADA";"APIPUCOS";"AV DEZESSETE DE AGOSTO";"499";"";"AO LADO DO MOTEL SENZALA";"APIPUCOS";"";"CIDADE";"CHOQUE";1;"0";"0";"0";"0";"0";"0";"0";"0";"1";"0";"Longo da via";"Bom";"Não existe";"Perfeito estado";"Molhada";"Perfeito estado";"Não existe";"Não há placas";"";"Dupla";"Faixa contínua";"";""
"8188";2021-10-01;"02:55:00";"SEM VÍTIMA";"FINALIZADA";"ESPINHEIRO";"RUA DA HORA";"170";"";"RESTAURANTE SINHÁ JOANA";"ESPINHEIRO";"";"";"COLISÃO LATERAL";2;"0";"0";"0";"0";"0";"0";"0";"0";"0";"0";"";"";"";"";"";"";"";"";"";"";"";"";""
"8189";2021-10-01;"07:31:00";"COM VÍTIMA";"FINALIZADA";"SÃO JOSÉ";"AV ENGENHEIRO JOSE ESTELITA";"";"";"EM BAIXO DO VIADUTO JOAO PAULO II  / SENT BOA VIAGEM";"SÃO JOSÉ";"";"SUBURBIO";"COLISÃO FRONTAL";1;"1";"0";"0";"0";"0";"0";"0";"0";"1";"0";"Longo da via";"Bom";"";"Ilegível";"Seca";"Perfeito estado";"Não existe";"Não há placas";"";"Única";"Faixa seccionada";"";""
"8190";2021-10-01;"08:37:00";"COM VÍTIMA";"FINALIZADA";"CORDEIRO";"AV CAXANGA";"1783";"";"EM FRENTE A FATAL PNEUS";"CORDEIRO";"";"CIDADE";"ATROPELAMENTO DE PESSOA";1;"1";"0";"0";"1";"0";"0";"0";"0";"2";"0";"Longo da via";"Bom";"Sem defeito";"Perfeito estado";"Seca";"Perfeito estado";"Não existe";"Não há placas";"";"Dupla";"Canteiro central";"Faixa seccionada";""
"8191";2021-10-01;"12:20:00";"COM VÍTIMA";"FINALIZADA";"AREIAS";"AV TAPAJOS";"170";"";"EM FRENTE AO N° 170";"AREIAS";"";"SUBURBIO";"COLISÃO TRASEIRA";0;"1";"0";"0";"0";"0";"0";"0";"0";"1";"0";"Longo da via";"Bom";"Sem defeito";"Perfeito estado";"Seca";"Perfeito estado";"";"Outras";"";"Dupla";"Faixa contínua";"";""
"8192";2021-10-01;"12:54:00";"COM VÍTIMA";"FINALIZADA";"SANTO AMARO";"AV GOVERNADOR AGAMENON MAGALHAES";"";"";"SEMÁFORO 465";"SANTO AMARO";"";"SUBURBIO";"COLISÃO FRONTAL";1;"1";"0";"0";"0";"0";"0";"0";"0";"1";"0";"Longo da via";"Bom";"Sem defeito";"Perfeito estado";"Seca";"Perfeito estado";"";"";"";"";"";"";""
"8193";2021-10-01;"15:50:00";"COM VÍTIMA";"FINALIZADA";"SANTO AMARO";"AV CRUZ CABUGA";"449";"RUA DOIS DE JULHO";"EM FRENTE AO ARMAZÉM CORAL";"SANTO AMARO";"";"SUBURBIO";"COLISÃO TRANSVERSAL";1;"1";"0";"0";"0";"0";"0";"0";"0";"1";"0";"Longo da via";"Bom";"Não existe";"Perfeito estado";"Seca";"Perfeito estado";"Outros";"Outras";"60 km/h";"Dupla";"Faixa seccionada";"";""
"8194";2021-10-01;"18:24:00";"COM VÍTIMA";"FINALIZADA";"BONGI";"AV ENGENHEIRO ABDIAS DE CARVALHO";"";"";"LADO OPOSTO AO POSTO BR";"BONGI";"";"SUBURBIO";"ENGAVETAMENTO";4;"0";"0";"0";"0";"0";"0";"0";"0";"2";"0";"Longo da via";"Bom";"Não existe";"Perfeito estado";"Seca";"Perfeito estado";"Não existe";"Não há placas";"60 km/h";"Única";"Faixa seccionada";"";""
"8195";2021-10-01;"19:51:00";"COM VÍTIMA";"FINALIZADA";"IBURA";"AV DOIS RIOS";"";"";"LADEIRA DA COHAB";"IBURA";"";"SUBURBIO";"COLISÃO TRASEIRA";0;"2";"0";"0";"0";"0";"0";"0";"0";"2";"0";"Longo da via";"Bom";"Não existe";"Não existente";"Seca";"Perfeito estado";"Não existe";"Não há placas";"";"Dupla";"Faixa contínua";"Canteiro central";""
"8196";2021-10-02;"00:25:00";"COM VÍTIMA";"FINALIZADA";"SÃO JOSÉ";"AV SUL";"617";"";"LADO OPOSTO NÚMERO";"SÃO JOSÉ";"";"SUBURBIO";"COLISÃO FRONTAL";0;"1";"0";"0";"0";"1";"0";"0";"0";"1";"0";"Longo da via";"Chuvoso";"Não existe";"Perfeito estado";"Molhada";"Perfeito estado";"Não existe";"Não há placas";"";"Dupla";"Faixa contínua";"";""
"8197";2021-10-02;"02:15:00";"SEM VÍTIMA";"FINALIZADA";"PINA";"AVENIDA CELSO FURTADO (VIA MANGUE)";"";"";"AO LADO DO ANTIGO AERO CLUBE";"PINA";"";"SUBURBIO";"CHOQUE";1;"0";"0";"0";"0";"0";"0";"0";"0";"0";"0";"Longo da via";"Chuvoso";"Não existe";"Perfeito estado";"Molhada";"Perfeito estado";"Outros";"Outras";"";"Dupla";"Faixa contínua";"";""
"8198";2021-10-02;"08:02:00";"SEM VÍTIMA";"FINALIZADA";"CORDEIRO";"AV CAXANGA";"1049";"";"EM FRENTE A SÓ AQUI TEM AUTO PEÇA";"CORDEIRO";"";"CIDADE";"COLISÃO TRASEIRA";2;"0";"0";"0";"0";"1";"0";"0";"0";"0";"0";"Longo da via";"Bom";"Não existe";"Perfeito estado";"Seca";"Perfeito estado";"Não existe";"R-6a";"";"Dupla";"Faixa seccionada";"Canteiro central";""
"8199";2021-10-02;"10:51:00";"COM VÍTIMA";"FINALIZADA";"LINHA DO TIRO";"RUA GUARAJA";"73";"RUA RIO CORRENTE";"EM FRENTE AO N° 73";"LINHA DO TIRO";"";"S";"COLISÃO FRONTAL";1;"1";"0";"0";"0";"0";"0";"0";"0";"1";"0";"Cruzamento";"Bom";"Não existe";"Perfeito estado";"Seca";"";"Faixa de pedestre";"Placas ""Pare""";"20 km/h";"Dupla";"Não existe";"";""