"";"data";"hora";"natureza_acidente";"situacao";"bairro";"endereco";"numero";"detalhe_endereco_acidente";"complemento";"bairro_cruzamento";"num_semaforo";"sentido_via";"tipo";"auto";"moto";"ciclom";"ciclista";"pedestre";"onibus";"caminhao";"viatura";"outros";"vitimas";"vitimasfatais";"acidente_verificado";"tempo_clima";"situacao_semaforo";"sinalizacao";"condicao_via";"conservacao_via";"ponto_controle";"situacao_placa";"velocidade_max_via";"mao_direcao";"divisao_via1";"divisao_via2";"divisao_via3"
"8258";2021-10-08;"13:42:00";"COM VÍTIMA";"FINALIZADA";"DOIS IRMÃOS";"RUA RIBEIRO PESSOA";"";"";"AO LADO DA UNIDADE HOSPITAL UPA CAXANGÁ";"DOIS IRMÃOS";"281";"CIDADE";"COLISÃO TRASEIRA";1;"1";"0";"0";"0";"0";"0";"0";"0";"1";"0";"Longo da via";"Bom";"Sem defeito";"Perfeito estado";"Seca";"Perfeito estado";"Agente";"Outras";"40 km/h";"Dupla";"Faixa contínua";"";""
"8259";2021-10-08;"17:23:00";"VÍTIMA FATAL";"FINALIZADA";"ARRUDA";"AV BEBERIBE";"690";"";"DISNOVE VEICULO";"ARRUDA";"";"SUBURBIO";"CHOQUE";0;"0";"0";"0";"0";"1";"0";"0";"0";"0";"1";"Longo da via";"Bom";"Não existe";"Perfeito estado";"Seca";"Perfeito estado";"Não existe";"Outras";"";"Dupla";"Não existe";"";""
"8260";2021-10-08;"17:47:00";"COM VÍTIMA";"FINALIZADA";"SANTO AMARO";"AV NORTE MIGUEL ARRAES DE ALENCAR";"876";"AV CRUZ CABUGA";"LADO OPOSTO AO CEMITÉRIO DOS INGLESES";"SANTO AMARO";"34";"CIDADE";"COLISÃO FRONTAL";1;"1";"0";"0";"0";"0";"0";"0";"0";"2";"0";"Cruzamento";"Bom";"Sem defeito";"Perfeito estado";"Seca";"Perfeito estado";"Faixa de pedestre";"Não há placas";"60 km/h";"Dupla";"Canteiro central";"";""
"8261";2021-10-08;"20:55:40";"COM VÍTIMA";"FINALIZADA";"AREIAS";"AV DR JOSE RUFINO";"809";"";"EM FRENTE A BRINK KIDS";"AREIAS";"";"CIDADE";"COLISÃO FRONTAL";1;"1";"0";"0";"0";"0";"0";"0";"0";"1";"0";"Longo da via";"Bom";"Não existe";"Não existente";"Seca";"Perfeito estado";"Não existe";"Não há placas";"";"Dupla";"Faixa contínua";"";""
"8262";2021-10-08;"23:13:40";"SEM VÍTIMA";"FINALIZADA";"BOA VIAGEM";"RUA ANTONIO FALCAO";"714";"";"AO BANCO SANTANDER";"BOA VIAGEM";"";"CIDADE";"COLISÃO TRASEIRA";1;"0";"0";"0";"0";"0";"1";"0";"0";"0";"0";"Longo da via";"Bom";"Sem defeito";"Perfeito estado";"Seca";"Perfeito estado";"Não existe";"Outras";"";"Única";"";"";""
"8263";2021-10-09;"01:20:00";"COM VÍTIMA";"FINALIZADA";"SANTO AMARO";"AV GOVERNADOR AGAMENON MAGALHAES";"";"RUA ODORICO MENDES";"";"SANTO AMARO";"49";"SUBURBIO";"COLISÃO COM CICLISTA";0;"0";"0";"1";"0";"0";"0";"0";"0";"1";"0";"Cruzamento";"Bom";"Sem defeito";"Perfeito estado";"Seca";"Perfeito estado";"Faixa de pedestre";"Outras";"60 km/h";"Dupla";"Faixa contínua";"Faixa seccionada";"Canteiro central"
"8264";2021-10-09;"04:18:00";"SEM VÍTIMA";"FINALIZADA";"BOA VIAGEM";"RUA ANTONIO FALCAO";"714";"";"PRÓXIMO AO BISTROL RECIFE HOTEL";"BOA VIAGEM";"";"";"CHOQUE";4;"0";"0";"0";"0";"0";"0";"0";"0";"0";"0";"Longo da via";"Bom";"Não existe";"Não existente";"Molhada";"Perfeito estado";"Não existe";"Não há placas";"";"Única";"Não existe";"";""
"8265";2021-10-09;"11:24:00";"SEM VÍTIMA";"FINALIZADA";"CASA AMARELA";"AV NORTE MIGUEL ARRAES DE ALENCAR";"5010";"";"EM FRENTE A MOTOPARTS";"CASA AMARELA";"79";"SUBURBIO";"CHOQUE";0;"0";"0";"0";"0";"0";"1";"0";"2";"0";"0";"Longo da via";"Bom";"Sem defeito";"Perfeito estado";"Seca";"Perfeito estado";"Faixa de pedestre";"Outras";"";"Dupla";"Canteiro central";"";""
"8266";2021-10-09;"15:29:00";"COM VÍTIMA";"FINALIZADA";"SAN MARTIN";"RUA APULCRO DE ASSUNCAO";"61";"RUA EDUARDO DE ANDRADE";"PROXIMO AO RESTAURANTE PASSIRA";"SAN MARTIN";"";"SUBURBIO";"COLISÃO TRANSVERSAL";1;"1";"0";"0";"0";"0";"0";"0";"0";"1";"0";"Longo da via";"Bom";"Não existe";"Não existente";"Seca";"Mal conservada";"Não existe";"Não há placas";"";"Dupla";"Não existe";"";""
"8267";2021-10-10;"14:47:00";"SEM VÍTIMA";"FINALIZADA";"IMBIRIBEIRA";"AV GENERAL MAC ARTHUR";"";"AV MARECHAL MASCARENHAS DE MORAES";"AO LADO DO POSTO IPIRANGA GÁS NATURAL";"IMBIRIBEIRA";"225";"SUBURBIO";"COLISÃO TRASEIRA";2;"0";"0";"0";"0";"0";"0";"0";"0";"0";"0";"Longo da via";"Bom";"Sem defeito";"Perfeito estado";"Seca";"Perfeito estado";"Faixa de retenção";"Não há placas";"40 km/h";"Única";"Não existe";"";""
"8268";2021-10-10;"15:11:00";"COM VÍTIMA";"FINALIZADA";"IPSEP";"RUA JEAN EMILE FAVRE";"1131";"RUA FRANCISCO BARRETO";"EM FRENTE A PÃO NORTE N° 1131";"IPSEP";"527";"CIDADE";"COLISÃO TRANSVERSAL";1;"1";"0";"0";"0";"0";"0";"0";"0";"1";"0";"Longo da via";"Bom";"Sem defeito";"Perfeito estado";"Seca";"Perfeito estado";"Faixa de pedestre";"Outras";"60 km/h";"Dupla";"Faixa contínua";"Faixa seccionada";""
"8269";2021-10-10;"22:43:40";"COM VÍTIMA";"FINALIZADA";"DOIS UNIDOS";"AV CHAGAS FERREIRA";"641";"RUA LEONCIO RODRIGUES";"AO LADO DO HOTEL SECULO XX";"DOIS UNIDOS";"";"SUBURBIO";"COLISÃO FRONTAL";0;"2";"0";"0";"0";"0";"0";"0";"0";"2";"0";"Longo da via";"Bom";"Não existe";"Incompleta";"Seca";"Perfeito estado";"Não existe";"Não há placas";"";"Dupla";"Não existe";"";""
"8270";2021-10-11;"01:42:00";"SEM VÍTIMA";"CANCELADA";"BOA VIAGEM";"AV CONSELHEIRO AGUIAR";"";"RUA PADRE BERNADINO PESSOA";"";"BOA VIAGEM";"";"";"COLISÃO FRONTAL";2;"0";"0";"0";"0";"0";"0";"0";"0";"0";"0";"";"";"";"";"";"";"";"";"";"";"";"";""
"8271";2021-10-11;"09:38:00";"COM VÍTIMA";"FINALIZADA";"BOA VISTA";"RUA GERVASIO PIRES";"265";"";"";"BOA VISTA";"";"SUBURBIO";"ATROPELAMENTO DE PESSOA";0;"1";"0";"0";"1";"0";"0";"0";"0";"1";"0";"Longo da via";"Bom";"";"Perfeito estado";"Seca";"Perfeito estado";"Não existe";"R-6a";"";"Única";"";"";""
"8272";2021-10-11;"09:41:00";"COM VÍTIMA";"FINALIZADA";"DERBY";"AV GOVERNADOR AGAMENON MAGALHAES";"";"RUA HENRIQUE DIAS";"SENTIDO BOA VIAGEM";"DERBY";"68";"CIDADE";"COLISÃO TRANSVERSAL";0;"2";"0";"0";"0";"0";"0";"0";"0";"2";"0";"Cruzamento";"Bom";"Sem defeito";"Perfeito estado";"Seca";"Perfeito estado";"Faixa de pedestre";"R-4a";"60 km/h";"Dupla";"Faixa contínua";"";""
"8273";2021-10-11;"09:52:00";"COM VÍTIMA";"FINALIZADA";"JORDÃO";"AV MARIA IRENE";"261";"";"MARTELINHO DE OURO AUTO CRUZ";"JORDÃO";"";"SUBURBIO";"COLISÃO FRONTAL";1;"1";"0";"0";"0";"0";"0";"0";"0";"1";"0";"Longo da via";"Bom";"Não existe";"Perfeito estado";"Seca";"Perfeito estado";"Não existe";"Não há placas";"";"Dupla";"Faixa contínua";"";""
"8274";2021-10-11;"12:05:00";"COM VÍTIMA";"FINALIZADA";"VÁRZEA";"RUA GENERAL POLIDORO";"851";"";"";"VÁRZEA";"";"SUBURBIO";"ATROPELAMENTO DE PESSOA";1;"0";"0";"0";"1";"0";"0";"0";"0";"1";"0";"Longo da via";"Bom";"Não existe";"Incompleta";"Seca";"Perfeito estado";"";"Outras";"30 km/h";"Dupla";"Não existe";"";""
"8275";2021-10-11;"14:39:00";"COM VÍTIMA";"FINALIZADA";"IMBIRIBEIRA";"AV PRESIDENTE DUTRA";"";"";"SOBRE O VIADUTO TANCREDO NEVES";"IMBIRIBEIRA";"";"CAXANGÁ";"COLISÃO COM CICLISTA";1;"0";"0";"1";"0";"0";"0";"0";"0";"1";"0";"Longo da via";"Bom";"Não existe";"Perfeito estado";"Seca";"Perfeito estado";"Não existe";"R-26";"";"Única";"Faixa contínua";"";""
"8276";2021-10-11;"15:04:00";"COM VÍTIMA";"FINALIZADA";"MADALENA";"AV JOSE GONCALVES DE MEDEIROS";"715";"";"AO LADO DA MCDONALDS";"MADALENA";"";"CIDADE";"COLISÃO TRANSVERSAL";1;"1";"0";"0";"0";"0";"0";"0";"0";"1";"0";"Longo da via";"Bom";"Não existe";"Perfeito estado";"Seca";"Perfeito estado";"Não existe";"Não há placas";"";"Dupla";"Faixa contínua";"";""
"8277";2021-10-11;"16:39:00";"COM VÍTIMA";"FINALIZADA";"ÁGUA FRIA";"AV BEBERIBE";"";"RUA DA REGENERACAO";"NO SEMFORO 187 VT  04 NO LOCAL";"ÁGUA FRIA";"187";"SUBURBIO";"ATROPELAMENTO DE PESSOA";1;"0";"0";"0";"1";"0";"0";"0";"0";"1";"0";"Cruzamento";"Bom";"Sem defeito";"Perfeito estado";"Seca";"Perfeito estado";"Faixa de pedestre";"R-6a";"";"Dupla";"Faixa contínua";"";""
"8278";2021-10-11;"20:29:00";"SEM VÍTIMA";"DUPLICIDADE";"CABANGA";"RUA CAPITAO TEMUDO";"";"";"AO LADO DA COMPESA";"CABANGA";"";"";"ATROPELAMENTO DE ANIMAL";1;"0";"0";"0";"0";"0";"0";"0";"0";"0";"0";"";"";"";"";"";"";"";"";"";"";"";"";""
"8279";2021-10-11;"20:31:00";"COM VÍTIMA";"FINALIZADA";"PINA";"RUA CAPITAO TEMUDO";"82";"";"PRÓX A LOMBADA ELETRONICA E E/F A  JBS";"PINA";"";"";"ATROPELAMENTO DE ANIMAL";1;"0";"0";"0";"0";"0";"0";"0";"0";"1";"0";"";"";"";"";"";"";"";"";"";"";"";"";""
"8280";2021-10-11;"21:38:40";"COM VÍTIMA";"FINALIZADA";"BOA VISTA";"AV MANOEL BORBA";"454";"";"EM FRENTE AO HAPVIDA VASCO LUCENA";"BOA VISTA";"";"SUBURBIO";"COLISÃO TRASEIRA";1;"1";"0";"0";"0";"0";"0";"0";"0";"1";"0";"Longo da via";"Bom";"Não existe";"Perfeito estado";"Seca";"Perfeito estado";"Não existe";"R-6a";"";"Única";"Faixa seccionada";"";""
"8281";2021-10-12;"09:32:00";"COM VÍTIMA";"FINALIZADA";"TAMARINEIRA";"AV PROFESSOR JOSE DOS ANJOS";"";"RUA MARIO BHERING";"PROX DENOX";"TAMARINEIRA";"";"SUBURBIO";"COLISÃO TRANSVERSAL";1;"1";"0";"0";"0";"0";"0";"0";"0";"1";"0";"Esquina";"Bom";"Não existe";"Perfeito estado";"Seca";"Perfeito estado";"Faixa de pedestre";"R-6a";"60 km/h";"Única";"Faixa contínua";"Faixa seccionada";"Canal"
"8282";2021-10-12;"10:44:00";"COM VÍTIMA";"FINALIZADA";"ENCRUZILHADA";"AV NORTE MIGUEL ARRAES DE ALENCAR";"2981";"";"EM FRENTE A ACADEMIA MATCH, SENT. CIDADE";"ENCRUZILHADA";"";"CIDADE";"ATROPELAMENTO DE PESSOA";0;"1";"0";"0";"1";"0";"0";"0";"0";"1";"0";"Longo da via";"Bom";"Não existe";"";"Seca";"Mal conservada";"Faixa de pedestre";"Outras";"";"Dupla";"Faixa seccionada";"";""
"8283";2021-10-12;"15:29:00";"COM VÍTIMA";"CANCELADA";"LINHA DO TIRO";"RUA ALTO FORMOSO";"26A";"";"NA SUBIDA DO ALTO DO UNIAO";"LINHA DO TIRO";"";"";"COLISÃO FRONTAL";1;"1";"0";"0";"0";"0";"0";"0";"0";"2";"0";"";"";"";"";"";"";"";"";"";"";"";"";""
"8284";2021-10-12;"18:56:00";"COM VÍTIMA";"FINALIZADA";"CASA AMARELA";"EST DO ARRAIAL";"3310";"RUA BELA VISTA";"E/F A PIZZARIA CANDELABRO";"CASA AMARELA";"";"SUBURBIO";"COLISÃO FRONTAL";1;"1";"0";"0";"0";"0";"0";"0";"0";"1";"0";"Cruzamento";"Bom";"Não existe";"Perfeito estado";"Seca";"Perfeito estado";"";"Não há placas";"40 km/h";"Única";"Faixa seccionada";"";""
"8285";2021-10-13;"07:43:00";"COM VÍTIMA";"FINALIZADA";"CASA FORTE";"PRC DE CASA FORTE";"482";"";"FRENTE A PRAÇÃ DE CASA FORTE";"CASA FORTE";"";"CIDADE";"COLISÃO COM CICLISTA";1;"0";"0";"1";"0";"0";"0";"0";"0";"1";"0";"Longo da via";"Bom";"Não existe";"Perfeito estado";"Seca";"Perfeito estado";"Faixa de pedestre";"Outras";"";"Única";"";"";""
"8286";2021-10-13;"09:58:00";"COM VÍTIMA";"CANCELADA";"BOA VIAGEM";"RUA BARAO DE AGUA BRANCA";"";"";"EM FRENTE AO COLEGIO COGNITIVO";"BOA VIAGEM";"";"";"COLISÃO LATERAL";1;"1";"0";"0";"0";"0";"0";"0";"0";"1";"0";"";"";"";"";"";"";"";"";"";"";"";"";""
"8287";2021-10-13;"13:26:00";"COM VÍTIMA";"FINALIZADA";"IMBIRIBEIRA";"AV MARECHAL MASCARENHAS DE MORAES";"";"";"LADO OPOSTO AO POSTE BO50133";"IMBIRIBEIRA";"";"SUBURBIO";"ATROPELAMENTO DE PESSOA";1;"0";"0";"0";"1";"0";"0";"0";"0";"1";"0";"Longo da via";"Bom";"Não existe";"Perfeito estado";"Seca";"Perfeito estado";"Não existe";"Não há placas";"60 km/h";"Dupla";"Canteiro central";"";""
"8288";2021-10-13;"14:24:00";"COM VÍTIMA";"FINALIZADA";"BOA VIAGEM";"RUA BARAO DE SOUZA LEAO";"";"AV DES JOSE NEVES";"PROX AO SUPERMERCADO TREVO  NO SEMAFORO  476";"BOA VIAGEM";"476";"CIDADE";"COLISÃO TRANSVERSAL";1;"1";"0";"0";"0";"0";"0";"0";"0";"1";"0";"Cruzamento";"Bom";"Sem defeito";"Perfeito estado";"Seca";"Perfeito estado";"Faixa de pedestre";"Outras";"";"Única";"Canal";"";""
"8289";2021-10-13;"19:17:00";"COM VÍTIMA";"FINALIZADA";"IBURA";"AV DOIS RIOS";"423";"";"SEMÁFORO 594 / E/F A UPINHA";"IBURA";"594";"SUBURBIO";"COLISÃO FRONTAL";1;"1";"0";"0";"0";"0";"0";"0";"0";"2";"0";"Longo da via";"Bom";"Sem defeito";"Perfeito estado";"Seca";"Perfeito estado";"Faixa de pedestre";"R-6a";"";"Dupla";"Faixa contínua";"";""
"8290";2021-10-13;"20:38:00";"COM VÍTIMA";"FINALIZADA";"AREIAS";"RUA AURORA CACOTE";"143";"";"PROX AO BOI QUENTE";"AREIAS";"";"";"COLISÃO FRONTAL";0;"2";"0";"0";"0";"0";"0";"0";"0";"1";"0";"";"";"";"";"";"";"";"";"";"";"";"";""
"8291";2021-10-13;"20:40:40";"COM VÍTIMA";"FINALIZADA";"AREIAS";"AV RECIFE";"";"";"VIADUTO DA AV RECIFE/ ARMAZEM CORAL";"AREIAS";"";"SUBURBIO";"COLISÃO FRONTAL";0;"2";"0";"0";"0";"0";"0";"0";"0";"1";"0";"Longo da via";"Bom";"Não existe";"Perfeito estado";"Seca";"Perfeito estado";"Não existe";"Não há placas";"";"Única";"Faixa seccionada";"";""
"8292";2021-10-13;"20:45:40";"VÍTIMA FATAL";"FINALIZADA";"SÃO JOSÉ";"PTE JOSE DE BARROS LIMA";"";"";"APÓS A PASSARELA EM FRENTE A PRAÇA DA JOANA BEZERRA";"SÃO JOSÉ";"";"BOA VIAGEM";"ATROPELAMENTO DE PESSOA";1;"0";"0";"0";"1";"0";"0";"0";"0";"0";"1";"Longo da via";"Bom";"Não existe";"Perfeito estado";"Seca";"Perfeito estado";"Não existe";"Não há placas";"";"Dupla";"Canteiro central";"";""
"8293";2021-10-14;"02:21:00";"COM VÍTIMA";"FINALIZADA";"BONGI";"AV ENGENHEIRO ABDIAS DE CARVALHO";"";"";"PROXIMO AO ATACAREJO";"BONGI";"687";"SUBURBIO";"CHOQUE";1;"0";"0";"0";"0";"0";"0";"0";"0";"1";"0";"Longo da via";"Bom";"Sem defeito";"Perfeito estado";"Seca";"Perfeito estado";"Faixa de pedestre";"R-6a";"60 km/h";"Dupla";"Canteiro central";"";""
"8294";2021-10-14;"10:28:00";"COM VÍTIMA";"FINALIZADA";"SANTO AMARO";"AV NORTE MIGUEL ARRAES DE ALENCAR";"";"RUA DA AURORA";"AO LADO DO HOSPITAL DE CAMPANHA COVID";"SANTO AMARO";"243";"CIDADE";"COLISÃO TRASEIRA";1;"0";"0";"0";"0";"0";"1";"0";"0";"1";"0";"Longo da via";"Bom";"Sem defeito";"Perfeito estado";"Seca";"Perfeito estado";"Faixa de pedestre";"Não há placas";"";"Única";"Canteiro central";"";""
"8295";2021-10-14;"12:22:00";"COM VÍTIMA";"FINALIZADA";"IBURA";"AV DOIS RIOS";"";"";"HOTEL MALICE";"IBURA";"";"CIDADE";"COLISÃO FRONTAL";1;"1";"0";"0";"0";"0";"0";"0";"0";"1";"0";"Longo da via";"Bom";"Não existe";"Não existente";"Seca";"Perfeito estado";"Não existe";"Não há placas";"";"Dupla";"Não existe";"";""
"8296";2021-10-08;"07:50:00";"COM VÍTIMA";"FINALIZADA";"IBURA";"RUA RIO TAPADO";"71";"AV DOIS RIOS";"";"IBURA";"";"SUBURBIO";"COLISÃO LATERAL";0;"1";"0";"0";"0";"0";"1";"0";"0";"2";"0";"Longo da via";"Bom";"Sem defeito";"Não existente";"Seca";"Perfeito estado";"Outros";"Não há placas";"";"Dupla";"Não existe";"";""
"8297";2021-10-14;"12:00:00";"COM VÍTIMA";"DUPLICIDADE";"IBURA";"AV DOIS RIOS";"";"";"EM FRENTE AO HOTEL MALICE";"IBURA";"";"";"COLISÃO TRASEIRA";0;"1";"0";"0";"0";"1";"0";"0";"0";"1";"0";"";"";"";"";"";"";"";"";"";"";"";"";""
"8298";2021-10-14;"17:27:00";"COM VÍTIMA";"FINALIZADA";"BAIRRO DO RECIFE";"CAIS DO APOLO";"";"PTE CONDE MAURICIO DE NASSAU";"EM FRENTE AO BANCO SANTANDER";"BAIRRO DO RECIFE";"";"SUBURBIO";"ATROPELAMENTO DE PESSOA";0;"0";"0";"0";"1";"1";"0";"0";"0";"1";"0";"Longo da via";"Bom";"Não existe";"Perfeito estado";"Seca";"Perfeito estado";"Não existe";"Não há placas";"";"Única";"Faixa seccionada";"";""
"8299";2021-10-14;"20:56:00";"COM VÍTIMA";"CANCELADA";"MADALENA";"RUA BENFICA";"";"";"E/F A GPCA";"MADALENA";"";"";"COLISÃO LATERAL";1;"1";"0";"0";"0";"0";"0";"0";"0";"1";"0";"";"";"";"";"";"";"";"";"";"";"";"";""
"8300";2021-10-15;"10:24:00";"COM VÍTIMA";"FINALIZADA";"VÁRZEA";"RUA GENERAL POLIDORO";"";"RUA ABATIA";"NO SEMAFORO 577";"VÁRZEA";"577";"SUBURBIO";"COLISÃO FRONTAL";0;"1";"0";"0";"0";"0";"1";"0";"0";"2";"0";"Cruzamento";"Bom";"Sem defeito";"Perfeito estado";"Seca";"Perfeito estado";"Faixa de pedestre";"Não há placas";"40 km/h";"";"Faixa contínua";"";""
"8301";2021-10-15;"10:59:00";"COM VÍTIMA";"FINALIZADA";"BOA VISTA";"AV GOVERNADOR AGAMENON MAGALHAES";"";"RUA JOAQUIM NABUCO";"";"BOA VISTA";"174";"SUBURBIO";"COLISÃO TRANSVERSAL";1;"1";"0";"0";"0";"0";"0";"0";"0";"2";"0";"Cruzamento";"Bom";"Sem defeito";"Perfeito estado";"Seca";"Perfeito estado";"Faixa de pedestre";"Outras";"60 km/h";"Dupla";"Canteiro central";"";""
"8302";2021-10-15;"11:28:00";"COM VÍTIMA";"CANCELADA";"ESPINHEIRO";"AV GOVERNADOR AGAMENON MAGALHAES";"";"";"EM FRENTE O MINISTÉRIO DO TRABALHO";"ESPINHEIRO";"";"";"COLISÃO LATERAL";1;"1";"0";"0";"0";"0";"0";"0";"0";"1";"0";"";"";"";"";"";"";"";"";"";"";"";"";""
"8303";2021-10-15;"14:18:00";"COM VÍTIMA";"FINALIZADA";"ALTO SANTA TERESINHA";"AV ANIBAL BENEVOLO";"274";"";"EM FRENTE AO ESTACIONAMENTO DO CLUBE BELA VISTA";"ALTO SANTA TERESINHA";"";"URIEL DE HOLANDA";"COLISÃO FRONTAL";1;"1";"0";"0";"0";"0";"0";"0";"0";"1";"0";"Longo da via";"Bom";"Não existe";"Incompleta";"Seca";"Perfeito estado";"Não existe";"R-6a";"";"Dupla";"Não existe";"";""
"8304";2021-10-15;"14:49:00";"COM VÍTIMA";"FINALIZADA";"BOA VIAGEM";"RUA PADRE BERNADINO PESSOA";"690";"RUA MINISTRO NELSON HUNGRIA";"COLÉGIO SANTA MARIA";"BOA VIAGEM";"";"SUBURBIO";"COLISÃO TRANSVERSAL";1;"1";"0";"0";"0";"0";"0";"0";"0";"1";"0";"Cruzamento";"Bom";"Não existe";"Incompleta";"Seca";"Perfeito estado";"Faixa de pedestre";"Não há placas";"";"Única";"Não existe";"";""
"8305";2021-10-15;"17:03:00";"SEM VÍTIMA";"FINALIZADA";"TORRE";"RUA MARCOS ANDRE";"200";"";"PROXIMO AO PRIVE BOSQUE DA TORRE";"TORRE";"";"SUBURBIO";"";1;"0";"0";"0";"0";"0";"0";"1";"0";"0";"0";"Longo da via";"Bom";"Sem defeito";"Perfeito estado";"Seca";"Perfeito estado";"Não existe";"Não há placas";"";"";"Faixa contínua";"";""
"8306";2021-10-15;"20:46:40";"COM VÍTIMA";"FINALIZADA";"CASA FORTE";"RUA MARECHAL RONDON";"1284";"RUA MARECHAL RONDON";"PROX A CASA DE FESTA ESTRIPULIA";"CASA FORTE";"";"CIDADE";"COLISÃO FRONTAL";1;"1";"0";"0";"0";"0";"0";"0";"0";"1";"0";"Cruzamento";"Bom";"Não existe";"Perfeito estado";"Seca";"Perfeito estado";"Outros";"Placas ""Pare""";"";"Única";"Faixa contínua";"";""
"8307";2021-10-15;"21:00:40";"COM VÍTIMA";"FINALIZADA";"IMBIRIBEIRA";"RUA ARQUITETO LUIZ NUNES";"1815";"";"PROX AO SUPERMECADO AÇAI";"IMBIRIBEIRA";"635";"CIDADE";"COLISÃO COM CICLISTA";1;"0";"0";"2";"0";"0";"0";"0";"0";"2";"0";"Longo da via";"Bom";"Sem defeito";"Perfeito estado";"Seca";"";"Não existe";"R-6a";"40 km/h";"Dupla";"Não existe";"";""
"8308";2021-10-16;"06:06:00";"COM VÍTIMA";"FINALIZADA";"VÁRZEA";"RUA ACADEMICO HELIO RAMOS";"240";"AV PROFESSOR LUIZ FREIRE";"AO LADO DA ESCOLA MUNICIPAL PROFESSOR PAULO ROSAS";"VÁRZEA";"";"VARZEA";"COLISÃO FRONTAL";0;"1";"0";"0";"0";"1";"0";"0";"0";"1";"0";"Esquina";"Bom";"Não existe";"Incompleta";"Seca";"Perfeito estado";"Não existe";"Outras";"30 km/h";"Dupla";"Não existe";"";""
"8309";2021-10-16;"06:59:00";"COM VÍTIMA";"FINALIZADA";"TEJIPIÓ";"RUA FALCAO DE LACERDA";"210";"";"OPOSTO A IGREJA ASSEMBLEIA DE DEUS";"TEJIPIÓ";"";"SUBURBIO";"CHOQUE";1;"1";"0";"0";"0";"0";"0";"0";"0";"1";"0";"Longo da via";"Bom";"Não existe";"Não existente";"Seca";"Perfeito estado";"Não existe";"Não há placas";"";"Dupla";"Não existe";"";""
"8310";2021-10-16;"11:20:00";"COM VÍTIMA";"CANCELADA";"CAMPO GRANDE";"RUA PRUDENTE DE MORAES";"398";"";"PROX. AO ANTIGO CALDINHO DA ZEZE";"CAMPO GRANDE";"";"";"COLISÃO FRONTAL";1;"1";"0";"0";"0";"0";"0";"0";"0";"1";"0";"";"";"";"";"";"";"";"";"";"";"";"";""
"8311";2021-10-16;"12:26:00";"COM VÍTIMA";"FINALIZADA";"ILHA DO RETIRO";"RUA JOAO IVO DA SILVA";"120";"RUA PADRE TEOFILO TWORZ";"SOB O SEMÁFORO";"ILHA DO RETIRO";"503";"SUBURBIO";"COLISÃO FRONTAL";1;"1";"0";"0";"0";"0";"0";"0";"0";"1";"0";"Cruzamento";"Bom";"Sem defeito";"Incompleta";"Seca";"Perfeito estado";"Outros";"Não há placas";"50 km/h";"Única";"Não existe";"";""
"8312";2021-10-16;"12:47:00";"COM VÍTIMA";"FINALIZADA";"ILHA DO RETIRO";"EST DOS REMEDIOS";"";"TRV PADRE TEOFILO TWORZ";"AO LADO DA HYUNDAI";"ILHA DO RETIRO";"";"AFOGADOS";"COLISÃO FRONTAL";1;"1";"0";"0";"0";"0";"0";"0";"0";"1";"0";"Cruzamento";"Bom";"Sem defeito";"Incompleta";"Seca";"Perfeito estado";"Não existe";"Outras";"";"Única";"Não existe";"";""
"8313";2021-10-16;"19:47:00";"SEM VÍTIMA";"CANCELADA";"CAMPO GRANDE";"RUA ODORICO MENDES";"";"";"E/F A DROGASIL";"CAMPO GRANDE";"";"";"COLISÃO LATERAL";2;"0";"0";"0";"0";"0";"0";"0";"0";"0";"0";"";"";"";"";"";"";"";"";"";"";"";"";""
"8314";2021-10-16;"21:02:40";"SEM VÍTIMA";"FINALIZADA";"IMBIRIBEIRA";"PTE GILBERTO FREYRE";"";"";"SOBRE A PONTE";"IMBIRIBEIRA";"";"SUBURBIO";"";0;"1";"0";"0";"0";"0";"0";"1";"0";"0";"0";"Ponte";"Bom";"Não existe";"Perfeito estado";"Seca";"Perfeito estado";"";"";"";"Única";"Faixa seccionada";"";""
"8315";2021-10-16;"21:57:40";"COM VÍTIMA";"FINALIZADA";"TOTÓ";"AV LIBERDADE";"1427";"";"EM FRENTE AO PRESIDIO ANIBAL BRUNO";"TOTÓ";"";"CIDADE";"COLISÃO COM CICLISTA";0;"0";"0";"1";"0";"1";"0";"0";"0";"1";"0";"Longo da via";"Chuvoso";"Não existe";"Ilegível";"Seca";"Perfeito estado";"Não existe";"Outras";"";"Dupla";"Faixa contínua";"";""
"8316";2021-10-16;"22:43:40";"SEM VÍTIMA";"FINALIZADA";"BOA VIAGEM";"RUA ANTONIO FALCAO";"";"";"SOB O VIADUTO DA VIA MANGUE, POSTE BO 04803";"BOA VIAGEM";"48";"SUBURBIO";"COLISÃO TRASEIRA";2;"0";"0";"0";"0";"0";"0";"0";"0";"0";"0";"Longo da via";"Bom";"Sem defeito";"Perfeito estado";"Seca";"Perfeito estado";"Faixa de pedestre";"Outras";"";"Única";"Faixa seccionada";"";""