"";"data";"hora";"natureza_acidente";"situacao";"bairro";"endereco";"numero";"detalhe_endereco_acidente";"complemento";"bairro_cruzamento";"num_semaforo";"sentido_via";"tipo";"auto";"moto";"ciclom";"ciclista";"pedestre";"onibus";"caminhao";"viatura";"outros";"vitimas";"vitimasfatais";"acidente_verificado";"tempo_clima";"situacao_semaforo";"sinalizacao";"condicao_via";"conservacao_via";"ponto_controle";"situacao_placa";"velocidade_max_via";"mao_direcao";"divisao_via1";"divisao_via2";"divisao_via3"
"8317";2021-10-17;"07:12:00";"COM VÍTIMA";"FINALIZADA";"CAMPO GRANDE";"EST DE BELEM";"";"RUA JERONIMO VILELA";"EM FRENTE A ESCOLA JESUS CRUCIFICADO";"CAMPO GRANDE";"26";"CIDADE";"COLISÃO TRANSVERSAL";1;"1";"0";"0";"0";"0";"0";"0";"0";"2";"0";"Cruzamento";"Bom";"Sem defeito";"Perfeito estado";"Seca";"Perfeito estado";"Faixa de pedestre";"R-4a";"";"Dupla";"Não existe";"";""
"8318";2021-10-17;"08:42:00";"COM VÍTIMA";"FINALIZADA";"BOA VIAGEM";"RUA DES JOAO PAES";"1000";"RUA CORONEL ANIZIO RODRIGUES COELHO";"AO LADO DO N° 618";"BOA VIAGEM";"";"ÚNICO";"COLISÃO FRONTAL";1;"1";"0";"0";"0";"0";"0";"0";"0";"1";"0";"Longo da via";"Bom";"Não existe";"Perfeito estado";"Seca";"Perfeito estado";"Faixa de pedestre";"Placas ""Pare""";"";"Única";"Não existe";"";""
"8319";2021-10-17;"13:21:00";"COM VÍTIMA";"FINALIZADA";"HIPÓDROMO";"RUA FONSECA OLIVEIRA";"398";"";"PROX A PRAÇA DO HIPODROMO E/F AO EDF RIO JURUÁ";"HIPÓDROMO";"";"SUBURBIO";"COLISÃO TRANSVERSAL";1;"1";"0";"0";"0";"0";"0";"0";"0";"1";"0";"Longo da via";"Bom";"Não existe";"Perfeito estado";"Seca";"Mal conservada";"Não existe";"Outras";"";"Dupla";"Faixa seccionada";"";""
"8320";2021-10-17;"14:29:00";"COM VÍTIMA";"FINALIZADA";"SANTO ANTÔNIO";"RUA DA AURORA";"";"RUA PRINCESA IZABEL";"EM FRENTE A POLICIA CIVIL";"SANTO ANTÔNIO";"22";"SUBURBIO";"COLISÃO TRANSVERSAL";1;"1";"0";"0";"0";"0";"0";"0";"0";"1";"0";"Cruzamento";"Bom";"Sem defeito";"Perfeito estado";"Seca";"Perfeito estado";"Faixa de pedestre";"Outras";"";"Única";"Faixa contínua";"";""
"8321";2021-10-17;"15:24:00";"COM VÍTIMA";"FINALIZADA";"BOA VIAGEM";"AV ENGENHEIRO DOMINGOS FERREIRA";"300";"RUA BRUNO VELOSO";"ESCOLA MUNICIPAL DO LEÃO";"BOA VIAGEM";"338";"SUBURBIO";"COLISÃO FRONTAL";1;"1";"0";"0";"0";"0";"0";"0";"0";"1";"0";"Cruzamento";"Bom";"Sem defeito";"Perfeito estado";"Seca";"Perfeito estado";"Faixa de pedestre";"Não há placas";"";"";"";"";""
"8322";2021-10-17;"16:32:00";"SEM VÍTIMA";"FINALIZADA";"VÁRZEA";"RUA MINISTRO MARIO ANDREAZZA";"";"";"AO LADO DO INSTITUTO DE INOVAÇÃO TECNOLÓGICA";"VÁRZEA";"";"SUBURBIO";"COLISÃO FRONTAL";0;"1";"0";"0";"0";"0";"0";"1";"0";"0";"0";"Longo da via";"Bom";"Não existe";"Não existente";"Seca";"Mal conservada";"Não existe";"Não há placas";"";"Dupla";"Não existe";"";""
"8323";2021-10-17;"18:37:00";"COM VÍTIMA";"FINALIZADA";"IMBIRIBEIRA";"AV GENERAL MAC ARTHUR";"426";"RUA MONSENHOR TABOSA";"ZUMA AUTO";"IMBIRIBEIRA";"";"CIDADE";"COLISÃO COM CICLISTA";1;"0";"0";"1";"0";"0";"0";"0";"0";"2";"0";"Longo da via";"Bom";"Não existe";"Perfeito estado";"Seca";"Perfeito estado";"";"Placas ""Pare""";"40 km/h";"Única";"";"";""
"8324";2021-10-17;"19:59:00";"COM VÍTIMA";"FINALIZADA";"ARRUDA";"RUA COUTO MAGALHAES";"41";"AV BEBERIBE";"APÓS O SEMÁFORO N° 63";"ARRUDA";"63";"SUBURBIO";"COLISÃO FRONTAL";1;"1";"0";"0";"0";"0";"0";"0";"0";"1";"0";"Longo da via";"Bom";"Sem defeito";"Perfeito estado";"Seca";"Perfeito estado";"Não existe";"Não há placas";"40 km/h";"Dupla";"Faixa contínua";"Faixa seccionada";""
"8325";2021-10-17;"23:03:40";"SEM VÍTIMA";"FINALIZADA";"BOA VISTA";"AV CONDE DA BOA VISTA";"1450";"";"ESCOLA DA BÍBLIA";"BOA VISTA";"682";"SUBURBIO";"COLISÃO TRASEIRA";2;"0";"0";"0";"0";"0";"0";"0";"0";"0";"0";"Longo da via";"Bom";"Sem defeito";"Perfeito estado";"Seca";"Perfeito estado";"Não existe";"Não há placas";"";"Dupla";"Canteiro central";"";""
"8326";2021-10-18;"06:58:00";"COM VÍTIMA";"CANCELADA";"TORRE";"RUA JOSE BONIFACIO";"";"";"E/F AO CARREFOUR DA TORRE (SOBRE A PONTE/  SENTIDO AFOGADOS)";"TORRE";"";"";"COLISÃO LATERAL";0;"1";"0";"0";"0";"1";"0";"0";"0";"1";"0";"";"";"";"";"";"";"";"";"";"";"";"";""
"8327";2021-10-18;"09:26:00";"COM VÍTIMA";"FINALIZADA";"ILHA DO RETIRO";"TUNEL CHICO SCIENCE";"";"";"TÚNEL CHICO SCIENCE";"ILHA DO RETIRO";"";"CIDADE";"COLISÃO FRONTAL";1;"1";"0";"0";"0";"0";"0";"0";"0";"1";"0";"Outros";"Bom";"Não existe";"Perfeito estado";"Seca";"Perfeito estado";"Não existe";"Não há placas";"";"Única";"Faixa contínua";"";""
"8328";2021-10-18;"09:32:00";"COM VÍTIMA";"FINALIZADA";"TORRÕES";"AV ENGENHEIRO ABDIAS DE CARVALHO";"1300";"";"LADO OPOSTO AO N° 3068";"TORRÕES";"272";"CIDADE";"COLISÃO FRONTAL";1;"1";"0";"0";"0";"0";"0";"0";"0";"1";"0";"Longo da via";"Bom";"Sem defeito";"Perfeito estado";"Seca";"Perfeito estado";"Não existe";"R-19";"60 km/h";"Dupla";"Canteiro central";"";""
"8329";2021-10-18;"13:01:00";"COM VÍTIMA";"FINALIZADA";"SANTO AMARO";"AV VISCONDE DE SUASSUNA";"639";"";"EM FRENTE A URBANO VITALINO ADVOGADOS";"SANTO AMARO";"";"SUBURBIO";"COLISÃO TRASEIRA";1;"1";"0";"0";"0";"0";"0";"0";"0";"2";"0";"Longo da via";"Bom";"Não existe";"Perfeito estado";"Seca";"Perfeito estado";"Não existe";"R-6a";"";"Única";"Faixa seccionada";"";""
"8330";2021-10-18;"17:31:00";"COM VÍTIMA";"FINALIZADA";"CORDEIRO";"RUA QUATA";"79";"";"EM FRENTE AO N° 79";"CORDEIRO";"";"SUBURBIO";"CHOQUE";2;"0";"0";"0";"0";"0";"0";"0";"0";"1";"0";"Longo da via";"Bom";"Não existe";"Perfeito estado";"Seca";"Perfeito estado";"Não existe";"Não há placas";"";"Dupla";"Não existe";"";""
"8331";2021-10-18;"19:44:00";"COM VÍTIMA";"FINALIZADA";"COQUEIRAL";"AV DR JOSE RUFINO";"429";"RUA PAPA JOAO VINTE E TRES";"PADARIA FÁBRICA";"COQUEIRAL";"285";"";"COLISÃO FRONTAL";0;"0";"0";"0";"0";"0";"0";"0";"0";"1";"0";"Outros";"Bom";"Sem defeito";"Ilegível";"Seca";"Mal iluminada";"Outros";"Outras";"60 km/h";"Dupla";"Não existe";"";""
"8332";2021-10-19;"00:53:00";"COM VÍTIMA";"FINALIZADA";"IPUTINGA";"AV CAXANGA";"";"EST DO BARBALHO";"EM FRENTE AO BIG BOM PREÇO";"IPUTINGA";"";"SUBURBIO";"COLISÃO TRASEIRA";0;"1";"0";"0";"0";"0";"0";"0";"0";"2";"0";"Longo da via";"Bom";"Não existe";"Perfeito estado";"Seca";"Perfeito estado";"Não existe";"Outras";"";"Dupla";"Canteiro central";"";""
"8333";2021-10-19;"12:07:00";"SEM VÍTIMA";"FINALIZADA";"SANTO AMARO";"AV CRUZ CABUGA";"304";"";"EM FRENTE À CTTU";"SANTO AMARO";"";"SUBURBIO";"COLISÃO TRANSVERSAL";0;"2";"0";"0";"0";"0";"0";"0";"0";"0";"0";"Longo da via";"Bom";"Não existe";"Perfeito estado";"Seca";"Perfeito estado";"Não existe";"R-6a";"";"Dupla";"Faixa contínua";"";""
"8334";2021-10-19;"14:24:00";"COM VÍTIMA";"FINALIZADA";"SANTO AMARO";"AV CRUZ CABUGA";"";"RUA FREI CASSIMIRO";"SENAI";"SANTO AMARO";"";"";"COLISÃO TRANSVERSAL";1;"1";"0";"0";"0";"0";"0";"0";"0";"1";"0";"Cruzamento";"Bom";"Não existe";"Perfeito estado";"Seca";"Perfeito estado";"Faixa de pedestre";"R-6a";"";"Dupla";"Faixa contínua";"";""
"8335";2021-10-19;"14:32:00";"COM VÍTIMA";"FINALIZADA";"IPSEP";"AV RECIFE";"1407";"";"EM FRENTE A CARLOS FILMS EQUIPADORA";"IPSEP";"319";"SUBURBIO";"COLISÃO TRASEIRA";1;"1";"0";"0";"0";"0";"0";"0";"0";"2";"0";"Longo da via";"Bom";"Sem defeito";"Perfeito estado";"Seca";"Perfeito estado";"Faixa de pedestre";"";"";"Dupla";"Faixa contínua";"Canteiro central";""
"8336";2021-10-19;"15:34:00";"COM VÍTIMA";"FINALIZADA";"CORDEIRO";"AV GENERAL SAN MARTIN";"";"RUA GOMES TABORDA";"AV GENERAL SAN MARTIN";"CORDEIRO";"67";"SUBURBIO";"ATROPELAMENTO DE PESSOA";1;"0";"0";"0";"1";"0";"0";"0";"0";"1";"0";"Cruzamento";"Bom";"Sem defeito";"Perfeito estado";"Seca";"Perfeito estado";"Faixa de pedestre";"Não há placas";"40 km/h";"Dupla";"Faixa contínua";"";""
"8337";2021-10-19;"20:17:00";"SEM VÍTIMA";"FINALIZADA";"BOA VIAGEM";"AV DES JOSE NEVES";"";"";"SEMÁFORO 639 / PRÓX AO SHOPPING RECIFE";"BOA VIAGEM";"";"";"CHOQUE";0;"0";"0";"0";"0";"0";"0";"0";"0";"0";"0";"";"";"";"";"";"";"";"";"";"";"";"";""
"8338";2021-10-20;"05:52:00";"SEM VÍTIMA";"FINALIZADA";"ILHA JOANA BEZERRA";"VIADUTO CAPITAO TEMUDO";"";"";"APÓS A PASSARELA - SUBIDA DO VIADUTO";"ILHA JOANA BEZERRA";"";"SUBURBIO";"ATROPELAMENTO DE ANIMAL";2;"0";"0";"0";"0";"0";"0";"0";"0";"0";"0";"";"";"";"";"";"";"";"";"";"";"";"";""
"8339";2021-10-20;"07:43:00";"COM VÍTIMA";"FINALIZADA";"PINA";"AV BOA VIAGEM";"420";"";"EM FRENTE AO TRANSAMERICA PRESTIGE BEACH CLASS";"PINA";"";"CIDADE";"COLISÃO FRONTAL";1;"1";"0";"0";"0";"0";"0";"0";"0";"2";"0";"Longo da via";"Bom";"Sem defeito";"Perfeito estado";"Seca";"Perfeito estado";"Faixa de retenção";"Não há placas";"60 km/h";"Única";"Faixa seccionada";"";""
"8340";2021-10-20;"08:17:00";"COM VÍTIMA";"FINALIZADA";"BOA VIAGEM";"AV ENGENHEIRO DOMINGOS FERREIRA";"";"RUA PROFESSOR JOSE BRANDAO";"E/F A FARMACIA INDEPENDENTE";"BOA VIAGEM";"550";"";"COLISÃO TRASEIRA";1;"1";"0";"0";"0";"0";"0";"0";"0";"1";"0";"Cruzamento";"Bom";"Sem defeito";"Perfeito estado";"Seca";"Perfeito estado";"Faixa de pedestre";"Não há placas";"";"Única";"Faixa contínua";"";""
"8341";2021-10-20;"12:50:00";"COM VÍTIMA";"FINALIZADA";"BOA VISTA";"RUA GERVASIO PIRES";"418";"";"AO LADO DO POSTE BO26003";"BOA VISTA";"";"SUBURBIO";"COLISÃO FRONTAL";1;"1";"0";"0";"0";"0";"0";"0";"0";"2";"0";"Longo da via";"Bom";"Não existe";"Perfeito estado";"Seca";"Perfeito estado";"Não existe";"R-6a";"";"Única";"Não existe";"";""
"8342";2021-10-20;"14:29:00";"COM VÍTIMA";"FINALIZADA";"BOA VIAGEM";"AV ENGENHEIRO DOMINGOS FERREIRA";"11";"";"E/F A  CELPE";"BOA VIAGEM";"";"SUBURBIO";"COLISÃO TRASEIRA";2;"1";"0";"0";"0";"0";"0";"0";"0";"1";"0";"Longo da via";"Bom";"Não existe";"Perfeito estado";"Seca";"Perfeito estado";"Não existe";"R-6a";"";"Única";"Faixa contínua";"Faixa seccionada";""
"8343";2021-10-20;"18:48:00";"COM VÍTIMA";"CANCELADA";"AREIAS";"AV DR JOSE RUFINO";"1099";"";"E/F AO SENAI";"AREIAS";"";"";"COLISÃO FRONTAL";1;"1";"0";"0";"0";"0";"0";"0";"0";"1";"0";"";"";"";"";"";"";"";"";"";"";"";"";""
"8344";2021-10-21;"08:57:00";"COM VÍTIMA";"CANCELADA";"IMBIRIBEIRA";"AV MARECHAL MASCARENHAS DE MORAES";"";"";"EM FRENTE A UPA";"IMBIRIBEIRA";"310";"";"COLISÃO TRASEIRA";0;"1";"0";"0";"0";"0";"1";"0";"0";"1";"0";"";"";"";"";"";"";"";"";"";"";"";"";""
"8345";2021-10-21;"14:29:00";"SEM VÍTIMA";"FINALIZADA";"ESPINHEIRO";"AV GOVERNADOR AGAMENON MAGALHAES";"";"";"EM FRENTE AO CLUBE PORTUGUES";"ESPINHEIRO";"";"";"COLISÃO TRASEIRA";3;"0";"0";"0";"0";"0";"0";"0";"0";"0";"0";"Longo da via";"Bom";"Sem defeito";"Perfeito estado";"Seca";"Perfeito estado";"";"";"";"Única";"Faixa seccionada";"";""
"8346";2021-10-21;"14:39:00";"SEM VÍTIMA";"FINALIZADA";"TAMARINEIRA";"RUA ISAAC SALAZAR";"45";"";"EM FRENTE AO EDIFÍCIO RESEDÁ";"TAMARINEIRA";"";"CIDADE";"";1;"0";"0";"0";"0";"0";"0";"1";"0";"0";"0";"Longo da via";"Bom";"Não existe";"Perfeito estado";"Seca";"Perfeito estado";"Faixa de retenção";"Placas ""Pare""";"";"Única";"Não existe";"";""
"8347";2021-10-21;"20:28:00";"VÍTIMA FATAL";"FINALIZADA";"MADALENA";"RUA REAL DA TORRE";"502";"";"EM FRENTE AO MERCADO DA MADALENA";"MADALENA";"";"AFOGADOS";"CHOQUE";0;"1";"0";"0";"0";"0";"0";"0";"0";"0";"1";"Longo da via";"Bom";"Não existe";"Perfeito estado";"Seca";"Perfeito estado";"Não existe";"Outras";"";"Única";"Faixa seccionada";"";""
"8348";2021-10-22;"08:25:00";"COM VÍTIMA";"FINALIZADA";"ENCRUZILHADA";"AV NORTE MIGUEL ARRAES DE ALENCAR";"2459";"";"LADO OPOSTO AO T2 VEICULOS";"ENCRUZILHADA";"";"CIDADE";"ATROPELAMENTO DE PESSOA";0;"1";"0";"0";"1";"0";"0";"0";"0";"1";"0";"Longo da via";"Bom";"Não existe";"Ilegível";"Seca";"Perfeito estado";"Outros";"Outras";"";"Dupla";"Faixa seccionada";"Canteiro central";""
"8349";2021-10-22;"08:35:00";"COM VÍTIMA";"FINALIZADA";"BOA VISTA";"RUA DO HOSPICIO";"";"RUA PRINCESA IZABEL";"EM FRENTE A CAMARA DOS VEREADORES DE RECIFE";"BOA VISTA";"31";"CIDADE";"COLISÃO FRONTAL";1;"2";"0";"0";"0";"0";"0";"0";"0";"1";"0";"Cruzamento";"Bom";"Sem defeito";"Perfeito estado";"Seca";"Perfeito estado";"Agente";"R-25c";"40 km/h";"Única";"Faixa contínua";"";""
"8350";2021-10-22;"09:31:00";"COM VÍTIMA";"FINALIZADA";"TORRÕES";"AV ENGENHEIRO ABDIAS DE CARVALHO";"2926";"";"EM FRENTE MARMOARIA AQUIPEDRAS";"TORRÕES";"";"CIDADE";"COLISÃO TRASEIRA";1;"1";"0";"0";"0";"0";"0";"0";"0";"1";"0";"Longo da via";"Bom";"Sem defeito";"Perfeito estado";"Seca";"Perfeito estado";"Faixa de pedestre";"R-6a";"60 km/h";"Dupla";"Faixa contínua";"Canteiro central";""
"8351";2021-10-22;"10:13:00";"COM VÍTIMA";"FINALIZADA";"MADALENA";"RUA REAL DA TORRE";"255";"";"AO LADO DA ESCOLA DE EDUCADORES DO RECIFE";"MADALENA";"";"";"ATROPELAMENTO DE PESSOA";1;"0";"0";"0";"1";"0";"0";"0";"0";"1";"0";"Longo da via";"Bom";"Sem defeito";"Perfeito estado";"Seca";"Perfeito estado";"Não existe";"Não há placas";"50 km/h";"Única";"Faixa seccionada";"";""
"8352";2021-10-22;"10:33:00";"COM VÍTIMA";"FINALIZADA";"BOA VIAGEM";"AV CONSELHEIRO AGUIAR";"1164";"";"EM FRENTE AO EDIFICIO BELÉM";"BOA VIAGEM";"";"CIDADE";"COLISÃO FRONTAL";1;"1";"0";"0";"0";"0";"0";"0";"0";"1";"0";"Longo da via";"Bom";"Não existe";"Perfeito estado";"Seca";"Perfeito estado";"Não existe";"R-6a";"";"Única";"Faixa contínua";"Faixa seccionada";""
"8353";2021-10-22;"14:12:00";"COM VÍTIMA";"FINALIZADA";"SAN MARTIN";"AV GENERAL SAN MARTIN";"1670";"";"EM FRENTE A IGREJA INTERNACIONAL DA GRAÇA";"SAN MARTIN";"";"SUBURBIO";"COLISÃO FRONTAL";1;"1";"0";"0";"0";"0";"0";"0";"0";"2";"0";"Longo da via";"Bom";"Não existe";"Perfeito estado";"Seca";"Perfeito estado";"Não existe";"Não há placas";"40 km/h";"Dupla";"Faixa contínua";"Faixa seccionada";""
"8354";2021-10-22;"15:54:00";"COM VÍTIMA";"FINALIZADA";"AFOGADOS";"RUA QUITERIO INACIO DE MELLO";"261";"RUA CINCO DE NOVEMBRO";"IMPORT PNEUS";"AFOGADOS";"";"SUBURBIO";"COLISÃO TRANSVERSAL";0;"2";"0";"0";"0";"0";"0";"0";"0";"1";"0";"Cruzamento";"Bom";"Não existe";"Perfeito estado";"Seca";"Perfeito estado";"Não existe";"Não há placas";"";"Única";"Faixa seccionada";"";""
"8355";2021-10-22;"17:52:00";"COM VÍTIMA";"FINALIZADA";"BOA VIAGEM";"RUA SA E SOUZA";"218";"RUA PADRE CABRAL";"E/F A CERPE  LABORATORIO";"BOA VIAGEM";"";"SUBURBIO";"COLISÃO TRANSVERSAL";1;"1";"0";"0";"0";"0";"0";"0";"0";"1";"0";"Longo da via";"Bom";"Não existe";"Perfeito estado";"Seca";"Perfeito estado";"Não existe";"Outras";"30 km/h";"Dupla";"Faixa seccionada";"";""
"8356";2021-10-22;"18:10:00";"COM VÍTIMA";"FINALIZADA";"AREIAS";"AV RECIFE";"3021";"RUA ADOLFO FARO";"POSTO FEDERAL";"AREIAS";"";"SUBURBIO";"COLISÃO COM CICLISTA";0;"0";"0";"1";"0";"0";"1";"0";"0";"1";"0";"Longo da via";"Bom";"Não existe";"Perfeito estado";"Seca";"Perfeito estado";"Não existe";"Não há placas";"";"Dupla";"Canteiro central";"";""
"8357";2021-10-22;"21:07:40";"COM VÍTIMA";"FINALIZADA";"BOA VIAGEM";"AV ENGENHEIRO DOMINGOS FERREIRA";"";"";"LADO OPOSTO PIZZARIA CAPITÃO GANCHO";"BOA VIAGEM";"";"SUBURBIO";"ATROPELAMENTO DE PESSOA";0;"0";"1";"0";"1";"0";"0";"0";"0";"1";"0";"Longo da via";"Bom";"Não existe";"Perfeito estado";"Seca";"Perfeito estado";"Não existe";"Não há placas";"";"Única";"Faixa seccionada";"";""
"8358";2021-10-22;"23:23:40";"COM VÍTIMA";"FINALIZADA";"CABANGA";"PTE GOVERNADOR PAULO GUERRA";"";"";"CURVA DO LARGO DO CABANGA";"CABANGA";"";"CIDADE";"QUEDA";0;"1";"0";"0";"0";"0";"0";"0";"0";"1";"0";"Viaduto";"Bom";"Não existe";"Perfeito estado";"Seca";"Perfeito estado";"Não existe";"Outras";"";"Dupla";"Canteiro central";"";""
"8359";2021-10-23;"09:18:00";"COM VÍTIMA";"CANCELADA";"MANGABEIRA";"AV NORTE MIGUEL ARRAES DE ALENCAR";"";"";"EM FRENTE O SESC DA AV NORTE, SENTIDO CENTRO";"MANGABEIRA";"";"";"COLISÃO COM CICLISTA";1;"0";"0";"1";"0";"0";"0";"0";"0";"1";"0";"";"";"";"";"";"";"";"";"";"";"";"";""
"8360";2021-10-23;"14:15:00";"SEM VÍTIMA";"CANCELADA";"TORRÕES";"AV ENGENHEIRO ABDIAS DE CARVALHO";"";"";"E/F A  UPA  S/T SUB";"TORRÕES";"";"";"COLISÃO TRANSVERSAL";2;"0";"0";"0";"0";"0";"0";"0";"0";"0";"0";"";"";"";"";"";"";"";"";"";"";"";"";""
"8361";2021-10-23;"14:15:00";"SEM VÍTIMA";"FINALIZADA";"IPSEP";"RUA BLUMENAU";"";"";"SEMÁFORO Nº 111";"IPSEP";"111";"SUBURBIO";"COLISÃO TRASEIRA";2;"0";"0";"0";"0";"0";"0";"0";"0";"0";"0";"Longo da via";"Bom";"Sem defeito";"Perfeito estado";"Seca";"Perfeito estado";"Faixa de pedestre";"Não há placas";"";"Única";"Não existe";"";""
"8362";2021-10-23;"15:20:00";"COM VÍTIMA";"FINALIZADA";"TEJIPIÓ";"AV DR JOSE RUFINO";"3905";"";"E/F AO  TERMINAL DE METRO DE TEJIPIO";"TEJIPIÓ";"434";"CIDADE";"COLISÃO TRASEIRA";1;"1";"0";"0";"0";"0";"0";"0";"0";"1";"0";"Longo da via";"Bom";"Sem defeito";"Perfeito estado";"Seca";"Perfeito estado";"Faixa de retenção";"R-6a";"";"Dupla";"Faixa contínua";"";""
"8363";2021-10-23;"22:00:40";"COM VÍTIMA";"FINALIZADA";"MADALENA";"AV JOSE GONCALVES DE MEDEIROS";"";"";"E/F ENTRADA DO SUPERMECADO EXTRA";"MADALENA";"";"";"COLISÃO TRANSVERSAL";1;"0";"1";"0";"0";"0";"0";"0";"0";"1";"0";"Longo da via";"Bom";"Não existe";"Perfeito estado";"Seca";"Perfeito estado";"Não existe";"R-6a";"60 km/h";"Dupla";"Faixa contínua";"Faixa seccionada";""
"8364";2021-10-24;"04:44:00";"COM VÍTIMA";"FINALIZADA";"CAJUEIRO";"AV BEBERIBE";"";"";"EM FRENTE AO N° 3185";"CAJUEIRO";"";"CIDADE";"CHOQUE";1;"0";"0";"0";"0";"0";"0";"0";"0";"1";"0";"Longo da via";"Bom";"Não existe";"Incompleta";"Seca";"Perfeito estado";"";"Não há placas";"50 km/h";"Dupla";"Canteiro central";"";""
"8365";2021-10-24;"10:21:00";"COM VÍTIMA";"FINALIZADA";"TEJIPIÓ";"AV DR JOSE RUFINO";"3843";"";"SOB SEMÁFORO 497";"TEJIPIÓ";"497";"CIDADE";"COLISÃO FRONTAL";0;"2";"0";"0";"0";"0";"0";"0";"0";"1";"0";"Longo da via";"Bom";"Sem defeito";"Perfeito estado";"Seca";"Perfeito estado";"Não existe";"R-6a";"";"Dupla";"Faixa contínua";"";""
"8366";2021-10-24;"13:26:00";"COM VÍTIMA";"FINALIZADA";"PINA";"AV BRASILIA FORMOSA";"";"";"NA PISTA QUE DA ACESSO A ESCULTURA DE BRENNAND";"PINA";"";"";"COLISÃO COM CICLISTA";0;"1";"0";"1";"0";"0";"0";"0";"0";"1";"0";"Longo da via";"Bom";"Não existe";"Não existente";"Seca";"Perfeito estado";"Não existe";"Não há placas";"";"Dupla";"Não existe";"";""
"8367";2021-10-24;"15:45:00";"COM VÍTIMA";"FINALIZADA";"SANCHO";"AV LIBERDADE";"648";"";"PIZZARIA E CHURRASCARIA MANÁ";"SANCHO";"";"CIDADE";"COLISÃO COM CICLISTA";1;"1";"0";"1";"0";"0";"0";"0";"0";"2";"0";"Longo da via";"Bom";"Não existe";"Não existente";"Seca";"";"Não existe";"Não há placas";"";"Dupla";"Não existe";"";""
"8368";2021-10-24;"18:05:00";"SEM VÍTIMA";"FINALIZADA";"TAMARINEIRA";"RUA CONEGO BARATA";"";"";"E/F A FERREIRA COSTA";"TAMARINEIRA";"";"";"COLISÃO TRASEIRA";2;"0";"0";"0";"0";"0";"0";"0";"0";"0";"0";"";"";"";"";"";"";"";"";"";"";"";"";""
"8369";2021-10-24;"21:51:40";"SEM VÍTIMA";"FINALIZADA";"TEJIPIÓ";"AV DR JOSE RUFINO";"354";"";"PRÓX AO CARTORIO DE TEJIPIO, SNT JABOATAO";"TEJIPIÓ";"";"";"ENGAVETAMENTO";3;"0";"0";"0";"0";"0";"0";"0";"0";"0";"0";"";"";"";"";"";"";"";"";"";"";"";"";""
"8370";2021-10-24;"22:18:40";"SEM VÍTIMA";"FINALIZADA";"CASA AMARELA";"AV NORTE MIGUEL ARRAES DE ALENCAR";"";"";"AO LADO DA PAGUE NORTE  /// SEMÁFORO 079";"CASA AMARELA";"";"";"COLISÃO FRONTAL";2;"0";"0";"0";"0";"0";"0";"0";"0";"0";"0";"";"";"";"";"";"";"";"";"";"";"";"";""
"8371";2021-10-25;"14:43:00";"COM VÍTIMA";"FINALIZADA";"SANTO AMARO";"AV CRUZ CABUGA";"";"AV PREFEITO ARTUR LIMA CAVALCANTI";"AO LADO DA SECRETARIA  DE INFRAENSTRUTURA";"SANTO AMARO";"343";"CIDADE";"COLISÃO FRONTAL";0;"1";"0";"0";"0";"1";"0";"0";"0";"1";"0";"Cruzamento";"Bom";"Sem defeito";"Perfeito estado";"Seca";"Perfeito estado";"Faixa de pedestre";"Outras";"";"Dupla";"Faixa contínua";"";""
"8372";2021-10-25;"15:01:00";"COM VÍTIMA";"FINALIZADA";"SANTO AMARO";"AV GOVERNADOR AGAMENON MAGALHAES";"";"";"SEMÁFORO 378";"SANTO AMARO";"378";"SUBURBIO";"ATROPELAMENTO DE PESSOA";0;"0";"0";"0";"1";"1";"0";"0";"0";"1";"0";"Longo da via";"Bom";"Sem defeito";"Perfeito estado";"Seca";"Perfeito estado";"Faixa de pedestre";"R-6a";"60 km/h";"Dupla";"Faixa seccionada";"Canteiro central";""
"8373";2021-10-25;"16:52:00";"SEM VÍTIMA";"FINALIZADA";"MADALENA";"RUA BENFICA";"";"RUA ARLINDO GOUVEIA";"";"MADALENA";"621";"SUBURBIO";"COLISÃO TRASEIRA";2;"0";"0";"0";"0";"0";"0";"0";"0";"0";"0";"Longo da via";"Bom";"Sem defeito";"Perfeito estado";"Seca";"Perfeito estado";"Faixa de pedestre";"Não há placas";"40 km/h";"Dupla";"Canteiro central";"";""
"8374";2021-10-25;"17:51:00";"COM VÍTIMA";"FINALIZADA";"IMBIRIBEIRA";"AV MARECHAL MASCARENHAS DE MORAES";"7787";"RUA GUADALAJARA";"E/F AO GERALDAO   S/T CID";"IMBIRIBEIRA";"";"CIDADE";"COLISÃO LATERAL";1;"1";"0";"0";"0";"0";"0";"0";"0";"1";"0";"Longo da via";"Bom";"Não existe";"Perfeito estado";"Seca";"Perfeito estado";"Não existe";"Outras";"";"Dupla";"Faixa seccionada";"Canteiro central";""