"";"data";"hora";"natureza_acidente";"situacao";"bairro";"endereco";"numero";"detalhe_endereco_acidente";"complemento";"bairro_cruzamento";"num_semaforo";"sentido_via";"tipo";"auto";"moto";"ciclom";"ciclista";"pedestre";"onibus";"caminhao";"viatura";"outros";"vitimas";"vitimasfatais";"acidente_verificado";"tempo_clima";"situacao_semaforo";"sinalizacao";"condicao_via";"conservacao_via";"ponto_controle";"situacao_placa";"velocidade_max_via";"mao_direcao";"divisao_via1";"divisao_via2";"divisao_via3"
"8553";2021-11-17;"22:44:40";"COM VÍTIMA";"FINALIZADA";"BOA VIAGEM";"RUA VISCONDE DE JEQUITINHONHA";"680";"RUA BALTAZAR PASSOS";"EM FRENTE AO SEMÁFORO NÚMERO 154";"BOA VIAGEM";"154";"";"";1;"1";"0";"0";"0";"0";"0";"0";"0";"2";"0";"Cruzamento";"Bom";"Sem defeito";"Perfeito estado";"Seca";"Perfeito estado";"Faixa de retenção";"Não há placas";"60 km/h";"Única";"Faixa contínua";"";""
"8554";2021-11-18;"07:18:00";"COM VÍTIMA";"FINALIZADA";"ILHA DO LEITE";"RUA PAISSANDU";"";"";"EM FRENTE AO HOSPITAL SÃO MARCOS";"ILHA DO LEITE";"";"CIDADE";"QUEDA";0;"1";"0";"0";"0";"0";"0";"0";"0";"1";"0";"Longo da via";"Chuvoso";"Sem defeito";"Perfeito estado";"Seca";"Perfeito estado";"Não existe";"Não há placas";"";"Dupla";"Faixa contínua";"Blocos";""
"8555";2021-11-18;"08:02:00";"COM VÍTIMA";"CANCELADA";"SÃO JOSÉ";"C SANTA RITA";"454";"";"ESQ DO PAINEL DIGITAL  / RUA ESQ COM AS TORRES GEMEAS / 675";"SÃO JOSÉ";"";"";"COLISÃO LATERAL";0;"2";"0";"0";"0";"0";"0";"0";"0";"1";"0";"";"";"";"";"";"";"";"";"";"";"";"";""
"8556";2021-11-18;"14:07:00";"COM VÍTIMA";"FINALIZADA";"APIPUCOS";"RUA DOIS IRMAOS";"165";"";"EM FRENTE A ASSOCIAÇÃO BRASILEIRA DE ODONTOLOGIA";"APIPUCOS";"";"CIDADE";"COLISÃO TRASEIRA";1;"1";"0";"0";"0";"0";"0";"0";"0";"1";"0";"Longo da via";"Bom";"Não existe";"Perfeito estado";"Seca";"Perfeito estado";"Não existe";"R-6a";"";"Dupla";"Faixa contínua";"";""
"8557";2021-11-18;"15:58:00";"COM VÍTIMA";"FINALIZADA";"IMBIRIBEIRA";"AV MARECHAL MASCARENHAS DE MORAES";"1511";"";"EM FRENTE AO DEPOSITO LASER";"IMBIRIBEIRA";"";"CIDADE";"COLISÃO TRASEIRA";0;"0";"0";"1";"0";"1";"0";"0";"0";"1";"0";"Longo da via";"Bom";"Não existe";"Perfeito estado";"Seca";"Perfeito estado";"Não existe";"Não há placas";"";"Dupla";"Canteiro central";"";""
"8558";2021-11-18;"16:37:00";"COM VÍTIMA";"FINALIZADA";"ROSARINHO";"AV NORTE MIGUEL ARRAES DE ALENCAR";"2760";"RUA CEARA";"EM FRENTE AO N° 2760";"ROSARINHO";"45";"SUBURBIO";"COLISÃO TRASEIRA";1;"1";"0";"0";"0";"0";"0";"0";"0";"1";"0";"Esquina";"Chuvoso";"Sem defeito";"Perfeito estado";"Molhada";"Perfeito estado";"Não existe";"R-6a";"";"Dupla";"Canteiro central";"";""
"8559";2021-11-18;"19:39:00";"COM VÍTIMA";"CANCELADA";"DOIS UNIDOS";"RUA CORONEL PILAR";"700";"";"PRÓX AO FORRO DO ARLINDO";"DOIS UNIDOS";"";"";"COLISÃO FRONTAL";0;"1";"0";"0";"0";"1";"0";"0";"0";"1";"0";"";"";"";"";"";"";"";"";"";"";"";"";""
"8560";2021-11-18;"20:28:00";"COM VÍTIMA";"FINALIZADA";"BOA VIAGEM";"AV ENGENHEIRO DOMINGOS FERREIRA";"";"RUA BRUNO VELOSO";"SEMAFORO 338";"BOA VIAGEM";"";"";"COLISÃO LATERAL";1;"1";"0";"0";"0";"0";"0";"0";"0";"1";"0";"";"";"";"";"";"";"";"";"";"";"";"";""
"8561";2021-11-18;"22:06:40";"SEM VÍTIMA";"FINALIZADA";"VÁRZEA";"AV AFONSO OLINDENSE";"228";"";"PRÓX A FARMACIA PERNAMBUCANAS";"VÁRZEA";"";"";"COLISÃO TRASEIRA";0;"0";"0";"0";"0";"0";"0";"0";"0";"0";"0";"Longo da via";"Bom";"Com defeito";"Perfeito estado";"Seca";"Perfeito estado";"Faixa de pedestre";"Não há placas";"30 KM/H";"Dupla";"Faixa contínua";"";""
"8562";2021-11-19;"07:03:00";"COM VÍTIMA";"FINALIZADA";"ENCRUZILHADA";"AV BEBERIBE";"335";"RUA FERNANDO CESAR";"EM FRENTE AO BANCO DO BRASIL";"ENCRUZILHADA";"238";"SUBURBIO";"COLISÃO FRONTAL";1;"1";"0";"0";"0";"0";"0";"0";"0";"1";"0";"Cruzamento";"Bom";"Sem defeito";"Perfeito estado";"Seca";"Perfeito estado";"Outros";"R-4a";"";"Dupla";"Faixa contínua";"Faixa seccionada";""
"8563";2021-11-19;"08:26:00";"SEM VÍTIMA";"FINALIZADA";"BOMBA DO HEMETÉRIO";"RUA BOMBA DO HEMETERIO";"146";"";"EM FRENTE AO NE 393";"BOMBA DO HEMETÉRIO";"";"";"COLISÃO LATERAL";0;"1";"0";"0";"0";"0";"0";"1";"0";"0";"0";"Longo da via";"Bom";"Não existe";"Perfeito estado";"Seca";"Perfeito estado";"Não existe";"Outras";"";"Dupla";"Não existe";"";""
"8564";2021-11-19;"09:11:00";"COM VÍTIMA";"FINALIZADA";"CASA AMARELA";"EST DO ENCANAMENTO";"1284";"RUA PROFESSOR ALVARO LIMA";"E/F A CASA DE FESTAS ESTRIPULIA";"CASA AMARELA";"";"CIDADE";"COLISÃO TRANSVERSAL";2;"0";"0";"0";"0";"0";"0";"0";"0";"1";"0";"Cruzamento";"Bom";"Não existe";"Perfeito estado";"Seca";"";"Não existe";"Placas ""Pare""";"";"Única";"Faixa seccionada";"";""
"8565";2021-11-19;"10:53:00";"SEM VÍTIMA";"FINALIZADA";"BOA VIAGEM";"AV REPUBLICA ARABE UNIDA";"92";"";"EM FRENTE AO ESTACIONAMENTO DO MERCADINHO GRAÇAS";"BOA VIAGEM";"";"";"COLISÃO TRASEIRA";1;"1";"0";"0";"0";"0";"0";"0";"0";"0";"0";"";"";"";"";"";"";"";"";"";"";"";"";""
"8566";2021-11-19;"16:42:00";"COM VÍTIMA";"FINALIZADA";"DERBY";"AV GOVERNADOR AGAMENON MAGALHAES";"1160";"";"EM FRENTE AO TRIBUNAL ELEITORAL DE RECIFE";"DERBY";"37";"BOA VIAGEM";"COLISÃO TRANSVERSAL";1;"1";"0";"0";"0";"0";"0";"0";"0";"1";"0";"Cruzamento";"Bom";"Sem defeito";"Perfeito estado";"Seca";"Perfeito estado";"Faixa de pedestre";"Não há placas";"60 km/h";"Dupla";"Canteiro central";"";""
"8567";2021-11-19;"18:09:00";"COM VÍTIMA";"FINALIZADA";"CASA AMARELA";"RUA DA HARMONIA";"214";"";"PROX A IGREJA DA HARMONIA";"CASA AMARELA";"";"";"COLISÃO FRONTAL";1;"1";"0";"0";"0";"0";"0";"0";"0";"1";"0";"Longo da via";"Bom";"Não existe";"Perfeito estado";"Seca";"Perfeito estado";"Não existe";"Não há placas";"";"Dupla";"Faixa seccionada";"";""
"8568";2021-11-19;"20:49:00";"COM VÍTIMA";"FINALIZADA";"LINHA DO TIRO";"RUA SODRELANDIA";"92";"";"NA SUBIDA PROX AO CAMPO DO CAFÉ";"LINHA DO TIRO";"";"SUBURBIO";"CAPOTAMENTO";0;"0";"0";"0";"0";"0";"0";"0";"0";"1";"0";"Longo da via";"Bom";"Não existe";"";"Seca";"Perfeito estado";"Não existe";"";"";"Dupla";"Não existe";"";""
"8569";2021-11-20;"05:39:00";"COM VÍTIMA";"FINALIZADA";"ARRUDA";"AV PROFESSOR JOSE DOS ANJOS";"100";"";"EM FRENTE A ECO ESTAÇÃO";"ARRUDA";"";"DUPLO";"COLISÃO FRONTAL";1;"1";"0";"0";"0";"0";"0";"0";"0";"1";"0";"Longo da via";"Bom";"Não existe";"Perfeito estado";"Seca";"Perfeito estado";"Não existe";"Não há placas";"";"Dupla";"Não existe";"";""
"8570";2021-11-20;"11:22:00";"COM VÍTIMA";"FINALIZADA";"CAJUEIRO";"AV CIDADE DE MONTEIRO";"";"";"EM FRENTE AO HORTE FRUTE ESPERANÇA";"CAJUEIRO";"";"SUBURBIO";"COLISÃO FRONTAL";1;"1";"0";"0";"0";"0";"0";"0";"0";"1";"0";"Longo da via";"Nublado";"Não existe";"Perfeito estado";"Seca";"Perfeito estado";"Outros";"R-6a";"40 km/h";"Dupla";"Faixa contínua";"";""
"8571";2021-11-20;"12:26:00";"COM VÍTIMA";"FINALIZADA";"CASA AMARELA";"RUA CONS NABUCO";"151";"RUA EVARISTO DA VEIGA";"EM FRENTE AO EDIFICIO TRINDADE";"CASA AMARELA";"";"CIDADE";"COLISÃO FRONTAL";1;"1";"0";"0";"0";"0";"0";"0";"0";"1";"0";"Esquina";"Bom";"Não existe";"Incompleta";"Seca";"Perfeito estado";"Não existe";"Outras";"";"Dupla";"Não existe";"";""
"8572";2021-11-20;"19:25:00";"COM VÍTIMA";"FINALIZADA";"JARDIM SÃO PAULO";"AV SAO PAULO";"6553";"RUA PROF ZENIA GUERRA";"PROX A FARMACIA PRIME";"JARDIM SÃO PAULO";"";"CIDADE";"COLISÃO FRONTAL";1;"1";"0";"0";"0";"0";"0";"0";"0";"1";"0";"Longo da via";"Bom";"Não existe";"Não existente";"Seca";"Perfeito estado";"Não existe";"Não há placas";"60 km/h";"Dupla";"Faixa seccionada";"";""
"8573";2021-11-20;"22:47:40";"COM VÍTIMA";"FINALIZADA";"MADALENA";"AV JOSE GONCALVES DE MEDEIROS";"336";"";"E/F AO MC DONALDS";"MADALENA";"355";"CIDADE";"COLISÃO FRONTAL";1;"1";"0";"0";"0";"0";"0";"0";"0";"1";"0";"Longo da via";"Bom";"Sem defeito";"Perfeito estado";"Seca";"Perfeito estado";"";"Não há placas";"";"Dupla";"Canteiro central";"";""
"8574";2021-11-21;"02:40:00";"COM VÍTIMA";"FINALIZADA";"GRAÇAS";"RUA AMELIA";"670";"AV CONS ROSA E SILVA";"";"GRAÇAS";"46";"";"COLISÃO TRANSVERSAL";1;"1";"0";"0";"0";"0";"0";"0";"0";"1";"0";"Cruzamento";"Bom";"Sem defeito";"Perfeito estado";"Seca";"Perfeito estado";"";"";"";"";"";"";""
"8575";2021-11-21;"09:17:00";"COM VÍTIMA";"FINALIZADA";"JOANA BEZERRA";"AV MARTIN LUTHER KING";"23";"RUA IBIRAMA";"ACADEMIA DA CIDADE";"JOANA BEZERRA";"";"CIDADE";"CAPOTAMENTO";1;"0";"0";"0";"0";"0";"0";"0";"0";"1";"0";"Longo da via";"Bom";"Não existe";"Perfeito estado";"Seca";"Perfeito estado";"Outros";"Outras";"";"Única";"Canteiro central";"";""
"8576";2021-11-21;"10:21:00";"COM VÍTIMA";"FINALIZADA";"IMBIRIBEIRA";"RUA ITAJAI";"299";"";"LADO OPOSTO AO 162";"IMBIRIBEIRA";"";"SUBURBIO";"COLISÃO TRANSVERSAL";1;"1";"0";"0";"0";"0";"0";"0";"0";"1";"0";"Cruzamento";"Bom";"Não existe";"Perfeito estado";"Seca";"Perfeito estado";"Faixa de pedestre";"Não há placas";"70 km/h";"Única";"Faixa seccionada";"";""
"8577";2021-11-21;"17:28:00";"COM VÍTIMA";"FINALIZADA";"BOA VIAGEM";"RUA ANTONIO PASSOS";"130";"RUA JOSE MOREIRA LEAL";"ESQUINA DO COLEGIO ELO";"BOA VIAGEM";"";"SUBURBIO";"COLISÃO FRONTAL";2;"0";"0";"0";"0";"0";"0";"0";"0";"1";"0";"Cruzamento";"Bom";"Não existe";"Perfeito estado";"Seca";"Perfeito estado";"Não existe";"Não há placas";"";"Única";"Não existe";"";""
"8578";2021-11-22;"00:06:00";"COM VÍTIMA";"FINALIZADA";"BOA VIAGEM";"AVENIDA CELSO FURTADO (VIA MANGUE)";"";"RUA TOME GIBSON";"CONVENTO SÃO FELIX";"BOA VIAGEM";"";"CIDADE";"COLISÃO FRONTAL";0;"0";"0";"1";"0";"0";"0";"0";"0";"2";"0";"Longo da via";"Bom";"Não existe";"Perfeito estado";"Seca";"Perfeito estado";"Não existe";"Não há placas";"60 km/h";"Dupla";"Canteiro central";"";""
"8579";2021-11-22;"07:52:00";"SEM VÍTIMA";"FINALIZADA";"SÃO JOSÉ";"C SANTA RITA";"";"";"LADO OPOSTO AO 795";"SÃO JOSÉ";"";"";"CHOQUE";1;"0";"0";"0";"0";"0";"0";"0";"0";"0";"0";"Longo da via";"Bom";"Não existe";"Perfeito estado";"Seca";"Perfeito estado";"Não existe";"Não há placas";"60 KM/H";"Única";"Faixa seccionada";"";""
"8580";2021-11-22;"08:29:00";"COM VÍTIMA";"FINALIZADA";"ESPINHEIRO";"AV JOAO DE BARROS";"665";"RUA CONS PORTELA";"APÓS A ESCOLA ETEPAM/ entrada da rua, CARNEIRO VILELA...O SOLICITANTE ESTÁ EM FRENTE A GALERIA CONSELHEIRO PORTELA";"ESPINHEIRO";"";"SUBURBIO";"COLISÃO FRONTAL";1;"1";"0";"0";"0";"0";"0";"0";"0";"1";"0";"Cruzamento";"Bom";"Não existe";"Perfeito estado";"Seca";"Perfeito estado";"Faixa de pedestre";"";"";"Única";"Faixa contínua";"Faixa seccionada";""
"8581";2021-11-22;"09:05:00";"SEM VÍTIMA";"CANCELADA";"CORDEIRO";"RUA OCIDENTAL";"156";"";"PROX. A IGREJA BATISTA JARDINS DAS PALMEIRAS";"CORDEIRO";"";"";"COLISÃO FRONTAL";2;"0";"0";"0";"0";"0";"0";"0";"0";"0";"0";"";"";"";"";"";"";"";"";"";"";"";"";""
"8582";2021-11-22;"10:37:00";"COM VÍTIMA";"FINALIZADA";"FUNDÃO";"AV BEBERIBE";"";"";"EM FRENTE AO PAGODE DA PRESSÃO";"FUNDÃO";"153";"CIDADE";"COLISÃO TRASEIRA";1;"1";"0";"0";"0";"0";"0";"0";"0";"1";"0";"Longo da via";"Bom";"Sem defeito";"Perfeito estado";"Seca";"Perfeito estado";"Faixa de pedestre";"";"";"Dupla";"Faixa contínua";"";""
"8583";2021-11-22;"11:10:00";"SEM VÍTIMA";"CANCELADA";"SANTO AMARO";"RUA ITUBERA";"46";"";"PRÓX À COMPESA";"SANTO AMARO";"";"";"CHOQUE";0;"0";"0";"0";"0";"0";"0";"1";"0";"0";"0";"";"";"";"";"";"";"";"";"";"";"";"";""
"8584";2021-11-22;"11:43:00";"COM VÍTIMA";"FINALIZADA";"TAMARINEIRA";"RUA CONEGO BARATA";"275";"";"E/F AO HOSPITAL HELENA MOURA";"TAMARINEIRA";"";"CIDADE";"COLISÃO FRONTAL";0;"1";"0";"0";"0";"0";"0";"0";"0";"1";"0";"Longo da via";"Bom";"Não existe";"Não existente";"Seca";"Perfeito estado";"Não existe";"Não há placas";"60 km/h";"Única";"Faixa seccionada";"";""
"8585";2021-11-22;"11:56:00";"COM VÍTIMA";"FINALIZADA";"BOA VIAGEM";"AV ENGENHEIRO DOMINGOS FERREIRA";"1761";"";"EM FRENTE SUPERMERCADO EXTRA";"BOA VIAGEM";"";"SUBURBIO";"COLISÃO FRONTAL";0;"2";"0";"0";"0";"0";"0";"0";"0";"1";"0";"Longo da via";"Bom";"Não existe";"Perfeito estado";"Seca";"Perfeito estado";"Não existe";"Não há placas";"60 km/h";"Única";"Canteiro central";"";""
"8586";2021-11-22;"14:26:00";"SEM VÍTIMA";"FINALIZADA";"SÃO JOSÉ";"RUA FLORIANO PEIXOTO";"";"";"PROX  CASA DA CULTURA ENTRE O PROCON E A HONDA";"SÃO JOSÉ";"";"";"COLISÃO TRASEIRA";1;"1";"0";"0";"0";"0";"0";"0";"0";"0";"0";"Longo da via";"Bom";"Sem defeito";"Perfeito estado";"Seca";"Perfeito estado";"Faixa de pedestre";"R-6a";"";"Única";"Faixa seccionada";"";""
"8587";2021-11-22;"21:18:40";"SEM VÍTIMA";"FINALIZADA";"TORREÃO";"RUA OTHON PARAISO";"";"";"COM A RUA DJALMA FARIAS";"TORREÃO";"";"";"COLISÃO LATERAL";0;"0";"0";"0";"0";"0";"0";"0";"0";"0";"0";"";"";"";"";"";"";"";"";"";"";"";"";""
"8588";2021-11-23;"08:02:00";"COM VÍTIMA";"FINALIZADA";"BOA VIAGEM";"RUA RIBEIRO DE BRITO";"3984";"RUA DOS NAVEGANTES";"PRÓXIMO EDIFICIO HOLIDAY";"BOA VIAGEM";"";"CIDADE";"COLISÃO TRANSVERSAL";1;"1";"0";"0";"0";"0";"0";"0";"0";"1";"0";"Cruzamento";"Bom";"Não existe";"Perfeito estado";"Seca";"Perfeito estado";"Não existe";"Placas ""Pare""";"";"Única";"Não existe";"";""
"8589";2021-11-23;"08:41:00";"COM VÍTIMA";"FINALIZADA";"VÁRZEA";"RUA VALE DO SIRIJI";"78";"";"LADO OPOSTO FELIPE JATO";"VÁRZEA";"";"SUBURBIO";"COLISÃO COM CICLISTA";1;"0";"0";"1";"0";"0";"0";"0";"0";"1";"0";"Cruzamento";"Bom";"Não existe";"Incompleta";"Seca";"Perfeito estado";"Não existe";"R-6a";"";"Dupla";"Outros";"";""
"8590";2021-11-23;"08:41:00";"COM VÍTIMA";"FINALIZADA";"CABANGA";"AV ENGENHEIRO JOSE ESTELITA";"S/N";"";"EM FRENTE AO CABANGA IATE CLUBE";"CABANGA";"";"CIDADE";"COLISÃO COM CICLISTA";0;"0";"0";"1";"0";"1";"0";"0";"0";"1";"0";"Longo da via";"Bom";"Não existe";"Incompleta";"Seca";"Perfeito estado";"Não existe";"Outras";"60 km/h";"Dupla";"Faixa contínua";"";""
"8591";2021-11-23;"10:08:00";"COM VÍTIMA";"FINALIZADA";"MADALENA";"AV ENGENHEIRO ABDIAS DE CARVALHO";"";"RUA JOAO IVO DA SILVA";"E/F A HABIB'S";"MADALENA";"132";"CIDADE";"CHOQUE";1;"0";"0";"0";"0";"0";"0";"0";"0";"1";"0";"Cruzamento";"Bom";"Sem defeito";"Perfeito estado";"Seca";"Perfeito estado";"Faixa de pedestre";"Outras";"60 km/h";"Dupla";"Canteiro central";"";""
"8592";2021-11-23;"12:40:00";"COM VÍTIMA";"FINALIZADA";"ALTO JOSÉ DO PINHO";"RUA HORACIO SILVA";"218";"";"PONTO DOS SALGADOS";"ALTO JOSÉ DO PINHO";"";"SUBURBIO";"ATROPELAMENTO DE PESSOA";1;"0";"0";"0";"1";"0";"0";"0";"0";"1";"0";"Longo da via";"Bom";"Não existe";"Perfeito estado";"Seca";"Perfeito estado";"Não existe";"R-6a";"";"Dupla";"Não existe";"";""
"8593";2021-11-23;"12:42:00";"COM VÍTIMA";"FINALIZADA";"CORDEIRO";"EST DO FORTE DO ARRAIAL N. DO B. JESUS";"555";"";"KROC KROC FRANGO CROCANTE";"CORDEIRO";"";"CIDADE";"COLISÃO TRANSVERSAL";1;"1";"0";"0";"0";"0";"0";"0";"0";"1";"0";"Cruzamento";"Bom";"Não existe";"Perfeito estado";"Seca";"Perfeito estado";"Faixa de retenção";"Não há placas";"";"Dupla";"Faixa contínua";"Faixa seccionada";""
"8594";2021-11-23;"16:34:00";"COM VÍTIMA";"FINALIZADA";"MADALENA";"RUA BENFICA";"";"";"AO LADO DA PRAÇA DA BANDEIRA";"MADALENA";"";"CIDADE";"COLISÃO FRONTAL";1;"1";"0";"0";"0";"0";"0";"0";"0";"1";"0";"Cruzamento";"Bom";"Não existe";"Incompleta";"Seca";"Perfeito estado";"Não existe";"Outras";"30 km/h";"Única";"Blocos";"";""
"8595";2021-11-23;"17:35:00";"SEM VÍTIMA";"FINALIZADA";"PINA";"AVENIDA CELSO FURTADO (VIA MANGUE)";"";"";"APÓS O SHOPPING RIO MAR";"PINA";"";"";"COLISÃO TRASEIRA";1;"0";"0";"0";"0";"0";"0";"0";"0";"0";"0";"";"";"";"";"";"";"";"";"";"";"";"";""
"8596";2021-11-23;"18:32:00";"COM VÍTIMA";"FINALIZADA";"BOA VISTA";"PRC PARQUE AMORIM";"";"AV GOVERNADOR AGAMENON MAGALHAES";"EM FRENTE AO SUPER BOM PREÇO";"BOA VISTA";"173";"SUBURBIO";"COLISÃO FRONTAL";0;"2";"0";"0";"0";"0";"0";"0";"0";"1";"0";"Esquina";"Bom";"Sem defeito";"Perfeito estado";"Seca";"Perfeito estado";"Faixa de pedestre";"Outras";"60 km/h";"Única";"Faixa contínua";"Faixa seccionada";""
"8597";2021-11-23;"19:17:00";"COM VÍTIMA";"FINALIZADA";"TEJIPIÓ";"AV DR JOSE RUFINO";"3886";"";"PRÓX AO ARMAZÉM CORAL";"TEJIPIÓ";"";"SUBURBIO";"COLISÃO TRASEIRA";1;"0";"0";"0";"0";"1";"0";"0";"0";"1";"0";"Longo da via";"Bom";"Não existe";"Perfeito estado";"Seca";"Perfeito estado";"Outros";"Outras";"";"Dupla";"Faixa contínua";"";""
"8598";2021-11-24;"07:53:00";"COM VÍTIMA";"FINALIZADA";"PAISSANDU";"RUA GENERAL JOAQUIM INACIO";"";"AV GOVERNADOR AGAMENON MAGALHAES";"SOB O SEMÁFORO 69";"PAISSANDU";"69";"SUBURBIO";"COLISÃO TRANSVERSAL";1;"1";"0";"0";"0";"0";"0";"0";"0";"1";"0";"Cruzamento";"Bom";"Sem defeito";"Perfeito estado";"Seca";"Perfeito estado";"Agente";"Outras";"40 km/h";"Única";"Faixa seccionada";"";""
"8599";2021-11-24;"10:03:00";"COM VÍTIMA";"FINALIZADA";"SANTO ANTÔNIO";"RUA SIQUEIRA CAMPOS";"";"AV DANTAS BARRETO";"SOB O SEMÁFORO 141";"SANTO ANTÔNIO";"141";"";"COLISÃO TRANSVERSAL";1;"1";"0";"0";"0";"0";"0";"0";"0";"2";"0";"Cruzamento";"Bom";"Sem defeito";"Perfeito estado";"Seca";"Perfeito estado";"Faixa de pedestre";"Não há placas";"40 km/h";"Única";"Não existe";"";""
"8600";2021-11-24;"11:58:00";"COM VÍTIMA";"FINALIZADA";"ILHA DO LEITE";"AV GOVERNADOR AGAMENON MAGALHAES";"";"";"EM FRENTE AO HOSPITAL PORTUGUES- PISTA PRINCIPAL";"ILHA DO LEITE";"64";"BOA VIAGEM";"COLISÃO TRASEIRA";1;"1";"0";"0";"0";"0";"0";"0";"0";"1";"0";"Longo da via";"Bom";"Sem defeito";"Perfeito estado";"Seca";"Perfeito estado";"Faixa de pedestre";"Não há placas";"60 km/h";"Dupla";"Canal";"";""
"8601";2021-11-24;"12:20:00";"COM VÍTIMA";"FINALIZADA";"ARRUDA";"RUA MEM DE SA";"226";"";"EM FRENTE À COCA-COLA";"ARRUDA";"";"CIDADE";"COLISÃO FRONTAL";1;"1";"0";"0";"0";"0";"0";"0";"0";"1";"0";"Longo da via";"Bom";"Não existe";"Não existente";"Seca";"Perfeito estado";"Não existe";"Não há placas";"";"Dupla";"Faixa seccionada";"";""
"8602";2021-11-24;"14:28:00";"SEM VÍTIMA";"CANCELADA";"BOA VIAGEM";"RUA SA E SOUZA";"742";"";"APOS A IGREJA DOS MORMONS";"BOA VIAGEM";"";"";"CHOQUE";3;"0";"0";"0";"0";"0";"0";"0";"0";"0";"0";"";"";"";"";"";"";"";"";"";"";"";"";""
"8603";2021-11-24;"15:27:00";"SEM VÍTIMA";"FINALIZADA";"PRADO";"RUA GOMES TABORDA";"";"";"PROXIMO AO CAVALO DOURADO";"PRADO";"";"";"COLISÃO TRASEIRA";2;"0";"0";"0";"0";"0";"0";"0";"0";"0";"0";"Longo da via";"Bom";"Não existe";"Incompleta";"Seca";"Mal conservada";"Não existe";"R-6b";"";"Dupla";"Faixa seccionada";"";""
"8604";2021-11-24;"18:22:00";"COM VÍTIMA";"FINALIZADA";"MADALENA";"AV CAXANGA";"409";"";"PROX A LOJA DE CREDITOS BMG";"MADALENA";"";"CIDADE";"ATROPELAMENTO DE PESSOA";0;"1";"0";"0";"1";"0";"0";"0";"0";"1";"0";"Longo da via";"Bom";"Sem defeito";"Perfeito estado";"Seca";"Perfeito estado";"Faixa de retenção";"";"";"Única";"Faixa contínua";"Faixa seccionada";""
"8605";2021-11-24;"18:45:00";"COM VÍTIMA";"FINALIZADA";"BONGI";"RUA DELMIRO GOUVEIA";"";"RUA QUINZE DE MARCO";"E/F A CHESF";"BONGI";"";"CIDADE";"COLISÃO TRANSVERSAL";1;"1";"0";"0";"0";"0";"0";"0";"0";"1";"0";"Cruzamento";"Bom";"Não existe";"Não existente";"Seca";"Mal conservada";"";"Não há placas";"40 km/h";"Dupla";"Não existe";"";""
"8606";2021-11-25;"08:39:00";"COM VÍTIMA";"FINALIZADA";"VÁRZEA";"AV CAXANGA";"5362";"";"E/F AO GOLF CLUB";"VÁRZEA";"";"CIDADE";"CHOQUE";0;"1";"0";"0";"0";"0";"0";"0";"0";"1";"0";"Longo da via";"Bom";"Não existe";"Perfeito estado";"Seca";"Perfeito estado";"Não existe";"R-6a";"60 km/h";"Dupla";"Faixa contínua";"Faixa seccionada";"Canteiro central"
"8607";2021-11-25;"09:12:00";"COM VÍTIMA";"FINALIZADA";"VÁRZEA";"AV CAXANGA";"";"";"EM FRENTE AO GOLF CLUBE";"VÁRZEA";"";"SUBURBIO";"COLISÃO COM CICLISTA";0;"1";"0";"1";"0";"0";"0";"0";"0";"1";"0";"Longo da via";"Bom";"Não existe";"Perfeito estado";"Seca";"Perfeito estado";"Não existe";"Outras";"60 km/h";"Dupla";"Faixa contínua";"Faixa seccionada";"Canteiro central"
"8608";2021-11-25;"16:03:00";"COM VÍTIMA";"FINALIZADA";"PINA";"AV BRASILIA FORMOSA";"28";"";"ESCOLA PENA AZUL";"PINA";"";"SUBURBIO";"COLISÃO FRONTAL";1;"1";"0";"0";"0";"0";"0";"0";"0";"1";"0";"Longo da via";"Bom";"Não existe";"Perfeito estado";"Seca";"Perfeito estado";"Outros";"Outras";"";"Dupla";"Faixa seccionada";"";""
"8609";2021-11-25;"16:33:00";"COM VÍTIMA";"FINALIZADA";"SANTO AMARO";"AV VISCONDE DE SUASSUNA";"4200";"RUA DO HOSPICIO";"AO LADO DA CAIXA ECONOMICA FEDERAL";"SANTO AMARO";"31";"SUBURBIO";"COLISÃO FRONTAL";0;"1";"0";"0";"0";"0";"0";"0";"1";"1";"0";"Cruzamento";"Bom";"Sem defeito";"Perfeito estado";"Seca";"Perfeito estado";"Faixa de pedestre";"R-6a";"40 km/h";"Única";"Faixa seccionada";"";""
"8610";2021-11-25;"16:34:00";"COM VÍTIMA";"FINALIZADA";"TAMARINEIRA";"AV NORTE MIGUEL ARRAES DE ALENCAR";"";"";"E/F AO HOTEL NEXOS S/T CID  VT 26 NO LOCAL";"TAMARINEIRA";"";"";"CAPOTAMENTO";1;"0";"0";"0";"0";"0";"0";"0";"0";"1";"0";"Longo da via";"Bom";"Não existe";"Perfeito estado";"Seca";"Perfeito estado";"Não existe";"Não há placas";"";"Única";"Faixa seccionada";"";""
"8611";2021-11-25;"18:13:00";"SEM VÍTIMA";"CANCELADA";"CABANGA";"AV SATURNINO DE BRITO";"472";"";"PRÓX A COMPESA E LOMBADA ELETRONICA DE 60";"CABANGA";"";"";"COLISÃO LATERAL";1;"0";"0";"0";"0";"0";"1";"0";"0";"0";"0";"";"";"";"";"";"";"";"";"";"";"";"";""